# Blender 4.5.0
# www.blender.org
mtllib knife.mtl
o Mesh
v 0.026012 0.000474 0.004320
v 0.051941 -0.001668 0.009350
v 0.054423 -0.001888 0.010031
v 0.048374 -0.000677 0.005816
v 0.049933 -0.000809 0.004513
v 0.064830 -0.002218 0.010549
v 0.049332 -0.001396 0.011720
v 0.064948 -0.001525 0.004600
v 0.057947 -0.001910 0.009685
v 0.058026 -0.001924 0.012280
v -0.007787 -0.008777 0.018340
v 0.052425 -0.001839 0.011831
v -0.007804 -0.010479 0.017268
v 0.064294 -0.002073 0.012639
v 0.061637 -0.001763 0.008984
v 0.064170 -0.001817 0.006830
v 0.062314 -0.001086 0.003911
v 0.000184 0.011481 0.027523
v 0.076033 -0.001736 0.012328
v 0.075771 -0.002063 0.010951
v 0.074823 -0.002258 0.009280
v 0.059822 -0.000919 0.003550
v 0.054918 -0.001538 0.006321
v 0.070456 -0.002386 0.009981
v 0.169794 0.000594 0.017626
v 0.070924 -0.002186 0.007252
v 0.055305 -0.001951 0.012015
v 0.059953 -0.001432 0.006276
v 0.057505 -0.001149 0.004056
v 0.078825 -0.001304 0.012982
v 0.079748 -0.001758 0.011017
v 0.077910 -0.001744 0.011712
v 0.078686 -0.001823 0.008268
v 0.096691 0.001225 0.016172
v 0.075129 -0.002012 0.006909
v 0.074977 -0.001652 0.005198
v 0.149495 -0.000482 0.016395
v 0.060000 0.004029 0.006080
v 0.065844 0.004401 0.008805
v 0.069909 0.004543 0.008219
v 0.077881 0.004766 0.010253
v 0.078133 0.004401 0.007870
v 0.062311 0.004201 0.008234
v 0.068636 0.004562 0.010720
v 0.071831 0.004749 0.009790
v 0.009932 0.000543 0.010301
v 0.073838 0.004262 0.006957
v 0.069516 0.003960 0.005978
v 0.070546 0.003285 0.004339
v 0.073606 0.003680 0.005149
v 0.066245 0.004048 0.012756
v 0.053960 0.003253 0.011995
v 0.058170 0.003663 0.011973
v 0.074353 0.004692 0.009128
v 0.077725 0.004712 0.012259
v 0.006068 -0.008072 0.010107
v 0.072951 0.004144 0.014521
v 0.070828 0.002652 0.003224
v 0.064833 0.004179 0.006643
v 0.067709 0.003514 0.004655
v 0.148558 0.003582 0.009906
v 0.118025 0.004387 0.011967
v 0.155290 0.003536 0.009733
v 0.187726 0.003568 0.013961
v 0.189660 0.003317 0.014275
v 0.157665 0.003593 0.010706
v 0.182583 0.003315 0.012125
v 0.164671 0.003782 0.011728
v 0.065510 0.003752 0.005214
v 0.069657 0.004327 0.013131
v 0.069620 0.003821 0.014903
v 0.162115 0.003861 0.009860
v 0.160185 0.003869 0.011568
v 0.154108 0.003325 0.011716
v 0.163382 0.003666 0.008745
v 0.159020 0.003582 0.009654
v 0.186948 0.003429 0.012687
v 0.164929 0.003844 0.013515
v 0.167718 0.002661 0.010956
v 0.165488 0.003351 0.009162
v 0.166394 0.003205 0.011637
v 0.168068 0.002705 0.013107
v 0.183578 0.003358 0.014975
v 0.185663 0.003401 0.014037
v 0.183541 0.002698 0.016319
v 0.181646 0.000605 0.013458
v 0.182739 0.000381 0.011772
v 0.184661 -0.000187 0.011765
v 0.191507 0.003431 0.014157
v 0.191854 0.002723 0.014894
v 0.068329 0.002938 0.003443
v 0.184047 0.003300 0.010859
v 0.184234 0.002823 0.008882
v 0.185496 0.003457 0.012255
v 0.194724 0.002695 0.012411
v 0.193717 0.002815 0.011392
v 0.193814 0.002936 0.012423
v 0.051049 -0.001211 0.006412
v 0.164101 -0.000584 0.013076
v 0.062625 0.004075 0.011178
v 0.072702 -0.002331 0.010903
v 0.180032 0.001838 0.008681
v 0.149437 0.003365 0.011336
v 0.150269 0.003561 0.007225
v 0.150561 0.003576 0.009136
v 0.156945 0.003563 0.008536
v 0.156640 0.003329 0.006898
v 0.192108 0.003136 0.010056
v 0.193966 0.003075 0.012915
v 0.119079 0.004252 0.011058
v 0.116697 0.004591 0.010375
v 0.192677 0.001974 0.015263
v 0.187545 -0.000715 0.013436
v 0.186304 -0.000759 0.014927
v 0.186772 -0.000417 0.011925
v 0.004107 0.010778 0.003309
v 0.185321 -0.000590 0.013689
v 0.191890 -0.000781 0.012200
v 0.193269 -0.000824 0.011929
v 0.063279 0.002431 0.002039
v 0.065130 0.003272 0.003942
v 0.072307 0.000623 0.001542
v 0.049732 -0.001218 0.008471
v 0.047654 -0.000748 0.009080
v 0.050030 0.002635 0.012013
v 0.073348 -0.001802 0.013241
v 0.073534 -0.002138 0.011872
v 0.063270 -0.001722 0.013646
v 0.071272 -0.001823 0.014303
v 0.065545 -0.001900 0.014580
v 0.084305 -0.001369 0.011984
v 0.081959 -0.000813 0.013656
v 0.087080 -0.001725 0.009623
v 0.061457 -0.001360 0.014159
v 0.070027 -0.002337 0.012652
v 0.037605 0.001097 0.014894
v 0.056267 -0.001656 0.013861
v 0.051065 -0.001407 0.013621
v 0.004680 0.010302 0.004264
v 0.079949 -0.000455 0.014740
v 0.046964 -0.000408 0.015506
v 0.048984 -0.000996 0.014421
v 0.050854 0.002689 0.008728
v 0.054438 0.003439 0.008048
v 0.054870 -0.000652 0.002648
v 0.042022 0.000022 0.013873
v 0.042669 -0.000331 0.014882
v 0.072749 -0.001841 0.005687
v 0.085513 -0.001590 0.010371
v 0.064182 -0.001035 0.003105
v 0.046123 -0.000051 0.003786
v 0.073043 -0.000620 0.002570
v 0.058195 -0.000533 0.002262
v 0.060567 -0.000388 0.002128
v -0.004983 0.011639 0.013624
v -0.006469 0.009695 0.011466
v 0.051555 -0.000811 0.003667
v 0.046508 0.001325 0.007566
v 0.041288 0.000417 0.013635
v 0.040142 0.000950 0.014268
v 0.046503 0.001577 0.010618
v -0.006803 0.009307 0.016154
v 0.047464 0.002197 0.012338
v 0.075489 -0.000643 0.002684
v 0.077147 -0.000828 0.003406
v 0.056996 0.001548 0.001283
v 0.067692 -0.000795 0.002490
v 0.064836 -0.000568 0.002095
v 0.075380 -0.001213 0.003882
v 0.059217 -0.001551 0.013744
v 0.058131 0.000908 0.000612
v 0.058636 0.001459 0.000980
v 0.168848 0.000051 0.005447
v 0.153883 0.000638 0.004732
v 0.044565 0.000681 0.005559
v 0.159866 0.000614 0.004907
v 0.173405 0.000020 0.005348
v 0.178045 0.000512 0.005619
v 0.177863 -0.000071 0.005903
v 0.002831 0.011229 0.003004
v 0.186371 -0.000434 0.007110
v 0.184608 0.000123 0.006617
v 0.184603 -0.000465 0.007130
v 0.185656 0.000677 0.006664
v 0.186654 0.000200 0.006897
v 0.182525 0.000345 0.006181
v 0.183803 0.000903 0.006316
v 0.179998 0.000433 0.005922
v -0.002996 0.012236 0.001461
v 0.155467 0.001713 0.004379
v 0.045194 0.001502 0.012544
v 0.044877 0.001232 0.010707
v -0.006356 -0.011297 0.008522
v -0.005911 -0.011869 0.011166
v 0.003133 0.010302 0.001144
v 0.138544 -0.000147 0.011382
v 0.187158 0.000652 0.006740
v 0.181469 -0.000127 0.006203
v 0.148857 -0.000710 0.012013
v 0.170169 -0.000443 0.005455
v 0.153337 0.000015 0.011651
v 0.147169 -0.000505 0.009623
v 0.005863 -0.001151 0.030730
v 0.150402 -0.000398 0.009527
v 0.153274 0.000041 0.008892
v 0.158788 -0.000461 0.007058
v 0.187604 -0.000101 0.007058
v 0.191556 -0.000454 0.009217
v -0.007041 0.008544 0.008929
v 0.162027 -0.000313 0.008834
v 0.151651 -0.000544 0.007154
v 0.190346 -0.000249 0.008275
v 0.167184 0.000230 0.010049
v 0.121949 -0.000206 0.012717
v 0.166731 -0.000170 0.008600
v 0.164258 -0.000401 0.008377
v 0.142212 -0.000705 0.012188
v 0.190979 0.000616 0.007363
v 0.160561 -0.000333 0.007937
v 0.182873 -0.000470 0.007715
v 0.132377 0.002599 0.017278
v 0.192281 0.000341 0.007565
v 0.157545 -0.000104 0.008254
v 0.140522 -0.000384 0.009527
v 0.167710 0.000347 0.008773
v 0.156141 0.000192 0.011552
v 0.155476 0.000287 0.009637
v 0.181758 -0.000048 0.008369
v 0.181520 -0.000572 0.006406
v 0.182853 -0.000358 0.006764
v 0.180771 0.000878 0.009488
v 0.177232 0.000536 0.008136
v 0.166700 -0.000096 0.012344
v 0.167631 0.000596 0.011132
v 0.165350 -0.000338 0.010330
v 0.124374 0.000066 0.011187
v 0.117548 -0.000214 0.012398
v 0.155197 -0.000011 0.008129
v 0.143552 -0.000543 0.009515
v 0.183141 -0.000093 0.008764
v 0.168461 0.000299 0.007644
v 0.169610 0.000654 0.007439
v 0.182068 0.001145 0.005951
v 0.181889 0.001836 0.005551
v 0.186344 -0.000203 0.009952
v 0.183977 0.000005 0.009999
v 0.157750 0.001170 0.004681
v 0.165853 0.000719 0.004916
v 0.158467 0.000037 0.004770
v 0.178965 0.001895 0.005261
v 0.178302 0.001207 0.005597
v 0.171021 0.000373 0.005215
v 0.156728 0.002095 0.004360
v 0.180321 0.001629 0.005515
v 0.135947 0.003080 0.007312
v 0.142756 0.002273 0.005799
v 0.140562 0.002256 0.006262
v 0.151640 0.003791 0.007304
v 0.155088 0.003017 0.005787
v 0.061981 0.003728 0.004523
v 0.158336 0.002761 0.006545
v 0.156422 0.002874 0.005294
v -0.003975 0.012289 0.004792
v -0.004655 0.004860 0.031672
v 0.138778 0.002580 0.006954
v -0.004932 0.005958 0.031541
v 0.138411 0.002142 0.006344
v 0.157342 0.002306 0.005817
v 0.117615 0.004384 0.008330
v 0.119133 0.004395 0.009437
v 0.121270 0.003549 0.007836
v 0.119476 0.003891 0.008005
v 0.118204 0.003878 0.007464
v 0.115512 0.004394 0.008659
v 0.113614 0.003950 0.008043
v 0.119480 0.003076 0.006764
v 0.116272 0.003670 0.007418
v 0.082076 0.004017 0.007469
v 0.057259 0.002456 0.002044
v 0.059885 0.003259 0.002934
v 0.125425 0.001135 0.017302
v 0.052365 0.002816 0.003717
v 0.002510 0.010912 0.001617
v 0.055741 0.003605 0.005652
v 0.076621 0.003897 0.006035
v 0.052494 0.003085 0.006199
v 0.063614 0.001806 0.001353
v 0.073349 0.002882 0.003558
v 0.049333 0.002266 0.005187
v 0.058129 0.003892 0.008789
v 0.054250 -0.001330 0.014927
v 0.053373 -0.001629 0.013730
v 0.149452 0.000194 0.017105
v 0.070540 -0.001098 0.003041
v 0.079724 0.003615 0.005834
v 0.076566 0.003082 0.004136
v 0.071810 0.002047 0.002417
v 0.082662 -0.001494 0.009351
v 0.125695 0.002799 0.006762
v 0.069541 0.002313 0.002483
v 0.055088 0.002985 0.003035
v 0.058027 0.003626 0.003883
v 0.083379 -0.001199 0.007398
v 0.021451 0.002499 0.017290
v 0.082378 0.003491 0.006040
v 0.077985 -0.001408 0.005523
v 0.081055 -0.001394 0.007136
v 0.069478 -0.001707 0.004502
v 0.067162 -0.001862 0.005791
v 0.066366 -0.001363 0.003722
v 0.067607 -0.001720 0.004651
v 0.085148 0.003388 0.006962
v 0.079949 0.002631 0.004229
v 0.048360 0.002139 0.010387
v 0.044032 0.000343 0.011826
v 0.042894 0.000284 0.013068
v 0.044453 -0.000267 0.012982
v 0.136977 0.002527 0.006642
v 0.062994 0.003462 0.014574
v 0.081801 0.004383 0.009527
v 0.084051 0.002949 0.005387
v 0.056154 0.003303 0.013914
v 0.085331 0.003712 0.008918
v 0.085302 0.003888 0.010780
v 0.090645 0.003708 0.011050
v 0.081625 0.004439 0.011752
v 0.073730 0.004726 0.011669
v 0.111742 0.000292 0.014931
v 0.079639 0.004398 0.013569
v 0.082793 0.004189 0.013551
v 0.088655 0.003845 0.011831
v 0.100901 0.000860 0.016158
v 0.116544 0.004474 0.012405
v 0.114055 0.004467 0.012371
v 0.035560 0.000709 0.003052
v 0.035934 0.000768 0.003053
v 0.034975 0.000676 0.003185
v 0.111013 0.004134 0.009872
v 0.111331 0.004286 0.011441
v 0.109589 0.003840 0.009091
v 0.122956 0.002933 0.007159
v 0.125076 0.003458 0.007923
v 0.143595 0.003627 0.010456
v 0.142014 0.003378 0.012215
v 0.156241 0.003390 0.012227
v 0.146216 0.003934 0.009305
v 0.142930 0.003450 0.008641
v 0.140352 0.002991 0.007528
v 0.139448 0.003095 0.009188
v 0.058539 0.002455 0.016727
v 0.137545 0.003053 0.007910
v 0.004689 0.009873 0.012877
v 0.005222 0.009554 0.012259
v 0.120947 0.003903 0.010701
v 0.135235 0.003268 0.008466
v 0.190561 0.002089 0.008487
v 0.159201 0.003268 0.008065
v 0.160379 0.003141 0.006894
v 0.083567 0.003728 0.015006
v 0.081113 0.004118 0.014643
v 0.187071 0.002477 0.009122
v 0.182032 0.002659 0.007749
v 0.162159 0.003551 0.007734
v 0.160093 0.002680 0.006202
v 0.174213 0.001577 0.006741
v 0.178550 0.001430 0.008200
v 0.187679 0.002141 0.008630
v 0.177320 0.001577 0.006346
v 0.180806 0.002314 0.008515
v 0.179552 0.001764 0.007439
v 0.175803 0.001831 0.006854
v 0.181188 0.002248 0.005349
v 0.177295 0.001593 0.007323
v 0.176427 0.001391 0.008133
v 0.175235 0.001325 0.008335
v 0.170556 0.000771 0.007418
v 0.060564 0.003126 0.015739
v 0.171426 0.001507 0.007275
v 0.062095 0.002617 0.016940
v 0.186764 0.003118 0.010500
v 0.189098 0.002730 0.009492
v 0.188948 0.003146 0.010735
v 0.178452 0.001653 0.005896
v 0.147125 0.003360 0.006209
v 0.147530 0.003733 0.007366
v 0.004810 0.009922 0.025991
v 0.169539 0.001061 0.007999
v 0.141116 0.003209 0.010372
v 0.138104 0.002968 0.011577
v 0.155816 -0.000338 0.007227
v 0.159067 -0.000238 0.011595
v 0.168307 0.001080 0.009486
v 0.153327 0.002977 0.013228
v 0.128619 0.003938 0.010414
v 0.174438 0.001668 0.007769
v 0.166219 0.002805 0.007309
v 0.136471 0.003043 0.009798
v 0.151566 0.003101 0.012278
v 0.152642 0.002938 0.014713
v 0.179913 0.001207 0.009681
v 0.189044 0.003364 0.012184
v 0.157180 -0.000020 0.012912
v 0.150941 0.003050 0.014613
v 0.118400 0.001692 0.017272
v 0.158637 0.003784 0.012871
v 0.125878 0.003853 0.011680
v 0.140373 0.003146 0.011669
v 0.149002 0.003275 0.013866
v 0.181650 0.003268 0.013355
v 0.168374 0.001261 0.011525
v 0.168852 0.001952 0.010511
v 0.168679 0.002281 0.008763
v 0.166663 0.003557 0.014778
v 0.183936 0.003564 0.013145
v 0.122221 0.003278 0.015565
v 0.120440 0.003446 0.015256
v 0.119027 0.003789 0.014596
v 0.121118 0.003898 0.009053
v 0.120608 0.003771 0.013230
v 0.067681 0.003137 0.016351
v 0.066772 0.003649 0.014589
v 0.085683 0.003929 0.012588
v 0.122896 0.003581 0.012099
v 0.131055 0.003645 0.015046
v 0.130120 0.002602 0.017041
v 0.188601 0.001842 0.008375
v 0.164190 0.003858 0.014878
v 0.114446 0.003787 0.015355
v 0.131246 0.003202 0.016490
v 0.181366 0.002663 0.011743
v 0.118995 0.003263 0.015892
v 0.121021 0.002688 0.016691
v 0.134807 0.002391 0.005662
v 0.130081 0.003169 0.016106
v 0.162842 0.004069 0.012573
v 0.126714 0.003460 0.007595
v 0.143887 0.003307 0.016330
v 0.144931 0.002671 0.016461
v 0.147175 0.003374 0.014955
v 0.163921 0.003509 0.008097
v 0.162775 0.002323 0.017177
v 0.160116 0.002670 0.016530
v 0.167493 0.002514 0.007727
v 0.134342 -0.000092 0.015560
v 0.162142 0.003102 0.016588
v 0.165144 0.003270 0.016207
v 0.166873 0.003175 0.016251
v 0.117369 0.003906 0.015078
v -0.007034 -0.007716 -0.001141
v 0.117143 0.003173 0.016351
v 0.164334 0.002715 0.016952
v 0.166132 0.002743 0.016923
v 0.177474 0.002055 0.016182
v 0.190759 0.003044 0.014962
v 0.182407 0.002263 0.016716
v 0.178455 0.001699 0.014833
v 0.166375 0.003436 0.013284
v 0.163956 0.001895 0.017943
v 0.161049 0.001859 0.017966
v 0.167911 0.003083 0.014373
v 0.178512 0.002028 0.017251
v 0.169584 0.001962 0.013955
v 0.169563 0.002371 0.014796
v 0.160557 0.003342 0.015857
v -0.001290 0.011712 0.028322
v 0.191051 0.001779 0.015900
v 0.179570 0.002298 0.016225
v 0.147315 0.001904 0.018414
v 0.181695 0.003148 0.014924
v 0.182408 0.002820 0.016012
v 0.133642 0.003346 0.010098
v 0.179319 0.001645 0.014059
v 0.163717 0.003564 0.016048
v 0.147906 0.003001 0.015880
v 0.146506 0.002028 0.016662
v 0.147524 0.001753 0.017565
v 0.159667 0.003673 0.014789
v 0.161256 0.002462 0.017172
v 0.159929 0.001981 0.017104
v 0.141877 0.003544 0.016636
v 0.148329 0.001874 0.016672
v 0.148538 0.001599 0.017367
v 0.195879 0.001824 0.011829
v 0.006503 0.007945 0.009337
v 0.177961 0.001280 0.015514
v 0.181172 0.002507 0.016414
v 0.008647 0.002302 0.012075
v 0.170527 0.001328 0.014737
v 0.109252 0.002268 0.016652
v 0.186079 0.002488 0.016172
v 0.189512 0.002574 0.015700
v 0.188207 0.003160 0.015106
v 0.179768 0.001795 0.006099
v 0.173535 0.001075 0.015575
v 0.196631 0.000647 0.013756
v 0.196570 0.000796 0.012362
v 0.185039 0.002894 0.015624
v 0.096388 0.002875 0.008277
v 0.168912 0.002008 0.012261
v 0.192248 0.001345 0.016072
v 0.195933 0.002123 0.014827
v 0.169043 0.002849 0.015841
v 0.169260 0.002368 0.017116
v 0.000913 -0.004890 -0.001270
v 0.182676 0.003441 0.013850
v 0.169253 0.001813 0.006778
v 0.129016 0.003152 0.016471
v -0.008235 -0.008846 0.005695
v 0.181201 0.000542 0.014956
v 0.179868 0.001201 0.014288
v 0.183065 -0.000085 0.013903
v 0.181145 0.001110 0.011828
v 0.184020 -0.000255 0.015532
v 0.190811 0.003234 0.013013
v 0.191099 0.003296 0.011763
v 0.191240 0.002444 0.015482
v 0.179112 0.000899 0.015895
v 0.065999 0.002329 0.002272
v 0.127977 -0.000049 0.012712
v 0.117854 0.004236 0.013610
v 0.159901 -0.000170 0.009529
v 0.188794 -0.000246 0.011179
v 0.132520 0.003414 0.016136
v 0.169239 0.001328 0.013904
v 0.168529 0.001127 0.012876
v 0.195511 0.001210 0.009705
v 0.175647 0.002121 0.017049
v 0.006024 0.008927 0.010318
v 0.124113 0.003452 0.014161
v 0.190241 0.003247 0.010840
v 0.145059 0.003689 0.012141
v 0.186667 0.002946 0.015109
v 0.008632 0.001799 0.010941
v 0.188298 -0.000523 0.012398
v 0.144715 0.002051 0.017427
v 0.144672 0.001672 0.018569
v 0.143153 0.002008 0.017984
v 0.155239 -0.000121 0.014731
v 0.155170 0.000014 0.013277
v 0.156743 -0.000082 0.014640
v 0.148496 -0.000874 0.014063
v 0.176718 0.001662 0.015525
v 0.176445 0.001189 0.015820
v 0.145890 -0.000852 0.012453
v 0.030626 0.000357 0.003518
v 0.143341 0.002723 0.017161
v 0.196452 -0.000013 0.012758
v 0.154675 0.003072 0.014359
v 0.134351 -0.000046 0.013548
v 0.128557 0.000234 0.011611
v 0.147538 0.003514 0.011778
v 0.033569 0.000929 0.003058
v 0.193016 -0.000557 0.009530
v 0.168457 0.000672 0.013980
v 0.192593 -0.000523 0.010661
v 0.168513 0.000204 0.015210
v 0.167519 0.000169 0.013889
v 0.171316 0.000424 0.016483
v 0.177207 0.000907 0.016413
v 0.167857 0.000567 0.012615
v 0.196109 0.000653 0.010616
v 0.158562 -0.000051 0.015837
v 0.159301 -0.000284 0.014033
v 0.169689 0.000770 0.014913
v 0.170181 0.000410 0.015789
v 0.130607 -0.000010 0.013516
v 0.000689 -0.001488 -0.000862
v 0.002945 -0.002594 -0.000653
v 0.128771 -0.000145 0.013952
v 0.178526 0.001500 0.006532
v 0.009049 0.000467 0.009349
v -0.006591 -0.010937 0.006234
v -0.006958 -0.010344 0.007319
v 0.193873 -0.000204 0.008524
v -0.001468 -0.007222 0.031274
v 0.153518 -0.000327 0.014610
v 0.151801 -0.000530 0.013512
v 0.162450 -0.000453 0.010642
v 0.164048 -0.000505 0.015578
v 0.162088 -0.000506 0.014317
v 0.194893 -0.000584 0.011250
v 0.194742 0.002223 0.010432
v 0.184731 0.001428 0.006652
v 0.190408 -0.000508 0.011872
v 0.189931 -0.000523 0.013310
v 0.132546 0.000026 0.013494
v 0.125918 -0.000306 0.013449
v 0.119090 -0.000165 0.014049
v 0.161461 -0.000509 0.012704
v 0.137408 -0.000421 0.013945
v 0.139884 -0.000448 0.013259
v 0.005693 0.009334 0.008271
v 0.189029 -0.000314 0.009175
v 0.129061 0.003878 0.013371
v 0.194066 -0.000504 0.009298
v 0.192606 -0.001153 0.013930
v 0.166069 -0.000161 0.016376
v 0.173039 0.000574 0.016434
v 0.188411 -0.000746 0.014870
v 0.194398 -0.001287 0.013548
v 0.193357 -0.001032 0.012915
v 0.189969 -0.000851 0.014682
v 0.191146 -0.001078 0.014761
v 0.003460 0.010943 0.007164
v 0.171431 0.000828 0.015582
v 0.180216 0.000734 0.015508
v 0.161270 -0.000347 0.015926
v -0.002075 -0.011446 0.013812
v 0.085908 -0.000529 0.014778
v 0.059784 -0.001084 0.015159
v 0.051531 -0.000850 0.015221
v 0.049208 -0.000535 0.015565
v 0.076105 -0.001122 0.014084
v 0.084569 -0.000721 0.014069
v -0.007203 -0.010864 0.013145
v -0.006670 -0.011466 0.011497
v 0.067651 -0.002266 0.013890
v 0.087159 -0.001680 0.011661
v -0.007182 -0.010354 0.010660
v -0.007958 -0.009188 0.009378
v 0.004913 -0.001260 0.000022
v 0.009059 0.001345 0.009324
v 0.002821 0.000458 -0.000392
v 0.009179 0.000885 0.009029
v -0.003924 -0.002457 -0.001237
v 0.001769 -0.007355 -0.001216
v -0.001499 -0.003272 -0.001189
v 0.004198 0.002133 0.000106
v -0.002051 -0.000454 -0.001053
v 0.005155 -0.005568 -0.000150
v 0.003822 -0.004822 -0.000680
v 0.091133 -0.001151 0.009565
v 0.000147 0.002178 -0.000824
v -0.007756 -0.000498 -0.000194
v -0.006496 -0.000264 -0.000982
v -0.007327 -0.008470 0.026472
v -0.006928 -0.009165 0.028784
v -0.003757 0.002357 -0.001434
v -0.006674 -0.010612 0.027408
v -0.006562 -0.011661 0.020980
v -0.007365 -0.010057 0.020108
v -0.001733 0.005303 -0.001151
v 0.000358 0.005432 -0.000834
v 0.003018 0.008002 0.000019
v 0.001511 0.007198 -0.000582
v 0.003969 0.005436 0.000196
v 0.002521 0.003773 -0.000383
v 0.071460 -0.001314 0.015524
v 0.078508 0.004016 0.014998
v 0.067713 -0.002323 0.010916
v 0.066555 -0.002343 0.012633
v 0.076397 0.004515 0.013736
v 0.131825 0.003074 0.007421
v 0.130967 0.003313 0.008167
v 0.045552 0.000057 0.009541
v 0.045372 0.000542 0.007208
v 0.089521 -0.001676 0.010858
v -0.008611 -0.006024 0.008726
v 0.092459 0.003472 0.013798
v 0.138704 0.003575 0.016451
v 0.136718 0.003886 0.015676
v 0.091393 0.002938 0.015125
v 0.088915 0.003686 0.013649
v 0.078187 -0.000805 0.014648
v 0.063251 -0.001390 0.014841
v 0.176854 0.001983 0.017524
v 0.171948 0.001274 0.015110
v 0.177668 0.001509 0.017784
v 0.180883 0.002139 0.009874
v 0.179717 0.001676 0.009468
v 0.150239 -0.000762 0.013558
v 0.166449 -0.000287 0.014683
v 0.190675 -0.000408 0.010637
v 0.150894 -0.000479 0.012185
v 0.153022 0.003726 0.008852
v 0.145421 0.003149 0.006171
v 0.145425 0.003653 0.007302
v 0.185488 0.002463 0.008478
v 0.156532 0.002734 0.006073
v 0.005941 0.007966 0.004147
v 0.179934 0.001496 0.013083
v 0.166880 0.001656 0.005886
v 0.167400 0.002215 0.006588
v 0.135002 0.003063 0.011817
v 0.183249 0.002912 0.009216
v 0.182897 0.002901 0.008031
v 0.164353 0.003134 0.007246
v 0.133753 0.003440 0.008452
v 0.188810 0.000332 0.007134
v 0.190619 0.000045 0.007611
v 0.127043 0.003901 0.009680
v 0.126535 0.003798 0.008401
v 0.108934 0.003766 0.010415
v 0.008050 0.003179 0.009703
v 0.127969 0.002901 0.007091
v 0.141636 -0.000583 0.014163
v 0.132408 0.003638 0.012836
v 0.193983 -0.000511 0.010253
v 0.154932 0.003863 0.007440
v 0.005136 0.009198 0.001382
v 0.127200 0.003400 0.016071
v 0.129235 0.003431 0.015398
v 0.030847 0.000727 0.003814
v 0.087026 -0.001223 0.013632
v 0.111318 0.004099 0.013661
v 0.125143 0.003787 0.009351
v 0.072769 -0.001369 0.004182
v 0.195549 0.002479 0.013696
v 0.192775 0.003322 0.012730
v 0.194278 0.003153 0.013674
v 0.194530 0.002396 0.014945
v 0.193010 0.003026 0.014413
v 0.161996 0.003711 0.015354
v 0.161268 0.003975 0.013738
v 0.157692 0.002441 0.005161
v 0.158905 0.002178 0.005814
v 0.193861 -0.000671 0.011238
v 0.194106 0.001639 0.015471
v 0.194302 0.001258 0.016163
v 0.144996 0.003449 0.015878
v 0.143911 0.003792 0.015351
v 0.145814 0.003501 0.014934
v 0.088780 -0.001522 0.012629
v 0.134877 0.003493 0.016568
v 0.136512 0.003095 0.017161
v 0.194311 -0.000981 0.012255
v 0.149706 0.001699 0.017164
v 0.131729 0.000422 0.011875
v 0.062626 0.002983 0.002930
v -0.008459 -0.001864 0.001186
v 0.046757 -0.000594 0.011497
v 0.046943 -0.000771 0.013644
v 0.193755 0.002720 0.010234
v 0.164812 0.001423 0.005254
v 0.164317 0.002377 0.005746
v 0.179927 0.002720 0.005319
v 0.131806 0.001822 0.005822
v 0.150012 0.001814 0.005250
v 0.154778 0.003226 0.004302
v 0.136259 0.002452 0.005677
v -0.006811 0.007315 0.029706
v -0.005394 0.007414 0.031344
v -0.006106 0.004336 0.030722
v 0.121332 -0.000099 0.006156
v 0.120693 0.000323 0.005954
v 0.144570 0.001614 0.005316
v -0.001813 0.010144 0.030844
v 0.143261 0.000591 0.004783
v 0.141011 0.001466 0.005175
v 0.127443 0.001380 0.005809
v 0.117991 0.001793 0.006230
v 0.129698 0.002304 0.006450
v 0.008739 0.000409 0.008829
v 0.103121 -0.000217 0.007881
v 0.162762 0.001738 0.005253
v 0.125617 0.001935 0.005756
v 0.111296 0.002215 0.007025
v -0.002650 0.011919 0.027759
v 0.147623 0.001457 0.005210
v 0.105548 0.001193 0.006872
v 0.122184 0.002524 0.005850
v 0.098515 0.001706 0.007452
v 0.167491 0.001483 0.005370
v 0.166365 0.001300 0.005299
v 0.119701 0.001006 0.006058
v 0.133407 0.001144 0.005334
v 0.112199 0.000908 0.006479
v 0.107265 0.000832 0.006529
v 0.095781 0.001728 0.007334
v 0.113507 0.002894 0.007104
v 0.111303 0.003045 0.007584
v 0.096476 0.002397 0.007733
v 0.120371 0.001934 0.006098
v 0.168398 0.000910 0.005086
v -0.003782 0.008996 0.031435
v 0.115248 0.001173 0.006387
v 0.124061 0.002503 0.006165
v 0.130479 0.000648 0.005279
v 0.115927 0.002441 0.006662
v 0.133846 0.001938 0.005468
v 0.104597 0.002102 0.007449
v 0.153428 0.002202 0.004849
v 0.093982 0.001323 0.006880
v 0.088940 0.002928 0.007211
v 0.165615 0.001754 0.005796
v 0.107664 0.002522 0.007151
v 0.006675 0.007110 0.009010
v 0.112893 0.001836 0.006691
v 0.084962 0.000750 0.004199
v -0.002955 0.008929 -0.001201
v 0.138834 0.001967 0.005656
v -0.004471 0.007714 -0.001389
v -0.005968 0.007229 -0.000808
v 0.094186 0.002353 0.006916
v -0.004296 0.011050 0.028158
v 0.106186 0.002179 0.007114
v 0.080146 0.000677 0.003007
v 0.024486 0.000189 0.005340
v 0.002133 0.010988 0.027909
v 0.145237 -0.000035 0.004749
v 0.146967 -0.000428 0.004933
v 0.006408 0.006791 0.004858
v 0.007157 0.001933 0.002251
v 0.005540 0.002936 0.000779
v 0.006316 -0.000129 0.000876
v 0.006591 0.001592 0.001274
v 0.147817 0.000339 0.004790
v 0.028648 0.000641 0.004860
v 0.005027 0.010118 0.019256
v 0.053938 0.001142 0.001076
v 0.007825 0.002971 0.006154
v 0.152621 0.002182 0.016254
v 0.007510 0.004101 0.007242
v 0.000545 0.011068 0.010308
v 0.143109 0.001480 0.018765
v -0.001437 0.011410 0.008195
v 0.066599 0.001062 0.001048
v 0.086605 -0.000097 0.005434
v 0.088317 -0.000199 0.006046
v 0.172350 0.001306 0.005269
v 0.029681 0.000115 0.004028
v 0.085902 0.002720 0.005784
v 0.135762 0.002332 0.017666
v -0.004700 0.011901 0.011152
v -0.003970 0.012398 0.002478
v -0.007017 0.006023 0.000220
v -0.003636 0.011964 0.009713
v 0.005948 0.005902 0.001513
v 0.171635 -0.000193 0.005400
v 0.163045 -0.000105 0.016826
v 0.092700 0.003301 0.010912
v 0.063099 0.000070 0.000890
v 0.062685 -0.000414 0.001993
v 0.032980 0.000390 0.003668
v 0.006585 0.007122 0.007374
v 0.032806 0.001021 0.003714
v 0.069975 -0.000385 0.002015
v 0.078828 -0.000683 0.003854
v 0.170533 0.001146 0.005258
v 0.093296 -0.000337 0.011184
v 0.063937 0.000887 0.000724
v -0.002818 -0.011382 0.001152
v -0.001597 -0.011230 0.000600
v 0.031737 0.000476 0.003886
v 0.027776 0.000214 0.004487
v 0.040477 0.000878 0.002930
v 0.007644 0.005035 0.028297
v 0.006892 0.004228 0.003502
v 0.155803 0.002586 0.004126
v 0.006534 0.003724 0.001782
v 0.052828 0.000765 0.001080
v 0.051936 0.000776 0.001285
v 0.051280 0.001888 0.002180
v 0.033935 0.000690 0.003495
v 0.074595 0.002100 0.002655
v 0.048816 0.000046 0.001599
v 0.043837 0.000502 0.003799
v 0.039754 0.000569 0.001986
v 0.076023 0.000485 0.001692
v 0.042005 0.000763 0.003059
v 0.035890 0.000704 0.002842
v 0.034874 0.000958 0.003232
v 0.148625 0.002393 0.005684
v 0.038168 0.000798 0.002324
v 0.005678 0.007040 0.029542
v 0.038469 0.000499 0.002507
v 0.050084 -0.000150 0.001982
v 0.069564 0.000404 0.001276
v 0.069756 0.001540 0.001522
v 0.005332 0.008824 0.028834
v 0.044803 0.001233 0.002851
v 0.028654 0.000158 0.004242
v 0.050612 0.000116 0.001506
v 0.007010 0.005270 0.007638
v 0.003764 0.010294 0.027876
v 0.041723 0.000484 0.002070
v 0.029058 0.000112 0.004022
v 0.047588 -0.000037 0.001416
v 0.037536 0.000726 0.002858
v 0.038742 0.000890 0.002771
v 0.046438 0.001395 0.004538
v 0.065428 0.000064 0.001150
v 0.081018 -0.000247 0.003864
v 0.149569 -0.000269 0.004828
v 0.081284 0.000353 0.003465
v 0.001016 0.005267 0.031001
v 0.150159 -0.000516 0.005422
v 0.004659 0.010818 0.021000
v 0.044494 0.000966 0.001706
v 0.005416 0.010323 0.022474
v 0.002279 0.009985 0.000485
v 0.001416 0.009531 -0.000221
v 0.001252 0.010698 0.000638
v 0.078788 0.000134 0.002844
v 0.077920 -0.000427 0.002938
v 0.173476 0.000688 0.005206
v 0.156456 0.003111 0.004323
v 0.079226 0.001043 0.002614
v 0.079965 -0.000412 0.003697
v 0.082184 0.000746 0.003677
v 0.007902 -0.000795 0.005778
v 0.000564 0.009715 0.030481
v 0.083266 0.000772 0.003838
v 0.002068 0.011462 0.024956
v 0.076806 -0.000172 0.002268
v 0.001509 0.007400 0.030799
v 0.151235 0.003434 0.005977
v 0.077440 0.000918 0.001869
v 0.043809 0.000350 0.002444
v 0.048424 -0.000301 0.002919
v 0.077631 0.002031 0.002704
v 0.042289 0.000892 0.002962
v 0.051179 0.000394 0.001311
v -0.001579 0.011836 0.019850
v 0.138191 0.001292 0.005295
v 0.040846 0.000811 0.001888
v 0.067745 0.000004 0.001485
v 0.046072 0.000070 0.002005
v 0.030144 0.001178 0.003098
v -0.008150 0.002299 0.011212
v 0.027615 0.000476 0.005018
v 0.009544 0.001385 0.011984
v 0.004106 0.011040 0.022979
v 0.028747 0.000229 0.004557
v 0.036847 0.001928 0.015589
v 0.024329 0.000149 0.005353
v 0.024500 0.000253 0.005336
v -0.006394 0.009136 0.000980
v 0.082508 0.001231 0.003364
v 0.072737 0.001446 0.001885
v 0.081216 0.001148 0.003189
v 0.080115 0.000088 0.003211
v 0.002851 0.011376 0.021743
v 0.029109 0.000425 0.003678
v 0.081914 0.001990 0.003691
v 0.083385 0.001623 0.003495
v 0.005676 0.009809 0.020974
v -0.008180 0.002946 0.002384
v 0.089855 0.002534 0.006780
v 0.006394 0.007724 0.020271
v 0.087497 0.000485 0.005538
v 0.087431 0.002108 0.005926
v 0.090179 0.001052 0.006274
v 0.091928 0.000268 0.006779
v 0.085236 -0.000777 0.005448
v 0.114338 0.000158 0.006533
v 0.008804 0.003648 0.016394
v 0.155590 0.000010 0.004755
v 0.005984 0.009068 0.024016
v 0.091528 0.000924 0.006391
v 0.091574 0.002090 0.006682
v 0.087373 0.001271 0.005489
v 0.088905 0.001577 0.006094
v 0.087458 0.002875 0.006728
v 0.091222 -0.000442 0.007153
v 0.176422 0.001433 0.005715
v 0.108595 0.000437 0.006711
v 0.091269 0.001486 0.006486
v 0.151673 0.001863 0.005145
v 0.006764 0.006814 0.021211
v 0.088092 0.000930 0.005674
v 0.094677 0.000166 0.007461
v 0.085956 0.000811 0.004806
v 0.086105 0.001701 0.005140
v 0.088600 0.002428 0.006507
v 0.083794 -0.000979 0.005819
v 0.024349 0.000162 0.005345
v 0.031396 0.001026 0.003319
v 0.047312 0.001489 0.003290
v 0.046887 0.000996 0.001878
v 0.171180 -0.000490 0.005595
v 0.027892 0.000836 0.004363
v 0.084189 0.001687 0.004070
v 0.026686 0.001299 0.005004
v 0.032208 0.000957 0.002913
v 0.040712 0.000576 0.002798
v 0.150760 0.000899 0.004879
v 0.082233 0.002890 0.004763
v 0.078576 0.001427 0.002409
v 0.052682 0.001453 0.001529
v -0.001820 0.011983 0.001495
v 0.044533 0.000362 0.001735
v 0.084832 0.002252 0.004771
v 0.080216 0.001162 0.002851
v 0.079919 0.001722 0.002976
v 0.024208 0.000142 0.005376
v 0.023988 0.000080 0.005369
v 0.092742 0.000859 0.006576
v 0.106076 0.000482 0.006751
v 0.003156 0.005335 0.030636
v -0.000174 0.011051 0.029399
v 0.006292 0.008467 0.013394
v 0.005835 0.009141 0.011884
v 0.103601 0.000770 0.016282
v 0.003511 0.010769 0.008342
v 0.098264 0.002140 0.007809
v 0.004324 0.010344 0.009716
v 0.109283 0.002315 0.007075
v 0.071405 -0.000007 0.001804
v 0.098890 0.002110 0.007596
v 0.027508 0.000351 0.004341
v 0.045454 0.000564 0.001451
v 0.106541 0.003421 0.010776
v 0.042100 0.000589 0.002706
v 0.101820 0.000852 0.006929
v 0.100406 0.000321 0.007305
v 0.152560 0.001399 0.004895
v 0.107020 0.000196 0.007069
v 0.098410 0.000347 0.007488
v 0.102525 0.000256 0.007311
v 0.096627 0.001857 0.015745
v 0.103016 0.001094 0.007086
v 0.104230 0.000720 0.007021
v 0.101987 0.001603 0.007481
v 0.096381 0.003037 0.009971
v 0.093603 0.000360 0.006877
v 0.099063 -0.000182 0.008154
v 0.100876 0.001860 0.007795
v 0.099653 0.001951 0.007389
v 0.108465 -0.000252 0.010933
v 0.118823 0.000605 0.006193
v 0.104707 -0.000523 0.009460
v 0.109113 0.000178 0.007661
v 0.097526 0.002514 0.008121
v 0.109642 0.000443 0.006929
v 0.097394 0.001880 0.007679
v 0.100732 0.001404 0.006909
v 0.003022 0.010303 0.028721
v -0.003755 0.012062 0.023142
v -0.002997 0.012013 0.025556
v -0.005512 0.010603 0.024422
v -0.004568 0.011919 0.022220
v 0.105121 0.001848 0.007166
v 0.122096 0.001054 0.005865
v 0.093312 -0.000366 0.007626
v 0.118324 0.000047 0.006758
v 0.104614 -0.000329 0.008103
v 0.104203 0.001673 0.007225
v -0.000871 0.011871 0.021973
v 0.112976 0.000377 0.006428
v 0.161991 -0.000625 0.005959
v 0.113442 -0.000236 0.008143
v 0.106490 -0.000294 0.008441
v 0.108364 -0.000101 0.009245
v 0.109188 -0.000059 0.009815
v 0.004561 0.010362 0.017325
v 0.123294 -0.000196 0.005874
v 0.122968 -0.000285 0.007466
v 0.101291 -0.000546 0.008406
v 0.006428 0.008008 0.022677
v 0.114811 -0.000037 0.008790
v 0.106707 -0.000398 0.010513
v 0.092859 -0.000633 0.009815
v 0.104432 -0.000587 0.011661
v 0.099246 -0.000601 0.009928
v -0.000869 0.011732 0.017509
v -0.003117 0.011987 0.020221
v 0.096942 0.000366 0.007535
v 0.095772 -0.000067 0.008009
v 0.102066 -0.000780 0.010336
v 0.000897 0.011736 0.022559
v 0.109322 -0.000261 0.012052
v 0.088094 0.003358 0.008152
v 0.092486 -0.000777 0.008434
v 0.121991 0.000038 0.005804
v -0.004902 0.004027 -0.001456
v 0.101618 -0.000597 0.012495
v 0.097225 -0.000159 0.008237
v 0.023081 0.001761 0.015032
v 0.054537 0.002041 0.001802
v 0.091734 -0.001100 0.011188
v 0.096405 -0.000453 0.011328
v 0.097852 -0.000475 0.009291
v 0.037725 0.000358 0.015275
v 0.092153 -0.000633 0.007634
v 0.127541 -0.000215 0.006222
v 0.126274 -0.000166 0.005979
v 0.027339 0.000806 0.015365
v 0.090702 -0.001204 0.012927
v 0.126448 0.000680 0.005705
v 0.083470 0.002330 0.004360
v 0.107447 0.001755 0.006675
v 0.134312 0.000305 0.008719
v 0.096076 0.002889 0.012131
v 0.124949 -0.000102 0.007549
v 0.090636 0.001997 0.006581
v 0.024902 0.000990 0.015377
v 0.081072 0.003174 0.005212
v 0.093746 0.002914 0.007854
v 0.090062 0.003034 0.007826
v 0.091769 0.002640 0.007532
v 0.042730 0.000974 0.013170
v 0.040277 0.001776 0.014798
v 0.094942 0.002822 0.011994
v 0.117218 0.000395 0.006422
v 0.095274 0.002935 0.013044
v -0.005661 0.005132 -0.001375
v 0.111149 0.000275 0.006753
v 0.112782 0.000034 0.006755
v 0.088469 0.003686 0.010067
v 0.109777 0.001358 0.006642
v 0.103115 0.001915 0.007911
v -0.004698 0.012253 0.001951
v 0.085067 0.001399 0.004331
v 0.092549 0.001903 0.006671
v -0.004436 0.011894 0.000959
v 0.099654 0.003125 0.010890
v 0.074949 0.001177 0.001592
v 0.027950 0.000957 0.004912
v 0.027516 0.001354 0.014712
v 0.053161 0.002394 0.002390
v 0.093189 0.003176 0.009173
v 0.025434 0.001892 0.014812
v 0.095161 0.002735 0.011394
v 0.119645 0.000562 0.006072
v 0.095268 0.003097 0.009076
v 0.104213 0.002267 0.008011
v 0.029668 0.000842 0.003765
v 0.093137 0.002614 0.007067
v 0.106657 0.003023 0.007754
v 0.097430 0.001101 0.007386
v 0.159169 0.001276 0.004972
v 0.097602 0.003186 0.011064
v 0.095556 0.002783 0.010614
v 0.109032 0.003238 0.007899
v 0.119800 -0.000252 0.007732
v 0.098652 0.003047 0.009696
v 0.095452 0.002875 0.007574
v 0.121525 -0.000102 0.008900
v 0.090912 -0.000968 0.007977
v 0.113436 0.004520 0.009803
v 0.129481 0.001431 0.005775
v 0.101856 0.002286 0.008808
v 0.107626 0.003560 0.009092
v 0.119327 0.000144 0.006346
v 0.119186 -0.000125 0.007017
v 0.098862 0.002520 0.008310
v -0.004122 -0.000226 -0.001286
v 0.100048 0.002069 0.008279
v 0.099853 0.002717 0.009235
v 0.100789 0.002335 0.008788
v 0.099019 -0.000639 0.011811
v 0.094192 -0.000543 0.008636
v 0.103414 0.000490 0.007042
v 0.121928 -0.000189 0.006552
v 0.111351 0.003932 0.008588
v 0.105212 0.002976 0.009094
v 0.109973 -0.000138 0.008940
v 0.128565 0.000611 0.005638
v 0.110113 -0.000267 0.010428
v 0.108103 0.003595 0.011139
v 0.097250 0.003036 0.009156
v 0.114956 0.000575 0.006352
v 0.131500 0.001084 0.005331
v 0.102045 0.002791 0.010312
v 0.103223 0.002569 0.009265
v 0.145791 0.000794 0.004952
v 0.134429 -0.000145 0.007028
v 0.136139 -0.000326 0.006435
v 0.125411 -0.000124 0.006680
v 0.136286 0.000308 0.010314
v 0.137732 -0.000076 0.008981
v 0.020592 0.001116 0.016560
v 0.021239 0.001369 0.015824
v 0.134203 0.000458 0.010988
v -0.003041 0.007198 -0.001310
v 0.135700 0.001514 0.005342
v 0.133369 0.002731 0.006382
v 0.111621 -0.000212 0.009212
v 0.192651 0.001972 0.008170
v 0.182400 0.002577 0.005790
v 0.186706 -0.000406 0.008125
v 0.187013 0.001675 0.007926
v 0.115144 -0.000044 0.011241
v 0.164012 -0.000668 0.005822
v 0.164638 -0.000655 0.006711
v 0.127524 0.002204 0.006132
v 0.008240 0.003653 0.026965
v 0.169606 0.001568 0.005616
v 0.114156 0.000052 0.010061
v 0.132334 -0.000103 0.006228
v 0.175942 0.000533 0.005585
v 0.173015 0.001249 0.006121
v -0.005098 -0.005978 -0.001368
v 0.174485 0.001322 0.005467
v 0.133077 0.003277 0.007554
v 0.127030 0.000248 0.008583
v 0.124507 0.000786 0.005767
v 0.157073 -0.000564 0.006649
v 0.135210 0.002761 0.006420
v 0.151662 -0.000139 0.004790
v 0.116521 0.000148 0.009793
v 0.157582 0.000088 0.010044
v 0.132409 0.000281 0.005200
v 0.148448 -0.000435 0.008415
v 0.001695 -0.010155 0.029741
v 0.190442 0.001294 0.007430
v 0.179187 0.000808 0.008461
v -0.007435 0.008720 0.005410
v 0.148984 -0.000520 0.005703
v -0.005612 0.011760 0.002807
v 0.180069 -0.000143 0.007585
v 0.172160 0.000672 0.007362
v 0.149184 -0.000540 0.007121
v 0.148121 -0.000254 0.004743
v -0.006985 0.003721 -0.000530
v 0.148234 -0.000516 0.005157
v 0.131333 0.002521 0.006635
v 0.057967 -0.001275 0.014897
v 0.170820 -0.000525 0.006147
v 0.174659 0.001368 0.006080
v 0.183678 0.002084 0.007248
v 0.132105 0.000481 0.009985
v 0.189195 0.001238 0.007855
v -0.002859 0.010232 -0.000959
v -0.006747 0.001134 -0.000734
v 0.182182 0.002559 0.006803
v 0.047297 0.001122 0.017320
v 0.193759 0.002389 0.009346
v 0.181192 0.002185 0.007343
v 0.181066 0.002320 0.005962
v 0.101236 0.003080 0.011523
v 0.108777 0.003725 0.013892
v 0.123268 0.003779 0.010233
v 0.105258 0.003508 0.012487
v 0.099619 0.002750 0.015525
v 0.108354 0.003731 0.012211
v 0.106827 0.003626 0.013487
v 0.091331 0.002208 0.016255
v 0.019605 0.001907 0.017254
v 0.103549 0.003222 0.011055
v 0.134942 0.000275 0.005229
v 0.093637 0.003292 0.014701
v 0.050455 0.002927 0.014891
v 0.074268 0.003192 0.016488
v 0.052191 0.001770 0.017541
v 0.071099 0.003472 0.016037
v 0.030607 0.002533 0.015507
v 0.052128 0.002505 0.016648
v 0.024708 0.002619 0.015625
v 0.095960 0.000640 0.007348
v 0.081286 0.000787 0.016353
v 0.087077 0.003167 0.015251
v 0.101393 0.003328 0.014620
v 0.095816 0.003059 0.014004
v 0.092844 0.002404 0.015834
v 0.130451 -0.000117 0.005396
v 0.165334 -0.000729 0.006204
v 0.139221 0.002199 0.017855
v 0.088317 0.001602 0.016734
v 0.053404 0.001477 0.017639
v 0.055244 0.002443 0.016662
v 0.058139 0.001662 0.017756
v 0.060338 0.001567 0.017962
v 0.065644 0.001263 0.018083
v 0.068078 0.001675 0.017728
v 0.096162 0.002721 0.015448
v 0.081549 0.001298 0.017027
v 0.096342 0.002848 0.013394
v 0.080724 0.001853 0.017542
v 0.126484 0.001532 0.017582
v 0.133751 0.001793 0.017989
v 0.130686 0.001231 0.018004
v 0.124616 0.000764 0.016831
v 0.062264 0.001819 0.017936
v 0.001746 0.003025 0.031040
v 0.064803 0.003181 0.016021
v 0.063414 0.001377 0.018220
v -0.006439 0.009177 0.027924
v 0.112217 0.002032 0.016715
v 0.084980 0.001873 0.016927
v 0.072818 0.001390 0.017710
v 0.153471 -0.000515 0.005068
v 0.077077 0.001773 0.017851
v 0.086495 0.001400 0.016621
v 0.073493 0.002184 0.017320
v 0.069748 0.001513 0.017651
v 0.067350 0.002259 0.017378
v 0.071273 0.000906 0.017567
v 0.105166 0.002165 0.016553
v 0.069724 0.002311 0.017452
v 0.082742 0.001941 0.017130
v 0.094608 0.002177 0.015923
v 0.054417 0.001955 0.017052
v 0.054344 0.002628 0.016514
v 0.054000 0.003135 0.015087
v 0.054814 0.001291 0.017453
v 0.068610 0.002761 0.017023
v 0.083965 0.001400 0.016892
v 0.059212 0.003327 0.014455
v 0.074317 0.001321 0.017604
v 0.080227 0.002529 0.016922
v 0.080817 0.003522 0.015849
v 0.065028 0.002552 0.017247
v 0.063532 0.002043 0.017917
v 0.116105 0.001333 0.017257
v 0.071533 0.001943 0.017479
v 0.089072 0.002315 0.016179
v 0.097566 0.001522 0.016056
v 0.106067 0.002838 0.016176
v 0.127825 0.001676 0.017591
v 0.127134 0.002417 0.017329
v 0.056087 0.002352 0.016841
v 0.119868 0.001710 0.017421
v -0.004723 -0.011101 -0.000617
v 0.140310 0.003087 0.017318
v 0.129422 0.001624 0.017691
v 0.128326 0.002642 0.017256
v 0.130918 0.001793 0.017546
v 0.164006 0.000746 0.004978
v 0.194498 0.001753 0.008671
v 0.150528 0.001715 0.018232
v 0.162185 0.003186 0.005970
v 0.152079 0.002778 0.005283
v 0.150498 0.002599 0.005517
v 0.128212 0.003643 0.008443
v 0.118717 0.002437 0.016756
v 0.177538 0.001950 0.005671
v 0.165881 0.001994 0.017635
v -0.007737 -0.004812 0.021738
v 0.187928 0.001170 0.007740
v -0.005063 -0.000425 0.031401
v -0.004025 0.007088 0.031723
v 0.170826 0.002295 0.016876
v 0.171284 0.001866 0.017868
v 0.167018 0.001833 0.018619
v 0.148710 0.001639 0.018138
v 0.155823 0.002993 0.015384
v 0.150544 0.001869 0.016641
v 0.159036 0.001644 0.017554
v 0.103688 0.001928 0.016312
v 0.145080 -0.000511 0.005416
v 0.154949 0.002047 0.016253
v 0.180414 0.002697 0.015196
v 0.158606 0.003174 0.015895
v 0.156816 0.002700 0.015789
v 0.153736 0.002727 0.015549
v -0.004024 -0.000553 0.031788
v -0.002327 0.007861 0.031486
v 0.153651 0.001604 0.018435
v 0.151470 0.001502 0.017119
v 0.149481 0.001505 0.018803
v 0.143156 0.003705 0.013781
v 0.172261 0.002205 0.017231
v 0.155788 0.001456 0.018209
v 0.176895 0.001139 0.017906
v 0.179526 0.002101 0.014353
v 0.160247 0.000523 0.017660
v 0.183199 0.001925 0.017294
v 0.157467 0.001629 0.017911
v 0.000704 -0.007545 0.030854
v 0.171498 0.001208 0.018400
v 0.181634 0.001750 0.017338
v 0.174387 0.001136 0.018269
v 0.175641 0.001047 0.018054
v 0.196301 0.001168 0.015035
v 0.192095 0.000436 0.015732
v 0.174850 0.001842 0.018071
v 0.187150 0.000677 0.016485
v 0.186569 0.001327 0.016818
v 0.185721 0.001915 0.016779
v 0.164198 0.001554 0.018810
v 0.171215 0.000637 0.017927
v 0.173491 0.000853 0.017972
v 0.177970 0.001089 0.017641
v 0.173242 0.001866 0.017781
v 0.195222 0.000696 0.015589
v 0.193884 0.000522 0.015906
v 0.167739 0.000873 0.018320
v 0.173058 0.001440 0.018391
v 0.167607 0.002128 0.017641
v 0.169481 0.001681 0.018076
v 0.155677 0.000720 0.017873
v 0.138620 0.000913 0.018515
v 0.156095 0.001492 0.017320
v 0.154397 0.001673 0.017868
v 0.168211 0.001649 0.018500
v 0.193048 0.000979 0.016340
v 0.161735 0.000348 0.017221
v -0.003426 0.011759 0.007627
v 0.166351 0.000959 0.018568
v 0.004539 -0.009180 0.009467
v 0.151333 0.001731 0.018758
v 0.140524 0.000699 0.018106
v 0.149721 0.000799 0.018303
v 0.142119 0.000506 0.017841
v -0.005239 -0.011760 0.012969
v 0.144069 0.000685 0.018027
v 0.135543 0.001079 0.018281
v 0.138951 0.000509 0.017376
v 0.122707 0.002942 0.016798
v 0.152413 0.000785 0.018260
v 0.162763 0.001580 0.018550
v 0.005031 -0.008520 0.029219
v 0.163316 0.000991 0.018637
v 0.164981 0.000932 0.018515
v 0.128078 0.000502 0.017334
v 0.141160 0.000409 0.004843
v 0.135248 0.000400 0.017111
v 0.145724 0.000966 0.018379
v 0.142084 0.000977 0.018683
v 0.151555 0.000383 0.017330
v 0.137162 0.000974 0.018440
v 0.162297 0.001106 0.018717
v 0.137227 0.001576 0.018081
v 0.145103 -0.000485 0.006573
v 0.146391 0.001550 0.018903
v 0.136970 0.000571 0.017776
v 0.004621 -0.003393 0.031046
v 0.146870 0.000581 0.017317
v 0.168790 0.000778 0.017965
v 0.158088 0.001179 0.018449
v 0.159013 0.000745 0.018077
v 0.159787 0.001373 0.018592
v 0.147221 -0.000581 0.005994
v 0.160380 0.000883 0.018310
v 0.162306 -0.000446 0.005149
v 0.161833 0.000738 0.018272
v 0.176846 0.000779 0.017398
v 0.172361 0.000620 0.017352
v -0.007214 -0.011404 0.015624
v 0.170640 0.001476 0.018279
v 0.193570 0.000015 0.015205
v -0.006284 -0.003373 0.030048
v -0.006767 0.000645 0.029527
v -0.004462 0.002867 0.031881
v 0.158501 0.000388 0.017114
v 0.189513 0.001381 0.016183
v 0.179117 0.000790 0.017041
v 0.190995 0.000997 0.016246
v 0.185764 0.000643 0.016945
v 0.123128 0.003605 0.008507
v 0.186645 0.000152 0.016109
v 0.157155 0.003252 0.014471
v 0.006627 -0.003231 0.030197
v 0.128564 -0.000155 0.007612
v 0.148096 0.001391 0.018800
v 0.004883 0.006011 0.030224
v 0.149876 0.002664 0.016045
v 0.134263 0.003477 0.013463
v 0.135986 0.003035 0.013044
v 0.132060 0.001420 0.017823
v 0.120843 0.000609 0.017322
v 0.122206 0.001155 0.017491
v 0.121340 0.001641 0.017416
v 0.125308 0.001691 0.017428
v 0.107347 0.002201 0.016816
v 0.124303 0.001902 0.017281
v 0.122909 0.001954 0.017277
v 0.141636 0.003978 0.015363
v 0.115616 0.003619 0.015726
v 0.171085 0.001837 0.014990
v 0.125590 0.003406 0.015356
v 0.125904 0.002578 0.017302
v 0.124326 -0.000142 0.006541
v 0.146661 0.003562 0.013597
v 0.133419 0.003820 0.014856
v 0.113656 -0.000174 0.007131
v 0.193551 0.000968 0.007717
v 0.126561 0.000372 0.010112
v 0.003796 -0.009790 0.012120
v 0.192078 0.000877 0.016218
v 0.146100 0.001955 0.018011
v 0.175286 0.001229 0.015600
v 0.137875 0.003830 0.014789
v 0.141647 0.002646 0.017705
v 0.139310 0.000612 0.004998
v 0.136060 0.000151 0.011897
v 0.128826 0.000243 0.016094
v 0.124176 -0.000059 0.015069
v 0.126391 0.003661 0.014221
v 0.137334 0.002053 0.017609
v 0.123376 0.001096 0.017384
v 0.123772 0.001477 0.017427
v 0.122730 0.000695 0.017193
v 0.126482 0.000741 0.017221
v 0.132920 0.000403 0.016732
v 0.128416 0.000985 0.017795
v 0.131101 0.000545 0.017152
v 0.133562 -0.000136 0.005542
v 0.137411 0.002667 0.017432
v 0.137178 0.000364 0.016736
v 0.142053 -0.000275 0.015777
v 0.151444 0.002721 0.015767
v 0.151194 0.002147 0.016392
v 0.140977 0.000322 0.016996
v 0.132408 0.000781 0.017703
v 0.166119 0.000574 0.017560
v 0.140071 -0.000134 0.005149
v 0.157325 0.000769 0.017707
v 0.164714 -0.000061 0.016960
v 0.175022 0.000873 0.016274
v -0.005449 -0.011722 0.007056
v 0.002827 -0.009870 0.009733
v 0.142793 0.000328 0.017072
v 0.136761 -0.000125 0.005180
v 0.137149 0.000575 0.005185
v 0.135972 -0.000258 0.005681
v 0.130507 0.000245 0.016005
v 0.138766 -0.000144 0.015966
v 0.130435 -0.000181 0.014806
v 0.004208 -0.009955 0.021498
v 0.144437 -0.000100 0.016530
v 0.122538 0.000340 0.016523
v 0.138314 -0.000098 0.005176
v 0.116228 0.000271 0.016380
v 0.118525 0.000329 0.016515
v 0.120773 0.000232 0.016134
v 0.116100 0.000378 0.016916
v 0.124590 0.000330 0.015928
v 0.173583 -0.000147 0.006576
v 0.172399 -0.000321 0.005902
v 0.174307 -0.000232 0.005952
v 0.122648 0.000190 0.015486
v 0.172010 -0.000062 0.006630
v 0.159225 -0.000508 0.005443
v 0.119241 0.000201 0.015369
v 0.120789 0.000000 0.015050
v 0.123859 -0.000374 0.013682
v 0.165896 -0.000603 0.005599
v 0.160537 -0.000238 0.004830
v 0.171813 0.002154 0.016092
v -0.005352 -0.011893 0.015281
v 0.168199 0.001583 0.005815
v 0.144396 -0.000402 0.004974
v 0.196120 -0.000225 0.011299
v -0.000041 -0.005345 0.031096
v 0.135677 0.003805 0.014647
v 0.143591 -0.000536 0.005157
v -0.007214 -0.001901 0.027503
v 0.129252 0.000366 0.016765
v 0.195571 -0.000760 0.012668
v 0.143724 -0.000209 0.004783
v -0.005363 -0.003977 -0.001202
v 0.188498 -0.000296 0.007640
v 0.195337 0.000061 0.009265
v 0.194619 0.000519 0.008445
v 0.129400 0.000406 0.010156
v 0.192934 -0.000534 0.008802
v 0.174792 0.000760 0.008162
v 0.174296 0.000115 0.007406
v 0.166808 -0.000045 0.005128
v 0.160868 -0.000622 0.005455
v 0.183214 0.001672 0.005959
v 0.186469 0.001163 0.007108
v 0.162247 0.000462 0.004808
v 0.137644 -0.000423 0.005940
v 0.170362 0.000140 0.006904
v 0.122525 -0.000298 0.014410
v 0.180568 -0.000520 0.006458
v 0.113078 -0.000036 0.009487
v 0.179043 -0.000684 0.006452
v 0.139426 -0.000425 0.007208
v 0.141148 -0.000520 0.005947
v 0.152407 0.001706 0.018255
v 0.162651 -0.000568 0.006939
v 0.117568 0.000816 0.006211
v 0.195255 0.001733 0.015696
v 0.126966 0.000306 0.016300
v 0.125860 -0.000005 0.015417
v 0.117463 -0.000249 0.013355
v 0.158416 -0.000586 0.006164
v -0.001220 -0.008980 0.031258
v 0.154994 -0.000314 0.005001
v 0.117398 0.000204 0.015253
v 0.192179 0.001054 0.007443
v 0.141766 -0.000419 0.008307
v 0.142697 -0.000501 0.007279
v 0.172628 0.001718 0.015490
v 0.137582 -0.000422 0.006709
v 0.140360 0.003717 0.014250
v 0.168196 0.000341 0.017302
v 0.189955 -0.000846 0.015638
v 0.170120 0.001043 0.018183
v 0.164448 -0.000165 0.004882
v -0.004036 -0.011695 0.014615
v 0.190964 -0.000136 0.015422
v 0.188057 0.001118 0.016370
v 0.189240 0.000394 0.015858
v 0.174231 0.000652 0.017205
v 0.170933 0.000403 0.017248
v -0.004395 -0.011960 0.018505
v 0.150737 -0.000453 0.005088
v 0.181862 0.000421 0.016858
v 0.184376 0.000347 0.016756
v 0.194096 -0.000951 0.014763
v 0.185607 -0.000285 0.016012
v -0.002560 -0.011100 -0.000728
v 0.196016 0.000161 0.014687
v 0.195641 -0.000736 0.014102
v 0.192230 -0.000228 0.015297
v 0.192673 -0.000852 0.015103
v 0.194460 0.000361 0.015341
v 0.167717 -0.000069 0.016273
v 0.169527 0.000232 0.016557
v 0.175359 0.000733 0.017542
v 0.136305 -0.000115 0.015771
v 0.194943 -0.000030 0.014964
v 0.129676 0.000652 0.017722
v 0.196076 -0.000452 0.013316
v 0.130450 -0.000251 0.007153
v 0.134613 -0.000122 0.005975
v 0.168996 0.000965 0.018528
v 0.133017 0.001208 0.018084
v 0.133795 0.000803 0.017811
v 0.156894 0.001092 0.018237
v 0.142202 -0.000338 0.005010
v 0.163705 0.000465 0.017745
v 0.126754 -0.000102 0.007083
v 0.148130 -0.000186 0.016531
v 0.148311 -0.000718 0.015638
v 0.120563 -0.000186 0.006707
v 0.135358 -0.000337 0.014759
v -0.005719 -0.011536 0.026794
v -0.004627 -0.012262 0.026189
v 0.121285 -0.000248 0.007501
v -0.005577 -0.001661 -0.001184
v 0.152792 -0.000267 0.016425
v 0.167697 -0.000669 0.005642
v -0.005699 -0.007791 0.030589
v -0.006760 -0.003040 -0.001034
v 0.114860 0.000944 0.017143
v 0.116642 0.000591 0.017201
v -0.002537 0.011884 0.000374
v -0.003821 0.011027 -0.000392
v 0.114274 0.000315 0.016199
v 0.085179 0.000931 0.016368
v 0.104882 0.000227 0.014775
v 0.112453 0.000345 0.016180
v 0.103379 0.000430 0.015591
v 0.109675 -0.000012 0.013673
v 0.096036 0.000466 0.015835
v 0.102052 0.000511 0.015925
v 0.105789 0.000813 0.016592
v 0.089163 0.000639 0.015849
v 0.115207 0.000446 0.016889
v 0.104487 0.001286 0.016682
v 0.061268 0.000049 0.001046
v 0.079507 0.000357 0.016068
v 0.061376 0.001186 0.000700
v 0.069100 0.000878 0.017434
v 0.049924 0.001264 0.017553
v 0.066607 -0.000977 0.016257
v 0.080057 0.000867 0.016886
v 0.069791 0.000031 0.016959
v 0.043058 0.001672 0.017506
v 0.083333 -0.000444 0.014732
v 0.076478 0.000263 0.016260
v 0.059219 0.000313 0.016766
v 0.083167 0.000782 0.016457
v 0.068744 -0.000783 0.016672
v -0.005430 -0.011710 0.002333
v 0.071625 0.000065 0.016964
v -0.006021 -0.011532 0.003632
v 0.065080 0.000273 0.016777
v 0.054058 -0.000837 0.015789
v 0.054927 0.000685 0.016780
v -0.004789 -0.010448 -0.001137
v -0.004386 -0.009553 -0.001489
v 0.052990 0.000094 0.016317
v 0.055579 -0.000170 0.016205
v 0.063450 0.000695 0.017611
v 0.076954 -0.000616 0.015212
v 0.109857 0.000451 0.016094
v 0.067473 0.000421 0.016947
v -0.006245 -0.011339 0.005567
v 0.088640 -0.000145 0.014874
v 0.078321 0.000728 0.017089
v 0.087491 0.000567 0.015720
v 0.125263 -0.000195 0.006082
v 0.061479 0.000516 0.017309
v 0.098291 0.000431 0.015098
v 0.115411 0.000224 0.015353
v 0.106434 0.000435 0.015650
v 0.128627 -0.000283 0.006647
v 0.095273 0.001243 0.016344
v 0.103194 -0.000583 0.008826
v 0.115916 -0.000150 0.013974
v 0.106984 -0.000146 0.013188
v 0.100512 0.000407 0.015379
v 0.130161 -0.000260 0.006186
v 0.112140 -0.000351 0.011692
v 0.102241 -0.000245 0.013881
v 0.097979 0.000226 0.014101
v 0.090447 -0.000700 0.014199
v 0.056154 0.002885 0.015937
v 0.099537 -0.000462 0.012855
v 0.097816 -0.000204 0.013172
v 0.111681 -0.000227 0.007665
v 0.119554 -0.000125 0.010666
v 0.002970 -0.010742 0.026455
v 0.093008 -0.000162 0.014002
v 0.114635 -0.000191 0.012541
v 0.003032 -0.010071 0.028927
v 0.082001 0.000039 0.015403
v 0.087160 -0.000627 0.014724
v 0.102322 0.002093 0.016011
v 0.091489 -0.000249 0.014260
v 0.091593 -0.000685 0.013711
v 0.000767 -0.010500 0.009544
v 0.090911 0.000195 0.014903
v 0.095756 0.000107 0.014299
v 0.003225 -0.009248 0.029582
v 0.094783 -0.000339 0.013144
v 0.075342 -0.000698 0.015459
v 0.096232 -0.000288 0.012930
v 0.094037 0.000656 0.016217
v 0.099935 0.000062 0.014034
v 0.102080 0.000230 0.014875
v 0.104473 0.003451 0.014266
v 0.102316 0.003360 0.012987
v 0.130425 0.000170 0.008495
v 0.117062 0.000037 0.010932
v 0.005300 -0.007513 0.029662
v 0.113529 0.000167 0.015160
v 0.006232 -0.007541 0.029105
v 0.100450 0.001740 0.016019
v 0.099890 0.001075 0.016130
v 0.092599 -0.000617 0.012761
v 0.059940 0.000734 0.017574
v -0.004695 -0.011543 0.003974
v 0.078334 -0.000312 0.015533
v 0.116032 0.000330 0.006394
v -0.003958 -0.002061 0.031663
v 0.057073 0.000370 0.016590
v 0.057976 -0.000638 0.016033
v 0.083073 0.001342 0.017000
v 0.083814 0.002839 0.016291
v -0.008241 -0.004852 -0.000240
v 0.088617 0.000999 0.016435
v 0.113078 -0.000096 0.013698
v 0.111203 -0.000006 0.013907
v 0.124611 -0.000060 0.005785
v 0.091219 0.000622 0.015946
v 0.103364 0.000169 0.014553
v 0.104803 0.000564 0.016088
v 0.112056 0.000384 0.015615
v 0.090075 0.001741 0.016639
v 0.115563 -0.000118 0.007357
v 0.027154 0.000826 0.017416
v 0.117188 0.000165 0.006805
v 0.093333 0.000365 0.015359
v 0.089762 0.001044 0.016479
v 0.005660 -0.005920 0.030093
v -0.003699 -0.007553 -0.001631
v 0.087708 0.000924 0.016378
v 0.099674 0.000603 0.015943
v 0.117918 -0.000087 0.007561
v 0.009136 0.002652 0.016908
v 0.073086 0.000689 0.017281
v 0.086639 0.000857 0.016150
v 0.092745 0.000730 0.016246
v 0.073338 -0.000311 0.016215
v 0.107315 0.003459 0.014670
v 0.099657 0.003350 0.012819
v 0.069827 0.002950 0.016837
v 0.007236 -0.005217 0.028629
v 0.068632 0.001279 0.017666
v 0.074734 0.000665 0.016921
v 0.008649 0.000661 0.027286
v 0.052601 0.000919 0.017224
v 0.008491 -0.001291 0.026285
v 0.009024 0.000405 0.019539
v 0.044970 -0.000528 0.014673
v 0.008353 -0.002072 0.015755
v 0.005254 -0.009701 0.023718
v 0.021516 0.000713 0.017175
v 0.020690 0.002173 0.016763
v 0.008641 -0.001796 0.021973
v 0.008766 -0.000695 0.019886
v 0.019953 0.001111 0.017451
v 0.031026 0.000509 0.017026
v 0.032198 0.000302 0.016715
v 0.143237 -0.000517 0.005852
v 0.024068 0.000088 0.005365
v -0.003629 -0.004847 -0.001403
v 0.023944 0.000057 0.005361
v 0.008879 -0.000724 0.018818
v 0.008830 -0.002177 0.019945
v 0.008425 -0.004546 0.021307
v 0.008062 -0.003976 0.015990
v 0.008538 -0.003735 0.018147
v 0.008230 -0.001693 0.013140
v -0.001755 -0.005719 -0.001539
v 0.007952 -0.005701 0.016642
v 0.006401 -0.008814 0.023236
v 0.007761 -0.006925 0.018205
v -0.008502 -0.007766 0.000241
v 0.007889 -0.006721 0.020358
v 0.008154 -0.005449 0.024038
v 0.007308 -0.007367 0.027810
v 0.008496 -0.000408 0.023497
v 0.000084 -0.008906 -0.001389
v 0.008369 -0.003020 0.026062
v 0.116652 -0.000063 0.008356
v 0.008162 -0.000552 0.028022
v 0.008780 -0.000883 0.020774
v 0.103823 0.000105 0.007317
v 0.008225 -0.004574 0.025642
v 0.007992 -0.006403 0.022420
v 0.007436 -0.004173 0.028575
v -0.006578 -0.005587 -0.001326
v 0.008104 -0.004204 0.026867
v 0.007995 -0.006324 0.026261
v 0.007639 -0.005270 0.027967
v 0.007874 -0.002604 0.027974
v 0.006899 -0.006138 0.028837
v 0.007331 -0.008161 0.026174
v -0.000283 -0.010893 0.030105
v 0.001396 -0.010637 0.029241
v -0.001996 -0.011584 0.030074
v -0.001039 -0.011541 0.029437
v -0.002809 -0.009862 0.031550
v 0.056103 -0.001028 0.015368
v 0.076259 0.000975 0.017505
v 0.000243 -0.011233 0.028933
v 0.059775 -0.000479 0.016018
v -0.007627 -0.006250 0.028001
v -0.001380 -0.011848 0.028400
v -0.002961 -0.012285 0.028235
v -0.006745 -0.009869 0.025091
v -0.004041 -0.012385 0.027569
v -0.006264 -0.011918 0.013792
v -0.005802 -0.011623 0.024582
v 0.007623 -0.007223 0.022086
v -0.001396 -0.011110 0.010681
v -0.001871 -0.011637 0.020785
v -0.004888 -0.012401 0.023993
v -0.004897 -0.012174 0.022349
v -0.004175 -0.012284 0.023112
v 0.000080 -0.011410 0.024402
v -0.005546 -0.012295 0.018832
v -0.005456 -0.012184 0.020757
v -0.006731 -0.012105 0.018664
v -0.003551 -0.012300 0.026798
v 0.124369 0.000121 0.009007
v -0.004564 -0.011829 0.016870
v -0.005296 -0.012074 0.016800
v -0.003309 -0.011659 0.016431
v -0.005924 -0.012290 0.016701
v -0.000696 -0.007446 -0.001628
v -0.003662 -0.012193 0.021240
v 0.150277 -0.000573 0.006124
v -0.003623 -0.012053 0.019780
v -0.003777 -0.011665 0.012044
v 0.027349 0.000624 0.016690
v -0.008085 -0.008082 0.014057
v -0.000488 -0.011211 0.017122
v 0.002194 -0.010532 0.016063
v -0.003202 -0.011809 0.018288
v 0.005307 -0.009450 0.016998
v 0.001456 -0.010796 0.021314
v 0.002123 -0.010774 0.028241
v 0.044966 0.001176 0.017399
v 0.008627 0.003107 0.018968
v -0.002834 -0.012066 0.023363
v 0.004849 -0.008515 0.000547
v 0.132453 -0.000071 0.007493
v -0.006612 -0.010219 0.022625
v -0.005645 -0.011849 0.022644
v -0.008062 -0.009752 0.001930
v 0.160317 -0.000558 0.006403
v -0.002087 -0.009260 -0.001599
v -0.004507 -0.012187 0.021540
v -0.005114 -0.012033 0.017973
v -0.001992 -0.012083 0.026332
v -0.003858 -0.012318 0.022231
v -0.003757 -0.012294 0.024900
v 0.009417 0.001287 0.017234
v 0.009475 0.002071 0.017592
v 0.004174 -0.010022 0.027893
v 0.007029 -0.008368 0.024403
v 0.025036 0.001400 0.017732
v 0.007635 -0.007279 0.024093
v 0.003282 -0.010501 0.024018
v 0.006224 -0.009348 0.025449
v 0.005743 -0.009141 0.021877
v 0.004721 -0.010105 0.025378
v 0.147016 -0.000503 0.007487
v 0.003420 -0.010231 0.018372
v 0.145185 -0.000371 0.008038
v 0.007185 -0.007939 0.018909
v 0.005745 -0.009183 0.019526
v 0.006471 -0.008625 0.016891
v 0.174982 -0.000069 0.005581
v 0.001624 -0.009183 -0.000932
v -0.004665 -0.012088 0.019799
v 0.004144 -0.009914 0.015061
v 0.007116 -0.007877 0.022721
v 0.151506 -0.000532 0.005590
v 0.006004 -0.008199 0.012477
v 0.008066 -0.003644 0.012665
v 0.008242 -0.002399 0.026994
v 0.008769 -0.000275 0.016146
v 0.008510 0.000574 0.021856
v 0.155064 -0.000535 0.005986
v 0.136687 -0.000290 0.007451
v -0.008725 0.004424 0.019457
v -0.003321 -0.006669 0.031534
v -0.000649 -0.011005 -0.000095
v 0.000427 -0.011385 0.027240
v 0.005057 -0.009937 0.026754
v 0.004397 -0.009398 0.028689
v 0.175486 -0.000306 0.006801
v 0.006177 -0.009138 0.027867
v 0.008635 0.000536 0.025380
v 0.003517 -0.007836 0.030161
v 0.007037 -0.004641 0.029288
v 0.034240 0.002083 0.015573
v 0.035039 0.002329 0.016087
v 0.000957 -0.009408 0.030473
v 0.178331 -0.000029 0.007318
v 0.029453 0.002750 0.016026
v 0.002960 -0.005635 0.030861
v 0.058933 0.000213 0.000772
v 0.056854 0.000793 0.000794
v -0.003257 -0.010505 -0.001259
v -0.001315 -0.010202 0.030991
v -0.002441 -0.011099 0.030901
v 0.008781 -0.002149 0.018730
v 0.073394 -0.001223 0.014783
v -0.002086 -0.011869 0.029335
v -0.003448 -0.011872 0.029810
v -0.002148 -0.005859 0.031255
v 0.022290 0.000941 0.016040
v 0.052212 0.000331 0.001254
v -0.002774 -0.008382 0.031641
v 0.051933 -0.000104 0.001828
v -0.004599 -0.006985 0.031691
v -0.004679 -0.004542 0.031700
v -0.000083 -0.002153 0.031234
v 0.045572 0.001963 0.017236
v 0.007340 -0.001174 0.029847
v 0.002075 -0.003574 0.031112
v 0.007533 -0.002864 0.029199
v -0.002426 -0.000348 0.031479
v 0.007770 0.000494 0.029474
v -0.001018 0.003118 0.031140
v 0.008965 0.000162 0.017554
v 0.000149 0.000509 0.031204
v -0.003988 0.000684 0.031888
v -0.002302 -0.011314 -0.000011
v 0.007922 -0.000896 0.028838
v 0.007905 0.004957 0.026216
v 0.008325 -0.001061 0.027315
v 0.008416 0.001368 0.023779
v 0.005650 0.001767 0.030826
v 0.007013 0.000371 0.030240
v 0.008681 -0.001406 0.017502
v 0.162509 -0.000343 0.007953
v -0.006994 -0.010818 0.004412
v -0.008695 -0.004709 0.003898
v 0.007247 0.002230 0.029964
v 0.008037 0.004075 0.020126
v 0.003189 -0.000334 0.031269
v 0.003881 0.002758 0.030973
v 0.084359 -0.000003 0.015440
v 0.008388 0.002451 0.027528
v -0.005517 -0.011530 0.005243
v 0.008528 -0.002735 0.024351
v 0.008034 0.002479 0.029015
v 0.008282 0.001986 0.028108
v 0.008214 0.002792 0.022894
v 0.008063 0.003789 0.021653
v 0.007316 0.003897 0.029570
v 0.006249 0.004376 0.030085
v 0.085737 0.003784 0.014004
v 0.111068 0.000444 0.016017
v 0.110318 0.000471 0.016586
v 0.049461 0.002558 0.016659
v 0.181601 -0.000646 0.007173
v 0.008397 0.003017 0.020042
v 0.037023 0.001463 0.017357
v 0.008629 0.000084 0.020319
v 0.041014 0.000417 0.016773
v 0.023770 0.001847 0.017768
v 0.028242 0.001302 0.017732
v 0.038685 0.001614 0.017482
v 0.035292 0.001538 0.017327
v 0.044353 -0.000339 0.015851
v 0.034792 0.002602 0.016733
v 0.036695 0.002082 0.017231
v 0.022174 0.001124 0.018298
v 0.045642 0.000473 0.016696
v 0.021871 0.002055 0.017877
v 0.008596 0.001369 0.019530
v 0.008489 0.002097 0.020639
v 0.008589 0.000954 0.020238
v 0.008227 0.000756 0.028484
v 0.008727 0.002158 0.019278
v 0.009215 0.002299 0.018477
v 0.032605 0.001397 0.017404
v 0.038187 0.001077 0.017291
v 0.020695 0.001269 0.018168
v -0.005615 -0.007299 -0.001404
v 0.033792 0.002150 0.017124
v 0.023647 0.000903 0.017762
v 0.023596 0.000688 0.016553
v 0.022773 0.000732 0.017436
v 0.031255 0.000885 0.017467
v 0.029587 0.000809 0.017496
v 0.027556 0.001016 0.017783
v 0.033137 0.000190 0.016362
v 0.048314 0.001940 0.017269
v 0.035169 0.000563 0.016663
v 0.034363 0.000955 0.017347
v 0.195111 -0.000374 0.010136
v 0.195921 -0.000064 0.010195
v 0.032824 0.000522 0.017165
v 0.036191 0.001056 0.017165
v 0.026027 0.000987 0.017719
v 0.024707 0.000736 0.016777
v 0.025381 0.000798 0.017228
v 0.026751 0.001323 0.017786
v 0.049401 0.000327 0.016439
v 0.040683 0.001015 0.017522
v 0.045199 0.002485 0.016768
v 0.094341 0.002594 0.011300
v 0.113533 0.003472 0.015806
v 0.041743 0.002522 0.016428
v 0.029946 0.001495 0.017430
v -0.001194 -0.010957 0.006657
v 0.039552 0.000463 0.016024
v 0.028276 0.000855 0.017527
v 0.039035 0.000689 0.016753
v 0.048036 0.002798 0.016130
v 0.085941 -0.001229 0.007399
v 0.046179 0.002802 0.016304
v 0.032403 0.003005 0.016953
v 0.062143 0.001107 0.018018
v 0.031093 0.002130 0.017096
v 0.050440 0.002085 0.017386
v 0.039184 0.000242 0.014905
v 0.043365 0.000770 0.017390
v 0.034993 0.000297 0.015691
v 0.032245 0.000247 0.015385
v 0.112038 0.001153 0.017097
v 0.029559 0.000786 0.014909
v 0.144999 0.003692 0.014043
v 0.146279 0.003046 0.015843
v 0.076135 0.002695 0.016907
v 0.107507 0.000906 0.016748
v 0.000806 -0.010218 -0.000435
v -0.000233 -0.010550 -0.000656
v -0.000866 -0.010319 -0.001166
v 0.046740 0.002764 0.015290
v 0.023260 0.002741 0.016285
v 0.022273 0.002479 0.015906
v 0.040289 0.000373 0.002480
v 0.039298 0.000572 0.002796
v 0.044107 0.002665 0.016111
v -0.003445 -0.011346 0.005643
v 0.048299 0.002596 0.013887
v 0.036845 0.000256 0.015248
v 0.047022 0.002481 0.016825
v 0.026008 0.000700 0.016242
v 0.037138 0.000764 0.016765
v 0.019784 0.001489 0.016784
v 0.109850 0.002885 0.016283
v 0.007860 -0.004826 0.014593
v 0.029840 0.002879 0.016814
v 0.032872 0.002701 0.015977
v 0.032279 0.002076 0.015054
v 0.041975 0.002463 0.015451
v 0.027782 0.002302 0.015365
v 0.039459 0.002337 0.015961
v 0.067441 -0.002187 0.008585
v 0.177185 -0.000677 0.006559
v 0.027265 0.002852 0.016381
v 0.027279 0.002128 0.017382
v 0.040076 0.002114 0.017099
v 0.037370 0.000405 0.015924
v 0.093515 0.001304 0.016506
v 0.092884 0.001937 0.016334
v 0.091595 0.001287 0.016539
v 0.037143 0.002326 0.016479
v 0.031097 0.003035 0.016274
v 0.023495 0.001366 0.018005
v 0.042990 0.000288 0.016545
v 0.156953 -0.000516 0.005267
v 0.111009 0.002928 0.016269
v 0.183792 -0.000520 0.007373
v 0.042810 -0.000089 0.015858
v 0.029086 0.000416 0.015911
v 0.176743 -0.000143 0.007310
v 0.043459 0.001983 0.014159
v 0.044413 0.002585 0.015055
v 0.020339 0.001570 0.016217
v 0.021215 0.001967 0.015796
v 0.093504 -0.000294 0.013155
v 0.094095 -0.000112 0.012137
v 0.193454 0.000190 0.007955
v 0.192219 -0.000219 0.008169
v 0.043006 0.002424 0.017035
v 0.109866 0.003462 0.015272
v 0.029200 0.000579 0.016851
v 0.031139 0.000212 0.016348
v 0.008748 0.002442 0.013526
v 0.008874 0.003104 0.014601
v 0.184690 0.002231 0.016639
v 0.184638 0.001318 0.017311
v 0.009243 0.002008 0.015914
v 0.009063 0.001616 0.012756
v 0.020177 0.002209 0.017903
v 0.009214 0.001126 0.018464
v 0.009217 0.000890 0.016427
v -0.003833 0.012203 0.021412
v -0.002732 0.011772 0.012772
v 0.001108 0.011544 0.019148
v -0.004081 -0.011410 0.007446
v -0.004747 -0.011494 0.005927
v -0.002681 0.012106 0.021684
v 0.003058 0.010874 0.016400
v 0.005798 0.008619 0.019322
v 0.005781 0.009511 0.016440
v 0.005327 0.009486 0.013415
v 0.005341 0.010033 0.016356
v 0.006084 0.008903 0.016338
v 0.006444 0.007930 0.017329
v 0.006961 0.006730 0.018997
v 0.185591 -0.000551 0.007537
v 0.003638 0.010431 0.012799
v 0.023933 0.002849 0.017051
v 0.086458 0.000180 0.015413
v 0.008265 0.004549 0.018321
v 0.007519 0.005282 0.021746
v 0.007742 0.005073 0.023993
v 0.006990 0.006567 0.022911
v 0.006545 0.007967 0.015308
v 0.006779 0.007363 0.024397
v 0.003424 -0.009953 0.002378
v 0.004647 0.010418 0.024692
v 0.117360 0.001346 0.017383
v 0.004962 0.009696 0.027365
v 0.166637 -0.000562 0.006714
v 0.008421 0.003085 0.025258
v 0.106164 0.001539 0.016860
v 0.004093 -0.009612 0.004282
v 0.005991 0.009329 0.022169
v 0.006377 0.008216 0.025907
v 0.005479 0.009374 0.025766
v 0.005502 0.009410 0.017559
v 0.022167 0.002665 0.016621
v 0.006078 0.008486 0.021099
v 0.007337 0.006564 0.026419
v 0.007254 0.006222 0.028226
v 0.005946 0.008748 0.027433
v 0.006745 0.007704 0.027658
v 0.154088 -0.000474 0.007109
v 0.008594 0.002162 0.026579
v 0.007849 0.005192 0.027513
v 0.007671 0.004605 0.028836
v 0.004892 0.004317 0.030584
v 0.006850 0.005693 0.029238
v 0.006205 0.008060 0.028502
v 0.006490 0.007023 0.028724
v 0.004163 0.009650 0.028897
v 0.003806 0.010577 0.026423
v -0.000850 0.011927 0.024281
v -0.000174 0.010139 0.030507
v 0.108538 0.000312 0.015520
v 0.001568 0.009157 0.030303
v 0.002641 0.009737 0.029640
v 0.003808 0.008176 0.030036
v 0.173827 0.002061 0.017109
v 0.001831 0.010515 0.029145
v 0.174653 0.001776 0.016100
v -0.003149 0.005094 0.031440
v -0.002517 -0.003992 0.031310
v 0.005887 -0.008111 0.003176
v -0.001132 0.011868 0.026583
v 0.007887 0.003675 0.028130
v 0.001789 -0.010230 0.007436
v -0.004636 -0.011836 0.027714
v 0.003558 -0.009799 0.006803
v -0.004094 -0.011938 0.028658
v 0.001039 0.010119 0.029962
v 0.078805 0.001865 0.017690
v -0.001068 0.011320 0.011176
v -0.002457 0.011667 0.010249
v -0.007188 0.008903 0.021383
v -0.002325 0.012168 0.023356
v -0.004270 0.005861 0.031677
v -0.000229 0.008833 0.030931
v -0.000676 0.006534 0.031148
v 0.070542 -0.000842 0.016522
v 0.057068 0.000910 0.017377
v 0.069641 -0.000575 0.016795
v -0.003147 0.002335 0.031537
v 0.131293 0.000859 0.017776
v -0.004256 -0.010253 0.030867
v -0.006524 -0.010066 -0.000928
v 0.169003 -0.000624 0.006350
v 0.118638 0.000963 0.017393
v 0.151672 0.001164 0.018741
v -0.000886 0.009294 -0.000828
v -0.004664 0.009388 -0.001058
v 0.060749 0.002356 0.001786
v -0.007429 0.004532 0.026073
v 0.004201 -0.007587 -0.000310
v 0.005103 -0.009143 0.012534
v -0.000568 0.011528 0.000842
v -0.001200 0.010846 -0.000364
v 0.101390 0.002693 0.015766
v 0.003501 0.010850 0.002058
v 0.191525 -0.000701 0.015402
v 0.110585 0.001488 0.016935
v 0.109478 0.000658 0.016845
v 0.111237 0.000542 0.016895
v 0.001195 0.011371 0.001947
v 0.006348 -0.002121 0.000636
v 0.172367 0.000828 0.018156
v -0.002501 0.011795 0.006015
v 0.003101 0.009242 0.000458
v 0.005151 0.009808 0.011041
v -0.000868 0.011665 0.004977
v 0.187037 -0.000810 0.015828
v 0.004987 0.009930 0.005827
v 0.007987 0.005467 0.013661
v 0.007416 0.005886 0.011562
v 0.005699 0.009274 0.015192
v 0.008521 0.004357 0.014580
v 0.187983 0.001836 0.016328
v 0.006906 0.005783 0.009291
v 0.103674 0.002848 0.015705
v 0.004752 0.010188 0.014907
v 0.004454 0.010463 0.007421
v 0.003646 0.011068 0.005295
v 0.004892 0.009813 0.002910
v 0.004294 0.010220 0.001896
v 0.000579 0.011240 0.014008
v 0.005496 0.009025 0.003995
v 0.153147 -0.000674 0.006137
v 0.155765 0.000024 0.016314
v 0.001760 0.011212 0.007381
v 0.182092 0.000166 0.015760
v 0.003716 0.010973 0.019215
v 0.173650 0.000612 0.007688
v 0.173158 0.000232 0.007102
v 0.002543 0.010833 0.010426
v -0.000651 -0.011040 0.002280
v -0.002697 0.011829 0.018230
v 0.001970 -0.010373 0.004208
v -0.001854 0.011810 0.015763
v 0.004374 0.007979 0.000685
v 0.004199 0.009514 0.001003
v 0.125332 -0.000347 0.014489
v -0.003955 0.011724 0.016099
v -0.005156 -0.010844 0.029020
v -0.004923 0.011657 0.019990
v 0.005747 0.008447 0.005597
v -0.000481 0.011778 0.002576
v 0.118566 -0.000104 0.008828
v -0.001066 0.007441 -0.001037
v 0.005679 0.008315 0.002205
v 0.008495 0.003805 0.012688
v 0.006789 0.007030 0.010151
v 0.008074 0.003094 0.008237
v 0.006405 0.005374 0.002311
v 0.001377 0.011472 0.004019
v -0.004084 0.005443 -0.001422
v -0.005142 -0.011586 0.009195
v 0.168888 -0.000424 0.005624
v 0.007247 -0.006425 0.010671
v 0.002726 -0.009426 -0.000072
v 0.006881 -0.006464 0.004021
v 0.006989 -0.006090 0.002636
v 0.006914 -0.007083 0.013181
v 0.081066 -0.000891 0.005113
v 0.146551 -0.000351 0.015991
v 0.007313 -0.007379 0.016167
v 0.006603 -0.008104 0.014755
v 0.004036 -0.008823 0.000194
v -0.006523 -0.011352 0.000184
v 0.009015 0.002984 0.017774
v 0.175685 0.000686 0.016979
v -0.002765 -0.011564 0.015400
v 0.007132 -0.006059 0.006004
v 0.005873 -0.005049 0.000212
v 0.007579 -0.005548 0.012657
v -0.005491 -0.008584 -0.001541
v 0.006988 0.005163 0.005965
v -0.006566 -0.011509 0.001912
v -0.002922 -0.011248 0.003580
v 0.167152 0.000089 0.016917
v 0.153188 0.001545 0.017126
v 0.055708 0.001502 0.001103
v -0.005858 0.002405 -0.001327
v 0.176498 0.001581 0.018204
v -0.004158 -0.011467 0.002183
v 0.056805 -0.000033 0.001420
v -0.002450 0.011348 0.029488
v 0.006490 -0.004512 0.000645
v 0.006074 -0.008628 0.007577
v 0.004908 -0.009349 0.006348
v 0.165537 0.001700 0.018620
v 0.118070 0.000322 0.006411
v 0.004547 -0.009287 0.002478
v -0.004105 -0.008460 0.031657
v -0.003575 -0.011374 -0.000004
v 0.043242 0.000747 0.004000
v -0.002482 0.012053 0.004625
v -0.004897 -0.011528 0.010936
v -0.003593 -0.011464 0.009599
v 0.152992 0.001232 0.018645
v 0.174524 0.000889 0.017816
v 0.154250 0.000992 0.018375
v 0.007541 -0.001146 0.002068
v 0.193298 0.001462 0.015867
v 0.006069 -0.007285 0.001066
v 0.005450 -0.008536 0.001950
v 0.007435 -0.004945 0.004515
v 0.032891 0.000231 0.003318
v 0.007568 -0.004335 0.002928
v 0.007085 -0.002344 0.001199
v 0.074378 0.000085 0.001839
v 0.090179 0.000091 0.006478
v 0.001774 -0.010391 0.001173
v 0.003955 -0.009382 0.001044
v 0.007387 -0.003417 0.001702
v 0.007779 -0.002933 0.005537
v 0.008268 0.000002 0.007739
v 0.087449 -0.000900 0.006555
v 0.007728 0.000933 0.003933
v 0.006664 -0.003411 0.000754
v 0.007392 0.000391 0.002304
v 0.175679 0.000273 0.007657
v 0.175828 0.000808 0.008294
v 0.008208 -0.005675 0.018890
v 0.007536 -0.004341 0.007082
v 0.175981 -0.000255 0.005914
v 0.008131 -0.003353 0.014449
v 0.007276 -0.007653 0.021040
v 0.061394 -0.001806 0.011944
v 0.007827 -0.002250 0.003619
v 0.095667 -0.000486 0.009371
v 0.005479 -0.008545 0.010410
v 0.082838 -0.000208 0.004336
v 0.006541 -0.007449 0.011089
v 0.008243 -0.002252 0.010729
v 0.127996 -0.000049 0.015066
v 0.007879 -0.004359 0.009797
v 0.169480 0.000885 0.018048
v -0.004970 -0.011573 0.000832
v 0.139970 -0.000420 0.014666
v 0.005370 -0.008764 0.004088
v 0.084707 0.000243 0.004435
v 0.009332 0.000404 0.010765
v 0.088871 -0.001405 0.008418
v 0.147299 0.001060 0.018351
v 0.153864 0.000487 0.017502
v 0.008399 -0.000675 0.009431
v 0.007980 -0.002193 0.008017
v 0.008365 -0.000706 0.011268
v 0.094047 -0.000372 0.009905
v 0.146755 -0.000779 0.014646
v 0.007561 -0.005149 0.008116
v 0.009374 0.000554 0.009745
v 0.029056 -0.000079 0.004304
v 0.008516 -0.000225 0.014169
v 0.009758 0.000978 0.009566
v 0.010541 0.000906 0.009899
v 0.009855 0.000821 0.010043
v 0.182689 0.000998 0.017662
v 0.009467 0.000927 0.012302
v 0.009264 0.000484 0.011741
v 0.006614 0.007882 0.011398
v 0.180587 0.000516 0.016121
v 0.008049 0.000961 0.006200
v 0.007563 -0.006206 0.014723
v 0.006377 -0.007591 0.004722
v 0.005330 0.007634 0.001267
v 0.098410 0.001940 0.015766
v 0.097803 0.002693 0.015388
v 0.007353 -0.005286 0.007315
v 0.006563 -0.008405 0.021133
v 0.010442 0.000997 0.010584
v 0.007655 0.004306 0.010511
v 0.008483 0.002986 0.011026
v 0.009944 0.001052 0.010496
v 0.010079 0.001173 0.011327
v 0.042370 0.001008 0.002073
v 0.030936 0.000647 0.003061
v 0.007217 0.006936 0.013519
v 0.160737 0.002110 0.005589
v 0.160757 0.001226 0.005162
v 0.150846 -0.000148 0.016581
v 0.043283 0.000534 0.001825
v 0.053657 0.000191 0.001256
v 0.037248 0.001067 0.002838
v 0.032264 0.000138 0.003580
v 0.049834 0.000474 0.001357
v 0.072790 0.000023 0.001907
v 0.063234 0.000059 0.016710
v 0.110177 0.000636 0.006566
v 0.024078 0.000089 0.005368
v 0.024137 0.000068 0.005335
v 0.007721 -0.003591 0.004123
v 0.055406 0.000049 0.001179
v 0.045882 0.000070 0.006231
v 0.029849 0.001765 0.014784
v 0.032258 0.001056 0.014479
v 0.094654 -0.000157 0.010873
v 0.005086 0.005968 0.000796
v 0.089550 -0.000778 0.007045
v 0.094865 0.000808 0.007065
v 0.005833 -0.005996 0.000380
v 0.006877 -0.005425 0.001434
v 0.007390 -0.006073 0.008288
v 0.088884 0.000615 0.005962
v 0.113502 0.004009 0.014643
v 0.099414 -0.000473 0.008881
v 0.035321 0.000469 0.014706
v 0.034560 0.001517 0.014999
v 0.105319 0.000126 0.007112
v 0.102958 0.000680 0.016179
v 0.091561 0.003763 0.012451
v 0.123801 0.001754 0.005847
v 0.150514 0.001341 0.018848
v 0.097196 -0.000496 0.012365
v 0.068832 -0.001799 0.015179
v 0.110267 0.000311 0.015091
v 0.092430 -0.000090 0.007232
v 0.007510 0.005417 0.020108
v 0.161293 0.001332 0.018706
v 0.105258 0.002436 0.007739
v 0.054979 0.000698 0.000718
v 0.061633 -0.000598 0.015906
v 0.007092 0.000200 0.001569
v 0.137198 0.001903 0.005454
v 0.113395 0.001235 0.017026
v 0.137442 0.002129 0.005937
v 0.188377 0.001047 0.007189
v 0.044505 0.001076 0.004361
v 0.008519 0.002116 0.009743
v 0.150741 -0.000675 0.015187
v 0.006952 -0.001280 0.001158
v 0.110589 0.002320 0.016639
v 0.107940 0.003084 0.015946
v -0.003638 0.010499 0.030289
v -0.005347 0.009572 0.030148
v 0.112100 0.003504 0.015879
v 0.006278 0.007105 0.003031
v 0.132411 -0.000214 0.014929
v 0.104103 -0.000345 0.013508
v 0.144212 -0.000752 0.014611
v 0.005769 -0.003893 0.000051
v 0.127339 0.000981 0.017693
v 0.146341 0.002490 0.005586
v 0.188252 -0.000474 0.015817
v 0.125474 0.000207 0.005672
v 0.180112 0.001863 0.017263
v 0.179043 0.001353 0.017551
v 0.180721 0.001054 0.017733
v 0.184591 -0.000382 0.008214
v 0.155576 0.003468 0.004938
v 0.175585 0.001659 0.005755
v 0.176406 0.001903 0.005621
v 0.175940 0.001769 0.006183
v 0.157878 0.001951 0.004691
v 0.144439 0.002509 0.005864
v 0.139325 -0.000359 0.005835
v 0.008577 0.001521 0.008109
v 0.010553 0.000456 0.010776
v 0.178920 0.002069 0.005584
v 0.149185 0.003251 0.006453
v 0.134049 0.002647 0.017566
v 0.099202 0.001093 0.007121
v 0.143218 0.002894 0.006742
v -0.005382 0.000336 -0.001348
v 0.186433 0.002138 0.008282
v 0.124509 0.003019 0.016577
v 0.113960 0.000681 0.006394
v 0.125007 0.002226 0.017186
v 0.009176 0.001132 0.010227
v 0.114290 0.003217 0.016104
v 0.156403 0.000478 0.004675
v 0.180353 0.001832 0.011400
v 0.182242 0.000515 0.009901
v 0.182131 0.002702 0.009443
v 0.165754 0.002374 0.006374
v 0.130222 0.003583 0.008997
v 0.185507 0.001671 0.007595
v 0.130937 0.003702 0.010804
v 0.160022 0.000069 0.016867
v 0.008815 0.000110 0.010071
v -0.005776 0.011542 0.005250
v 0.006317 -0.007449 0.002685
v 0.085132 -0.001470 0.008827
v 0.001378 -0.010644 0.013042
v 0.032516 0.001266 0.003207
v 0.196536 0.001657 0.013620
v 0.051074 0.001032 0.001588
v 0.007772 0.005939 0.015943
v 0.049489 0.001864 0.002964
v 0.029134 0.000729 0.004341
v 0.128806 -0.000201 0.005819
v 0.127461 0.000081 0.005696
v 0.084197 0.001062 0.003912
v 0.009010 0.000921 0.013550
v 0.077609 0.003214 0.016368
v 0.077446 0.002268 0.017191
v 0.159218 0.001794 0.005283
v 0.031153 0.000093 0.003716
v 0.006876 -0.007255 0.006961
v 0.030022 0.000440 0.004296
v 0.008845 0.000420 0.012696
v -0.002362 0.012235 0.003000
v 0.187612 0.002609 0.015944
v 0.186800 0.002106 0.016531
v 0.007368 0.004259 0.008845
v 0.077950 0.001232 0.017690
v 0.008731 0.000156 0.011511
v 0.075864 0.003910 0.015356
v 0.023816 0.000707 0.017218
v -0.002855 0.011747 0.008984
v 0.094494 0.003205 0.013871
v 0.009829 0.000595 0.011243
v 0.105826 0.003339 0.015383
v 0.045977 0.002309 0.013934
v 0.008418 -0.000360 0.012553
v 0.130015 0.003003 0.007542
v 0.171097 0.001432 0.005973
v 0.071203 0.002356 0.017301
v 0.148775 0.003624 0.008184
v 0.180746 0.002763 0.013544
v 0.134465 0.003140 0.007322
v 0.064243 -0.000870 0.015947
v 0.049496 0.001174 0.001814
v 0.048467 0.000719 0.001289
v 0.132079 0.003469 0.008755
v 0.090891 0.003428 0.009340
v 0.137677 0.003147 0.013555
v 0.009104 0.000916 0.015084
v 0.096858 0.003072 0.014492
v 0.097615 0.003284 0.013180
v 0.153167 0.003603 0.005919
v 0.009288 0.001503 0.011472
v 0.141571 0.002030 0.018648
v 0.140462 0.001363 0.018751
v 0.039857 0.000992 0.002403
v 0.005767 -0.009008 0.014852
v 0.124463 0.001245 0.017318
v 0.159001 0.001898 0.018276
v 0.108846 0.001555 0.016976
v 0.098770 0.003260 0.014445
v 0.100853 0.002747 0.009983
v 0.139603 0.003178 0.012795
v 0.138947 0.003445 0.013967
v 0.157819 0.001892 0.016663
v 0.009042 0.001717 0.014303
v 0.113327 0.000540 0.016953
v 0.008973 0.002341 0.014565
v 0.196318 -0.000087 0.013783
v 0.088031 -0.000914 0.014381
v 0.088973 -0.001077 0.013901
v -0.005614 0.011532 0.007968
v 0.095312 0.003178 0.014834
v 0.095127 0.002863 0.015562
v 0.071595 0.002691 0.017063
v 0.041370 0.000108 0.015863
v 0.033806 0.000523 0.003214
v 0.032203 0.000438 0.003149
v 0.067661 0.001099 0.017595
v 0.086671 0.002272 0.016433
v 0.114536 0.001756 0.016862
v 0.113657 0.002656 0.016258
v 0.098347 0.001055 0.016074
v 0.115558 0.004294 0.014209
v 0.079536 0.001234 0.017490
v 0.093661 0.002963 0.012546
v 0.094163 0.002973 0.010195
v 0.102543 0.001252 0.016325
v 0.058949 0.001009 0.017609
v 0.093964 0.002934 0.015440
v 0.006797 -0.007505 0.008952
v 0.042193 0.000562 0.017166
v 0.056454 0.001795 0.017386
v 0.075493 0.002063 0.017448
v 0.116797 0.002013 0.017025
v 0.115292 0.002689 0.016392
vn -0.3233 0.8352 -0.4450
vn -0.0908 0.6063 0.7901
vn 0.2836 -0.7258 0.6267
vn 0.0243 0.5301 0.8476
vn -0.0143 0.9808 -0.1945
vn -0.0115 0.9981 0.0613
vn -0.0781 0.4948 0.8655
vn -0.1718 0.3997 -0.9004
vn -0.1338 -0.3983 -0.9075
vn -0.1306 -0.4854 -0.8645
vn 0.0975 0.8452 0.5255
vn 0.2423 -0.3338 0.9110
vn 0.1624 -0.6871 0.7082
vn 0.0473 -0.4149 0.9086
vn -0.1179 -0.5272 0.8415
vn 0.1391 -0.6887 0.7115
vn 0.3273 0.0887 0.9408
vn -0.0281 -0.6140 0.7888
vn 0.2051 0.9323 -0.2980
vn 0.1788 0.7948 -0.5799
vn 0.1941 0.9222 -0.3344
vn 0.2488 0.8296 0.4998
vn -0.1260 0.7830 -0.6091
vn -0.3254 0.8799 0.3463
vn 0.0121 0.9824 -0.1864
vn -0.1515 0.5835 -0.7979
vn -0.1601 0.7467 0.6456
vn 0.1517 -0.6621 -0.7339
vn 0.1202 -0.7081 -0.6958
vn 0.2677 -0.7202 -0.6400
vn 0.1771 -0.6021 0.7785
vn 0.1545 -0.4272 0.8909
vn 0.1291 -0.9553 0.2658
vn 0.0349 0.5161 -0.8558
vn -0.8503 -0.3867 -0.3571
vn -0.2029 -0.1553 -0.9668
vn -0.1097 -0.9919 -0.0634
vn -0.1285 0.9841 -0.1226
vn -0.1170 0.9931 0.0035
vn -0.1296 0.9916 0.0019
vn -0.0059 0.9999 0.0118
vn -0.2829 0.6634 -0.6927
vn -0.0684 0.9877 0.1407
vn -0.0675 0.9976 0.0177
vn 0.0657 0.7736 0.6303
vn -0.1425 -0.2979 -0.9439
vn 0.1081 -0.9373 -0.3314
vn 0.0221 -0.6627 0.7485
vn -0.0334 -0.1363 0.9901
vn 0.1035 -0.3399 0.9348
vn 0.0943 0.1104 0.9894
vn 0.1328 0.4895 0.8618
vn 0.1092 0.6681 0.7360
vn 0.3202 0.5024 0.8032
vn 0.2107 0.2683 0.9400
vn 0.3909 -0.4616 0.7963
vn -0.0460 0.7350 0.6765
vn 0.1244 0.8109 0.5717
vn 0.1227 -0.6976 0.7059
vn -0.0009 0.7844 -0.6202
vn -0.0298 0.4164 -0.9087
vn -0.0017 0.7569 -0.6536
vn -0.0555 0.9307 -0.3614
vn -0.0150 0.9999 -0.0054
vn -0.0688 0.8480 0.5256
vn -0.0250 0.8759 -0.4819
vn -0.2213 0.8140 -0.5370
vn -0.0675 0.9739 -0.2169
vn -0.1751 0.0060 -0.9845
vn -0.0460 0.2813 -0.9585
vn -0.1032 -0.7992 -0.5922
vn 0.0665 0.8169 0.5730
vn 0.0096 0.3663 0.9305
vn 0.1298 0.9726 0.1926
vn 0.0194 0.3374 0.9411
vn 0.1244 0.8768 -0.4645
vn 0.0192 0.1115 0.9936
vn -0.1188 -0.9847 -0.1271
vn -0.1110 -0.9900 -0.0875
vn -0.1961 -0.9766 -0.0883
vn -0.2181 -0.9719 -0.0890
vn -0.3019 -0.9509 -0.0681
vn -0.3736 -0.9273 0.0228
vn -0.7045 -0.6742 -0.2218
vn -0.0366 -0.6512 0.7580
vn 0.1017 -0.7419 0.6628
vn 0.0224 -0.0808 0.9965
vn -0.0073 0.3981 0.9173
vn -0.0339 0.2915 0.9560
vn 0.0631 -0.3069 0.9496
vn 0.7663 -0.6406 -0.0483
vn 0.7436 -0.6326 0.2166
vn 0.9839 0.1711 -0.0509
vn 0.6153 -0.7879 -0.0225
vn 0.4736 -0.8790 0.0550
vn 0.5325 0.8274 0.1784
vn 0.5123 -0.8220 0.2486
vn -0.1376 -0.8648 -0.4829
vn -0.1326 -0.9888 0.0683
vn -0.0343 -0.9884 -0.1479
vn -0.0210 -0.9695 0.2441
vn -0.0341 -0.3708 0.9281
vn -0.0586 -0.1199 -0.9911
vn 0.0389 0.9154 0.4008
vn -0.0754 -0.6658 -0.7423
vn -0.1091 -0.7895 -0.6040
vn 0.0937 -0.9922 -0.0821
vn -0.3058 -0.3721 -0.8763
vn 0.0402 -0.9934 0.1074
vn 0.2961 -0.1873 0.9366
vn 0.5838 -0.7975 -0.1522
vn 0.5157 -0.7926 -0.3253
vn 0.4182 -0.8944 -0.1583
vn 0.3215 -0.7832 -0.5322
vn 0.1968 -0.9295 -0.3119
vn 0.2712 -0.9341 -0.2320
vn 0.5957 -0.6213 -0.5091
vn 0.7170 -0.6513 -0.2484
vn -0.5429 -0.7659 0.3443
vn -0.8371 0.5442 -0.0564
vn -0.8178 -0.0314 -0.5746
vn -0.3088 -0.8684 -0.3879
vn -0.6417 0.1357 -0.7549
vn -0.3545 0.6738 0.6483
vn -0.4010 0.8527 -0.3349
vn 0.0540 0.5522 0.8320
vn 0.0943 0.4554 0.8853
vn -0.1452 0.9594 0.2419
vn -0.2001 0.9757 -0.0891
vn -0.3455 -0.9358 -0.0698
vn -0.1778 -0.9783 -0.1060
vn -0.2845 -0.9547 -0.0874
vn -0.3919 -0.9073 -0.1523
vn -0.4567 -0.8877 -0.0593
vn -0.3741 -0.8862 -0.2733
vn -0.1644 -0.9675 0.1924
vn -0.1558 -0.9841 -0.0851
vn -0.7719 -0.5284 -0.3534
vn -0.9764 0.2133 -0.0341
vn -0.2373 -0.3768 0.8954
vn -0.0507 0.2275 -0.9725
vn 0.0320 0.9941 -0.1037
vn 0.0799 0.6624 0.7449
vn -0.0297 -0.6073 -0.7939
vn -0.0967 -0.9869 -0.1293
vn 0.0062 -0.9977 0.0670
vn 0.1917 0.9241 0.3305
vn 0.0667 0.7709 0.6334
vn 0.0302 0.8948 0.4455
vn 0.2280 -0.1527 0.9616
vn 0.2518 0.0752 0.9649
vn 0.2328 -0.4343 0.8702
vn 0.2084 0.3294 0.9209
vn 0.1358 -0.5005 0.8550
vn -0.1901 -0.9776 0.0902
vn -0.1490 -0.9409 0.3043
vn -0.0374 -0.9836 0.1762
vn -0.0402 -0.9869 -0.1561
vn -0.0372 -0.9990 0.0233
vn -0.2803 -0.9402 0.1933
vn 0.0456 -0.9828 -0.1789
vn -0.0246 -0.9974 -0.0679
vn 0.1212 0.1810 0.9760
vn -0.0129 0.0317 0.9994
vn -0.0169 -0.5255 0.8506
vn 0.0449 0.5493 0.8344
vn 0.0657 -0.1512 0.9863
vn 0.0080 -0.9359 0.3522
vn -0.0513 -0.9853 0.1632
vn -0.0287 -0.8852 0.4643
vn -0.0579 -0.9946 -0.0856
vn -0.0617 -0.6468 0.7602
vn -0.3291 -0.8682 -0.3715
vn 0.0043 -0.9764 0.2158
vn -0.1622 -0.7627 -0.6261
vn -0.1013 0.7709 0.6289
vn -0.0653 0.9376 0.3414
vn -0.0570 0.9893 0.1345
vn -0.0824 0.7267 0.6820
vn -0.0898 0.9861 0.1399
vn -0.0607 0.9963 0.0602
vn -0.0339 0.9763 0.2136
vn -0.0146 0.8289 0.5592
vn -0.0242 0.3923 0.9195
vn -0.0726 0.9957 -0.0581
vn -0.0411 0.9968 -0.0684
vn -0.0035 0.9626 -0.2709
vn 0.0804 0.6623 -0.7449
vn -0.0035 -0.0868 -0.9962
vn -0.0429 -0.9347 -0.3527
vn -0.3966 0.5434 -0.7399
vn -0.2974 -0.5522 -0.7789
vn -0.0839 -0.9664 0.2428
vn 0.0221 -0.9680 0.2501
vn -0.1061 -0.9557 -0.2745
vn -0.1346 -0.9909 0.0001
vn -0.2229 -0.8974 -0.3807
vn 0.0231 -0.9799 0.1980
vn -0.3572 0.1851 -0.9155
vn -0.0795 0.3148 -0.9458
vn -0.1664 0.7459 -0.6449
vn -0.0130 0.8120 -0.5835
vn -0.0772 0.9813 -0.1762
vn -0.1286 -0.9479 0.2914
vn -0.0978 -0.9129 0.3964
vn -0.4055 -0.3019 -0.8628
vn 0.1129 0.7771 -0.6192
vn 0.0859 0.5430 -0.8354
vn 0.1099 0.8888 -0.4448
vn 0.0510 0.9962 -0.0713
vn -0.0240 -0.5204 -0.8536
vn -0.0176 -0.9221 0.3866
vn -0.0426 -0.8727 0.4863
vn -0.0760 -0.9901 0.1184
vn -0.0588 -0.9545 0.2924
vn 0.0686 -0.6940 0.7167
vn -0.0929 -0.9873 -0.1287
vn -0.0974 -0.8893 -0.4469
vn -0.0352 0.9509 0.3074
vn -0.0096 0.9724 0.2333
vn -0.0274 0.9956 0.0891
vn -0.0101 0.8954 0.4451
vn 0.0168 0.9171 0.3983
vn 0.0365 0.9960 0.0811
vn 0.0403 0.9980 -0.0477
vn 0.0096 0.9936 -0.1124
vn -0.0287 0.9994 -0.0213
vn 0.0517 0.8196 0.5706
vn 0.0565 0.9470 0.3163
vn 0.0281 0.7735 0.6332
vn 0.0532 0.9831 0.1751
vn -0.0030 0.7869 0.6171
vn 0.0393 -0.1517 0.9876
vn -0.0462 -0.3431 0.9382
vn 0.0311 0.7786 0.6267
vn 0.1295 0.6539 0.7454
vn 0.2220 0.6138 0.7576
vn 0.0362 0.6095 0.7920
vn 0.1391 -0.7405 0.6574
vn 0.0319 -0.9870 0.1576
vn 0.0315 -0.9964 0.0784
vn 0.1966 -0.0317 0.9800
vn -0.1344 0.9630 -0.2336
vn 0.0594 0.9831 -0.1733
vn 0.0228 0.8114 -0.5840
vn -0.0103 0.5475 -0.8367
vn -0.0160 0.3823 -0.9239
vn -0.0223 0.4763 -0.8790
vn -0.1508 0.8847 -0.4410
vn -0.1535 0.7849 -0.6003
vn -0.1348 0.6444 -0.7527
vn -0.0060 0.1540 -0.9880
vn 0.0098 0.3360 -0.9418
vn -0.0761 0.7326 -0.6764
vn -0.0161 0.4648 -0.8852
vn 0.0332 -0.7857 0.6177
vn 0.0323 -0.5756 0.8171
vn 0.0616 0.2430 0.9681
vn 0.0459 -0.3065 0.9508
vn 0.1657 -0.1737 0.9708
vn 0.2476 -0.4867 0.8377
vn 0.1572 -0.9341 -0.3206
vn 0.0698 -0.9828 0.1707
vn 0.0072 0.6175 0.7866
vn -0.0209 0.7696 0.6382
vn -0.0627 -0.9016 0.4280
vn -0.0480 -0.1051 0.9933
vn -0.0509 -0.6388 0.7677
vn -0.0003 0.1877 0.9822
vn -0.0479 -0.3336 0.9415
vn 0.0072 -0.8668 0.4986
vn 0.0116 0.0710 0.9974
vn 0.0181 -0.5998 0.8000
vn -0.0146 -0.9998 0.0169
vn 0.0915 -0.8907 0.4454
vn 0.0664 -0.4701 0.8801
vn 0.0658 -0.9865 0.1500
vn 0.0282 -0.9986 0.0444
vn 0.0464 0.8229 0.5663
vn 0.0997 0.8928 0.4394
vn 0.1210 0.7165 0.6870
vn -0.0192 0.9097 0.4149
vn 0.0209 0.9851 0.1705
vn 0.0090 0.9617 0.2739
vn -0.0164 0.9997 -0.0169
vn 0.0019 0.9918 0.1279
vn 0.1696 0.0965 0.9808
vn 0.1655 -0.5088 0.8449
vn 0.1555 0.5207 0.8395
vn 0.1233 0.5436 0.8302
vn 0.0380 -0.7527 0.6572
vn -0.0287 0.0587 0.9979
vn -0.0515 -0.6078 0.7924
vn 0.0115 0.4366 0.8996
vn 0.0064 0.5010 0.8654
vn -0.0137 0.1626 0.9866
vn -0.0702 0.9256 0.3720
vn -0.0256 0.0835 0.9962
vn -0.0260 -0.7146 0.6991
vn -0.0326 0.7242 0.6888
vn -0.0104 0.6742 0.7385
vn -0.0315 -0.6957 0.7176
vn 0.0222 0.4522 0.8916
vn -0.0142 0.1930 0.9811
vn -0.1513 -0.6617 0.7343
vn 0.0919 0.9674 0.2359
vn 0.1036 0.9074 0.4073
vn 0.0852 0.8637 0.4967
vn 0.0908 0.7348 0.6721
vn 0.0833 0.5921 0.8015
vn 0.0463 0.9714 0.2328
vn 0.0039 0.8694 0.4941
vn 0.0358 0.7343 0.6779
vn 0.0824 0.9957 0.0422
vn 0.0960 0.9848 0.1444
vn 0.1013 0.9945 0.0278
vn 0.0965 0.9933 -0.0631
vn 0.1163 0.9886 -0.0961
vn 0.0310 0.9994 -0.0159
vn 0.1192 0.9818 -0.1476
vn 0.1098 0.9670 -0.2297
vn 0.1494 0.9404 -0.3054
vn -0.1931 0.9271 -0.3211
vn -0.1903 0.9580 -0.2146
vn -0.1667 0.7973 -0.5801
vn -0.0696 0.2805 -0.9573
vn -0.1812 -0.6899 -0.7009
vn -0.0569 0.7326 -0.6782
vn -0.1313 0.8278 -0.5454
vn -0.0672 0.7294 -0.6807
vn -0.0742 0.9942 -0.0781
vn -0.1060 0.9644 0.2422
vn -0.2419 0.9590 0.1473
vn -0.6310 0.2497 0.7345
vn -0.1612 0.9708 -0.1778
vn -0.2573 0.9647 -0.0568
vn -0.2084 0.9780 0.0094
vn -0.3881 0.9215 0.0161
vn -0.2343 0.9720 -0.0165
vn -0.2042 0.9782 -0.0383
vn -0.2756 -0.6361 0.7207
vn -0.1275 0.9883 -0.0839
vn -0.0892 0.9205 -0.3804
vn -0.8235 -0.0057 0.5673
vn -0.0516 0.9955 0.0801
vn -0.0613 0.9516 0.3010
vn 0.0644 0.9842 0.1652
vn 0.0046 0.7366 0.6764
vn 0.0205 0.8820 0.4707
vn -0.0652 0.7812 0.6208
vn 0.0018 0.9941 -0.1085
vn 0.0266 0.9994 -0.0220
vn 0.1930 0.9761 -0.1003
vn -0.0207 0.8622 0.5061
vn 0.0085 0.7674 0.6411
vn -0.1259 0.9683 0.2158
vn -0.0954 0.8631 0.4960
vn -0.1379 0.9889 0.0556
vn -0.0712 0.9959 -0.0566
vn 0.1628 0.9864 -0.0246
vn -0.1022 0.9914 0.0814
vn 0.0018 0.9960 0.0893
vn -0.0562 0.9897 0.1314
vn -0.0186 0.9956 0.0918
vn -0.0697 0.9975 -0.0151
vn -0.0371 0.9926 -0.1160
vn -0.0112 0.7547 0.6559
vn 0.0540 0.8660 0.4972
vn -0.0359 -0.9970 -0.0681
vn -0.0326 -0.9878 -0.1525
vn -0.2743 -0.9575 -0.0889
vn -0.1684 -0.9845 0.0484
vn -0.2267 -0.9533 -0.1997
vn -0.4176 -0.5935 -0.6881
vn -0.6840 -0.4980 -0.5331
vn -0.1189 -0.9702 0.2111
vn -0.0855 -0.8599 0.5033
vn -0.1116 -0.9664 0.2313
vn -0.1980 -0.9802 0.0010
vn -0.5896 0.7157 -0.3743
vn -0.0715 -0.9715 0.2261
vn -0.0957 -0.9945 0.0417
vn -0.0148 -0.9981 0.0598
vn 0.0147 -0.9975 -0.0686
vn -0.0100 -0.9881 -0.1537
vn -0.2720 0.9554 -0.1150
vn -0.2594 0.9604 -0.1014
vn -0.0035 -0.9763 0.2165
vn -0.0326 -0.9635 0.2656
vn 0.0127 -0.9560 0.2932
vn 0.0004 -0.9575 0.2885
vn 0.0202 -0.5924 0.8054
vn 0.0066 -0.9888 0.1492
vn -0.0365 -0.9807 0.1922
vn -0.0037 -0.9829 0.1841
vn -0.0467 -0.9868 0.1550
vn -0.0470 -0.9821 0.1825
vn 0.0242 -0.9836 0.1789
vn -0.0397 -0.9107 0.4111
vn -0.0167 -0.9297 0.3679
vn 0.0184 -0.7971 0.6035
vn 0.0602 -0.9485 0.3110
vn 0.0171 -0.9344 0.3558
vn -0.0161 -0.9987 -0.0488
vn 0.0492 -0.9935 -0.1022
vn -0.0140 -0.9309 0.3650
vn -0.0758 -0.8596 0.5053
vn -0.0243 -0.9847 0.1728
vn -0.0013 -0.3647 0.9311
vn 0.0271 -0.7985 -0.6014
vn 0.0341 -0.9014 -0.4316
vn 0.0249 -0.4016 -0.9155
vn 0.2821 0.9414 -0.1848
vn 0.1898 0.8662 -0.4622
vn 0.0694 -0.9406 0.3322
vn 0.1099 -0.4116 -0.9047
vn 0.0371 -0.9336 -0.3564
vn 0.1722 0.9583 -0.2280
vn 0.1887 0.6864 -0.7023
vn 0.0564 0.7927 -0.6070
vn 0.0223 0.6976 -0.7161
vn 0.3293 -0.8103 0.4847
vn 0.0913 -0.9732 0.2111
vn -0.0500 -0.7378 -0.6732
vn -0.0008 -0.1424 -0.9898
vn 0.0347 0.1828 -0.9825
vn 0.0528 0.2551 -0.9655
vn 0.0816 0.8594 -0.5047
vn 0.0552 0.7800 -0.6233
vn 0.0301 0.8849 -0.4649
vn 0.2481 -0.9599 0.1305
vn 0.0964 0.9788 -0.1808
vn 0.0298 0.5841 -0.8111
vn -0.0087 -0.7364 0.6765
vn -0.0512 -0.9655 0.2554
vn -0.2574 -0.9513 0.1697
vn -0.0429 0.4335 -0.9001
vn -0.0038 -0.8508 -0.5255
vn -0.0359 0.8898 -0.4550
vn -0.1209 -0.9925 -0.0187
vn -0.1900 -0.9815 -0.0232
vn -0.0582 0.7487 -0.6603
vn -0.0765 -0.9131 -0.4005
vn -0.1340 -0.5108 -0.8492
vn -0.1497 -0.7313 -0.6654
vn -0.9455 0.1904 0.2643
vn 0.1004 -0.1518 -0.9833
vn -0.0206 0.2040 -0.9788
vn 0.0296 -0.2703 -0.9623
vn -0.0615 -0.3469 -0.9359
vn -0.0099 -0.9989 0.0451
vn -0.0005 -0.9999 0.0171
vn -0.0170 -0.9996 -0.0213
vn 0.0252 -0.9811 -0.1918
vn -0.0345 -0.9980 0.0537
vn -0.0374 -0.9992 0.0160
vn 0.0973 -0.8016 -0.5899
vn -0.0421 -0.9617 -0.2707
vn -0.1081 -0.7212 -0.6842
vn 0.0039 -0.9999 -0.0125
vn -0.0450 -0.9933 -0.1060
vn -0.1309 -0.9912 0.0209
vn -0.1256 -0.9870 0.1000
vn -0.1361 -0.9884 -0.0679
vn -0.0753 -0.7123 -0.6978
vn -0.0794 -0.9803 0.1810
vn -0.0561 -0.7934 -0.6061
vn 0.0335 -0.9708 -0.2375
vn -0.0103 -0.9998 -0.0160
vn -0.0829 -0.9965 -0.0054
vn -0.0259 -0.9792 -0.2014
vn -0.0128 -0.3993 -0.9168
vn -0.0775 -0.9964 -0.0341
vn -0.0134 -0.9978 -0.0643
vn -0.0442 -0.9973 0.0594
vn -0.0061 -0.9866 -0.1633
vn -0.0748 -0.9969 -0.0260
vn -0.0292 0.7714 0.6357
vn 0.0928 0.4929 0.8651
vn 0.0667 0.7129 0.6981
vn 0.0850 0.9743 0.2086
vn 0.1286 0.6942 0.7082
vn -0.0194 0.9915 0.1284
vn -0.0482 0.9704 0.2366
vn -0.1451 0.9894 0.0050
vn -0.0371 0.4070 0.9127
vn -0.0306 0.7155 0.6980
vn 0.0595 0.4622 0.8848
vn -0.0636 0.6967 0.7145
vn -0.0647 0.6449 0.7616
vn -0.0741 0.3854 0.9198
vn -0.1588 0.4575 0.8749
vn -0.1774 0.4199 0.8901
vn -0.0701 0.2866 0.9555
vn -0.1343 -0.0483 0.9898
vn -0.1311 -0.1806 0.9748
vn -0.0470 -0.7192 0.6932
vn -0.0539 -0.0196 0.9984
vn 0.0449 0.6650 0.7455
vn -0.0272 0.9705 0.2396
vn -0.0009 0.9985 -0.0541
vn -0.0025 0.9701 0.2428
vn 0.0242 0.7309 0.6821
vn 0.1382 -0.2443 0.9598
vn 0.1442 -0.4645 0.8737
vn 0.1196 -0.3026 0.9456
vn -0.0086 -0.8530 0.5219
vn -0.0055 -1.0000 -0.0075
vn 0.0767 -0.5728 0.8161
vn 0.4450 -0.8132 0.3750
vn 0.8261 -0.5095 0.2410
vn 0.6250 -0.5051 0.5952
vn 0.1373 -0.5236 0.8408
vn -0.0528 -0.9984 0.0193
vn -0.0041 -0.7090 0.7052
vn -0.1248 -0.9829 -0.1351
vn -0.0841 -0.9862 -0.1428
vn -0.1109 -0.8137 0.5707
vn -0.1247 -0.9915 0.0384
vn 0.1781 -0.7785 0.6019
vn 0.2256 -0.5826 0.7808
vn -0.1021 -0.9947 -0.0111
vn 0.1504 -0.7405 0.6550
vn 0.1304 -0.9914 0.0143
vn 0.1661 -0.7578 0.6309
vn 0.0005 -0.9947 -0.1024
vn -0.0269 0.9996 -0.0130
vn -0.0549 0.9985 -0.0093
vn 0.0430 0.9827 -0.1802
vn -0.0518 0.9470 -0.3169
vn -0.0083 0.8630 -0.5052
vn 0.0695 0.5272 -0.8469
vn -0.0211 0.3233 -0.9461
vn -0.0125 0.2195 -0.9755
vn -0.0258 0.5398 -0.8414
vn 0.1697 0.9155 -0.3648
vn 0.0976 0.7824 -0.6151
vn -0.0211 -0.6318 -0.7749
vn -0.0504 -0.6406 -0.7662
vn -0.0428 0.0758 -0.9962
vn -0.0646 0.0657 -0.9957
vn 0.1574 0.8981 -0.4106
vn 0.0565 0.9251 -0.3754
vn 0.1037 0.9503 -0.2935
vn -0.0699 0.8509 -0.5206
vn 0.0398 0.8018 -0.5962
vn 0.0201 0.8975 -0.4405
vn 0.0535 0.9978 0.0389
vn 0.1255 0.9919 -0.0209
vn -0.0574 -0.0108 -0.9983
vn 0.1183 0.9929 0.0132
vn 0.0919 0.9954 -0.0267
vn -0.0221 -0.2884 -0.9573
vn 0.1588 -0.4970 -0.8531
vn 0.0103 0.8437 -0.5367
vn 0.0692 0.6129 0.7871
vn 0.0944 -0.2882 0.9529
vn -0.0485 0.7910 0.6099
vn 0.0444 0.8368 0.5457
vn -0.2090 -0.9769 -0.0450
vn -0.0771 -0.9162 0.3932
vn -0.0489 -0.9641 0.2610
vn -0.0120 0.6404 0.7679
vn -0.0373 -0.2691 0.9624
vn -0.1922 0.3240 -0.9263
vn 0.0810 0.0213 0.9965
vn 0.1633 -0.6174 0.7695
vn -0.5097 0.8496 -0.1360
vn -0.2379 0.9533 0.1860
vn -0.3563 0.9300 -0.0907
vn 0.0115 0.7384 0.6743
vn 0.0463 0.8879 0.4577
vn 0.2351 0.3294 0.9144
vn -0.1205 0.9919 0.0404
vn 0.1748 -0.5816 0.7945
vn -0.2381 -0.9709 0.0270
vn -0.1509 0.9787 0.1388
vn -0.3617 0.9295 0.0716
vn -0.4916 0.8178 -0.2993
vn -0.1078 0.8823 0.4582
vn -0.0724 0.8869 0.4562
vn -0.0937 0.9852 -0.1439
vn -0.5442 0.0961 -0.8334
vn -0.0189 0.9998 -0.0090
vn 0.0754 0.9371 0.3407
vn 0.1232 0.3108 0.9425
vn 0.0743 -0.9616 0.2643
vn 0.0397 -0.8186 -0.5729
vn -0.0386 -0.1078 -0.9934
vn -0.1022 -0.9794 -0.1739
vn -0.0481 -0.9061 -0.4202
vn -0.1125 0.4964 -0.8608
vn -0.0413 0.7771 -0.6280
vn -0.0834 0.7440 -0.6629
vn -0.1429 0.6225 -0.7694
vn -0.0216 0.6129 -0.7899
vn -0.1370 0.3983 -0.9070
vn 0.0008 -0.7796 -0.6263
vn -0.0609 -0.6538 -0.7542
vn -0.0894 -0.0701 -0.9935
vn 0.0053 -0.9230 -0.3848
vn -0.0391 -0.9398 -0.3394
vn -0.0331 -0.8098 -0.5858
vn -0.0832 0.1261 -0.9885
vn -0.0861 -0.4926 -0.8660
vn -0.0618 -0.0089 -0.9980
vn -0.1707 0.3200 -0.9319
vn -0.0254 -0.8742 -0.4850
vn -0.0521 -0.2360 -0.9704
vn -0.1416 -0.9787 -0.1486
vn -0.0545 -0.9680 -0.2448
vn 0.0001 -0.9745 -0.2244
vn -0.0503 -0.7343 -0.6770
vn -0.0033 0.0608 0.9981
vn -0.4093 0.0098 0.9123
vn 0.0398 -0.0343 0.9986
vn 0.1000 0.0243 0.9947
vn 0.1397 0.0101 0.9901
vn 0.1514 -0.0030 0.9885
vn -0.9035 0.4149 0.1072
vn -0.9882 0.0903 0.1238
vn -0.7969 0.5893 0.1328
vn -0.5914 0.2007 0.7810
vn -0.8289 -0.0325 0.5585
vn -0.2354 0.9678 0.0894
vn -0.5392 0.8208 0.1886
vn 0.1579 -0.0091 0.9874
vn 0.0373 0.0413 0.9985
vn 0.1620 0.0787 0.9836
vn -0.2276 -0.0213 0.9735
vn -0.2032 0.0440 0.9782
vn -0.6450 0.5896 0.4862
vn -0.9381 0.1362 0.3184
vn -0.1757 0.3972 0.9007
vn 0.0649 0.9978 0.0148
vn -0.2793 0.9480 0.1523
vn -0.1373 0.9882 -0.0680
vn 0.0842 0.9954 -0.0452
vn -0.9215 0.3866 0.0361
vn -0.9954 0.0938 0.0217
vn -0.8889 0.4555 -0.0482
vn -0.9971 0.0736 0.0186
vn 0.1970 0.1767 0.9644
vn 0.0712 0.5315 0.8441
vn 0.1306 0.9894 0.0634
vn 0.1229 0.9919 0.0315
vn -0.8932 0.4490 0.0225
vn -0.3104 0.7528 0.5805
vn -0.5760 0.8101 0.1092
vn 0.0890 0.9947 -0.0524
vn 0.1583 0.9854 -0.0621
vn 0.1177 0.9923 -0.0390
vn 0.1848 0.9811 -0.0577
vn 0.0785 0.9962 -0.0382
vn -0.6035 0.7914 -0.0980
vn -0.3473 0.9378 -0.0032
vn -0.5563 0.8269 0.0821
vn -0.0226 0.9992 -0.0320
vn 0.1193 0.9918 -0.0448
vn -0.1092 0.8695 0.4817
vn -0.1651 0.9728 0.1626
vn 0.1572 0.9569 0.2443
vn 0.2022 0.8582 0.4718
vn 0.2207 0.9583 0.1817
vn 0.1878 0.5727 0.7980
vn -0.0280 0.9903 -0.1360
vn 0.2714 0.9591 -0.0800
vn 0.2230 0.0396 0.9740
vn -0.0727 -0.9967 0.0363
vn -0.0213 -0.9131 0.4072
vn -0.0459 -0.8313 0.5540
vn -0.0341 -0.9111 0.4109
vn 0.0296 0.4123 0.9106
vn -0.0363 0.4556 0.8895
vn 0.0103 0.7726 0.6348
vn -0.0411 0.9984 0.0397
vn -0.1726 0.9818 -0.0788
vn -0.1226 0.9784 -0.1665
vn 0.0225 0.9062 0.4223
vn -0.2526 0.9274 -0.2758
vn -0.1492 0.9344 -0.3234
vn -0.2327 0.9545 -0.1866
vn -0.4418 0.5684 -0.6941
vn -0.0817 0.9886 0.1268
vn -0.0569 0.9968 0.0557
vn -0.1077 0.9436 -0.3130
vn -0.0143 0.8088 0.5879
vn -0.0581 0.9872 -0.1488
vn -0.0276 0.9769 0.2120
vn -0.0135 -0.7476 0.6640
vn -0.1746 0.8432 -0.5085
vn 0.0214 0.9809 0.1935
vn -0.0897 0.9520 -0.2928
vn 0.0396 -0.7582 0.6509
vn -0.0045 -0.4053 0.9142
vn -0.0327 -0.3697 0.9286
vn -0.1363 -0.9195 0.3687
vn -0.0137 0.6349 0.7724
vn -0.0251 -0.8744 0.4845
vn 0.0684 -0.2778 0.9582
vn -0.0017 0.2421 0.9702
vn 0.0675 -0.5812 0.8109
vn -0.0229 -0.8271 0.5615
vn -0.0132 0.8408 0.5412
vn -0.0804 -0.9968 0.0035
vn -0.1149 -0.9933 0.0067
vn -0.0602 -0.9789 0.1952
vn 0.0295 -0.8767 0.4801
vn 0.0509 -0.6903 0.7217
vn 0.0061 -0.8631 0.5051
vn -0.0081 0.4196 0.9077
vn 0.0102 0.6067 0.7949
vn -0.0089 -0.9801 0.1984
vn -0.0204 -0.9965 0.0814
vn -0.0322 -0.9904 0.1346
vn -0.0068 -0.9914 0.1305
vn 0.0407 -0.9992 -0.0009
vn 0.0248 0.3948 -0.9184
vn 0.0065 0.4061 -0.9138
vn 0.0131 0.1072 -0.9941
vn -0.0620 0.5540 -0.8302
vn 0.0242 0.8176 -0.5753
vn -0.0442 -0.9990 -0.0082
vn -0.0329 -0.9919 0.1228
vn -0.0395 -0.8485 0.5278
vn 0.0194 -0.5803 0.8141
vn -0.0380 -0.9981 -0.0483
vn -0.0669 -0.9976 -0.0185
vn -0.1120 -0.9925 -0.0488
vn 0.0182 0.2578 -0.9660
vn 0.0836 0.5225 -0.8485
vn 0.0053 -0.9974 0.0713
vn 0.1883 0.7045 -0.6843
vn -0.0216 0.9781 -0.2070
vn 0.1003 0.9904 -0.0951
vn 0.1592 0.9584 -0.2368
vn 0.0329 -0.4721 -0.8810
vn 0.0628 0.1726 -0.9830
vn -0.0303 -0.9910 0.1305
vn -0.0062 -0.9994 -0.0349
vn -0.0245 -0.9837 -0.1780
vn 0.0395 -0.7867 -0.6161
vn 0.0026 -1.0000 0.0073
vn -0.0238 -0.9778 -0.2080
vn 0.0008 -0.4733 -0.8809
vn -0.0275 -0.9887 0.1477
vn 0.0580 -0.8936 0.4451
vn 0.0606 -0.9552 0.2896
vn -0.0932 -0.9953 0.0275
vn 0.1408 -0.9900 -0.0097
vn -0.0533 -0.9977 0.0418
vn -0.0697 -0.9729 0.2204
vn -0.0351 -0.8898 0.4549
vn -0.0542 -0.9036 0.4249
vn 0.0633 -0.9978 -0.0201
vn 0.0304 -0.9912 0.1287
vn -0.0195 -0.9523 -0.3045
vn 0.3258 -0.9437 -0.0576
vn 0.1686 -0.9855 -0.0190
vn 0.0551 0.6544 -0.7541
vn 0.0789 0.8215 -0.5647
vn 0.0104 0.7587 -0.6513
vn 0.0202 0.2294 -0.9731
vn -0.0622 0.4576 -0.8870
vn -0.0919 0.0190 -0.9956
vn 0.0122 0.8893 -0.4571
vn 0.1134 0.9481 -0.2972
vn -0.0158 -0.0318 -0.9994
vn -0.0966 0.8041 -0.5866
vn -0.0753 0.9171 -0.3915
vn 0.0430 0.9569 -0.2872
vn -0.0363 0.9512 -0.3064
vn 0.0637 0.9958 -0.0657
vn -0.1005 0.8324 -0.5450
vn -0.1007 0.6144 -0.7826
vn 0.0569 0.9740 -0.2192
vn 0.0485 0.9979 -0.0440
vn 0.0227 0.9907 -0.1343
vn -0.0213 0.9449 -0.3265
vn -0.1240 0.1286 -0.9839
vn -0.0249 -0.7061 -0.7077
vn -0.0486 0.3922 -0.9186
vn -0.0480 -0.9834 0.1750
vn -0.0405 0.2393 -0.9701
vn -0.1167 0.4771 -0.8711
vn 0.0961 0.9943 -0.0452
vn -0.0927 -0.9957 0.0041
vn -0.0108 -0.4038 -0.9148
vn -0.0359 -0.3212 -0.9463
vn -0.1292 -0.9429 -0.3069
vn -0.0437 -0.9811 -0.1887
vn -0.0236 -0.9130 -0.4072
vn -0.0527 0.6736 -0.7372
vn 0.0288 -0.9830 0.1812
vn -0.0569 -0.9914 0.1182
vn 0.0189 -0.9947 -0.1010
vn -0.0310 -0.9989 0.0340
vn 0.0375 -0.9962 -0.0792
vn 0.0445 -0.9886 0.1438
vn -0.0693 -0.8287 -0.5554
vn -0.0560 -0.4512 -0.8907
vn -0.0565 -0.9877 -0.1458
vn -0.0356 -0.9914 0.1259
vn 0.0140 -0.9722 0.2339
vn 0.0133 0.9970 0.0760
vn 0.0929 0.9936 -0.0637
vn 0.0392 -0.8922 -0.4499
vn 0.0084 -0.8658 -0.5004
vn 0.0428 -0.7534 -0.6562
vn -0.0729 -0.9341 -0.3496
vn -0.0390 -0.9425 -0.3318
vn -0.0793 -0.9756 -0.2049
vn -0.0247 0.6045 -0.7963
vn -0.0068 -0.8851 -0.4654
vn -0.0037 -0.9284 -0.3716
vn -0.0721 -0.9636 -0.2575
vn 0.0141 -0.9658 -0.2590
vn -0.0128 0.5658 -0.8244
vn -0.0020 -0.6579 -0.7531
vn -0.0174 -0.7432 -0.6688
vn -0.0088 0.2718 -0.9623
vn 0.0695 -0.2825 -0.9567
vn 0.0844 -0.6206 -0.7796
vn 0.0445 -0.8294 -0.5569
vn 0.0329 0.8821 -0.4698
vn 0.0443 0.9052 -0.4227
vn 0.0251 0.9255 -0.3780
vn 0.0083 0.7570 -0.6534
vn 0.0574 0.8170 -0.5737
vn 0.0679 0.6822 -0.7280
vn 0.0874 0.3024 -0.9492
vn 0.0419 -0.6142 -0.7880
vn 0.0936 -0.6111 -0.7860
vn -0.0540 -0.9218 -0.3838
vn 0.0779 0.1272 -0.9888
vn 0.0469 -0.9350 -0.3516
vn 0.0675 0.8824 -0.4657
vn 0.0374 0.9539 -0.2979
vn -0.0542 -0.9753 -0.2142
vn 0.0199 -0.9592 -0.2821
vn -0.0510 -0.9883 -0.1436
vn 0.0168 -0.6101 -0.7921
vn 0.0236 0.8482 -0.5291
vn 0.0559 0.7833 -0.6192
vn 0.0354 0.8523 -0.5219
vn 0.0633 -0.0903 -0.9939
vn 0.0286 -0.6269 -0.7786
vn 0.0553 0.8138 -0.5785
vn -0.0662 0.9561 -0.2854
vn 0.0611 0.5683 -0.8205
vn 0.0278 0.9456 -0.3242
vn -0.0524 0.9952 -0.0828
vn 0.0522 0.8261 -0.5611
vn 0.0148 0.9035 -0.4284
vn 0.0125 0.8772 -0.4799
vn 0.0542 0.6203 -0.7825
vn 0.0378 0.1729 -0.9842
vn 0.0364 0.7738 -0.6324
vn 0.0145 0.9247 -0.3804
vn -0.0375 -0.9682 0.2475
vn 0.0381 -0.8905 0.4535
vn -0.1008 -0.8059 0.5834
vn 0.0452 -0.8731 0.4854
vn 0.0075 -0.8704 0.4923
vn -0.0226 -0.8109 0.5847
vn 0.0712 -0.9401 0.3333
vn 0.0393 -0.8792 0.4748
vn -0.0630 -0.8993 0.4328
vn 0.0968 -0.9869 0.1289
vn 0.1274 -0.9913 -0.0335
vn -0.0325 0.6499 0.7593
vn -0.0223 0.8748 0.4841
vn -0.0460 0.8879 0.4576
vn -0.0322 -0.9995 0.0074
vn 0.0759 -0.9970 -0.0114
vn 0.0450 -0.9954 -0.0844
vn -0.0478 0.0824 0.9955
vn -0.0551 -0.7193 0.6925
vn -0.0833 0.1090 0.9905
vn -0.0078 -0.8625 0.5060
vn 0.0102 -0.9944 -0.1052
vn -0.0876 -0.9948 -0.0513
vn -0.0425 -0.9864 0.1587
vn -0.0098 -0.9986 -0.0514
vn -0.0037 -0.9991 0.0422
vn -0.0172 -0.2968 0.9548
vn 0.1311 -0.9889 -0.0703
vn 0.1225 -0.9837 0.1313
vn 0.0045 -0.9988 0.0492
vn 0.1641 -0.9831 -0.0817
vn 0.0846 -0.9964 -0.0007
vn 0.1496 -0.9836 -0.1007
vn 0.0569 -0.9940 -0.0938
vn 0.0208 -0.9997 0.0124
vn -0.0476 -0.9968 -0.0636
vn 0.1002 -0.9931 -0.0606
vn 0.0153 -0.9972 -0.0729
vn -0.0447 -0.9896 0.1365
vn -0.0207 -0.9991 0.0357
vn -0.0038 -0.9061 0.4230
vn -0.0652 -0.8200 0.5687
vn -0.1393 -0.1860 0.9726
vn 0.0438 -0.9641 0.2621
vn 0.0444 -0.8144 0.5786
vn -0.0038 -0.9999 -0.0133
vn -0.0541 -0.9133 0.4038
vn -0.0290 -0.8965 0.4421
vn -0.0259 -0.8659 0.4996
vn 0.0149 -0.9995 0.0263
vn -0.0811 0.9001 0.4280
vn -0.0734 -0.9925 0.0977
vn -0.0404 -0.9916 0.1229
vn -0.0388 -0.9478 0.3165
vn -0.0626 -0.9814 0.1815
vn -0.0548 -0.9183 0.3921
vn 0.0249 -0.9931 0.1144
vn 0.1312 -0.8551 -0.5016
vn -0.0497 -0.9757 0.2132
vn 0.1262 -0.8674 -0.4814
vn 0.0032 0.7189 -0.6951
vn -0.1584 -0.8590 0.4869
vn -0.1713 -0.8832 0.4366
vn -0.3360 -0.8626 0.3782
vn -0.1637 0.8234 0.5433
vn -0.0891 -0.4100 0.9077
vn -0.2666 -0.3293 0.9058
vn 0.4298 -0.5493 0.7166
vn 0.2257 -0.6553 0.7209
vn 0.1598 -0.4821 0.8614
vn -0.1138 0.9926 0.0414
vn -0.2239 0.8559 -0.4661
vn -0.1802 0.9614 -0.2079
vn -0.0241 -0.7975 0.6029
vn 0.0662 -0.9811 -0.1819
vn -0.0717 -0.9382 0.3385
vn -0.1202 -0.8131 0.5696
vn -0.1535 -0.7733 0.6152
vn -0.3258 -0.6467 0.6896
vn -0.0084 -0.5251 0.8510
vn 0.0992 -0.6846 0.7221
vn 0.0733 -0.9340 0.3496
vn 0.0273 -0.8245 -0.5652
vn 0.0908 -0.1433 -0.9855
vn 0.0594 -0.5636 -0.8239
vn -0.1077 -0.9512 0.2893
vn -0.0612 -0.7769 0.6266
vn -0.0384 -0.9967 0.0715
vn -0.0355 -0.7997 0.5993
vn 0.0738 -0.2562 -0.9638
vn 0.0853 -0.3667 -0.9264
vn -0.5414 -0.7037 0.4600
vn -0.2625 -0.3843 0.8851
vn 0.1079 -0.6076 -0.7868
vn 0.0708 -0.5542 -0.8294
vn 0.0025 -0.8108 0.5853
vn -0.0125 -0.1431 -0.9896
vn 0.1292 0.8934 0.4302
vn -0.0034 -0.9868 -0.1616
vn 0.0216 -0.3825 0.9237
vn -0.1076 -0.9208 -0.3749
vn -0.0423 -0.9757 0.2152
vn 0.1089 -0.9938 -0.0235
vn 0.1118 -0.9477 -0.2989
vn 0.0020 0.9906 -0.1371
vn -0.1379 0.7329 -0.6662
vn 0.0046 0.1112 -0.9938
vn -0.0026 0.6668 -0.7452
vn 0.1215 -0.3896 -0.9129
vn 0.0787 0.0008 -0.9969
vn -0.0963 0.9241 -0.3697
vn 0.1046 0.9775 0.1831
vn -0.1227 0.9672 -0.2224
vn 0.1000 -0.5842 -0.8054
vn -0.3118 0.7381 0.5983
vn 0.0712 0.6035 0.7942
vn -0.1238 0.3629 0.9236
vn -0.7277 0.6041 0.3249
vn 0.0169 0.9985 0.0528
vn 0.1519 0.9505 0.2709
vn 0.0843 0.9484 0.3055
vn 0.1339 0.9840 0.1179
vn -0.1744 0.9845 -0.0204
vn -0.1257 0.9917 -0.0264
vn -0.1436 0.9894 0.0208
vn -0.0030 0.9676 0.2523
vn -0.0205 0.9902 0.1383
vn -0.0193 0.5036 0.8637
vn -0.0709 0.4350 0.8977
vn -0.0705 0.9574 0.2799
vn -0.0517 0.9948 0.0881
vn -0.1042 0.9796 0.1720
vn -0.0729 0.5025 0.8615
vn -0.0824 0.5284 0.8450
vn -0.1466 0.9888 -0.0282
vn -0.1141 0.9905 -0.0767
vn -0.0031 0.9718 0.2358
vn 0.0848 0.9198 0.3830
vn 0.1293 0.9769 0.1704
vn 0.0779 0.8548 0.5130
vn -0.0381 0.7481 0.6625
vn -0.0379 0.8870 0.4601
vn -0.0342 0.7722 0.6345
vn -0.0344 0.6224 0.7819
vn -0.1003 -0.4620 0.8812
vn -0.1039 0.0974 0.9898
vn 0.0436 -0.3117 0.9492
vn 0.0067 0.6984 0.7157
vn -0.0376 0.5932 0.8041
vn -0.0615 0.8588 0.5086
vn -0.1981 0.4414 0.8752
vn 0.0302 0.9995 -0.0059
vn -0.0775 0.9910 -0.1094
vn 0.1656 0.9834 0.0748
vn 0.1461 0.9865 0.0735
vn -0.0071 0.3364 0.9417
vn -0.0378 0.4092 0.9117
vn 0.0261 0.9577 -0.2865
vn -0.0441 0.9539 -0.2968
vn -0.0541 0.8071 0.5879
vn -0.0273 0.3744 0.9269
vn -0.1049 0.8337 -0.5421
vn -0.0833 0.6676 -0.7398
vn -0.1085 0.9072 -0.4065
vn 0.0342 0.9955 0.0889
vn -0.1591 0.9821 -0.1010
vn 0.1578 0.9854 -0.0637
vn -0.0779 -0.0532 0.9955
vn -0.0077 0.8172 0.5763
vn -0.0536 0.7793 0.6244
vn -0.0118 0.9397 0.3418
vn -0.0633 0.9907 0.1204
vn -0.0993 0.9773 0.1871
vn 0.1443 0.9872 0.0672
vn 0.0209 0.1038 0.9944
vn -0.1107 0.1750 0.9783
vn 0.0191 0.9972 0.0719
vn -0.0509 0.9973 0.0524
vn -0.0122 0.6230 0.7821
vn -0.0598 0.1326 0.9894
vn -0.0634 0.8256 -0.5606
vn 0.0183 0.9998 -0.0023
vn -0.1500 0.9673 -0.2046
vn -0.1671 0.9714 -0.1689
vn 0.0177 -0.2763 -0.9609
vn 0.0074 -0.8986 -0.4388
vn 0.0106 -0.3969 -0.9178
vn 0.0169 -0.9646 0.2632
vn 0.2096 0.2866 -0.9348
vn -0.0054 -0.3687 -0.9295
vn 0.1276 -0.0624 -0.9899
vn -0.0851 -0.2252 -0.9706
vn -0.0513 -0.1156 -0.9920
vn -0.1505 0.7445 -0.6505
vn -0.0323 -0.7434 -0.6681
vn 0.0289 -0.8214 -0.5696
vn 0.0715 0.9952 -0.0662
vn 0.0352 -0.4174 -0.9080
vn -0.0388 0.2036 -0.9783
vn -0.0102 -0.9679 0.2510
vn 0.0723 0.9957 -0.0586
vn 0.0686 0.9911 -0.1140
vn -0.0267 0.9423 -0.3336
vn -0.0474 0.9976 -0.0510
vn -0.0060 0.9963 0.0856
vn 0.0875 0.9928 0.0824
vn -0.2306 0.2238 -0.9470
vn -0.3416 0.6044 -0.7197
vn 0.0238 -0.9997 -0.0101
vn 0.2264 0.9521 -0.2054
vn 0.0631 0.8664 -0.4954
vn 0.3746 0.9246 -0.0692
vn 0.1752 -0.1256 -0.9765
vn 0.3858 0.2968 -0.8735
vn -0.0294 0.8964 -0.4423
vn -0.1580 0.5070 -0.8473
vn -0.0132 0.9730 -0.2306
vn -0.1352 0.2838 -0.9493
vn -0.1112 0.4993 -0.8593
vn -0.0982 0.9892 -0.1087
vn -0.0693 0.3863 -0.9198
vn -0.1413 0.9424 -0.3033
vn 0.0398 0.8507 -0.5242
vn 0.2569 0.8721 -0.4164
vn 0.1718 0.9122 -0.3719
vn 0.3953 0.7253 -0.5637
vn 0.0045 -0.0436 -0.9990
vn 0.0550 -0.9686 0.2423
vn 0.0070 -0.9999 0.0095
vn 0.0196 -0.5705 -0.8210
vn 0.2257 0.6453 -0.7298
vn 0.3398 0.8958 0.2864
vn -0.1423 0.8639 -0.4832
vn 0.2607 0.9569 -0.1283
vn -0.0026 -0.9880 -0.1543
vn 0.1097 0.9801 0.1653
vn 0.0461 -0.9024 -0.4284
vn -0.0353 -0.9813 -0.1892
vn -0.0918 0.1654 -0.9820
vn 0.2107 0.0060 -0.9775
vn 0.1881 -0.5129 -0.8376
vn 0.1686 -0.1114 -0.9794
vn -0.0350 -0.9901 -0.1360
vn 0.0186 -0.9764 -0.2150
vn -0.0017 -0.9947 -0.1025
vn 0.1430 -0.5447 -0.8264
vn 0.1341 -0.1081 -0.9850
vn 0.1504 -0.6884 -0.7096
vn 0.1806 -0.7184 -0.6718
vn 0.2107 -0.4474 -0.8691
vn 0.1591 0.0602 -0.9854
vn 0.3004 -0.1019 -0.9484
vn 0.2426 0.3310 -0.9119
vn 0.3232 0.0640 -0.9442
vn 0.3370 0.2333 -0.9121
vn 0.1753 -0.8533 -0.4911
vn 0.1005 -0.9693 -0.2246
vn 0.2195 -0.9711 -0.0943
vn 0.1345 -0.9909 -0.0108
vn -0.0686 -0.9975 0.0170
vn 0.3283 -0.1887 -0.9255
vn 0.1742 -0.8235 -0.5399
vn 0.1885 -0.9749 -0.1184
vn 0.1455 -0.9473 -0.2854
vn 0.4531 -0.0757 -0.8882
vn 0.2574 -0.5454 -0.7976
vn 0.3039 -0.5227 -0.7965
vn 0.1511 -0.8718 -0.4660
vn 0.0704 0.3715 -0.9258
vn 0.2800 0.5609 -0.7791
vn 0.4036 0.4350 -0.8049
vn 0.2713 0.7633 -0.5863
vn 0.1839 0.9818 0.0472
vn 0.2484 0.9683 -0.0254
vn 0.2339 0.9610 -0.1479
vn 0.0902 0.9612 -0.2608
vn 0.1131 0.8818 -0.4579
vn 0.1739 0.8412 -0.5120
vn 0.0726 0.2515 -0.9651
vn 0.0506 0.9897 -0.1336
vn -0.0260 0.9838 -0.1771
vn -0.1273 0.9882 -0.0849
vn -0.0619 0.7890 -0.6113
vn 0.0352 0.8783 -0.4768
vn 0.0672 0.6539 -0.7536
vn 0.0722 0.9886 -0.1321
vn 0.1101 0.9836 -0.1431
vn 0.1065 0.9802 -0.1670
vn 0.1610 0.7119 -0.6836
vn 0.1270 0.4968 -0.8585
vn -0.0164 0.9572 -0.2889
vn -0.1120 0.9927 -0.0451
vn 0.1665 0.6502 -0.7413
vn -0.0430 -0.9927 0.1124
vn -0.0387 -0.9810 0.1902
vn -0.0930 0.9935 0.0650
vn 0.0164 0.9998 -0.0120
vn -0.1263 0.9830 0.1331
vn 0.1771 0.4551 -0.8726
vn 0.2068 0.1645 -0.9645
vn 0.0477 0.9896 -0.1358
vn 0.1066 0.9704 -0.2166
vn 0.1486 0.9885 0.0266
vn 0.0958 0.9881 -0.1200
vn -0.1461 0.9889 -0.0272
vn 0.1427 0.8087 -0.5707
vn 0.1487 0.9722 0.1811
vn 0.0892 0.9904 0.1055
vn 0.1335 0.9225 -0.3622
vn 0.0837 0.9751 -0.2051
vn -0.0790 0.9962 -0.0370
vn 0.1749 0.9191 -0.3530
vn 0.0532 -0.9763 0.2100
vn -0.0769 -0.9443 0.3199
vn 0.1501 -0.8407 -0.5203
vn 0.0087 -0.9564 -0.2919
vn -0.0021 -0.9999 -0.0144
vn 0.0693 -0.3255 -0.9430
vn -0.0136 0.8844 -0.4666
vn 0.0356 0.9679 -0.2488
vn -0.0135 0.9732 -0.2295
vn 0.0295 0.9806 0.1939
vn 0.0210 0.9974 -0.0686
vn 0.0883 0.8018 -0.5911
vn 0.0762 0.8823 -0.4644
vn 0.1485 0.7925 -0.5916
vn 0.1550 0.8619 -0.4827
vn 0.1224 -0.9519 -0.2808
vn 0.0322 -0.9963 0.0794
vn 0.0932 -0.8478 -0.5220
vn 0.0400 0.7184 -0.6945
vn 0.1610 0.7291 -0.6652
vn 0.1655 0.7645 -0.6231
vn 0.1191 0.8111 -0.5726
vn 0.0699 0.7446 -0.6638
vn 0.3105 0.6405 -0.7025
vn 0.1555 0.1107 -0.9816
vn 0.2184 0.7857 -0.5787
vn 0.1436 -0.3447 -0.9277
vn -0.0971 0.8227 -0.5601
vn 0.1807 -0.5496 -0.8157
vn 0.1103 -0.3176 -0.9418
vn 0.1731 -0.2428 -0.9545
vn 0.1368 0.2128 -0.9675
vn 0.1152 -0.4302 -0.8953
vn 0.2028 -0.2350 -0.9506
vn 0.1421 -0.3364 -0.9309
vn -0.0967 0.9432 -0.3177
vn 0.1342 0.3547 -0.9253
vn -0.3087 0.9503 -0.0404
vn -0.3020 0.9505 -0.0724
vn -0.3666 0.9286 -0.0574
vn 0.0619 0.9779 -0.1997
vn -0.0850 0.9908 -0.1052
vn -0.0425 0.9882 -0.1472
vn 0.0034 -0.9986 0.0525
vn -0.0419 0.9845 -0.1700
vn 0.1232 0.9433 -0.3082
vn -0.1640 0.9719 0.1689
vn 0.3251 0.8391 -0.4362
vn 0.3530 0.8359 -0.4203
vn 0.4417 0.2214 -0.8694
vn -0.0216 -0.9998 0.0033
vn 0.2121 -0.1341 -0.9680
vn -0.0918 -0.0643 -0.9937
vn -0.1891 0.8406 0.5076
vn -0.4970 0.8502 -0.1739
vn -0.4530 0.8914 0.0158
vn -0.3396 0.9406 -0.0013
vn -0.3795 0.9207 0.0909
vn -0.2155 0.9639 -0.1565
vn -0.2974 0.8980 0.3242
vn -0.2231 0.9748 -0.0040
vn -0.0316 0.8677 0.4960
vn -0.0846 0.9963 -0.0131
vn 0.0408 0.9960 -0.0800
vn -0.0043 0.9960 -0.0896
vn 0.0251 0.9948 0.0992
vn 0.8239 0.0074 0.5667
vn 0.9710 0.1185 -0.2074
vn 0.9757 -0.1425 0.1664
vn 0.8617 -0.4999 -0.0872
vn 0.4129 -0.8991 -0.1454
vn 0.6672 -0.7449 0.0020
vn 0.0709 -0.9678 -0.2416
vn 0.7021 -0.6916 -0.1695
vn 0.9238 0.1849 -0.3351
vn 0.8699 0.4927 -0.0252
vn 0.5456 0.7571 0.3593
vn 0.2692 0.9411 -0.2044
vn 0.2575 0.9315 -0.2570
vn 0.4121 0.8872 -0.2075
vn 0.3169 0.9381 -0.1401
vn 0.1014 0.9930 -0.0611
vn -0.0302 0.9799 -0.1971
vn -0.0884 -0.9758 -0.2001
vn -0.0607 -0.9747 -0.2152
vn 0.3453 0.9202 -0.1846
vn 0.0788 0.9497 -0.3030
vn -0.1432 -0.9863 -0.0823
vn -0.1234 -0.9812 -0.1482
vn -0.0865 -0.9941 -0.0652
vn 0.0198 -0.9786 -0.2050
vn 0.1346 0.8574 0.4967
vn 0.2847 0.9447 0.1625
vn 0.0428 -0.8755 -0.4813
vn -0.0655 -0.9943 -0.0838
vn -0.0313 -0.9933 -0.1112
vn 0.0986 -0.7328 -0.6733
vn 0.7016 0.6688 -0.2457
vn 0.0830 0.9749 0.2067
vn 0.0478 -0.9961 -0.0746
vn 0.0099 -0.9728 -0.2314
vn -0.0128 -0.9999 0.0006
vn 0.2168 0.7029 0.6774
vn 0.7472 -0.5550 -0.3655
vn 0.0127 -0.9601 -0.2793
vn 0.0230 0.9992 -0.0327
vn 0.2993 -0.7533 -0.5856
vn 0.6608 -0.4336 -0.6126
vn 0.2139 -0.9549 -0.2058
vn 0.1863 -0.9591 -0.2132
vn -0.0032 0.9996 -0.0282
vn 0.2662 -0.9441 -0.1942
vn 0.7886 0.4281 -0.4414
vn 0.6493 -0.1053 -0.7532
vn 0.3700 0.2104 -0.9049
vn 0.5339 0.6148 -0.5804
vn 0.2870 -0.5540 -0.7815
vn 0.1084 0.7689 -0.6301
vn 0.1551 -0.4519 -0.8785
vn 0.1371 0.2959 -0.9453
vn 0.0050 0.6131 -0.7900
vn 0.0910 -0.1368 -0.9864
vn -0.0596 0.7968 -0.6012
vn 0.0882 0.8263 0.5563
vn 0.3123 0.8583 -0.4071
vn 0.5058 0.8626 0.0128
vn 0.5258 0.8186 -0.2311
vn 0.0335 0.9928 0.1154
vn 0.0780 0.9932 0.0869
vn 0.1149 0.9865 0.1167
vn -0.0688 0.9757 0.2080
vn 0.0374 0.8883 0.4578
vn -0.0220 0.8662 0.4992
vn 0.0235 0.8633 0.5041
vn 0.0427 0.9876 0.1512
vn 0.0758 -0.0027 0.9971
vn 0.0342 0.9824 0.1836
vn 0.0939 -0.3111 0.9457
vn 0.0465 0.7143 0.6983
vn 0.0984 0.8929 0.4393
vn 0.0920 0.9841 0.1518
vn 0.2116 0.8239 0.5258
vn 0.1659 0.9665 0.1957
vn 0.1485 0.9874 0.0549
vn 0.0416 0.9938 0.1035
vn 0.0510 0.9882 0.1447
vn 0.1421 0.8981 0.4163
vn 0.2233 0.7318 0.6439
vn 0.1582 0.8169 0.5546
vn 0.1117 0.8336 0.5410
vn -0.0413 -0.8297 0.5567
vn 0.0285 -0.8545 0.5187
vn 0.1708 -0.3966 0.9020
vn 0.2031 0.6477 0.7344
vn -0.0549 0.4773 0.8770
vn 0.0699 0.9975 0.0128
vn 0.2000 0.7699 0.6060
vn 0.2400 0.6897 0.6832
vn -0.1352 0.8904 0.4346
vn 0.0990 0.9926 0.0709
vn -0.0577 0.9933 0.1001
vn 0.0046 0.9809 0.1943
vn 0.0079 0.5714 0.8206
vn 0.0862 0.9546 0.2852
vn -0.0018 0.9721 0.2346
vn -0.0275 0.9965 0.0795
vn 0.1106 0.7520 0.6498
vn -0.0245 -0.7731 0.6338
vn -0.0278 -0.8272 0.5612
vn -0.0753 0.1796 0.9808
vn 0.1144 0.9677 0.2249
vn 0.1349 0.7908 0.5971
vn 0.0254 0.9426 0.3331
vn 0.1122 0.8448 0.5232
vn -0.0571 0.9740 0.2194
vn 0.0374 0.8231 0.5666
vn 0.0981 0.9940 0.0480
vn -0.0147 0.9998 0.0157
vn -0.1356 0.9693 0.2051
vn -0.0206 0.9987 0.0474
vn 0.0790 0.8661 0.4936
vn 0.0126 0.9835 0.1807
vn -0.1294 0.7579 0.6395
vn 0.0317 0.7832 0.6210
vn 0.1027 0.9535 0.2832
vn -0.0090 0.9937 -0.1120
vn -0.0105 0.6086 0.7934
vn 0.0621 0.7456 0.6635
vn -0.1800 0.8199 0.5434
vn -0.1704 0.6901 0.7033
vn 0.0115 0.9645 0.2638
vn -0.1117 0.9345 0.3379
vn -0.0608 -0.2897 0.9552
vn -0.0989 0.8002 0.5916
vn -0.2119 0.7964 0.5665
vn -0.0638 0.9941 0.0878
vn -0.1123 0.8068 0.5800
vn 0.0580 0.0949 0.9938
vn -0.0323 -0.9208 0.3886
vn -0.0196 -0.9297 0.3679
vn 0.0003 -0.9334 0.3589
vn -0.0363 -0.8836 0.4668
vn -0.0863 0.0883 0.9924
vn 0.0641 0.7455 0.6634
vn 0.1239 0.1096 0.9862
vn 0.0654 -0.8082 0.5853
vn 0.0178 -0.5477 0.8365
vn -0.0266 0.4339 0.9006
vn -0.1323 0.0261 0.9909
vn 0.9805 0.1839 -0.0687
vn 0.9924 0.1200 0.0265
vn 0.9989 0.0125 -0.0448
vn 0.9862 -0.0382 0.1613
vn 0.9569 0.1324 0.2584
vn 0.9377 -0.0521 0.3436
vn 0.9584 0.1874 0.2152
vn 0.9559 0.1728 0.2376
vn 0.9682 0.2226 0.1137
vn 0.9288 -0.1223 0.3499
vn 0.8240 -0.0268 0.5659
vn 0.9447 -0.1506 0.2913
vn 0.8958 0.1083 0.4311
vn 0.9173 0.3926 -0.0666
vn 0.9340 0.3531 -0.0535
vn 0.9104 0.4105 -0.0524
vn 0.1570 0.1346 0.9784
vn 0.2043 0.1312 0.9701
vn 0.1113 0.0366 0.9931
vn 0.3237 0.3113 0.8935
vn 0.2754 0.2218 0.9354
vn 0.5999 0.7780 0.1867
vn 0.4436 0.8593 0.2547
vn 0.4828 0.6714 0.5622
vn 0.2450 0.9648 0.0961
vn 0.0918 0.1133 0.9893
vn 0.2790 0.0737 0.9575
vn 0.2140 0.1778 0.9605
vn 0.3531 0.8163 0.4571
vn 0.4386 0.8874 0.1423
vn 0.2791 0.9332 0.2262
vn 0.9108 0.4128 -0.0087
vn 0.8870 0.4615 -0.0127
vn 0.9343 0.3407 -0.1050
vn 0.3066 0.3613 0.8806
vn 0.9418 0.3310 -0.0589
vn 0.9549 0.2956 -0.0292
vn 0.1405 0.9900 -0.0124
vn 0.2894 0.3351 0.8967
vn 0.3161 0.6389 0.7013
vn 0.8629 -0.1725 0.4751
vn 0.9073 -0.1566 0.3901
vn 0.7623 -0.2263 0.6064
vn 0.3362 -0.0353 0.9411
vn 0.0678 0.0126 0.9976
vn 0.3431 0.5773 0.7409
vn 0.9510 0.2787 0.1340
vn 0.2973 0.7992 0.5224
vn 0.8486 0.5217 0.0874
vn 0.8437 0.5368 0.0075
vn 0.9177 0.3970 -0.0158
vn 0.0499 0.0759 0.9959
vn 0.6483 0.3456 0.6784
vn 0.6549 0.2123 0.7253
vn 0.8765 0.2538 0.4090
vn 0.5830 0.1024 0.8060
vn 0.4289 0.2162 0.8771
vn 0.5107 0.3414 0.7890
vn 0.5286 -0.0060 0.8488
vn 0.6977 -0.0948 0.7101
vn 0.5571 0.6020 0.5721
vn 0.9282 0.3713 -0.0256
vn 0.9470 0.2268 0.2277
vn 0.9112 0.4115 -0.0183
vn 0.9461 -0.1227 0.2998
vn 0.8812 -0.1576 0.4456
vn 0.9902 -0.0946 0.1031
vn 0.9528 -0.1483 0.2651
vn 0.9633 -0.1023 0.2484
vn 0.9650 -0.1074 0.2392
vn 0.7392 0.3964 0.5445
vn 0.5500 -0.1530 0.8211
vn 0.9142 -0.1429 0.3792
vn 0.4258 -0.2391 0.8727
vn 0.2074 -0.1097 0.9721
vn 0.8596 0.4119 0.3022
vn 0.7319 0.6699 0.1247
vn 0.8659 0.4771 0.1505
vn 0.7262 0.6823 0.0839
vn 0.5585 0.8143 0.1581
vn 0.6134 0.7777 0.1379
vn 0.7201 0.4921 0.4891
vn 0.2151 0.9762 -0.0288
vn 0.7013 0.7073 0.0890
vn 0.8522 0.4990 -0.1571
vn 0.3334 0.9379 -0.0957
vn 0.8881 0.4590 -0.0254
vn 0.3662 0.9263 0.0887
vn 0.7358 0.6684 -0.1088
vn 0.4766 0.8748 -0.0873
vn 0.5055 0.8628 -0.0093
vn -0.0003 -0.8506 0.5258
vn -0.0017 -0.8812 0.4727
vn 0.0564 -0.9779 0.2012
vn 0.9394 0.2462 -0.2387
vn 0.0823 -0.9795 0.1837
vn 0.1369 -0.9851 0.1045
vn 0.1016 -0.8850 0.4544
vn 0.0668 -0.8887 0.4536
vn 0.1073 -0.2845 0.9527
vn 0.0222 -0.4565 0.8895
vn 0.0109 0.2343 0.9721
vn -0.0210 -0.0528 0.9984
vn 0.0780 -0.7731 0.6294
vn -0.0202 -0.6876 0.7258
vn 0.0407 -0.9027 0.4283
vn 0.0214 0.7562 0.6540
vn 0.0800 -0.5688 0.8186
vn 0.0106 -0.8891 0.4575
vn 0.0903 -0.9916 0.0922
vn 0.0022 -0.9616 -0.2744
vn 0.1542 -0.8411 -0.5185
vn 0.1290 -0.9828 -0.1324
vn 0.0302 -0.9956 0.0882
vn 0.0331 -0.9004 0.4337
vn 0.0474 -0.8577 0.5119
vn -0.0485 0.4157 0.9082
vn 0.0891 -0.9709 -0.2225
vn 0.0633 0.6530 0.7547
vn 0.3677 -0.4835 -0.7944
vn 0.0451 -0.9920 -0.1183
vn 0.0304 -0.9447 0.3265
vn 0.0055 0.8160 0.5781
vn 0.0827 -0.3654 0.9272
vn 0.0612 -0.9361 -0.3463
vn 0.6904 0.4322 -0.5802
vn 0.0456 0.9785 0.2012
vn 0.1848 0.9577 -0.2208
vn 0.1076 0.9655 0.2370
vn 0.0096 0.8926 0.4507
vn 0.0510 0.9980 0.0380
vn -0.2121 -0.8208 -0.5303
vn 0.0143 -0.7990 -0.6012
vn -0.1714 -0.9560 -0.2382
vn 0.3866 0.6002 -0.7002
vn 0.2518 0.6270 -0.7372
vn 0.3890 0.8655 -0.3155
vn 0.4442 0.8803 -0.1668
vn 0.2475 -0.2665 -0.9315
vn 0.0501 0.5837 0.8104
vn 0.1252 0.4784 0.8692
vn 0.0476 -0.5672 0.8222
vn 0.0472 0.8546 0.5172
vn 0.2442 0.9645 -0.1001
vn -0.7548 -0.2423 -0.6096
vn -0.3426 -0.9266 -0.1551
vn -0.2682 -0.9323 -0.2428
vn 0.0799 0.8812 0.4659
vn 0.1173 0.9108 0.3958
vn 0.2455 0.9674 0.0617
vn 0.2093 0.9766 0.0496
vn 0.4161 0.9082 -0.0451
vn 0.3741 0.9112 -0.1723
vn 0.3182 0.9381 -0.1366
vn 0.3404 0.9361 -0.0881
vn -0.0168 -0.9377 0.3469
vn -0.0353 -0.9271 0.3732
vn -0.0100 -0.9342 0.3566
vn -0.0269 -0.3362 0.9414
vn -0.1265 0.6205 0.7740
vn -0.0084 -0.9590 0.2832
vn -0.0523 -0.9981 -0.0339
vn -0.0350 -0.9516 0.3055
vn 0.0226 0.5796 0.8146
vn -0.0089 0.7096 0.7046
vn 0.0149 0.5387 0.8424
vn -0.1363 -0.2357 0.9622
vn -0.0318 -0.9247 0.3794
vn -0.0653 0.8950 0.4412
vn 0.0060 0.9132 0.4075
vn -0.0842 -0.9955 0.0429
vn -0.0663 -0.9864 -0.1505
vn -0.1142 -0.9790 -0.1687
vn -0.0170 0.5764 0.8170
vn -0.0650 -0.9793 0.1916
vn -0.0335 -0.9399 0.3399
vn 0.0037 -0.9959 0.0909
vn 0.0622 -0.9818 -0.1792
vn 0.0563 -0.9850 -0.1630
vn 0.0442 -0.9838 -0.1735
vn -0.0117 -0.9576 0.2880
vn -0.0074 -0.9953 0.0968
vn 0.0017 0.6445 0.7646
vn 0.0683 0.8939 0.4430
vn 0.0192 -0.9765 0.2148
vn 0.0134 -0.9902 -0.1392
vn 0.0342 -0.9989 -0.0328
vn -0.0077 -0.9793 -0.2022
vn -0.0491 -0.9962 -0.0716
vn -0.0300 0.5355 0.8440
vn -0.0590 0.3113 0.9485
vn -0.0168 -0.7172 0.6966
vn -0.0621 -0.1937 0.9791
vn -0.0269 0.5146 0.8570
vn -0.0874 -0.2681 0.9594
vn -0.0983 0.6517 0.7521
vn -0.0742 0.2238 0.9718
vn -0.0381 -0.7590 0.6500
vn -0.0348 0.6546 0.7552
vn -0.0047 0.6930 0.7210
vn -0.0226 0.3523 0.9356
vn -0.0323 0.5220 0.8524
vn -0.0272 -0.6677 0.7439
vn 0.0713 -0.6249 0.7774
vn -0.0420 0.1459 0.9884
vn 0.0272 -0.9469 0.3204
vn -0.0429 0.2762 0.9601
vn 0.0189 0.9640 0.2652
vn -0.0255 0.9129 0.4075
vn -0.0551 0.9836 -0.1718
vn -0.1156 0.9877 -0.1056
vn -0.0587 0.7312 0.6797
vn 0.0094 -0.9975 0.0697
vn -0.0336 -0.9658 0.2570
vn 0.0096 -0.9844 0.1757
vn 0.0187 -0.9994 0.0287
vn -0.0687 0.9165 0.3942
vn -0.0443 0.9833 0.1765
vn -0.1072 0.9764 -0.1877
vn -0.0966 0.9942 -0.0474
vn -0.0182 0.9992 0.0345
vn -0.0001 0.9795 -0.2017
vn -0.0777 0.8775 0.4733
vn 0.1224 0.9628 -0.2408
vn 0.0688 0.9748 -0.2121
vn -0.0958 0.9186 -0.3834
vn 0.0204 0.9834 -0.1804
vn -0.0087 0.9574 -0.2886
vn -0.0183 0.9875 0.1564
vn 0.0137 -0.9739 0.2267
vn -0.0422 -0.1427 0.9889
vn -0.1618 -0.2967 0.9412
vn -0.1047 0.0216 0.9943
vn 0.0028 -0.9719 0.2354
vn -0.1669 -0.7284 0.6645
vn -0.0839 -0.8856 0.4568
vn -0.0547 -0.9470 0.3167
vn -0.2673 0.0549 -0.9620
vn -0.3571 0.0495 -0.9327
vn -0.0608 0.0543 -0.9967
vn 0.0005 -0.4575 -0.8892
vn -0.1247 -0.8094 -0.5739
vn -0.1506 -0.4600 -0.8750
vn 0.0180 -0.9796 -0.2000
vn 0.0128 -0.9910 -0.1336
vn -0.0383 0.0330 -0.9987
vn 0.0360 -0.1399 -0.9895
vn -0.0870 -0.1784 -0.9801
vn 0.1053 -0.9942 0.0239
vn 0.0119 0.0285 -0.9995
vn -0.0337 0.0876 -0.9956
vn 0.0448 -0.0514 -0.9977
vn 0.0874 -0.0270 -0.9958
vn 0.0939 -0.0003 -0.9956
vn -0.5267 -0.7601 -0.3807
vn -0.5618 -0.4032 -0.7224
vn -0.9308 -0.3562 -0.0819
vn 0.0816 0.0109 -0.9966
vn 0.1750 -0.1660 -0.9705
vn 0.0453 0.0973 -0.9942
vn 0.0850 -0.8172 -0.5701
vn 0.4726 -0.8345 -0.2832
vn 0.5555 -0.8278 -0.0781
vn 0.3759 -0.9248 -0.0586
vn 0.1281 0.0959 -0.9871
vn 0.0206 0.1013 -0.9946
vn 0.4551 -0.8904 0.0079
vn 0.3130 -0.9487 0.0447
vn 0.4225 -0.9062 -0.0153
vn 0.4337 -0.9009 0.0147
vn 0.6733 -0.7394 0.0030
vn 0.8619 -0.5002 -0.0838
vn 0.6613 -0.7466 -0.0723
vn 0.7839 -0.6188 -0.0511
vn 0.2571 -0.9660 0.0290
vn 0.1807 -0.5053 -0.8438
vn 0.1074 -0.9842 -0.1407
vn -0.8046 0.0997 -0.5854
vn -0.8773 0.0157 -0.4797
vn -0.9848 0.0622 -0.1620
vn -0.0944 -0.0209 -0.9953
vn -0.1680 -0.0825 -0.9823
vn -0.4953 -0.0739 -0.8656
vn -0.1197 0.0356 -0.9922
vn -0.5252 -0.8498 -0.0442
vn 0.3478 -0.3632 -0.8644
vn -0.0625 0.0721 -0.9954
vn 0.7021 -0.6894 -0.1784
vn 0.2486 -0.0470 -0.9675
vn 0.3276 -0.9335 -0.1459
vn 0.4235 -0.6898 -0.5871
vn 0.0108 -0.9999 0.0021
vn 0.2717 0.0289 -0.9619
vn 0.1143 0.0765 -0.9905
vn 0.1977 0.1018 -0.9750
vn 0.2731 -0.9348 -0.2269
vn 0.4312 -0.2239 -0.8740
vn 0.4056 -0.7637 -0.5022
vn -0.9439 -0.1749 -0.2801
vn 0.1428 -0.9896 0.0174
vn 0.1959 -0.9801 0.0322
vn 0.2902 -0.7782 -0.5570
vn 0.7844 -0.3994 -0.4745
vn 0.6420 -0.5514 -0.5327
vn 0.1692 -0.9856 -0.0042
vn 0.4468 -0.5770 -0.6837
vn 0.3471 0.0993 -0.9326
vn 0.4386 0.0567 -0.8969
vn 0.1330 -0.9908 0.0256
vn 0.8732 -0.2372 -0.4257
vn 0.6503 -0.2427 -0.7199
vn 0.7358 -0.1141 -0.6675
vn 0.4143 -0.0999 -0.9046
vn 0.1890 -0.9820 0.0047
vn 0.5710 -0.1099 -0.8136
vn 0.9237 -0.0929 -0.3718
vn 0.6940 -0.0008 -0.7200
vn -0.0629 -0.9942 -0.0873
vn -0.6078 -0.7926 -0.0474
vn 0.0481 -0.9985 -0.0267
vn -0.7402 -0.6672 -0.0831
vn -0.8872 -0.4591 -0.0452
vn -0.0693 -0.9976 0.0083
vn -0.9265 -0.3753 0.0283
vn -0.7908 -0.6119 0.0134
vn -0.7457 -0.6623 0.0725
vn -0.9514 -0.3076 0.0178
vn -0.4976 -0.8674 0.0028
vn -0.7720 -0.6339 0.0460
vn -0.2668 -0.9618 0.0609
vn 0.1136 -0.9921 -0.0530
vn 0.1224 -0.9914 -0.0453
vn 0.2087 -0.9767 -0.0501
vn 0.1517 -0.9884 0.0100
vn 0.1555 -0.9877 -0.0171
vn 0.1315 -0.9912 -0.0158
vn 0.1086 -0.9927 -0.0516
vn 0.1148 -0.9924 -0.0452
vn 0.1844 -0.9822 -0.0360
vn 0.0999 -0.9947 0.0232
vn -0.0630 -0.9976 -0.0271
vn -0.9854 0.1409 -0.0952
vn -0.7953 0.1038 -0.5972
vn -0.2961 -0.0044 -0.9552
vn -0.5441 0.0283 -0.8385
vn -0.4104 0.0038 -0.9119
vn -0.1001 -0.0424 -0.9941
vn -1.0000 -0.0015 0.0019
vn -0.9980 -0.0366 0.0522
vn -0.9944 -0.1051 0.0118
vn 0.9257 -0.3537 -0.1338
vn 0.8631 -0.4929 -0.1100
vn 0.3131 -0.9493 -0.0303
vn 0.2472 -0.9684 0.0341
vn 0.2554 -0.9650 -0.0603
vn 0.2649 -0.9633 -0.0430
vn 0.9193 -0.3914 -0.0406
vn 0.3619 -0.9283 -0.0861
vn 0.0292 -0.9128 0.4073
vn -0.1023 -0.6227 0.7757
vn -0.0891 -0.6876 0.7206
vn 0.0323 -0.7712 0.6357
vn 0.0059 -0.7459 0.6661
vn -0.0091 -0.6782 0.7348
vn -0.0468 -0.8225 0.5668
vn -0.0457 -0.7466 0.6636
vn -0.0527 -0.7436 0.6666
vn -0.0798 -0.7491 0.6577
vn -0.1437 -0.9050 0.4003
vn -0.1077 -0.9320 0.3461
vn 0.0820 -0.2148 0.9732
vn -0.0147 -0.5451 0.8382
vn -0.0996 -0.4673 0.8785
vn -0.0943 -0.5773 0.8111
vn -0.0752 -0.5890 0.8047
vn 0.1343 -0.7289 0.6713
vn 0.0631 -0.4025 0.9133
vn -0.0195 -0.4289 0.9031
vn -0.0025 -0.1413 0.9900
vn -0.1200 0.3592 0.9255
vn 0.0098 0.8934 0.4492
vn -0.1615 0.9867 0.0173
vn -0.1221 0.9923 0.0193
vn -0.0041 -0.6633 0.7484
vn 0.0184 0.6582 0.7526
vn 0.0263 0.3889 0.9209
vn -0.0206 0.8569 0.5150
vn 0.0010 0.7671 0.6415
vn 0.0147 0.9400 0.3407
vn 0.0479 0.0804 0.9956
vn -0.0536 0.4802 0.8755
vn 0.0182 0.7610 0.6485
vn -0.0209 0.6460 0.7630
vn -0.0533 0.8932 0.4466
vn -0.0642 0.2464 0.9670
vn -0.1052 0.5481 0.8297
vn 0.0319 0.3038 0.9522
vn 0.0844 0.4790 0.8737
vn 0.0088 0.5052 0.8630
vn -0.0356 0.8596 0.5097
vn -0.0632 0.8762 0.4778
vn 0.0643 -0.5331 0.8436
vn 0.0298 0.6753 0.7370
vn 0.0433 0.6760 0.7357
vn -0.0113 0.8887 0.4583
vn 0.0500 0.1760 0.9831
vn 0.0568 -0.0148 0.9983
vn -0.0030 0.7964 0.6047
vn -0.0609 0.7409 0.6688
vn -0.0211 -0.5092 0.8604
vn 0.0353 -0.3059 0.9514
vn -0.0471 0.9844 0.1696
vn -0.0459 0.9907 0.1279
vn 0.0497 -0.9909 0.1250
vn 0.1313 -0.9474 0.2920
vn 0.1683 -0.8653 0.4721
vn -0.0953 0.9949 0.0328
vn -0.0739 0.9919 0.1036
vn -0.0231 0.7731 0.6339
vn 0.0225 -0.2318 0.9725
vn -0.0425 -0.6693 0.7418
vn -0.0135 -0.7020 0.7120
vn 0.0070 0.9515 -0.3076
vn 0.0333 -0.9724 -0.2308
vn -0.0001 -0.9928 -0.1196
vn -0.0504 0.9388 0.3408
vn -0.0657 0.9606 0.2700
vn -0.0474 0.9702 0.2374
vn -0.0105 0.9859 -0.1668
vn -0.0488 -0.9966 -0.0665
vn -0.0863 -0.9953 -0.0441
vn -0.0407 -0.9945 0.0963
vn -0.0781 -0.9891 -0.1250
vn -0.0242 0.9896 -0.1416
vn -0.0442 -0.9952 -0.0874
vn -0.0231 -0.9994 -0.0266
vn -0.0596 -0.9965 0.0589
vn -0.0043 -0.9994 -0.0356
vn -0.0040 -0.9772 0.2124
vn 0.0081 0.9676 -0.2525
vn -0.1194 -0.9861 0.1158
vn 0.0481 -0.9692 0.2417
vn 0.0281 -0.9952 0.0935
vn 0.0211 -0.9239 0.3821
vn -0.0111 -0.7318 0.6814
vn 0.0135 -0.8508 0.5254
vn -0.0441 -0.9543 0.2957
vn 0.0457 -0.9048 0.4234
vn -0.0571 0.9983 -0.0129
vn -0.1471 -0.9649 0.2177
vn -0.0656 0.9958 0.0636
vn -0.0677 0.9787 0.1937
vn -0.0418 -0.9265 0.3741
vn -0.0561 0.9984 -0.0001
vn -0.0164 -0.5973 0.8018
vn -0.0318 -0.6623 0.7486
vn -0.0484 -0.7173 0.6950
vn 0.0313 -0.7490 0.6618
vn -0.0782 0.9786 0.1904
vn -0.0593 -0.6543 0.7539
vn -0.0448 0.9746 0.2193
vn -0.0705 0.9910 0.1140
vn 0.0102 -0.9674 0.2529
vn -0.0702 0.9472 0.3130
vn -0.0530 0.9422 0.3310
vn 0.7601 -0.2307 0.6074
vn 0.3144 -0.3231 0.8926
vn 0.3761 -0.5978 0.7080
vn 0.3857 -0.5209 0.7615
vn 0.2165 -0.8457 0.4878
vn 0.0528 -0.6285 0.7760
vn -0.2967 -0.8220 0.4861
vn 0.3162 -0.8993 0.3022
vn 0.3501 -0.6875 0.6362
vn 0.0376 -0.0188 0.9991
vn -0.5932 -0.0315 0.8044
vn 0.4120 -0.7562 0.5084
vn 0.4046 -0.7014 0.5868
vn -0.2547 -0.9532 0.1629
vn 0.0792 -0.9961 -0.0378
vn 0.1055 -0.9855 0.1333
vn 0.3114 -0.3722 0.8744
vn 0.0221 -0.2865 0.9578
vn 0.1887 -0.9493 0.2516
vn 0.6153 -0.6975 0.3674
vn 0.4009 -0.5388 0.7409
vn 0.2797 -0.9554 0.0947
vn 0.1211 0.0284 0.9922
vn 0.1270 -0.0266 0.9915
vn 0.1442 0.0460 0.9885
vn 0.8580 -0.3332 0.3908
vn 0.6344 -0.3756 0.6756
vn -0.5468 -0.4759 0.6889
vn -0.7502 -0.1684 0.6394
vn -0.6299 -0.6011 0.4919
vn 0.2742 -0.9609 0.0394
vn 0.2915 -0.9561 0.0312
vn 0.3335 -0.9181 0.2144
vn 0.3711 -0.3754 0.8493
vn 0.2761 -0.3054 0.9113
vn 0.3196 -0.9159 0.2430
vn -0.9711 0.0152 0.2381
vn -0.8436 -0.2874 0.4535
vn -0.9778 -0.2085 -0.0200
vn -0.9310 -0.3576 -0.0736
vn -0.8337 -0.5326 0.1461
vn -0.3275 -0.0001 0.9449
vn 0.0447 -0.0359 0.9984
vn -0.9932 -0.0648 0.0971
vn -0.9606 -0.2750 0.0399
vn 0.3588 -0.8282 0.4306
vn 0.3784 -0.8782 0.2925
vn -0.9517 -0.2178 0.2162
vn -0.7827 -0.5761 0.2358
vn -0.9405 -0.3001 0.1590
vn -0.5706 -0.7714 0.2816
vn -0.4535 -0.8221 0.3441
vn -0.9960 -0.0678 0.0579
vn -0.9839 0.0227 0.1775
vn -0.9013 -0.4292 -0.0584
vn -0.8390 -0.5370 -0.0879
vn -0.2975 -0.1571 0.9417
vn 0.1474 -0.1757 0.9734
vn 0.0358 -0.0686 0.9970
vn -0.9166 0.0108 0.3997
vn -0.8294 -0.0046 0.5586
vn 0.4148 -0.9035 0.1077
vn 0.1662 0.0390 0.9853
vn 0.0772 -0.0407 0.9962
vn 0.0413 -0.0326 0.9986
vn 0.2635 -0.0923 0.9602
vn 0.1943 -0.1132 0.9744
vn -0.0271 -0.0820 0.9963
vn -0.3572 -0.9310 0.0754
vn -0.3439 -0.0607 0.9370
vn 0.6638 -0.7398 -0.1102
vn 0.7862 -0.6106 -0.0951
vn 0.6026 -0.7977 -0.0239
vn 0.2285 -0.9730 -0.0316
vn 0.1424 0.0234 0.9895
vn 0.9677 -0.2239 0.1162
vn 0.8527 -0.5165 0.0783
vn -0.6933 -0.7153 0.0870
vn 0.4583 -0.8827 -0.1034
vn 0.1079 -0.9941 -0.0131
vn -0.3054 -0.9519 0.0248
vn 0.0652 -0.9979 0.0043
vn -0.1844 -0.9799 0.0763
vn 0.0537 -0.9980 -0.0342
vn -0.1952 -0.9803 -0.0288
vn -0.0476 -0.9977 -0.0480
vn 0.3782 -0.9246 -0.0459
vn 0.2270 -0.9730 -0.0419
vn 0.0961 -0.9951 -0.0222
vn 0.1804 -0.9797 -0.0874
vn 0.2564 -0.9647 -0.0604
vn 0.2461 -0.9676 -0.0572
vn 0.2676 -0.9625 -0.0439
vn 0.0987 -0.9932 -0.0622
vn 0.2973 -0.9521 -0.0711
vn 0.1734 -0.9806 -0.0920
vn -0.1376 -0.9877 -0.0745
vn 0.1062 -0.9898 -0.0953
vn 0.3285 -0.9413 -0.0777
vn 0.1721 -0.9815 -0.0836
vn 0.1577 -0.9856 -0.0609
vn -0.3683 -0.9278 -0.0591
vn 0.3014 -0.9503 -0.0779
vn 0.2083 -0.9747 -0.0814
vn 0.1171 -0.9929 -0.0223
vn 0.1496 -0.9875 -0.0492
vn -0.6722 -0.7319 0.1114
vn 0.2161 -0.9760 -0.0273
vn 0.1439 -0.9895 -0.0125
vn 0.3780 -0.9244 -0.0499
vn 0.3126 -0.9499 -0.0020
vn 0.2594 -0.9654 -0.0245
vn -0.7785 -0.6254 0.0525
vn -0.6767 -0.7223 0.1426
vn -0.9104 0.2004 -0.3621
vn -0.9492 0.2971 0.1035
vn -0.9627 0.2697 -0.0203
vn 0.1000 0.9949 0.0108
vn 0.1857 0.9821 -0.0326
vn 0.1120 0.9936 0.0158
vn 0.2427 0.9701 -0.0099
vn 0.1380 0.9892 0.0484
vn 0.2183 0.9747 0.0480
vn 0.1243 0.9889 0.0812
vn -0.6617 0.7479 0.0520
vn -0.7674 0.6371 -0.0721
vn -0.8651 0.3759 -0.3322
vn -0.4547 0.8877 0.0730
vn -0.7151 0.6984 0.0306
vn 0.9147 0.4024 -0.0373
vn 0.9464 0.3071 -0.0996
vn 0.9560 0.2931 -0.0111
vn 0.9490 0.3019 -0.0905
vn 0.9601 0.2535 -0.1178
vn 0.9602 0.2521 -0.1199
vn 0.9218 0.3802 -0.0761
vn 0.9007 0.4328 -0.0372
vn 0.9807 0.1841 -0.0658
vn 0.0042 0.9997 -0.0222
vn 0.0552 0.0151 -0.9984
vn 0.1081 0.0256 -0.9938
vn 0.1382 -0.0019 -0.9904
vn 0.2069 0.9777 -0.0352
vn 0.2738 0.8947 -0.3529
vn 0.2299 0.9622 -0.1458
vn 0.1482 0.9839 0.1002
vn 0.2146 0.9757 -0.0449
vn -0.1060 0.9888 0.1049
vn 0.1427 0.9895 0.0232
vn 0.3635 0.6460 -0.6712
vn 0.3968 0.3637 -0.8428
vn 0.3568 0.5467 -0.7575
vn -0.4493 0.3758 -0.8105
vn -0.6733 0.2425 -0.6985
vn 0.1860 0.9710 0.1502
vn 0.1724 0.9760 0.1332
vn 0.4520 0.1598 -0.8776
vn 0.3723 0.1505 -0.9158
vn -0.4614 0.6890 -0.5589
vn 0.0852 0.9952 0.0473
vn 0.3830 0.0656 -0.9214
vn 0.1848 0.9822 0.0346
vn 0.2146 0.9520 -0.2181
vn 0.2478 0.0181 -0.9686
vn 0.2532 0.0725 -0.9647
vn 0.2869 0.3294 -0.8995
vn -0.3454 0.6161 -0.7078
vn 0.0563 0.3541 -0.9335
vn 0.1534 -0.0010 -0.9882
vn 0.1764 -0.0009 -0.9843
vn 0.2928 0.7373 -0.6088
vn -0.0936 0.9953 -0.0233
vn 0.2183 0.5761 -0.7877
vn 0.2007 0.1846 -0.9621
vn 0.0771 0.8409 -0.5358
vn 0.0479 0.9809 -0.1886
vn 0.0865 0.1247 -0.9884
vn -0.1265 0.1032 -0.9866
vn -0.3877 0.9038 -0.1811
vn 0.1579 0.0462 -0.9864
vn -0.0412 -0.0069 -0.9991
vn -0.3357 0.0774 -0.9388
vn 0.3356 0.9419 -0.0116
vn 0.4782 0.8730 -0.0954
vn 0.4137 0.4542 -0.7890
vn 0.7483 0.4195 -0.5138
vn 0.5778 0.7253 -0.3743
vn 0.5207 0.1013 -0.8477
vn 0.6951 0.1529 -0.7024
vn 0.5321 0.1059 -0.8400
vn 0.7685 0.0307 -0.6391
vn 0.5280 0.1009 -0.8432
vn 0.7085 0.0985 -0.6988
vn 0.8054 0.1661 -0.5689
vn 0.8508 0.1723 -0.4965
vn 0.7937 0.1292 -0.5944
vn 0.9454 0.1354 -0.2964
vn 0.9507 0.0483 -0.3063
vn 0.9226 0.1962 -0.3323
vn 0.2126 0.0553 -0.9756
vn 0.3366 0.0628 -0.9395
vn 0.5367 0.1022 -0.8376
vn 0.9573 0.2239 -0.1828
vn 0.9797 0.1131 -0.1652
vn 0.9489 0.2721 -0.1598
vn 0.9512 0.2998 -0.0735
vn 0.9386 0.1799 -0.2944
vn 0.7076 0.1650 -0.6871
vn 0.9186 0.3270 -0.2221
vn 0.8842 0.4650 -0.0446
vn 0.9265 0.3762 -0.0051
vn 0.8061 0.5814 -0.1100
vn 0.9476 0.2518 -0.1965
vn 0.9061 0.4169 -0.0720
vn 0.3593 0.9326 0.0340
vn 0.2229 0.9702 -0.0950
vn 0.7763 0.6293 -0.0368
vn 0.4503 0.8906 0.0636
vn 0.5615 0.8217 -0.0973
vn 0.3854 0.8578 -0.3401
vn 0.7451 0.6668 -0.0136
vn 0.2750 0.9566 0.0962
vn 0.2647 0.9585 0.1058
vn 0.2441 0.8783 -0.4111
vn 0.7983 0.5995 -0.0574
vn 0.5638 0.8243 0.0511
vn 0.5486 0.8358 -0.0217
vn 0.7573 0.6522 0.0319
vn 0.5636 0.8256 0.0274
vn 0.5781 0.8132 0.0675
vn 0.6589 0.7517 -0.0297
vn 0.8186 0.5743 -0.0081
vn 0.0001 -0.3497 0.9369
vn 0.0611 -0.8523 0.5194
vn 0.1397 -0.5594 0.8171
vn 0.0577 -0.4744 0.8784
vn 0.0522 0.7068 0.7055
vn 0.0960 -0.5969 0.7966
vn 0.0698 0.4107 0.9091
vn 0.1557 0.1594 0.9749
vn 0.1049 -0.6316 0.7681
vn 0.0139 0.0035 0.9999
vn 0.0259 0.4936 0.8693
vn 0.1149 0.2704 0.9559
vn -0.0580 -0.6102 0.7901
vn 0.0404 -0.2076 0.9774
vn 0.1545 -0.7437 0.6504
vn 0.0582 -0.7313 0.6795
vn -0.0471 0.4602 0.8866
vn 0.0106 0.7113 0.7028
vn 0.0252 0.6590 0.7517
vn 0.0709 -0.7918 0.6066
vn -0.0766 0.2575 0.9633
vn 0.0912 -0.8318 0.5476
vn 0.1476 -0.8367 0.5273
vn 0.1187 -0.6399 0.7592
vn 0.0579 -0.9335 -0.3539
vn 0.0517 -0.8384 -0.5426
vn 0.0301 -0.7592 0.6502
vn 0.0590 -0.8012 0.5954
vn 0.0999 -0.3328 -0.9377
vn 0.0325 -0.5622 -0.8264
vn 0.0441 0.4239 -0.9046
vn 0.0693 -0.4820 0.8734
vn 0.1285 -0.4702 0.8731
vn 0.0702 -0.9865 -0.1478
vn 0.0612 -0.9632 -0.2616
vn 0.1199 -0.9607 -0.2503
vn 0.1306 -0.9091 -0.3955
vn 0.1736 -0.6626 -0.7285
vn 0.4631 0.3124 -0.8294
vn 0.3216 -0.1410 -0.9363
vn 0.3884 0.4991 -0.7746
vn 0.3337 0.6460 -0.6865
vn 0.4187 -0.2095 -0.8836
vn 0.3258 -0.1255 -0.9371
vn 0.2224 0.5947 -0.7726
vn 0.2758 0.0311 -0.9607
vn 0.1163 -0.9342 -0.3373
vn 0.1542 -0.8247 -0.5441
vn 0.2101 -0.7807 -0.5886
vn 0.2734 -0.5721 -0.7733
vn 0.2538 -0.0010 -0.9673
vn 0.1567 -0.0926 -0.9833
vn 0.2751 -0.0384 -0.9607
vn 0.1053 0.6584 -0.7452
vn 0.2570 -0.7752 -0.5771
vn 0.3023 -0.4209 -0.8552
vn 0.1680 -0.7021 -0.6920
vn 0.0967 0.7601 -0.6426
vn 0.2347 0.4570 -0.8579
vn 0.2391 -0.5639 -0.7905
vn 0.1950 0.7478 -0.6347
vn 0.2520 0.3210 -0.9129
vn 0.2657 -0.3279 -0.9066
vn 0.2269 -0.4631 -0.8568
vn 0.1782 -0.8760 -0.4483
vn 0.1918 -0.4713 -0.8609
vn 0.2584 -0.5492 -0.7947
vn 0.0017 -0.8458 0.5335
vn 0.0145 -0.8034 0.5953
vn -0.0315 -0.8935 0.4480
vn -0.0608 -0.9209 0.3850
vn -0.0489 -0.8233 0.5655
vn 0.0649 -0.8529 0.5181
vn 0.1087 -0.7927 0.5999
vn 0.0154 -0.9312 0.3643
vn 0.0655 -0.9972 -0.0370
vn 0.0840 -0.9861 0.1434
vn 0.0559 -0.9969 0.0556
vn 0.1019 -0.9750 0.1975
vn 0.0962 -0.9336 0.3451
vn 0.1285 -0.9484 0.2897
vn 0.0982 -0.9577 0.2704
vn 0.1088 -0.8861 0.4506
vn 0.1039 -0.8443 0.5257
vn 0.1009 -0.9235 0.3700
vn 0.0796 -0.9671 0.2415
vn 0.0923 -0.9879 0.1243
vn 0.1015 -0.9900 -0.0979
vn 0.0907 -0.9457 0.3122
vn 0.1490 -0.8950 0.4204
vn 0.1790 0.8615 -0.4751
vn 0.0700 0.8684 -0.4910
vn 0.0661 0.9150 -0.3979
vn 0.1009 0.8275 -0.5522
vn 0.0463 0.9388 -0.3413
vn 0.0491 0.9744 -0.2195
vn 0.1073 0.9222 -0.3716
vn 0.0479 0.8759 -0.4801
vn 0.0930 0.8292 -0.5512
vn 0.0250 -0.9870 -0.1590
vn 0.0329 -0.9559 -0.2920
vn 0.1093 -0.9778 -0.1790
vn 0.0481 -0.9969 -0.0615
vn -0.0347 -0.9759 0.2156
vn -0.0322 -0.9866 0.1603
vn -0.0465 -0.9850 0.1660
vn -0.0193 -0.9887 0.1488
vn -0.0055 -0.9994 0.0353
vn -0.0073 -0.9984 -0.0568
vn -0.0185 -0.9795 0.2004
vn 0.0271 -0.9995 0.0132
vn -0.0049 -0.9860 0.1667
vn 0.0551 0.7977 -0.6006
vn -0.0002 0.6815 -0.7318
vn -0.0728 0.7059 -0.7046
vn -0.0089 0.1455 -0.9893
vn 0.0564 0.7588 -0.6488
vn 0.0220 0.3716 -0.9281
vn 0.0095 0.8137 -0.5812
vn 0.0409 0.9014 -0.4311
vn 0.1369 0.9806 -0.1399
vn 0.0378 0.9643 -0.2621
vn 0.1120 0.9008 -0.4195
vn -0.0295 0.6446 -0.7639
vn 0.0143 0.5543 -0.8322
vn -0.0070 -0.9972 -0.0741
vn -0.0948 0.5551 -0.8264
vn -0.0620 0.4938 -0.8674
vn -0.0158 -0.9978 0.0643
vn -0.0396 -0.9971 -0.0646
vn 0.1772 0.9034 -0.3906
vn -0.0809 -0.9928 0.0887
vn -0.0185 -0.9944 0.1038
vn -0.0217 -0.9881 0.1522
vn -0.0135 -0.9993 -0.0347
vn 0.0134 -0.9999 0.0085
vn 0.0390 -0.9908 -0.1294
vn -0.0343 -0.9916 -0.1244
vn -0.0588 0.3401 -0.9385
vn 0.0589 -0.9925 -0.1069
vn 0.0176 -0.9802 0.1973
vn -0.0385 0.5395 -0.8411
vn 0.0704 -0.9964 -0.0482
vn 0.0164 -0.9992 -0.0366
vn 0.0053 -0.9838 0.1789
vn -0.0220 -0.9996 0.0204
vn 0.0004 0.9986 -0.0526
vn -0.0747 0.9196 -0.3857
vn 0.0357 0.8547 -0.5178
vn 0.0413 -0.9859 0.1624
vn -0.0519 0.9946 -0.0897
vn -0.0229 0.9776 -0.2093
vn -0.0555 0.0293 -0.9980
vn -0.0709 0.4125 -0.9082
vn -0.1147 0.2203 -0.9687
vn -0.0133 0.2307 -0.9729
vn 0.0874 -0.9923 0.0883
vn 0.0566 -0.9979 -0.0309
vn 0.0564 -0.9908 0.1227
vn 0.0403 -0.9970 0.0662
vn -0.0525 0.0160 -0.9985
vn -0.0462 -0.6502 -0.7583
vn -0.0091 -0.9677 -0.2521
vn 0.0342 -0.9992 -0.0208
vn -0.0327 -0.7640 -0.6444
vn 0.0094 -0.9980 0.0618
vn 0.0255 -0.9968 0.0751
vn 0.0344 -0.2933 -0.9554
vn 0.0110 -0.8985 -0.4389
vn -0.0517 0.1298 -0.9902
vn -0.0662 -0.1538 -0.9859
vn -0.0064 -0.6066 -0.7950
vn -0.0504 -0.9031 -0.4264
vn -0.1202 -0.7549 -0.6447
vn -0.0168 -0.9632 -0.2682
vn -0.0767 0.2627 -0.9618
vn -0.0914 -0.9676 -0.2353
vn -0.0334 -0.9990 0.0288
vn -0.0453 -0.9934 -0.1057
vn 0.0395 -0.8782 -0.4767
vn -0.0075 -0.6755 -0.7373
vn -0.0211 -0.1238 -0.9921
vn -0.0902 -0.9813 -0.1701
vn -0.0786 -0.9937 -0.0798
vn -0.1470 -0.4015 -0.9040
vn -0.0841 0.0275 -0.9961
vn -0.0442 -0.4803 -0.8760
vn -0.0287 -0.9888 -0.1466
vn 0.0035 -0.6749 -0.7379
vn -0.0211 -0.9076 -0.4193
vn -0.1467 -0.8809 -0.4500
vn -0.0884 -0.9574 -0.2748
vn -0.1071 -0.7537 -0.6484
vn -0.1598 -0.2499 -0.9550
vn -0.1004 -0.3261 -0.9400
vn -0.1060 -0.6470 -0.7551
vn -0.0433 -0.9975 0.0562
vn -0.0118 -0.9964 0.0839
vn -0.1116 -0.9271 -0.3578
vn 0.0235 -0.7328 -0.6801
vn -0.0799 -0.3379 -0.9378
vn -0.0269 -0.0765 -0.9967
vn -0.0471 -0.3043 -0.9514
vn 0.0160 -0.9997 -0.0172
vn 0.0387 -0.9874 -0.1533
vn 0.0448 -0.9930 0.1090
vn 0.1038 -0.9942 0.0271
vn 0.0463 -0.9971 0.0600
vn -0.0574 0.0533 -0.9969
vn -0.0076 -0.9999 0.0129
vn 0.0155 -0.9714 -0.2370
vn -0.0807 -0.8528 -0.5160
vn 0.0905 -0.9787 -0.1841
vn -0.1790 0.8726 -0.4544
vn 0.0800 -0.9938 -0.0770
vn 0.0980 -0.9952 0.0001
vn -0.0370 -0.9957 -0.0848
vn -0.0370 -0.1418 -0.9892
vn -0.0124 -0.9866 0.1629
vn -0.0307 -0.9711 0.2366
vn -0.0388 -0.9830 0.1793
vn -0.0485 0.3464 -0.9368
vn 0.3176 -0.9411 0.1159
vn 0.3188 -0.9474 0.0294
vn 0.3042 -0.9505 0.0631
vn 0.2644 -0.9625 0.0608
vn 0.0342 -0.9988 -0.0353
vn -0.0411 -0.9953 0.0872
vn -0.0887 -0.9960 0.0057
vn 0.2005 -0.9563 0.2126
vn -0.0567 -0.9964 -0.0636
vn -0.0422 -0.9877 -0.1503
vn 0.2454 -0.8836 0.3987
vn 0.1470 -0.9763 -0.1591
vn 0.1300 -0.7888 0.6007
vn 0.1021 -0.9248 0.3665
vn 0.2109 -0.8413 -0.4977
vn 0.2006 -0.7639 -0.6133
vn -0.0619 -0.6184 -0.7834
vn -0.0706 -0.8870 -0.4563
vn -0.0686 -0.5892 -0.8050
vn 0.0064 -0.9992 -0.0404
vn 0.0646 -0.8637 -0.4998
vn -0.0144 -0.9056 -0.4238
vn 0.1021 -0.8755 0.4723
vn 0.1187 -0.9920 0.0429
vn 0.0041 -0.9943 0.1065
vn 0.2369 -0.2022 -0.9503
vn 0.1129 -0.3679 -0.9230
vn 0.0051 -0.5968 -0.8023
vn -0.0279 0.0395 -0.9988
vn -0.0416 -0.9953 0.0873
vn 0.0092 -0.9999 -0.0115
vn -0.0287 -0.9409 -0.3374
vn -0.0771 -0.9721 -0.2215
vn -0.0594 0.6942 -0.7173
vn -0.1431 0.4266 -0.8930
vn 0.0674 0.4837 -0.8726
vn 0.0817 0.9060 -0.4154
vn 0.0902 0.9076 -0.4100
vn 0.1888 0.8979 -0.3977
vn -0.1847 0.5512 -0.8136
vn -0.2454 0.8203 -0.5166
vn 0.1718 0.9243 -0.3408
vn 0.1031 0.9555 -0.2766
vn 0.0827 0.7496 -0.6567
vn 0.0889 0.9831 -0.1602
vn -0.1029 0.9732 -0.2058
vn -0.0580 0.9509 -0.3042
vn -0.0059 0.9779 -0.2090
vn 0.0008 0.9213 -0.3889
vn 0.0474 -0.0295 -0.9984
vn 0.0230 0.3517 -0.9358
vn 0.0840 0.7917 -0.6050
vn -0.1331 0.8324 -0.5380
vn -0.0499 0.3388 -0.9395
vn -0.2613 0.8597 -0.4389
vn -0.2230 0.5102 -0.8307
vn 0.1270 0.7738 -0.6206
vn 0.2468 0.5306 -0.8109
vn -0.1000 0.7417 -0.6632
vn 0.1292 0.9016 -0.4128
vn 0.0884 0.9749 -0.2046
vn -0.1588 0.9195 -0.3597
vn -0.2229 0.9384 -0.2641
vn 0.0970 -0.9827 0.1581
vn -0.1772 0.1295 -0.9756
vn -0.1396 0.5463 -0.8259
vn -0.2357 0.7455 -0.6235
vn 0.0767 -0.9947 0.0691
vn -0.0069 -0.9812 0.1929
vn -0.0320 -0.9348 0.3537
vn 0.0574 -0.9614 0.2692
vn 0.0159 -0.9278 0.3727
vn -0.0241 -0.8889 0.4576
vn -0.0002 -0.9566 0.2915
vn -0.0520 -0.6785 0.7328
vn 0.0088 -0.9500 0.3121
vn -0.0246 -0.4306 0.9022
vn -0.0817 -0.8032 0.5900
vn -0.0318 -0.9428 0.3318
vn 0.0026 -0.2769 0.9609
vn 0.0276 0.0586 0.9979
vn 0.0674 -0.8504 0.5217
vn -0.0568 -0.9395 0.3377
vn -0.0363 -0.0423 0.9984
vn -0.0165 -0.9500 0.3118
vn 0.0128 -0.9561 0.2926
vn -0.0417 -0.9479 0.3159
vn -0.0497 -0.6929 0.7193
vn 0.0713 0.4795 0.8746
vn 0.0312 0.4357 0.8995
vn -0.0107 -0.9417 0.3362
vn -0.0526 -0.8346 0.5483
vn 0.0093 -0.9504 0.3109
vn -0.0056 -0.9466 0.3222
vn 0.0494 -0.9568 0.2865
vn 0.0784 -0.6587 0.7483
vn 0.0680 -0.6996 0.7113
vn 0.0126 -0.7470 0.6648
vn 0.0146 -0.3169 0.9483
vn -0.0541 -0.9833 0.1740
vn -0.0094 -0.9781 0.2080
vn 0.1410 0.1213 0.9825
vn -0.0016 0.0518 0.9987
vn -0.1214 -0.0103 -0.9925
vn 0.0235 -0.1581 0.9871
vn 0.0794 0.0549 0.9953
vn 0.0326 -0.7140 0.6994
vn 0.1224 0.0818 0.9891
vn 0.0771 -0.8427 0.5328
vn -0.0042 -0.9419 0.3360
vn -0.0163 -0.8491 0.5280
vn 0.0135 -0.7939 0.6079
vn 0.0877 -0.6959 0.7128
vn 0.0129 -0.8421 0.5392
vn 0.0245 -0.5889 0.8078
vn -0.0224 -0.7163 0.6975
vn 0.0732 -0.7984 0.5976
vn 0.0158 -0.7424 0.6698
vn 0.0525 0.2726 0.9607
vn -0.0336 -0.7415 0.6701
vn 0.0033 -0.6749 0.7379
vn 0.2036 -0.7284 0.6542
vn 0.0429 -0.9481 -0.3150
vn -0.0495 -0.7391 -0.6718
vn -0.1358 -0.3813 -0.9144
vn -0.0086 -0.8770 -0.4804
vn 0.0418 -0.9808 -0.1907
vn -0.0302 -0.7387 -0.6733
vn -0.0593 -0.6251 -0.7783
vn -0.0369 -0.0739 -0.9966
vn 0.0822 -0.9944 -0.0661
vn -0.0836 -0.2903 -0.9533
vn 0.8450 -0.2948 0.4462
vn 0.7978 -0.5960 0.0913
vn 0.4989 -0.8411 0.2091
vn 0.9801 -0.1931 -0.0459
vn 0.9859 -0.1668 -0.0155
vn 0.9512 -0.3059 -0.0404
vn 0.5994 -0.7927 -0.1107
vn 0.6978 -0.7149 -0.0452
vn 0.4660 -0.8846 -0.0163
vn 0.9202 -0.3913 0.0103
vn 0.8528 -0.5202 0.0458
vn 0.9552 -0.2911 -0.0531
vn 0.7674 -0.6411 -0.0081
vn 0.8784 -0.4636 -0.1160
vn 0.9948 0.0820 0.0600
vn 0.9966 -0.0125 0.0818
vn 0.9942 0.0688 0.0829
vn 0.9949 -0.0921 0.0411
vn 0.9902 -0.0012 0.1394
vn 0.6047 0.7910 -0.0932
vn 0.7001 0.6911 -0.1799
vn 0.9028 0.4227 -0.0793
vn 0.9929 -0.1185 -0.0103
vn 0.9566 -0.2816 -0.0747
vn 0.9826 -0.1517 -0.1073
vn 0.9937 -0.1099 -0.0224
vn 0.9859 -0.1293 -0.1060
vn 0.9917 -0.0924 -0.0896
vn 0.7883 -0.6153 0.0065
vn 0.9274 -0.3740 -0.0040
vn 0.6253 -0.7800 0.0262
vn 0.5710 -0.8159 -0.0911
vn 0.9911 -0.1302 -0.0287
vn 0.8095 0.5707 0.1378
vn 0.6174 0.7866 0.0008
vn 0.9877 -0.0989 0.1214
vn 0.9024 -0.4220 -0.0870
vn 0.9830 0.0635 0.1723
vn 0.9672 0.0479 0.2493
vn 0.9108 0.4087 -0.0579
vn 0.9027 0.3678 -0.2233
vn 0.9969 -0.0730 0.0306
vn 0.9994 0.0340 -0.0070
vn 0.5870 0.4535 -0.6707
vn 0.9599 -0.2644 -0.0926
vn 0.9647 -0.2613 -0.0339
vn 0.9857 -0.1383 -0.0959
vn 0.9691 -0.2314 -0.0856
vn 0.9643 0.2618 0.0384
vn 0.9871 0.1598 -0.0076
vn 0.9880 0.1078 0.1106
vn 0.9631 -0.2556 -0.0841
vn 0.9868 0.1579 0.0353
vn 0.9355 0.3468 -0.0675
vn 0.9001 0.4209 0.1122
vn 0.9727 -0.2294 0.0338
vn 0.9779 0.1320 0.1620
vn 0.9032 0.4195 -0.0905
vn 0.8811 0.4713 -0.0385
vn 0.8784 0.4751 0.0507
vn 0.9628 -0.2556 -0.0878
vn 0.9777 -0.1995 -0.0655
vn 0.9529 -0.3033 -0.0044
vn 0.7582 -0.6464 0.0854
vn 0.9793 -0.2007 -0.0269
vn 0.9634 -0.0602 0.2613
vn 0.9661 -0.2357 0.1055
vn 0.9846 0.1280 -0.1193
vn 0.9896 0.1166 -0.0844
vn 0.7507 -0.6561 -0.0778
vn 0.8311 -0.4311 -0.3513
vn 0.9681 -0.1585 -0.1940
vn 0.9019 0.4125 0.1280
vn 0.3664 -0.9303 0.0175
vn 0.1375 0.9849 -0.1055
vn 0.7817 0.2653 -0.5644
vn 0.9955 0.0789 -0.0529
vn 0.6206 -0.7172 -0.3170
vn 0.3806 -0.8582 0.3444
vn 0.9707 0.2151 -0.1071
vn 0.9726 0.1554 -0.1732
vn 0.9728 0.2071 -0.1036
vn 0.1785 -0.9513 -0.2514
vn 0.6835 -0.6744 0.2794
vn 0.7766 0.5170 0.3601
vn 0.7531 -0.2329 -0.6153
vn 0.4956 -0.8101 -0.3133
vn 0.9355 0.3309 0.1238
vn 0.9009 0.4239 0.0936
vn 0.5559 -0.8293 -0.0564
vn 0.9380 0.3131 -0.1488
vn 0.9368 0.3370 -0.0942
vn 0.8770 0.4657 -0.1182
vn 0.9126 0.4032 -0.0676
vn 0.8861 0.4458 -0.1269
vn 0.5005 0.8533 -0.1462
vn 0.9427 0.2924 -0.1605
vn 0.9352 0.1083 0.3370
vn 0.9465 0.1396 0.2908
vn 0.9605 0.2339 0.1509
vn 0.9098 0.3129 0.2727
vn 0.9076 0.2248 0.3546
vn 0.9311 0.3623 -0.0418
vn 0.8707 0.4853 0.0800
vn 0.8964 0.4230 0.1321
vn 0.9209 0.3460 -0.1794
vn 0.7017 0.6471 0.2981
vn 0.9325 0.3612 -0.0018
vn 0.1501 0.9531 -0.2629
vn 0.8354 0.5483 0.0381
vn 0.8174 0.5761 0.0058
vn 0.8584 0.5128 0.0161
vn 0.8615 0.4984 0.0969
vn 0.7869 0.6085 -0.1026
vn 0.8867 0.4598 0.0493
vn 0.5342 -0.8453 0.0056
vn 0.9949 -0.0144 -0.0993
vn 0.9924 -0.1230 -0.0073
vn 0.9950 -0.0459 -0.0889
vn 0.3682 -0.9280 -0.0578
vn 0.9775 -0.1699 -0.1252
vn 0.9592 -0.2725 -0.0754
vn 0.9672 -0.2538 -0.0035
vn 0.9895 -0.1447 -0.0021
vn 0.9702 -0.1928 -0.1465
vn 0.9739 -0.1793 -0.1392
vn 0.9806 0.0013 -0.1960
vn 0.6778 0.7306 0.0828
vn 0.9335 0.1711 -0.3151
vn 0.6991 -0.7149 -0.0135
vn 0.7824 -0.6196 -0.0619
vn 0.9799 -0.1898 -0.0620
vn 0.9396 -0.3210 -0.1184
vn 0.7287 -0.6805 0.0774
vn 0.7529 -0.6514 -0.0938
vn 0.8621 -0.4959 -0.1039
vn 0.7847 -0.6019 -0.1481
vn 0.9173 -0.3979 -0.0170
vn 0.8505 -0.5258 -0.0139
vn 0.9186 -0.3883 -0.0739
vn 0.9902 -0.1203 0.0709
vn 0.9600 -0.2794 0.0171
vn 0.9717 -0.2329 -0.0397
vn 0.9820 -0.1871 0.0248
vn 0.7963 -0.6043 0.0256
vn 0.9662 -0.2262 -0.1235
vn 0.9900 -0.1378 -0.0301
vn 0.9859 -0.1649 0.0267
vn 0.9814 -0.1623 -0.1030
vn 0.9816 -0.1487 -0.1195
vt 0.199944 0.999512
vt 0.198413 0.999489
vt 0.199755 0.999461
vt 0.375848 0.290733
vt 0.383750 0.292127
vt 0.365736 0.292429
vt 0.571838 0.283675
vt 0.561695 0.286140
vt 0.546232 0.283995
vt 0.490010 0.283488
vt 0.515123 0.283954
vt 0.499200 0.286327
vt 0.172950 0.285787
vt 0.184339 0.283573
vt 0.175014 0.289322
vt 0.207325 0.297050
vt 0.212489 0.299459
vt 0.200242 0.299081
vt 0.612359 0.295821
vt 0.642697 0.297043
vt 0.603709 0.297608
vt 0.142948 0.466205
vt 0.151713 0.466227
vt 0.150187 0.468087
vt 0.303777 0.297287
vt 0.288626 0.297275
vt 0.292758 0.293063
vt 0.147222 0.300770
vt 0.149539 0.297792
vt 0.156679 0.300591
vt 0.217624 0.283637
vt 0.218327 0.297472
vt 0.215965 0.293047
vt 0.058231 0.446782
vt 0.058436 0.461842
vt 0.034993 0.455818
vt 0.180046 0.294136
vt 0.181382 0.297240
vt 0.170774 0.296814
vt 0.221339 0.999407
vt 0.219153 0.999632
vt 0.218086 0.999341
vt 0.193719 0.999538
vt 0.192318 0.999538
vt 0.193023 0.999435
vt 0.247361 0.999440
vt 0.244322 0.999552
vt 0.242372 0.999422
vt 0.229664 0.999356
vt 0.228366 0.999617
vt 0.226188 0.999401
vt 0.238070 0.999425
vt 0.236728 0.999549
vt 0.234210 0.999448
vt 0.636326 0.290880
vt 0.628912 0.291255
vt 0.603920 0.290994
vt 0.626026 0.284071
vt 0.596766 0.283952
vt 0.619718 0.283691
vt 0.271812 0.999385
vt 0.267504 0.999588
vt 0.263096 0.999387
vt 0.213264 0.999481
vt 0.211006 0.999523
vt 0.210761 0.999451
vt 0.182350 0.999582
vt 0.182127 0.999391
vt 0.182350 0.999391
vt 0.187257 0.999581
vt 0.187486 0.999392
vt 0.187486 0.999581
vt 0.140099 0.283662
vt 0.143269 0.283719
vt 0.142943 0.284946
vt 0.140605 0.285126
vt 0.212081 0.283752
vt 0.206368 0.286063
vt 0.203153 0.283913
vt 0.198596 0.285441
vt 0.168111 0.289989
vt 0.159657 0.295227
vt 0.160447 0.291673
vt 0.157351 0.290890
vt 0.356443 0.291960
vt 0.358351 0.286854
vt 0.360965 0.296308
vt 0.346428 0.287179
vt 0.041578 0.636164
vt 0.044026 0.623878
vt 0.056059 0.627794
vt 0.032237 0.620510
vt 0.570317 0.292380
vt 0.581728 0.285648
vt 0.580938 0.292259
vt 0.599087 0.291824
vt 0.168031 0.284399
vt 0.165618 0.285319
vt 0.161278 0.283469
vt 0.157431 0.285108
vt 0.251955 0.813080
vt 0.225295 0.805111
vt 0.251620 0.790817
vt 0.285999 0.790616
vt 0.205398 0.999248
vt 0.205382 0.999725
vt 0.204399 0.999248
vt 0.206279 0.999248
vt 0.258366 0.999379
vt 0.255873 0.999595
vt 0.253971 0.999411
vt 0.251900 0.999426
vt 0.138726 0.290368
vt 0.143631 0.289816
vt 0.140653 0.296427
vt 0.143649 0.295003
vt 0.136638 0.296245
vt 0.149944 0.284316
vt 0.151848 0.292379
vt 0.148450 0.289354
vt 0.152485 0.283596
vt 0.148490 0.292035
vt 0.148336 0.284772
vt 0.097114 0.477729
vt 0.088561 0.487165
vt 0.066832 0.476699
vt 0.065103 0.487851
vt 0.084175 0.495573
vt 0.067361 0.500714
vt 0.021276 0.820595
vt 0.027004 0.808629
vt 0.035555 0.821074
vt 0.018452 0.809158
vt 0.010646 0.814466
vt 0.034984 0.803156
vt 0.985999 0.610546
vt 0.987533 0.621717
vt 0.969986 0.623106
vt 0.975247 0.609899
vt 0.962159 0.618287
vt 0.972193 0.603793
vt 0.398169 0.294612
vt 0.407164 0.283417
vt 0.408270 0.292484
vt 0.399185 0.283424
vt 0.389140 0.293120
vt 0.387418 0.283633
vt 0.230435 0.287134
vt 0.229459 0.296503
vt 0.223613 0.299339
vt 0.237938 0.287413
vt 0.223047 0.284850
vt 0.237202 0.297381
vt 0.039500 0.254342
vt 0.009688 0.264490
vt 0.008931 0.243333
vt 0.043440 0.229871
vt 0.007203 0.223394
vt 0.047211 0.202655
vt 0.007732 0.203526
vt 0.438528 0.288883
vt 0.454270 0.283376
vt 0.451649 0.290302
vt 0.459125 0.296707
vt 0.445678 0.296336
vt 0.461882 0.287071
vt 0.985207 0.316727
vt 0.973059 0.346642
vt 0.966516 0.325651
vt 0.995752 0.328755
vt 0.995195 0.346347
vt 0.955993 0.343410
vt 0.983274 0.357811
vt 0.540198 0.283502
vt 0.542979 0.296581
vt 0.531824 0.285149
vt 0.520861 0.285459
vt 0.531067 0.295419
vt 0.523018 0.295933
vt 0.517596 0.294011
vt 0.204876 0.809944
vt 0.187046 0.814908
vt 0.202762 0.800176
vt 0.196102 0.790842
vt 0.179625 0.804897
vt 0.170497 0.796859
vt 0.219822 0.814426
vt 0.220674 0.803402
vt 0.017692 0.798856
vt 0.016329 0.788561
vt 0.022427 0.785764
vt 0.029314 0.795103
vt 0.024127 0.801505
vt 0.027913 0.787188
vt 0.011753 0.800734
vt 0.012073 0.788487
vt 0.033997 0.791941
vt 0.050717 0.793797
vt 0.044255 0.803467
vt 0.066210 0.787562
vt 0.074832 0.790930
vt 0.064236 0.803467
vt 0.054620 0.782776
vt 0.041536 0.783324
vt 0.339831 0.284339
vt 0.338577 0.291916
vt 0.333596 0.289488
vt 0.325632 0.283635
vt 0.327721 0.292195
vt 0.342746 0.297474
vt 0.331088 0.296977
vt 0.038311 0.192263
vt 0.033099 0.188801
vt 0.041386 0.179898
vt 0.055337 0.188203
vt 0.049908 0.182594
vt 0.060330 0.179852
vt 0.042935 0.196944
vt 0.050514 0.195294
vt 0.054585 0.196079
vt 0.972265 0.689551
vt 0.951804 0.703262
vt 0.943720 0.669022
vt 0.957010 0.658678
vt 0.977900 0.668005
vt 0.971445 0.640681
vt 0.922245 0.668092
vt 0.929163 0.696892
vt 0.986202 0.650955
vt 0.988432 0.663317
vt 0.068580 0.812989
vt 0.061318 0.823272
vt 0.058050 0.808195
vt 0.040249 0.816811
vt 0.040366 0.808497
vt 0.048542 0.809044
vt 0.052523 0.816155
vt 0.051474 0.825276
vt 0.044972 0.820508
vt 0.484153 0.296340
vt 0.479814 0.289824
vt 0.490340 0.295435
vt 0.476485 0.292543
vt 0.467949 0.287273
vt 0.473268 0.296264
vt 0.466539 0.283764
vt 0.481059 0.283743
vt 0.414136 0.290663
vt 0.413553 0.285730
vt 0.420722 0.291011
vt 0.412774 0.288330
vt 0.425945 0.288924
vt 0.423725 0.286150
vt 0.430381 0.284592
vt 0.434248 0.289424
vt 0.428542 0.291383
vt 0.188057 0.298488
vt 0.186008 0.298247
vt 0.190694 0.295002
vt 0.186728 0.294873
vt 0.193377 0.290710
vt 0.193899 0.296254
vt 0.186427 0.291004
vt 0.191695 0.287526
vt 0.197976 0.292732
vt 0.194236 0.299743
vt 0.981468 0.753492
vt 0.994737 0.728146
vt 0.994737 0.752129
vt 0.978046 0.727638
vt 0.965242 0.739268
vt 0.961802 0.722170
vt 0.957090 0.754216
vt 0.953841 0.744423
vt 0.973089 0.747332
vt 0.944688 0.742940
vt 0.986805 0.075054
vt 0.988683 0.096088
vt 0.964535 0.087439
vt 0.951834 0.102633
vt 0.941630 0.087803
vt 0.987175 0.051673
vt 0.946958 0.056913
vt 0.989582 0.113649
vt 0.964369 0.113649
vt 0.980559 0.032866
vt 0.959474 0.032142
vt 0.963072 0.575114
vt 0.970863 0.574166
vt 0.967250 0.577143
vt 0.967282 0.570185
vt 0.980037 0.570578
vt 0.981112 0.576172
vt 0.970478 0.584846
vt 0.969775 0.578697
vt 0.981486 0.584717
vt 0.975458 0.573967
vt 0.311013 0.285632
vt 0.318483 0.283870
vt 0.310900 0.292105
vt 0.307904 0.286896
vt 0.309122 0.289305
vt 0.307844 0.283930
vt 0.305029 0.291065
vt 0.321254 0.284883
vt 0.321071 0.291353
vt 0.993769 0.449777
vt 0.984190 0.457765
vt 0.981359 0.444473
vt 0.990821 0.462379
vt 0.961056 0.470136
vt 0.961056 0.453931
vt 0.971014 0.465428
vt 0.981997 0.472246
vt 0.990839 0.471284
vt 0.961056 0.437630
vt 0.980625 0.426111
vt 0.098706 0.796766
vt 0.106053 0.790633
vt 0.106293 0.798021
vt 0.113419 0.792018
vt 0.095075 0.811893
vt 0.089011 0.793433
vt 0.111578 0.809413
vt 0.084586 0.812990
vt 0.079855 0.792635
vt 0.118007 0.802375
vt 0.077065 0.814775
vt 0.104728 0.815116
vt 0.015496 0.960525
vt 0.025476 0.960617
vt 0.017034 0.967545
vt 0.020235 0.969519
vt 0.015252 0.974471
vt 0.012110 0.971355
vt 0.028655 0.968465
vt 0.018680 0.978428
vt 0.007445 0.967698
vt 0.010803 0.960469
vt 0.030542 0.981009
vt 0.030712 0.312910
vt 0.029462 0.305707
vt 0.036445 0.314712
vt 0.022060 0.332111
vt 0.031457 0.338727
vt 0.031519 0.307442
vt 0.044253 0.322936
vt 0.047460 0.308550
vt 0.051698 0.322425
vt 0.056009 0.305010
vt 0.062129 0.320968
vt 0.026255 0.320958
vt 0.022932 0.317665
vt 0.039018 0.334991
vt 0.965915 0.301730
vt 0.969115 0.294831
vt 0.977464 0.312621
vt 0.986273 0.305884
vt 0.970429 0.314975
vt 0.953887 0.306468
vt 0.957809 0.301295
vt 0.953157 0.286010
vt 0.958383 0.276401
vt 0.944661 0.289302
vt 0.976825 0.285415
vt 0.935698 0.276477
vt 0.167319 0.807283
vt 0.161016 0.807218
vt 0.161982 0.802381
vt 0.151329 0.806202
vt 0.170006 0.811972
vt 0.148995 0.800837
vt 0.166179 0.790697
vt 0.123125 0.801257
vt 0.121575 0.791726
vt 0.136288 0.791183
vt 0.137735 0.797411
vt 0.130788 0.807346
vt 0.148861 0.791779
vt 0.140079 0.809246
vt 0.941623 0.821970
vt 0.969355 0.796247
vt 0.966854 0.824099
vt 0.955606 0.790484
vt 0.969832 0.777871
vt 0.988537 0.795270
vt 0.995441 0.809948
vt 0.995441 0.839422
vt 0.968195 0.839422
vt 0.971636 0.761194
vt 0.984404 0.764514
vt 0.945799 0.764054
vt 0.991872 0.776681
vt 0.940904 0.793754
vt 0.959830 0.354284
vt 0.967357 0.365016
vt 0.958663 0.363563
vt 0.976633 0.373503
vt 0.967890 0.372907
vt 0.942433 0.371409
vt 0.963348 0.378003
vt 0.946446 0.382883
vt 0.929496 0.379051
vt 0.976434 0.375143
vt 0.976608 0.360877
vt 0.943845 0.361149
vt 0.959532 0.369604
vt 0.982208 0.381823
vt 0.975013 0.904542
vt 0.965111 0.910569
vt 0.951603 0.901576
vt 0.976730 0.910039
vt 0.977722 0.915774
vt 0.964927 0.918117
vt 0.980659 0.920997
vt 0.970780 0.921391
vt 0.974869 0.935098
vt 0.963876 0.928593
vt 0.983607 0.911905
vt 0.971514 0.895305
vt 0.945622 0.894471
vt 0.988670 0.905909
vt 0.977549 0.906020
vt 0.971511 0.975155
vt 0.970453 0.993854
vt 0.959659 0.988152
vt 0.976879 0.948785
vt 0.994788 0.979804
vt 0.947099 0.994747
vt 0.942953 0.987190
vt 0.952931 0.982022
vt 0.963313 0.952379
vt 0.960059 0.976464
vt 0.955661 0.967938
vt 0.935397 0.988004
vt 0.939238 0.973452
vt 0.953332 0.955617
vt 0.948673 0.969064
vt 0.966489 0.509953
vt 0.965060 0.499191
vt 0.970549 0.507709
vt 0.970225 0.501880
vt 0.972808 0.500670
vt 0.971872 0.505199
vt 0.965645 0.496266
vt 0.957888 0.493234
vt 0.966966 0.492643
vt 0.980200 0.498846
vt 0.967967 0.485137
vt 0.954191 0.483027
vt 0.959747 0.489866
vt 0.959533 0.480807
vt 0.987288 0.496376
vt 0.976907 0.482596
vt 0.061107 0.475367
vt 0.055760 0.483576
vt 0.050563 0.481122
vt 0.054192 0.476294
vt 0.043472 0.478125
vt 0.042404 0.481840
vt 0.042080 0.485954
vt 0.046609 0.484617
vt 0.046232 0.489264
vt 0.035756 0.480591
vt 0.035901 0.484508
vt 0.059720 0.488041
vt 0.055699 0.495876
vt 0.050326 0.473323
vt 0.037369 0.474329
vt 0.029242 0.479613
vt 0.961890 0.009111
vt 0.940925 0.013147
vt 0.958429 0.000484
vt 0.939691 0.001509
vt 0.941340 0.025172
vt 0.950826 0.022027
vt 0.948502 0.026122
vt 0.960599 0.013504
vt 0.954534 0.017025
vt 0.952085 0.013923
vt 0.958639 0.026210
vt 0.941643 0.019614
vt 0.959936 0.020188
vt 0.978662 0.009936
vt 0.969873 0.011698
vt 0.985360 0.011033
vt 0.965236 0.016426
vt 0.973912 0.003740
vt 0.986653 0.529290
vt 0.979181 0.527020
vt 0.985598 0.524625
vt 0.989301 0.515098
vt 0.968146 0.530981
vt 0.970032 0.514711
vt 0.972371 0.556790
vt 0.980096 0.542603
vt 0.980441 0.550146
vt 0.966909 0.558388
vt 0.959100 0.561264
vt 0.967459 0.551581
vt 0.972989 0.537983
vt 0.987455 0.548315
vt 0.976869 0.560564
vt 0.957429 0.549411
vt 0.987514 0.541829
vt 0.951943 0.545035
vt 0.989536 0.535105
vt 0.929757 0.406611
vt 0.926471 0.389450
vt 0.944021 0.394507
vt 0.912099 0.409718
vt 0.890565 0.396268
vt 0.918581 0.372007
vt 0.891511 0.372995
vt 0.889466 0.418370
vt 0.946039 0.421241
vt 0.955882 0.397934
vt 0.958354 0.413294
vt 0.934376 0.416247
vt 0.922587 0.423560
vt 0.942671 0.407726
vt 0.955410 0.424881
vt 0.966099 0.426215
vt 0.968850 0.401498
vt 0.930763 0.427598
vt 0.911863 0.428814
vt 0.013156 0.839503
vt 0.004100 0.844778
vt 0.002205 0.835749
vt 0.025191 0.843819
vt 0.016434 0.844686
vt 0.024354 0.838368
vt 0.028860 0.862577
vt 0.002197 0.863293
vt 0.009208 0.850689
vt 0.033175 0.833621
vt 0.027556 0.831496
vt 0.021163 0.848464
vt 0.029031 0.846966
vt 0.018078 0.873212
vt 0.043300 0.830073
vt 0.035412 0.838830
vt 0.044005 0.832630
vt 0.015548 0.832083
vt 0.914448 0.758732
vt 0.928402 0.741478
vt 0.926627 0.769179
vt 0.937390 0.746655
vt 0.936338 0.767967
vt 0.904575 0.795052
vt 0.929109 0.800729
vt 0.936621 0.782356
vt 0.900796 0.758216
vt 0.915978 0.732875
vt 0.902029 0.719793
vt 0.883845 0.753456
vt 0.877368 0.710161
vt 0.897446 0.686724
vt 0.888139 0.785903
vt 0.869539 0.753784
vt 0.856419 0.706023
vt 0.855370 0.744995
vt 0.918735 0.681818
vt 0.924189 0.705240
vt 0.931452 0.719889
vt 0.944425 0.724144
vt 0.906113 0.321302
vt 0.917943 0.342606
vt 0.901367 0.336453
vt 0.886660 0.315992
vt 0.882326 0.308511
vt 0.892354 0.303171
vt 0.906992 0.350190
vt 0.894897 0.324275
vt 0.896381 0.283908
vt 0.893799 0.264248
vt 0.910451 0.278587
vt 0.908654 0.267817
vt 0.905395 0.303564
vt 0.924505 0.315940
vt 0.914213 0.294151
vt 0.936548 0.289820
vt 0.954430 0.321912
vt 0.939748 0.338245
vt 0.892118 0.261823
vt 0.937517 0.367540
vt 0.913493 0.365565
vt 0.920508 0.272923
vt 0.840408 0.116428
vt 0.831238 0.100413
vt 0.851606 0.082258
vt 0.826024 0.066711
vt 0.835437 0.080291
vt 0.819172 0.090879
vt 0.882206 0.139815
vt 0.862668 0.110824
vt 0.882539 0.098865
vt 0.830129 0.049791
vt 0.840439 0.054156
vt 0.815860 0.123777
vt 0.815613 0.107171
vt 0.827076 0.141550
vt 0.854149 0.139462
vt 0.867498 0.089420
vt 0.815758 0.163640
vt 0.842916 0.187092
vt 0.815613 0.189565
vt 0.836368 0.206882
vt 0.846567 0.165890
vt 0.871673 0.180599
vt 0.815676 0.079661
vt 0.843571 0.067739
vt 0.247488 0.092310
vt 0.269440 0.110893
vt 0.236648 0.123148
vt 0.315856 0.085246
vt 0.320530 0.056945
vt 0.332954 0.072887
vt 0.343032 0.069699
vt 0.339323 0.082444
vt 0.279787 0.069875
vt 0.277572 0.056941
vt 0.299626 0.056941
vt 0.294678 0.085789
vt 0.339089 0.098271
vt 0.327813 0.102916
vt 0.291513 0.116555
vt 0.256202 0.057879
vt 0.266386 0.082746
vt 0.231261 0.060629
vt 0.343033 0.109397
vt 0.198760 0.076924
vt 0.310534 0.109022
vt 0.192005 0.123757
vt 0.349061 0.102483
vt 0.359191 0.109160
vt 0.371650 0.119240
vt 0.860544 0.894567
vt 0.869155 0.904565
vt 0.847905 0.908813
vt 0.868822 0.874975
vt 0.872675 0.857269
vt 0.887840 0.858808
vt 0.877818 0.890790
vt 0.885718 0.875373
vt 0.886659 0.831677
vt 0.894032 0.816673
vt 0.900168 0.829003
vt 0.861643 0.919509
vt 0.837535 0.928174
vt 0.841114 0.918636
vt 0.830262 0.924982
vt 0.826731 0.905517
vt 0.838482 0.894470
vt 0.844476 0.902238
vt 0.848846 0.884716
vt 0.876686 0.853856
vt 0.855078 0.932154
vt 0.832081 0.935894
vt 0.834373 0.914823
vt 0.880550 0.846888
vt 0.891736 0.843679
vt 0.856152 0.867819
vt 0.948181 0.857403
vt 0.951223 0.866553
vt 0.942915 0.856612
vt 0.897840 0.864148
vt 0.911607 0.864173
vt 0.901804 0.874784
vt 0.959718 0.846126
vt 0.942764 0.875738
vt 0.951189 0.881725
vt 0.913704 0.844163
vt 0.917251 0.883893
vt 0.919624 0.871427
vt 0.925871 0.877991
vt 0.909363 0.881491
vt 0.979673 0.844504
vt 0.963593 0.876001
vt 0.948147 0.844826
vt 0.940545 0.834793
vt 0.933586 0.882435
vt 0.933892 0.859786
vt 0.922092 0.858934
vt 0.925823 0.866245
vt 0.927186 0.848501
vt 0.981239 0.880885
vt 0.986218 0.864138
vt 0.925890 0.834793
vt 0.933232 0.838031
vt 0.896739 0.847834
vt 0.982054 0.120926
vt 0.974311 0.126350
vt 0.982168 0.119576
vt 0.977609 0.129745
vt 0.962040 0.134418
vt 0.989614 0.126715
vt 0.986870 0.131381
vt 0.982069 0.132799
vt 0.986437 0.138466
vt 0.984960 0.151918
vt 0.982319 0.137304
vt 0.990301 0.120247
vt 0.970157 0.141105
vt 0.945972 0.160712
vt 0.977543 0.148527
vt 0.934010 0.144015
vt 0.951711 0.127116
vt 0.991382 0.128352
vt 0.993456 0.130806
vt 0.965682 0.160712
vt 0.988210 0.138226
vt 0.964053 0.127871
vt 0.976986 0.140042
vt 0.974187 0.146794
vt 0.986247 0.125196
vt 0.940162 0.127200
vt 0.926462 0.123427
vt 0.974555 0.153161
vt 0.978403 0.160712
vt 0.936263 0.121517
vt 0.958354 0.629414
vt 0.942915 0.641420
vt 0.949083 0.629197
vt 0.931432 0.629805
vt 0.935030 0.611711
vt 0.942885 0.620795
vt 0.939069 0.635173
vt 0.948678 0.590374
vt 0.931746 0.601643
vt 0.944952 0.633060
vt 0.945629 0.626035
vt 0.955670 0.617325
vt 0.920985 0.628094
vt 0.961081 0.642355
vt 0.947497 0.648164
vt 0.952762 0.606827
vt 0.952484 0.555739
vt 0.950879 0.572293
vt 0.923160 0.550826
vt 0.961698 0.602177
vt 0.958234 0.573448
vt 0.941799 0.660872
vt 0.937932 0.650974
vt 0.930813 0.656884
vt 0.928469 0.647083
vt 0.927720 0.581200
vt 0.957309 0.594617
vt 0.935041 0.660210
vt 0.897480 0.583693
vt 0.916924 0.607323
vt 0.958281 0.581276
vt 0.961727 0.582606
vt 0.896589 0.550627
vt 0.864405 0.206292
vt 0.866352 0.197496
vt 0.872952 0.200842
vt 0.876447 0.203318
vt 0.877225 0.194601
vt 0.887492 0.196193
vt 0.898578 0.186413
vt 0.901566 0.199620
vt 0.882134 0.178412
vt 0.884544 0.184988
vt 0.874906 0.187168
vt 0.890541 0.173877
vt 0.897049 0.146412
vt 0.895457 0.162112
vt 0.892419 0.154798
vt 0.897290 0.130120
vt 0.893236 0.145856
vt 0.887351 0.166464
vt 0.890251 0.152611
vt 0.893061 0.139728
vt 0.888124 0.134664
vt 0.892759 0.129915
vt 0.832753 0.223601
vt 0.843749 0.212550
vt 0.846877 0.215783
vt 0.908784 0.165448
vt 0.924644 0.138237
vt 0.914942 0.186558
vt 0.868066 0.214860
vt 0.852538 0.204888
vt 0.897999 0.129940
vt 0.896131 0.122395
vt 0.930081 0.160461
vt 0.890589 0.123479
vt 0.823312 0.797540
vt 0.833726 0.799001
vt 0.832394 0.809449
vt 0.803582 0.756355
vt 0.822865 0.763398
vt 0.809947 0.769538
vt 0.875580 0.836077
vt 0.871292 0.847616
vt 0.854535 0.847102
vt 0.839612 0.823157
vt 0.819862 0.813260
vt 0.844966 0.789651
vt 0.825109 0.782879
vt 0.839047 0.776657
vt 0.860479 0.765501
vt 0.790557 0.746500
vt 0.804862 0.740289
vt 0.804718 0.785229
vt 0.828346 0.832082
vt 0.856712 0.819900
vt 0.851373 0.835296
vt 0.788458 0.761878
vt 0.872840 0.795690
vt 0.774317 0.743580
vt 0.846648 0.807179
vt 0.874946 0.816754
vt 0.774871 0.726773
vt 0.840124 0.834928
vt 0.839069 0.844688
vt 0.828473 0.743622
vt 0.837184 0.723326
vt 0.798985 0.714188
vt 0.820138 0.700639
vt 0.844791 0.742701
vt 0.925997 0.268398
vt 0.922499 0.228414
vt 0.940364 0.230265
vt 0.962248 0.227700
vt 0.944319 0.210650
vt 0.959573 0.212676
vt 0.979470 0.204846
vt 0.975404 0.196421
vt 0.989620 0.205398
vt 0.920346 0.203805
vt 0.933433 0.170380
vt 0.946493 0.170976
vt 0.953674 0.187103
vt 0.975385 0.209287
vt 0.984932 0.212072
vt 0.980049 0.183333
vt 0.989328 0.189160
vt 0.984211 0.193307
vt 0.970183 0.179211
vt 0.977795 0.174288
vt 0.971425 0.186808
vt 0.974074 0.218305
vt 0.988225 0.222748
vt 0.978180 0.229549
vt 0.950775 0.198571
vt 0.967819 0.199898
vt 0.966319 0.207583
vt 0.959247 0.248109
vt 0.960724 0.269576
vt 0.923852 0.185567
vt 0.938514 0.184595
vt 0.957750 0.179757
vt 0.955679 0.169849
vt 0.990331 0.266985
vt 0.980318 0.244714
vt 0.986798 0.179703
vt 0.942240 0.101858
vt 0.950478 0.116821
vt 0.939771 0.114053
vt 0.859800 0.015714
vt 0.878416 0.031871
vt 0.871252 0.043223
vt 0.890955 0.035429
vt 0.889948 0.020046
vt 0.863690 0.077171
vt 0.864951 0.059042
vt 0.883508 0.083777
vt 0.886505 0.049405
vt 0.882746 0.063658
vt 0.934211 0.089398
vt 0.893383 0.079075
vt 0.894339 0.091378
vt 0.945891 0.042711
vt 0.916943 0.032027
vt 0.936203 0.029986
vt 0.896273 0.064625
vt 0.904771 0.080763
vt 0.901115 0.092999
vt 0.927364 0.018024
vt 0.898162 0.101383
vt 0.853389 0.062015
vt 0.911714 0.063708
vt 0.920532 0.048628
vt 0.936423 0.057250
vt 0.901708 0.046626
vt 0.900906 0.029114
vt 0.872192 0.008559
vt 0.925831 0.003210
vt 0.905465 0.004696
vt 0.884854 0.001249
vt 0.921425 0.085669
vt 0.935143 0.071046
vt 0.848106 0.022465
vt 0.834942 0.030065
vt 0.923529 0.113618
vt 0.910925 0.102344
vt 0.903406 0.106101
vt 0.891106 0.103444
vt 0.941486 0.946419
vt 0.944215 0.949416
vt 0.936163 0.955540
vt 0.948253 0.941044
vt 0.935756 0.930825
vt 0.958472 0.926599
vt 0.941392 0.957896
vt 0.956393 0.937655
vt 0.930548 0.948547
vt 0.930390 0.963227
vt 0.923147 0.999698
vt 0.923756 0.983101
vt 0.929973 0.991698
vt 0.934483 0.968271
vt 0.930271 0.979178
vt 0.925520 0.971831
vt 0.917279 0.987481
vt 0.919669 0.976746
vt 0.909973 0.979907
vt 0.915953 0.971910
vt 0.915039 0.980757
vt 0.885254 0.999475
vt 0.893677 0.967998
vt 0.904481 0.987160
vt 0.921160 0.970010
vt 0.922336 0.965480
vt 0.909157 0.991459
vt 0.925404 0.965831
vt 0.921139 0.960941
vt 0.928386 0.961725
vt 0.916522 0.926745
vt 0.909305 0.944015
vt 0.899633 0.918605
vt 0.953096 0.914620
vt 0.862135 0.934068
vt 0.897713 0.883259
vt 0.836190 0.971123
vt 0.865491 0.986612
vt 0.931713 0.957126
vt 0.914528 0.903149
vt 0.936856 0.896312
vt 0.068364 0.235422
vt 0.075654 0.242932
vt 0.070922 0.247127
vt 0.045181 0.258919
vt 0.050088 0.231661
vt 0.063864 0.252178
vt 0.152760 0.220533
vt 0.115861 0.265178
vt 0.122876 0.205531
vt 0.077179 0.232108
vt 0.082700 0.256137
vt 0.113117 0.196355
vt 0.095676 0.205631
vt 0.042958 0.279113
vt 0.030250 0.265556
vt 0.063719 0.223333
vt 0.074560 0.249524
vt 0.070895 0.261984
vt 0.083063 0.215189
vt 0.090637 0.241918
vt 0.071694 0.217927
vt 0.123262 0.188541
vt 0.130134 0.194480
vt 0.140910 0.192727
vt 0.136794 0.187280
vt 0.230530 0.191524
vt 0.221759 0.273316
vt 0.193379 0.202453
vt 0.167204 0.267342
vt 0.057986 0.208485
vt 0.070069 0.205746
vt 0.101240 0.186229
vt 0.117515 0.177211
vt 0.100899 0.220810
vt 0.081125 0.209922
vt 0.137993 0.196671
vt 0.150647 0.176677
vt 0.152791 0.157428
vt 0.166111 0.168813
vt 0.188162 0.153291
vt 0.179107 0.176130
vt 0.151699 0.196208
vt 0.179051 0.190602
vt 0.198346 0.183966
vt 0.163009 0.183025
vt 0.134772 0.172827
vt 0.084363 0.202190
vt 0.097275 0.198286
vt 0.087373 0.192545
vt 0.071484 0.191989
vt 0.086535 0.183789
vt 0.060153 0.198333
vt 0.148719 0.187168
vt 0.167636 0.136698
vt 0.059929 0.269203
vt 0.890222 0.465893
vt 0.907023 0.454554
vt 0.906543 0.465978
vt 0.895919 0.444165
vt 0.946068 0.435322
vt 0.940921 0.455071
vt 0.923789 0.459417
vt 0.922153 0.439539
vt 0.956264 0.459810
vt 0.918252 0.486422
vt 0.936903 0.483864
vt 0.928698 0.490893
vt 0.957504 0.504624
vt 0.956549 0.530458
vt 0.940943 0.519583
vt 0.946460 0.489302
vt 0.917220 0.532314
vt 0.923287 0.519071
vt 0.933238 0.532882
vt 0.940757 0.545623
vt 0.915735 0.546197
vt 0.902865 0.544902
vt 0.899614 0.528737
vt 0.891136 0.498990
vt 0.909257 0.499590
vt 0.893230 0.508102
vt 0.900525 0.491985
vt 0.929316 0.507020
vt 0.924456 0.497844
vt 0.942180 0.468926
vt 0.880461 0.514856
vt 0.904963 0.518530
vt 0.873091 0.502505
vt 0.877913 0.491724
vt 0.937400 0.497046
vt 0.925491 0.546018
vt 0.911647 0.508812
vt 0.877630 0.520939
vt 0.883161 0.531037
vt 0.886081 0.456616
vt 0.896903 0.533931
vt 0.885758 0.536688
vt 0.886299 0.447415
vt 0.918102 0.472837
vt 0.929469 0.478782
vt 0.946189 0.478323
vt 0.894764 0.469409
vt 0.949682 0.483113
vt 0.896860 0.473614
vt 0.885035 0.471106
vt 0.913551 0.480738
vt 0.882830 0.477070
vt 0.900300 0.485923
vt 0.900878 0.479376
vt 0.891330 0.477304
vt 0.881748 0.484691
vt 0.917284 0.492527
vt 0.295436 0.207629
vt 0.291574 0.233892
vt 0.276476 0.220517
vt 0.389463 0.149051
vt 0.390616 0.166117
vt 0.380831 0.170299
vt 0.394940 0.169057
vt 0.397967 0.165551
vt 0.265654 0.207672
vt 0.261942 0.194643
vt 0.275264 0.194979
vt 0.269315 0.158416
vt 0.265293 0.153062
vt 0.269901 0.143830
vt 0.234606 0.185452
vt 0.233091 0.171556
vt 0.242721 0.176476
vt 0.227747 0.184281
vt 0.221526 0.174390
vt 0.287686 0.185014
vt 0.279157 0.178514
vt 0.383995 0.189953
vt 0.388408 0.173413
vt 0.306825 0.182201
vt 0.328528 0.195505
vt 0.318363 0.230117
vt 0.243777 0.161248
vt 0.236764 0.154939
vt 0.234974 0.142400
vt 0.243072 0.145061
vt 0.287163 0.162694
vt 0.226351 0.158046
vt 0.208684 0.153456
vt 0.222167 0.145626
vt 0.230425 0.148402
vt 0.200803 0.178838
vt 0.192382 0.159502
vt 0.200870 0.153617
vt 0.251575 0.138797
vt 0.260192 0.146932
vt 0.251644 0.157475
vt 0.239193 0.193630
vt 0.267558 0.175074
vt 0.258735 0.179913
vt 0.261291 0.162144
vt 0.251421 0.176635
vt 0.258288 0.208939
vt 0.254769 0.189969
vt 0.247837 0.191903
vt 0.264643 0.221393
vt 0.373233 0.161702
vt 0.372286 0.147878
vt 0.349439 0.233892
vt 0.288597 0.139109
vt 0.305927 0.148476
vt 0.343899 0.188640
vt 0.361975 0.202153
vt 0.373450 0.194124
vt 0.369121 0.178615
vt 0.330637 0.164715
vt 0.357193 0.166837
vt 0.252781 0.203055
vt 0.328619 0.139662
vt 0.354921 0.141555
vt 0.886007 0.628801
vt 0.889146 0.638054
vt 0.865782 0.628957
vt 0.886463 0.623074
vt 0.868392 0.621091
vt 0.876810 0.617309
vt 0.866270 0.641394
vt 0.896320 0.651202
vt 0.899778 0.619512
vt 0.852944 0.630550
vt 0.849429 0.639005
vt 0.829769 0.635300
vt 0.840011 0.639520
vt 0.834148 0.646633
vt 0.839308 0.627786
vt 0.851358 0.621324
vt 0.866673 0.655122
vt 0.895677 0.668967
vt 0.847663 0.651345
vt 0.856379 0.646120
vt 0.863157 0.614238
vt 0.865352 0.608387
vt 0.854341 0.615149
vt 0.833991 0.576848
vt 0.823331 0.581653
vt 0.815248 0.571480
vt 0.840916 0.612735
vt 0.836746 0.618817
vt 0.825238 0.611476
vt 0.857450 0.670768
vt 0.834846 0.661939
vt 0.824996 0.589630
vt 0.817075 0.583778
vt 0.848298 0.607861
vt 0.830391 0.602923
vt 0.824422 0.595529
vt 0.833179 0.595791
vt 0.841079 0.599698
vt 0.814790 0.603074
vt 0.819872 0.616488
vt 0.829362 0.619649
vt 0.822893 0.625651
vt 0.856345 0.584083
vt 0.835226 0.588315
vt 0.854360 0.595932
vt 0.818870 0.597299
vt 0.814427 0.589253
vt 0.886286 0.601361
vt 0.872951 0.599322
vt 0.880888 0.585148
vt 0.880868 0.608512
vt 0.891625 0.615560
vt 0.894524 0.607579
vt 0.904259 0.602046
vt 0.875246 0.570417
vt 0.877265 0.689012
vt 0.819199 0.634539
vt 0.820306 0.646987
vt 0.842795 0.705085
vt 0.818045 0.658941
vt 0.831591 0.554668
vt 0.513981 0.048157
vt 0.543622 0.048598
vt 0.522885 0.060845
vt 0.580218 0.034545
vt 0.558922 0.030428
vt 0.575527 0.014568
vt 0.639561 0.079812
vt 0.649902 0.079927
vt 0.636573 0.088106
vt 0.573292 0.048547
vt 0.615752 0.045336
vt 0.598707 0.022017
vt 0.627021 0.029676
vt 0.627400 0.077382
vt 0.590571 0.060074
vt 0.607477 0.058360
vt 0.604413 0.071569
vt 0.530299 0.071729
vt 0.509289 0.069751
vt 0.638833 0.049196
vt 0.488708 0.065158
vt 0.546550 0.100966
vt 0.573728 0.107439
vt 0.551003 0.114132
vt 0.609331 0.084512
vt 0.589047 0.087610
vt 0.586119 0.079554
vt 0.560823 0.075824
vt 0.546723 0.064176
vt 0.568984 0.062382
vt 0.594908 0.046298
vt 0.583547 0.070833
vt 0.490355 0.039768
vt 0.594951 0.096628
vt 0.600599 0.112937
vt 0.547639 0.020044
vt 0.519573 0.020880
vt 0.551379 0.010211
vt 0.627540 0.066423
vt 0.502931 0.101817
vt 0.516356 0.090510
vt 0.525017 0.097652
vt 0.503010 0.087903
vt 0.495240 0.080415
vt 0.566482 0.089181
vt 0.645373 0.066896
vt 0.634250 0.106387
vt 0.654002 0.098366
vt 0.653328 0.120895
vt 0.534196 0.082164
vt 0.642359 0.073925
vt 0.569818 0.118822
vt 0.619668 0.127229
vt 0.536950 0.091140
vt 0.527117 0.108152
vt 0.617402 0.097400
vt 0.509239 0.088466
vt 0.633414 0.073889
vt 0.624489 0.000080
vt 0.654002 0.019369
vt 0.494328 0.098666
vt 0.501409 0.112763
vt 0.629268 0.447797
vt 0.633641 0.435279
vt 0.640390 0.446059
vt 0.632548 0.422843
vt 0.639574 0.414681
vt 0.644152 0.433011
vt 0.625112 0.405839
vt 0.640010 0.395215
vt 0.640714 0.461740
vt 0.617683 0.427061
vt 0.602169 0.403502
vt 0.639857 0.326496
vt 0.643618 0.315814
vt 0.646328 0.343672
vt 0.591174 0.370495
vt 0.597308 0.386535
vt 0.583320 0.389891
vt 0.632165 0.350732
vt 0.629099 0.345758
vt 0.636593 0.340688
vt 0.655686 0.451158
vt 0.540912 0.474741
vt 0.541993 0.467409
vt 0.551298 0.482477
vt 0.574315 0.367853
vt 0.568010 0.329039
vt 0.632109 0.485821
vt 0.609103 0.520812
vt 0.606837 0.481343
vt 0.552984 0.465399
vt 0.555592 0.354001
vt 0.636465 0.325874
vt 0.636428 0.333736
vt 0.630907 0.334067
vt 0.633048 0.307290
vt 0.641256 0.302098
vt 0.569897 0.410687
vt 0.536316 0.416864
vt 0.541682 0.393969
vt 0.597079 0.421199
vt 0.582076 0.510975
vt 0.567139 0.443496
vt 0.588373 0.432606
vt 0.593549 0.453737
vt 0.613372 0.450804
vt 0.564575 0.384178
vt 0.548102 0.374578
vt 0.603405 0.435806
vt 0.577849 0.478430
vt 0.624691 0.464236
vt 0.561369 0.482028
vt 0.658756 0.476707
vt 0.636759 0.318492
vt 0.622880 0.354256
vt 0.629859 0.361826
vt 0.612227 0.381683
vt 0.633294 0.380538
vt 0.555418 0.494478
vt 0.542810 0.456806
vt 0.611773 0.355752
vt 0.619016 0.344279
vt 0.624005 0.367461
vt 0.566262 0.494977
vt 0.563040 0.468815
vt 0.634874 0.357544
vt 0.633490 0.509042
vt 0.646111 0.515830
vt 0.630219 0.528498
vt 0.651031 0.499184
vt 0.652252 0.306100
vt 0.651387 0.322435
vt 0.594563 0.348730
vt 0.605309 0.339774
vt 0.615576 0.333101
vt 0.587580 0.304868
vt 0.543366 0.443030
vt 0.840045 0.242246
vt 0.845603 0.254836
vt 0.836615 0.255473
vt 0.810959 0.346204
vt 0.808891 0.360734
vt 0.803872 0.355938
vt 0.851875 0.271042
vt 0.859406 0.253189
vt 0.870491 0.263473
vt 0.882889 0.326954
vt 0.861829 0.348133
vt 0.860576 0.334860
vt 0.870827 0.376564
vt 0.864110 0.375299
vt 0.865961 0.363932
vt 0.804054 0.312922
vt 0.808087 0.315607
vt 0.807101 0.323199
vt 0.851954 0.288654
vt 0.837462 0.280873
vt 0.862407 0.390290
vt 0.846667 0.337612
vt 0.855738 0.329664
vt 0.856589 0.340519
vt 0.868325 0.283044
vt 0.864950 0.300164
vt 0.854986 0.370325
vt 0.842668 0.370304
vt 0.842568 0.395132
vt 0.833424 0.314074
vt 0.822440 0.314696
vt 0.829207 0.294253
vt 0.885538 0.262902
vt 0.885527 0.251290
vt 0.844966 0.317885
vt 0.855788 0.314641
vt 0.840930 0.300084
vt 0.851386 0.304149
vt 0.821119 0.294259
vt 0.814574 0.267605
vt 0.876275 0.272644
vt 0.862616 0.323831
vt 0.830287 0.325856
vt 0.827371 0.340684
vt 0.850051 0.351778
vt 0.815413 0.294706
vt 0.885442 0.383694
vt 0.883229 0.398885
vt 0.883852 0.354084
vt 0.874067 0.242428
vt 0.836772 0.331786
vt 0.860471 0.240680
vt 0.864320 0.313206
vt 0.836065 0.265414
vt 0.849311 0.240679
vt 0.838500 0.351168
vt 0.836944 0.366867
vt 0.808702 0.338175
vt 0.829172 0.378394
vt 0.809595 0.310518
vt 0.813735 0.310253
vt 0.813899 0.325298
vt 0.819745 0.364155
vt 0.827504 0.255925
vt 0.815529 0.336394
vt 0.810142 0.301162
vt 0.799961 0.301358
vt 0.799438 0.330739
vt 0.831016 0.359324
vt 0.881772 0.293159
vt 0.875336 0.310225
vt 0.870047 0.399978
vt 0.866825 0.319315
vt 0.880958 0.276851
vt 0.798240 0.315226
vt 0.714398 0.471154
vt 0.717827 0.484696
vt 0.696156 0.481354
vt 0.705686 0.375016
vt 0.729287 0.376988
vt 0.709276 0.396522
vt 0.716328 0.500548
vt 0.698087 0.515725
vt 0.747143 0.435273
vt 0.755993 0.427311
vt 0.750989 0.445701
vt 0.731944 0.424989
vt 0.708579 0.422441
vt 0.729279 0.404411
vt 0.745193 0.461406
vt 0.743831 0.447220
vt 0.719803 0.371239
vt 0.719231 0.352413
vt 0.720000 0.440270
vt 0.722629 0.458004
vt 0.707646 0.458191
vt 0.740156 0.352413
vt 0.728876 0.473891
vt 0.732878 0.493331
vt 0.735335 0.435470
vt 0.742552 0.430183
vt 0.741740 0.438989
vt 0.738681 0.529515
vt 0.735785 0.526798
vt 0.738173 0.522948
vt 0.736378 0.460211
vt 0.729836 0.534877
vt 0.722691 0.521853
vt 0.733225 0.526114
vt 0.681555 0.438892
vt 0.688116 0.409235
vt 0.679090 0.461434
vt 0.691411 0.455059
vt 0.751223 0.476642
vt 0.743385 0.483839
vt 0.746424 0.473727
vt 0.661459 0.437969
vt 0.669671 0.422846
vt 0.742478 0.527119
vt 0.745446 0.420645
vt 0.747960 0.493093
vt 0.742667 0.497134
vt 0.734823 0.518901
vt 0.671804 0.405344
vt 0.672093 0.385175
vt 0.684032 0.388751
vt 0.700474 0.443553
vt 0.695473 0.389137
vt 0.662422 0.456071
vt 0.738385 0.508113
vt 0.755158 0.448385
vt 0.756705 0.438429
vt 0.740539 0.517107
vt 0.743695 0.517342
vt 0.735036 0.445735
vt 0.727642 0.506547
vt 0.714732 0.556211
vt 0.692842 0.537149
vt 0.707997 0.534127
vt 0.665050 0.476205
vt 0.761539 0.438885
vt 0.760134 0.449506
vt 0.737724 0.516782
vt 0.752443 0.457607
vt 0.679737 0.499907
vt 0.661474 0.527061
vt 0.738862 0.474694
vt 0.756675 0.461411
vt 0.749997 0.466772
vt 0.740758 0.384980
vt 0.683477 0.368346
vt 0.661459 0.556211
vt 0.661784 0.497472
vt 0.756683 0.412791
vt 0.749976 0.400055
vt 0.743764 0.368166
vt 0.692592 0.375742
vt 0.696509 0.352413
vt 0.738056 0.081500
vt 0.740323 0.092627
vt 0.730021 0.083248
vt 0.746822 0.104172
vt 0.736329 0.103936
vt 0.720057 0.112586
vt 0.713384 0.129110
vt 0.705196 0.114947
vt 0.763473 0.078189
vt 0.777000 0.085946
vt 0.766018 0.084794
vt 0.753698 0.088338
vt 0.757606 0.097317
vt 0.751676 0.075664
vt 0.731611 0.069298
vt 0.717215 0.072903
vt 0.797048 0.082621
vt 0.780095 0.077157
vt 0.782835 0.066301
vt 0.724475 0.085461
vt 0.711907 0.083464
vt 0.658402 0.003786
vt 0.681238 0.020081
vt 0.659683 0.027637
vt 0.698205 0.076051
vt 0.694632 0.063466
vt 0.725159 0.106019
vt 0.731812 0.115969
vt 0.766666 0.023178
vt 0.740936 0.028056
vt 0.753340 0.003689
vt 0.725067 0.011101
vt 0.719514 0.041173
vt 0.707837 0.027236
vt 0.701753 0.005490
vt 0.681510 0.002307
vt 0.717251 0.059242
vt 0.728730 0.057696
vt 0.723351 0.095197
vt 0.760594 0.055638
vt 0.769915 0.066084
vt 0.757774 0.064256
vt 0.731131 0.129110
vt 0.744687 0.068652
vt 0.754993 0.072284
vt 0.682291 0.046735
vt 0.684921 0.038520
vt 0.696243 0.048486
vt 0.660448 0.041458
vt 0.810438 0.063523
vt 0.787753 0.040514
vt 0.823117 0.022950
vt 0.703761 0.057930
vt 0.707478 0.050759
vt 0.694940 0.028511
vt 0.692994 0.055374
vt 0.675674 0.053874
vt 0.790424 0.060182
vt 0.771925 0.052438
vt 0.754124 0.047698
vt 0.758314 0.038662
vt 0.744344 0.060882
vt 0.737122 0.065369
vt 0.785560 0.002307
vt 0.714593 0.103594
vt 0.708860 0.092331
vt 0.681417 0.069890
vt 0.768618 0.075309
vt 0.749768 0.053566
vt 0.702594 0.041591
vt 0.737778 0.044344
vt 0.823117 0.054170
vt 0.794416 0.018796
vt 0.694844 0.084265
vt 0.738283 0.051917
vt 0.690025 0.080054
vt 0.669625 0.070443
vt 0.668905 0.067852
vt 0.675457 0.076965
vt 0.684715 0.081619
vt 0.685016 0.087178
vt 0.671467 0.063324
vt 0.696333 0.098884
vt 0.770386 0.090253
vt 0.709477 0.062649
vt 0.780070 0.463422
vt 0.775485 0.455135
vt 0.783926 0.453401
vt 0.807391 0.367479
vt 0.808706 0.384690
vt 0.782272 0.381230
vt 0.783921 0.443315
vt 0.790001 0.447545
vt 0.778574 0.441793
vt 0.781341 0.431919
vt 0.791734 0.432119
vt 0.796117 0.441082
vt 0.803826 0.432250
vt 0.809680 0.439343
vt 0.812164 0.431169
vt 0.822791 0.427742
vt 0.772446 0.434160
vt 0.782272 0.404412
vt 0.762924 0.416211
vt 0.760112 0.393398
vt 0.790115 0.362989
vt 0.815668 0.422290
vt 0.789740 0.419795
vt 0.765349 0.433280
vt 0.776366 0.423047
vt 0.828934 0.415165
vt 0.804829 0.420645
vt 0.821165 0.409012
vt 0.803939 0.407354
vt 0.787620 0.457711
vt 0.830313 0.434295
vt 0.838757 0.422725
vt 0.855754 0.427132
vt 0.789899 0.507725
vt 0.803704 0.496632
vt 0.799908 0.515379
vt 0.834092 0.456995
vt 0.822353 0.450552
vt 0.838475 0.441987
vt 0.874280 0.436805
vt 0.794356 0.449292
vt 0.873605 0.460166
vt 0.841647 0.475899
vt 0.787048 0.516323
vt 0.783346 0.512683
vt 0.785466 0.465615
vt 0.797323 0.462258
vt 0.795155 0.454063
vt 0.787650 0.526278
vt 0.798901 0.530705
vt 0.785757 0.536647
vt 0.810164 0.449323
vt 0.799585 0.448444
vt 0.784089 0.474935
vt 0.777213 0.531911
vt 0.775148 0.542817
vt 0.769334 0.536132
vt 0.819115 0.443024
vt 0.767714 0.365709
vt 0.791976 0.347295
vt 0.795043 0.542849
vt 0.771141 0.504710
vt 0.776256 0.492328
vt 0.777847 0.506361
vt 0.780760 0.469782
vt 0.771259 0.476323
vt 0.792223 0.482727
vt 0.812666 0.475773
vt 0.821627 0.506868
vt 0.824285 0.491089
vt 0.875404 0.482296
vt 0.851327 0.497255
vt 0.777400 0.520438
vt 0.773911 0.481926
vt 0.788815 0.496633
vt 0.834075 0.541470
vt 0.819694 0.524219
vt 0.869802 0.521101
vt 0.814020 0.458909
vt 0.760007 0.499230
vt 0.754986 0.541614
vt 0.765001 0.518994
vt 0.766444 0.486686
vt 0.810155 0.535479
vt 0.754986 0.373462
vt 0.754986 0.347295
vt 0.830433 0.390728
vt 0.600805 0.798793
vt 0.617771 0.793646
vt 0.607556 0.805891
vt 0.582830 0.847808
vt 0.601239 0.855434
vt 0.582062 0.869202
vt 0.554102 0.740147
vt 0.530636 0.770319
vt 0.535648 0.745476
vt 0.486088 0.755799
vt 0.486088 0.734512
vt 0.496914 0.752427
vt 0.519242 0.734512
vt 0.555247 0.767144
vt 0.547552 0.770480
vt 0.557645 0.782836
vt 0.551644 0.789934
vt 0.588837 0.753246
vt 0.605203 0.769873
vt 0.596656 0.781959
vt 0.602853 0.818764
vt 0.562394 0.760395
vt 0.563523 0.778121
vt 0.575069 0.785247
vt 0.569739 0.771425
vt 0.576511 0.767181
vt 0.575107 0.802782
vt 0.582388 0.793338
vt 0.565748 0.792740
vt 0.589463 0.821483
vt 0.597685 0.831399
vt 0.569800 0.761150
vt 0.589124 0.775550
vt 0.586699 0.783764
vt 0.582694 0.765081
vt 0.583176 0.779326
vt 0.591475 0.801691
vt 0.577835 0.829577
vt 0.581917 0.826738
vt 0.572576 0.849310
vt 0.575420 0.836039
vt 0.556099 0.834690
vt 0.535267 0.823223
vt 0.553884 0.825278
vt 0.550549 0.815988
vt 0.538497 0.811038
vt 0.561730 0.824937
vt 0.604117 0.784891
vt 0.521521 0.799494
vt 0.543773 0.801243
vt 0.567788 0.838335
vt 0.571941 0.827046
vt 0.562968 0.809652
vt 0.575956 0.817589
vt 0.623869 0.808819
vt 0.613959 0.815057
vt 0.600105 0.734512
vt 0.628902 0.734512
vt 0.628533 0.767386
vt 0.580688 0.810140
vt 0.572571 0.872243
vt 0.576518 0.860219
vt 0.555580 0.921420
vt 0.526706 0.932526
vt 0.547596 0.908189
vt 0.555700 0.945925
vt 0.548266 0.965693
vt 0.524494 0.965693
vt 0.572548 0.860190
vt 0.509701 0.831254
vt 0.528897 0.837982
vt 0.542514 0.838724
vt 0.536856 0.849253
vt 0.494094 0.830236
vt 0.509133 0.814322
vt 0.561574 0.853848
vt 0.547487 0.855963
vt 0.489185 0.797072
vt 0.565171 0.865998
vt 0.557453 0.867108
vt 0.506393 0.782363
vt 0.494963 0.815341
vt 0.513281 0.843189
vt 0.527022 0.853634
vt 0.486094 0.772640
vt 0.507620 0.764103
vt 0.535032 0.866412
vt 0.553998 0.894346
vt 0.522998 0.904216
vt 0.547467 0.879935
vt 0.534776 0.883044
vt 0.560108 0.879665
vt 0.157115 0.120953
vt 0.184283 0.110111
vt 0.167967 0.129046
vt 0.123235 0.119244
vt 0.137527 0.129520
vt 0.122905 0.135292
vt 0.108395 0.147002
vt 0.125418 0.146674
vt 0.086936 0.150178
vt 0.101160 0.171243
vt 0.103383 0.124730
vt 0.103621 0.106639
vt 0.142465 0.111540
vt 0.164966 0.106140
vt 0.141691 0.062547
vt 0.147685 0.065779
vt 0.137854 0.076703
vt 0.126509 0.061027
vt 0.148556 0.049723
vt 0.137984 0.148443
vt 0.127488 0.156514
vt 0.188596 0.092208
vt 0.118241 0.015507
vt 0.113408 0.000164
vt 0.143147 0.000583
vt 0.001446 0.134945
vt 0.021472 0.170060
vt 0.001446 0.159147
vt 0.074397 0.159642
vt 0.065842 0.146126
vt 0.109127 0.060753
vt 0.107621 0.038483
vt 0.024267 0.145167
vt 0.045202 0.150097
vt 0.148045 0.139833
vt 0.001446 0.081796
vt 0.021702 0.122249
vt 0.001446 0.012007
vt 0.018172 0.063235
vt 0.173624 0.063558
vt 0.159155 0.075444
vt 0.038729 0.075083
vt 0.030704 0.098489
vt 0.047816 0.127078
vt 0.025858 0.043449
vt 0.123734 0.096176
vt 0.169887 0.038657
vt 0.062899 0.171294
vt 0.066442 0.121165
vt 0.071136 0.135882
vt 0.050419 0.109469
vt 0.015742 0.006137
vt 0.183216 0.050132
vt 0.094593 0.112150
vt 0.047330 0.096065
vt 0.133738 0.026920
vt 0.058310 0.091663
vt 0.080661 0.101540
vt 0.063149 0.105565
vt 0.086018 0.132648
vt 0.172356 0.011079
vt 0.153406 0.025649
vt 0.188222 0.001777
vt 0.195680 0.019636
vt 0.081784 0.116145
vt 0.094180 0.091228
vt 0.070856 0.085858
vt 0.062316 0.067369
vt 0.083544 0.072732
vt 0.055385 0.077441
vt 0.073168 0.050184
vt 0.044709 0.059806
vt 0.052722 0.050655
vt 0.048054 0.027883
vt 0.038098 0.037231
vt 0.073510 0.024317
vt 0.182245 0.031811
vt 0.091389 0.001426
vt 0.195680 0.064806
vt 0.054196 0.009531
vt 0.042507 0.006457
vt 0.192162 0.044063
vt 0.095302 0.061252
vt 0.065180 0.000926
vt 0.153264 0.093285
vt 0.109506 0.075492
vt 0.714417 0.697131
vt 0.689941 0.709941
vt 0.683946 0.685972
vt 0.745558 0.673750
vt 0.733121 0.661827
vt 0.743325 0.649220
vt 0.691719 0.662240
vt 0.704411 0.675518
vt 0.718374 0.622997
vt 0.713968 0.630241
vt 0.706109 0.622095
vt 0.705356 0.655100
vt 0.708714 0.663199
vt 0.628608 0.676381
vt 0.639367 0.668531
vt 0.647556 0.679349
vt 0.667609 0.643273
vt 0.679340 0.636439
vt 0.677401 0.645672
vt 0.638138 0.645324
vt 0.622970 0.648355
vt 0.625363 0.633396
vt 0.671078 0.666579
vt 0.688778 0.621638
vt 0.714453 0.614158
vt 0.730234 0.619036
vt 0.725845 0.624972
vt 0.643411 0.627402
vt 0.635210 0.694345
vt 0.627975 0.662030
vt 0.639912 0.657887
vt 0.757195 0.662606
vt 0.664409 0.714693
vt 0.733505 0.686683
vt 0.722982 0.672241
vt 0.745594 0.624519
vt 0.733923 0.630828
vt 0.707138 0.644832
vt 0.696181 0.635171
vt 0.698195 0.652369
vt 0.657776 0.622262
vt 0.669476 0.622550
vt 0.660547 0.625882
vt 0.663134 0.677602
vt 0.653892 0.666821
vt 0.689188 0.647133
vt 0.656730 0.652704
vt 0.723820 0.641421
vt 0.720111 0.654323
vt 0.656312 0.693797
vt 0.631804 0.722430
vt 0.776707 0.674548
vt 0.606918 0.675084
vt 0.606918 0.657010
vt 0.741920 0.615582
vt 0.653729 0.637465
vt 0.815053 0.621518
vt 0.812903 0.637703
vt 0.801734 0.624393
vt 0.731138 0.604301
vt 0.675369 0.652964
vt 0.666455 0.633908
vt 0.607126 0.707452
vt 0.799328 0.606313
vt 0.607160 0.626566
vt 0.607514 0.636679
vt 0.788325 0.656181
vt 0.795572 0.639665
vt 0.810896 0.654338
vt 0.751676 0.633896
vt 0.763248 0.625121
vt 0.815053 0.673267
vt 0.807435 0.700224
vt 0.772044 0.701669
vt 0.755259 0.618630
vt 0.770977 0.639230
vt 0.789327 0.626479
vt 0.779027 0.622796
vt 0.775576 0.614886
vt 0.766042 0.655815
vt 0.747390 0.702380
vt 0.753711 0.611182
vt 0.674676 0.627563
vt 0.764745 0.616377
vt 0.633694 0.610429
vt 0.617488 0.603908
vt 0.632071 0.603769
vt 0.624100 0.613172
vt 0.607850 0.606606
vt 0.695736 0.626196
vt 0.702279 0.627243
vt 0.631633 0.623035
vt 0.644971 0.618175
vt 0.682311 0.726623
vt 0.619955 0.618622
vt 0.665873 0.618453
vt 0.682228 0.603956
vt 0.704543 0.603769
vt 0.686390 0.627829
vt 0.606918 0.613816
vt 0.654158 0.603769
vt 0.743171 0.726633
vt 0.709127 0.726826
vt 0.517869 0.242978
vt 0.530862 0.235203
vt 0.539530 0.250773
vt 0.545312 0.235036
vt 0.540824 0.219546
vt 0.551786 0.218618
vt 0.526716 0.213355
vt 0.534435 0.223218
vt 0.522703 0.223649
vt 0.564084 0.216858
vt 0.554527 0.207209
vt 0.557889 0.229780
vt 0.538688 0.209158
vt 0.474770 0.236341
vt 0.462565 0.226659
vt 0.477793 0.220458
vt 0.525762 0.161425
vt 0.512357 0.146551
vt 0.529251 0.144811
vt 0.503217 0.163661
vt 0.517727 0.174879
vt 0.475743 0.180693
vt 0.473042 0.167707
vt 0.485604 0.165964
vt 0.419283 0.150776
vt 0.441056 0.136298
vt 0.439233 0.168010
vt 0.543328 0.169465
vt 0.550464 0.183296
vt 0.530468 0.176411
vt 0.455216 0.140965
vt 0.477454 0.159618
vt 0.461318 0.175032
vt 0.464263 0.153970
vt 0.460284 0.247294
vt 0.448795 0.244771
vt 0.448713 0.232931
vt 0.488919 0.135219
vt 0.500088 0.135842
vt 0.492091 0.141041
vt 0.495337 0.242836
vt 0.508481 0.223676
vt 0.416931 0.170492
vt 0.497644 0.147374
vt 0.517833 0.133704
vt 0.487257 0.144461
vt 0.595048 0.225568
vt 0.587244 0.227136
vt 0.594078 0.215425
vt 0.572140 0.188621
vt 0.569121 0.164582
vt 0.489526 0.155008
vt 0.512975 0.212462
vt 0.478550 0.151464
vt 0.461315 0.208425
vt 0.479144 0.203753
vt 0.477521 0.253126
vt 0.544054 0.153136
vt 0.516777 0.193729
vt 0.530780 0.198733
vt 0.523040 0.203363
vt 0.543779 0.198075
vt 0.529067 0.187128
vt 0.507832 0.181284
vt 0.558426 0.198698
vt 0.571259 0.203999
vt 0.491593 0.177537
vt 0.449684 0.220041
vt 0.517720 0.206712
vt 0.496215 0.212983
vt 0.572941 0.231389
vt 0.581079 0.215554
vt 0.556682 0.249052
vt 0.559770 0.239036
vt 0.568176 0.248039
vt 0.582777 0.252684
vt 0.503633 0.191511
vt 0.588870 0.198645
vt 0.594373 0.233799
vt 0.606326 0.191512
vt 0.590167 0.177792
vt 0.508383 0.200451
vt 0.484141 0.189391
vt 0.493441 0.196862
vt 0.468983 0.194053
vt 0.453850 0.190889
vt 0.464118 0.186946
vt 0.495427 0.187170
vt 0.421530 0.189891
vt 0.442926 0.208800
vt 0.439053 0.222358
vt 0.398020 0.189610
vt 0.412237 0.212847
vt 0.391620 0.222061
vt 0.435713 0.241630
vt 0.436980 0.193255
vt 0.423972 0.227333
vt 0.429183 0.211157
vt 0.407541 0.229405
vt 0.475616 0.136399
vt 0.405036 0.160502
vt 0.546179 0.130858
vt 0.562504 0.143497
vt 0.361558 0.616092
vt 0.347378 0.621877
vt 0.354647 0.611267
vt 0.405823 0.676675
vt 0.421091 0.674717
vt 0.403897 0.694628
vt 0.367778 0.603138
vt 0.300864 0.632165
vt 0.298923 0.604458
vt 0.318560 0.614988
vt 0.347838 0.629576
vt 0.341380 0.631291
vt 0.345952 0.635469
vt 0.357091 0.628318
vt 0.382672 0.610534
vt 0.369443 0.619686
vt 0.372818 0.610256
vt 0.331683 0.638224
vt 0.330281 0.625714
vt 0.400179 0.601375
vt 0.396408 0.588462
vt 0.406121 0.583058
vt 0.316881 0.626885
vt 0.315184 0.573743
vt 0.336120 0.608635
vt 0.398079 0.573321
vt 0.396967 0.560985
vt 0.428805 0.558353
vt 0.352122 0.592774
vt 0.355802 0.601613
vt 0.340245 0.597373
vt 0.437216 0.719813
vt 0.428133 0.719699
vt 0.437216 0.704118
vt 0.379230 0.589150
vt 0.384876 0.591587
vt 0.379850 0.601339
vt 0.310741 0.642419
vt 0.364495 0.627083
vt 0.366553 0.588955
vt 0.414131 0.663009
vt 0.409376 0.668453
vt 0.410834 0.653975
vt 0.419869 0.717904
vt 0.422182 0.689558
vt 0.426225 0.706818
vt 0.357139 0.637002
vt 0.412916 0.696179
vt 0.405619 0.662283
vt 0.388601 0.577986
vt 0.390151 0.584671
vt 0.373816 0.629383
vt 0.388224 0.597931
vt 0.380014 0.577121
vt 0.400263 0.672764
vt 0.401314 0.575831
vt 0.432659 0.741876
vt 0.428218 0.728975
vt 0.437216 0.736937
vt 0.437216 0.720283
vt 0.414483 0.710663
vt 0.386510 0.629033
vt 0.391867 0.642820
vt 0.377641 0.643085
vt 0.389306 0.615632
vt 0.398769 0.616599
vt 0.410540 0.622896
vt 0.423051 0.608157
vt 0.417674 0.593083
vt 0.386274 0.538243
vt 0.393146 0.547757
vt 0.382111 0.556861
vt 0.377123 0.570246
vt 0.386123 0.562282
vt 0.409741 0.545113
vt 0.397415 0.525665
vt 0.401813 0.656040
vt 0.403975 0.641983
vt 0.391465 0.669288
vt 0.364447 0.580241
vt 0.386479 0.694519
vt 0.407581 0.649668
vt 0.411306 0.636140
vt 0.328973 0.649652
vt 0.320638 0.664444
vt 0.313687 0.655974
vt 0.341408 0.644894
vt 0.306282 0.653621
vt 0.317759 0.649458
vt 0.341879 0.657187
vt 0.427216 0.765744
vt 0.390858 0.745787
vt 0.429057 0.745866
vt 0.392674 0.765744
vt 0.425881 0.725988
vt 0.378114 0.765744
vt 0.367327 0.763284
vt 0.328438 0.765744
vt 0.387066 0.524085
vt 0.397576 0.515060
vt 0.391712 0.525116
vt 0.436196 0.516329
vt 0.404231 0.485796
vt 0.423195 0.485796
vt 0.415739 0.515081
vt 0.397826 0.498836
vt 0.411051 0.529928
vt 0.418203 0.531063
vt 0.397797 0.500656
vt 0.378834 0.506652
vt 0.393645 0.492505
vt 0.383383 0.486353
vt 0.362535 0.652199
vt 0.329934 0.672016
vt 0.344017 0.678839
vt 0.372001 0.666471
vt 0.351561 0.695055
vt 0.309597 0.716046
vt 0.398473 0.715335
vt 0.372619 0.686208
vt 0.322642 0.686131
vt 0.362881 0.707216
vt 0.377585 0.720118
vt 0.351944 0.732718
vt 0.336276 0.722921
vt 0.125797 0.338564
vt 0.127180 0.352846
vt 0.119200 0.349081
vt 0.136019 0.329211
vt 0.135911 0.343153
vt 0.147080 0.343960
vt 0.143695 0.331806
vt 0.151562 0.319913
vt 0.108971 0.352120
vt 0.091156 0.339780
vt 0.113463 0.336128
vt 0.146294 0.358229
vt 0.145719 0.364727
vt 0.140283 0.368226
vt 0.130064 0.365038
vt 0.119771 0.363865
vt 0.126881 0.324199
vt 0.146935 0.376428
vt 0.160666 0.350765
vt 0.095966 0.358694
vt 0.081647 0.366539
vt 0.066947 0.346767
vt 0.123709 0.427874
vt 0.135427 0.440288
vt 0.121848 0.436470
vt 0.101492 0.368879
vt 0.110981 0.382241
vt 0.092394 0.386077
vt 0.060933 0.435610
vt 0.048645 0.431662
vt 0.075876 0.403705
vt 0.104587 0.401565
vt 0.090757 0.403961
vt 0.128051 0.419973
vt 0.135426 0.419484
vt 0.090801 0.424951
vt 0.093454 0.447954
vt 0.068523 0.458643
vt 0.060019 0.390056
vt 0.077243 0.423704
vt 0.078035 0.384189
vt 0.054017 0.361940
vt 0.072741 0.321737
vt 0.138279 0.354575
vt 0.121491 0.313598
vt 0.130890 0.380231
vt 0.123349 0.377884
vt 0.125104 0.384528
vt 0.142921 0.356192
vt 0.133229 0.352789
vt 0.133430 0.391456
vt 0.124994 0.391393
vt 0.119726 0.387836
vt 0.107957 0.325796
vt 0.137887 0.380076
vt 0.130680 0.406985
vt 0.122745 0.410563
vt 0.125658 0.399979
vt 0.115871 0.407707
vt 0.119548 0.396269
vt 0.122973 0.400968
vt 0.114044 0.396814
vt 0.121661 0.421616
vt 0.142724 0.421515
vt 0.139719 0.412130
vt 0.156368 0.428433
vt 0.161258 0.318003
vt 0.180092 0.325965
vt 0.172486 0.318269
vt 0.182513 0.343642
vt 0.197432 0.316967
vt 0.205166 0.340797
vt 0.159322 0.334186
vt 0.216741 0.311276
vt 0.041848 0.380559
vt 0.014106 0.356248
vt 0.002071 0.397526
vt 0.011480 0.404638
vt 0.000496 0.411690
vt 0.016595 0.386350
vt 0.017950 0.441921
vt 0.025584 0.395666
vt 0.038385 0.416729
vt 0.144508 0.394551
vt 0.229849 0.339661
vt 0.260285 0.342671
vt 0.177923 0.414566
vt 0.151701 0.409094
vt 0.196948 0.358576
vt 0.218679 0.362920
vt 0.160419 0.394633
vt 0.168236 0.379536
vt 0.138310 0.402217
vt 0.234162 0.302137
vt 0.241555 0.366720
vt 0.178972 0.396917
vt 0.191633 0.386485
vt 0.225475 0.387665
vt 0.250824 0.304168
vt 0.182971 0.357153
vt 0.170684 0.362010
vt 0.198841 0.403745
vt 0.185661 0.368989
vt 0.160965 0.368029
vt 0.109074 0.409367
vt 0.117491 0.416943
vt 0.115554 0.423973
vt 0.116059 0.429865
vt 0.104243 0.413058
vt 0.111866 0.430075
vt 0.118251 0.438936
vt 0.112409 0.418477
vt 0.105605 0.425866
vt 0.114739 0.437650
vt 0.049811 0.337060
vt 0.101279 0.436465
vt 0.111032 0.442281
vt 0.105027 0.442331
vt 0.098145 0.308237
vt 0.724559 0.928282
vt 0.726802 0.949243
vt 0.709454 0.939707
vt 0.707375 0.875423
vt 0.721693 0.874867
vt 0.719453 0.882296
vt 0.718550 0.861859
vt 0.731134 0.863944
vt 0.698581 0.905469
vt 0.692137 0.882252
vt 0.712342 0.889709
vt 0.719220 0.851800
vt 0.690512 0.951312
vt 0.691086 0.929014
vt 0.695782 0.969235
vt 0.700485 0.988478
vt 0.656544 0.989504
vt 0.737917 0.877450
vt 0.733519 0.893122
vt 0.754270 0.891068
vt 0.673001 0.893868
vt 0.676119 0.873448
vt 0.663298 0.943346
vt 0.707945 0.863658
vt 0.663609 0.829634
vt 0.665157 0.821054
vt 0.675016 0.822767
vt 0.646486 0.912902
vt 0.674135 0.916369
vt 0.677081 0.790888
vt 0.694853 0.794218
vt 0.677257 0.809934
vt 0.699362 0.766636
vt 0.658220 0.773707
vt 0.644830 0.800350
vt 0.662397 0.806087
vt 0.650214 0.812170
vt 0.695391 0.816777
vt 0.690221 0.862867
vt 0.710905 0.857373
vt 0.735940 0.956872
vt 0.740370 0.930451
vt 0.747601 0.947600
vt 0.714117 0.957485
vt 0.717400 0.903146
vt 0.730460 0.910954
vt 0.717085 0.912272
vt 0.745900 0.870648
vt 0.669187 0.857230
vt 0.709247 0.922651
vt 0.651488 0.819766
vt 0.656695 0.878185
vt 0.687373 0.837633
vt 0.663988 0.842111
vt 0.741331 0.861714
vt 0.630261 0.884642
vt 0.621416 0.972942
vt 0.614130 0.929783
vt 0.698876 0.851835
vt 0.646064 0.850755
vt 0.682509 0.848279
vt 0.744473 0.910563
vt 0.732434 0.852851
vt 0.709228 0.839675
vt 0.689562 0.851860
vt 0.634179 0.831568
vt 0.649349 0.828983
vt 0.708377 0.852032
vt 0.653673 0.831828
vt 0.605143 0.903309
vt 0.609281 0.874660
vt 0.729123 0.842893
vt 0.616957 0.836468
vt 0.628341 0.849437
vt 0.616802 0.855324
vt 0.628717 0.862811
vt 0.732485 0.821851
vt 0.623490 0.857145
vt 0.606472 0.847724
vt 0.608173 0.862217
vt 0.789641 0.831378
vt 0.779197 0.845468
vt 0.772246 0.836551
vt 0.795544 0.837610
vt 0.794400 0.851263
vt 0.764131 0.845698
vt 0.793512 0.865701
vt 0.775820 0.860443
vt 0.760905 0.868039
vt 0.774551 0.880730
vt 0.760864 0.857309
vt 0.766286 0.859968
vt 0.751050 0.860509
vt 0.782989 0.819135
vt 0.764745 0.826754
vt 0.760807 0.805117
vt 0.743072 0.837707
vt 0.756681 0.833957
vt 0.753689 0.843560
vt 0.780655 0.828171
vt 0.796545 0.821284
vt 0.802296 0.795496
vt 0.743346 0.850707
vt 0.755323 0.851221
vt 0.755367 0.982529
vt 0.730501 0.989504
vt 0.723402 0.989080
vt 0.728267 0.970475
vt 0.724256 0.970317
vt 0.715475 0.974189
vt 0.769346 0.919010
vt 0.799384 0.894155
vt 0.822988 0.950513
vt 0.820963 0.859018
vt 0.623997 0.818441
vt 0.639818 0.818062
vt 0.718386 0.782296
vt 0.713279 0.801425
vt 0.775168 0.765116
vt 0.736707 0.795533
vt 0.634297 0.808708
vt 0.730135 0.765278
vt 0.124223 0.506337
vt 0.137846 0.500664
vt 0.142883 0.514812
vt 0.167273 0.532161
vt 0.162045 0.539326
vt 0.156002 0.522776
vt 0.161599 0.551349
vt 0.174285 0.545495
vt 0.181735 0.561492
vt 0.150876 0.534630
vt 0.145716 0.544393
vt 0.132536 0.527238
vt 0.165693 0.513836
vt 0.151136 0.503695
vt 0.176996 0.537744
vt 0.189563 0.560116
vt 0.196965 0.572802
vt 0.133163 0.490717
vt 0.139238 0.493837
vt 0.143956 0.492200
vt 0.173994 0.529213
vt 0.197022 0.562812
vt 0.246199 0.613042
vt 0.234801 0.623177
vt 0.225983 0.606430
vt 0.307819 0.572165
vt 0.290903 0.592168
vt 0.287603 0.562828
vt 0.257371 0.578061
vt 0.270490 0.608675
vt 0.219067 0.631195
vt 0.215369 0.604947
vt 0.224944 0.623910
vt 0.214402 0.589804
vt 0.221278 0.604166
vt 0.227382 0.618084
vt 0.296855 0.544861
vt 0.287717 0.616021
vt 0.220383 0.588964
vt 0.215038 0.581041
vt 0.217922 0.572552
vt 0.214573 0.597563
vt 0.205619 0.573558
vt 0.177037 0.511779
vt 0.168000 0.497149
vt 0.174847 0.488633
vt 0.187561 0.547527
vt 0.181197 0.534759
vt 0.155701 0.472713
vt 0.159123 0.473221
vt 0.160082 0.482270
vt 0.202932 0.556125
vt 0.190382 0.530816
vt 0.156809 0.501124
vt 0.178439 0.526081
vt 0.161114 0.469360
vt 0.162978 0.451484
vt 0.168665 0.464988
vt 0.161049 0.496151
vt 0.155635 0.487285
vt 0.165873 0.478428
vt 0.168221 0.486976
vt 0.152244 0.493580
vt 0.157022 0.494876
vt 0.232200 0.587221
vt 0.235363 0.567022
vt 0.087600 0.501816
vt 0.100178 0.489942
vt 0.119553 0.486955
vt 0.266725 0.533100
vt 0.241686 0.544490
vt 0.210421 0.575373
vt 0.209232 0.586715
vt 0.183496 0.553948
vt 0.203513 0.589582
vt 0.298240 0.410417
vt 0.258347 0.431151
vt 0.257512 0.399114
vt 0.000190 0.517632
vt 0.014605 0.510252
vt 0.000741 0.561455
vt 0.036714 0.511087
vt 0.187547 0.506983
vt 0.192979 0.485525
vt 0.205162 0.514291
vt 0.268292 0.472925
vt 0.296210 0.490851
vt 0.281129 0.510889
vt 0.030842 0.559543
vt 0.093343 0.591029
vt 0.095369 0.555944
vt 0.124190 0.576230
vt 0.071652 0.618210
vt 0.055167 0.581497
vt 0.174150 0.446202
vt 0.118896 0.621729
vt 0.239131 0.437929
vt 0.061440 0.543728
vt 0.085479 0.530850
vt 0.107176 0.531674
vt 0.063272 0.508555
vt 0.112957 0.518136
vt 0.224028 0.395499
vt 0.118497 0.548584
vt 0.152142 0.581890
vt 0.143291 0.601619
vt 0.168208 0.583411
vt 0.179624 0.574737
vt 0.183650 0.592402
vt 0.018584 0.613655
vt 0.155312 0.625009
vt 0.145196 0.562635
vt 0.163480 0.567849
vt 0.247901 0.473684
vt 0.278153 0.463240
vt 0.132907 0.550843
vt 0.222115 0.456471
vt 0.197298 0.459442
vt 0.198766 0.426113
vt 0.179149 0.627255
vt 0.185456 0.610536
vt 0.199343 0.629318
vt 0.255840 0.498078
vt 0.026243 0.581688
vt 0.193372 0.591038
vt 0.207654 0.606421
vt 0.195379 0.604297
vt 0.171252 0.563403
vt 0.208531 0.481967
vt 0.190769 0.577611
vt 0.218713 0.544133
vt 0.232507 0.506209
vt 0.166788 0.603003
vt 0.276764 0.441610
vt 0.224927 0.431048
vt 0.182315 0.467247
vt 0.205230 0.537458
vt 0.739853 0.345132
vt 0.734862 0.323686
vt 0.744321 0.334210
vt 0.733730 0.292308
vt 0.743826 0.287524
vt 0.747899 0.295563
vt 0.728229 0.265399
vt 0.723017 0.268956
vt 0.721222 0.257647
vt 0.734857 0.267375
vt 0.732704 0.275425
vt 0.656739 0.288577
vt 0.644193 0.287531
vt 0.658720 0.279306
vt 0.752603 0.287299
vt 0.759626 0.296272
vt 0.725983 0.243717
vt 0.731825 0.240093
vt 0.729718 0.251024
vt 0.720753 0.280346
vt 0.713396 0.274973
vt 0.730508 0.260345
vt 0.631609 0.282327
vt 0.764349 0.301542
vt 0.753502 0.305289
vt 0.736855 0.259525
vt 0.693005 0.295757
vt 0.682645 0.295971
vt 0.695712 0.284420
vt 0.763015 0.323824
vt 0.752907 0.318498
vt 0.708333 0.263754
vt 0.693570 0.261270
vt 0.710743 0.251815
vt 0.751521 0.262952
vt 0.766280 0.271121
vt 0.752599 0.277716
vt 0.747209 0.313171
vt 0.737641 0.307149
vt 0.740783 0.271859
vt 0.679387 0.238193
vt 0.696031 0.243288
vt 0.690850 0.226347
vt 0.700764 0.218974
vt 0.702279 0.233349
vt 0.680215 0.278756
vt 0.667397 0.289903
vt 0.696013 0.181163
vt 0.695360 0.156711
vt 0.707576 0.174775
vt 0.742340 0.280497
vt 0.762160 0.287502
vt 0.703074 0.191691
vt 0.714944 0.197790
vt 0.704356 0.206204
vt 0.719940 0.243821
vt 0.721616 0.250248
vt 0.670232 0.200614
vt 0.652598 0.244492
vt 0.714387 0.149153
vt 0.710981 0.135752
vt 0.713822 0.167589
vt 0.616857 0.241736
vt 0.611084 0.196780
vt 0.701268 0.272941
vt 0.611920 0.130835
vt 0.716326 0.321767
vt 0.709019 0.339974
vt 0.696399 0.329610
vt 0.645728 0.264462
vt 0.669203 0.262569
vt 0.772368 0.287641
vt 0.704161 0.297476
vt 0.698023 0.310638
vt 0.663173 0.303883
vt 0.680133 0.318043
vt 0.665386 0.325149
vt 0.717390 0.289905
vt 0.718504 0.304229
vt 0.661558 0.287173
vt 0.681820 0.350684
vt 0.725884 0.233001
vt 0.693635 0.271673
vt 0.800350 0.274457
vt 0.798801 0.292577
vt 0.785860 0.291634
vt 0.649462 0.297167
vt 0.742716 0.244322
vt 0.707218 0.282261
vt 0.777935 0.329935
vt 0.783815 0.308790
vt 0.717066 0.183400
vt 0.791951 0.268089
vt 0.735484 0.226804
vt 0.727168 0.218239
vt 0.729010 0.184113
vt 0.725397 0.197208
vt 0.733758 0.213369
vt 0.726771 0.207311
vt 0.730665 0.203652
vt 0.780406 0.274325
vt 0.744040 0.220666
vt 0.737869 0.209096
vt 0.737820 0.204049
vt 0.763023 0.240702
vt 0.754955 0.205929
vt 0.779913 0.225308
vt 0.734588 0.193229
vt 0.735078 0.179199
vt 0.744308 0.195550
vt 0.724328 0.171451
vt 0.749358 0.342955
vt 0.740880 0.183652
vt 0.733052 0.171438
vt 0.751176 0.185045
vt 0.742735 0.172217
vt 0.724756 0.152909
vt 0.780499 0.256279
vt 0.733630 0.164626
vt 0.747925 0.158985
vt 0.752962 0.171762
vt 0.719751 0.208337
vt 0.718991 0.139438
vt 0.779733 0.183649
vt 0.759924 0.166164
vt 0.806148 0.251275
vt 0.729833 0.136375
vt 0.735208 0.148935
vt 0.769583 0.141900
vt 0.749259 0.138860
vt 0.823207 0.220369
vt 0.805519 0.139066
vt 0.805868 0.185075
vt 0.715699 0.219505
vt 0.746158 0.339581
vt 0.713298 0.232841
vt 0.165533 0.820338
vt 0.153896 0.841270
vt 0.141630 0.827697
vt 0.233437 0.834378
vt 0.229597 0.880505
vt 0.202883 0.860359
vt 0.226288 0.934552
vt 0.220690 0.962516
vt 0.210181 0.935634
vt 0.201409 0.947266
vt 0.215310 0.925929
vt 0.201704 0.924759
vt 0.191013 0.957856
vt 0.184105 0.941935
vt 0.245710 0.907322
vt 0.213364 0.903685
vt 0.182780 0.881568
vt 0.165675 0.859699
vt 0.230768 0.920905
vt 0.243992 0.933689
vt 0.197370 0.888281
vt 0.100671 0.985175
vt 0.099233 0.973936
vt 0.112567 0.985190
vt 0.130282 0.975284
vt 0.126157 0.990756
vt 0.140755 0.990198
vt 0.146346 0.982890
vt 0.154737 0.994857
vt 0.137531 0.984156
vt 0.220437 0.921013
vt 0.130809 0.847322
vt 0.132259 0.860100
vt 0.119195 0.858953
vt 0.161248 0.905493
vt 0.152135 0.898971
vt 0.162100 0.895973
vt 0.186122 0.915249
vt 0.212925 0.920473
vt 0.188374 0.897842
vt 0.170101 0.920857
vt 0.132380 0.915259
vt 0.123849 0.910374
vt 0.131602 0.908067
vt 0.150629 0.866084
vt 0.148658 0.853164
vt 0.182744 0.903874
vt 0.199100 0.911782
vt 0.111973 0.916304
vt 0.116575 0.902488
vt 0.166212 0.882490
vt 0.210497 0.912911
vt 0.099466 0.903063
vt 0.172932 0.899443
vt 0.149560 0.910538
vt 0.097337 0.883438
vt 0.116928 0.888336
vt 0.129053 0.899863
vt 0.156212 0.878045
vt 0.146589 0.878258
vt 0.097692 0.856423
vt 0.114090 0.873269
vt 0.139100 0.904132
vt 0.175451 0.890291
vt 0.146016 0.890898
vt 0.134976 0.883774
vt 0.157963 0.888971
vt 0.167408 0.891053
vt 0.119798 0.835079
vt 0.140601 0.870987
vt 0.141597 0.857432
vt 0.173797 0.883890
vt 0.127891 0.874154
vt 0.131476 0.837811
vt 0.140073 0.840873
vt 0.193077 0.974003
vt 0.216263 0.984041
vt 0.193878 0.988511
vt 0.252096 0.942257
vt 0.244850 0.961612
vt 0.123892 0.921095
vt 0.121710 0.928348
vt 0.137963 0.925920
vt 0.071511 0.914821
vt 0.056389 0.923884
vt 0.045059 0.912518
vt 0.026804 0.909477
vt 0.031547 0.899511
vt 0.033755 0.918527
vt 0.092276 0.934743
vt 0.072479 0.937835
vt 0.043211 0.928629
vt 0.014844 0.909532
vt 0.020272 0.897814
vt 0.043390 0.884276
vt 0.043390 0.943441
vt 0.031575 0.935511
vt 0.055613 0.947254
vt 0.034296 0.852933
vt 0.053051 0.832687
vt 0.067102 0.868057
vt 0.078319 0.889542
vt 0.095735 0.921060
vt 0.078031 0.958941
vt 0.035431 0.975742
vt 0.108447 0.947807
vt 0.113791 0.962107
vt 0.088649 0.945137
vt 0.108846 0.928961
vt 0.116849 0.937393
vt 0.131243 0.947692
vt 0.123542 0.955196
vt 0.023472 0.882346
vt 0.136516 0.936275
vt 0.070049 0.994857
vt 0.135284 0.959350
vt 0.161511 0.941787
vt 0.155667 0.923541
vt 0.149617 0.952978
vt 0.174478 0.966158
vt 0.147754 0.932402
vt 0.145418 0.921857
vt 0.146796 0.942612
vt 0.175224 0.956351
vt 0.171126 0.949434
vt 0.140542 0.915175
vt 0.154703 0.967840
vt 0.163783 0.955848
vt 0.088421 0.821212
vt 0.131243 0.824000
vt 0.183952 0.980578
vt 0.169658 0.986791
vt 0.173027 0.976972
vt 0.175713 0.983871
vt 0.181086 0.987067
vt 0.158949 0.979048
vt 0.016243 0.641976
vt 0.014855 0.662963
vt 0.007175 0.641474
vt 0.035938 0.723199
vt 0.033041 0.733549
vt 0.029576 0.721966
vt 0.013421 0.748988
vt 0.012800 0.719343
vt 0.022779 0.742897
vt 0.006264 0.654003
vt 0.026983 0.643341
vt 0.023360 0.661803
vt 0.026193 0.729652
vt 0.031733 0.744226
vt 0.022837 0.674962
vt 0.021785 0.679979
vt 0.015537 0.688524
vt 0.007291 0.675703
vt 0.007905 0.667120
vt 0.037811 0.764634
vt 0.007544 0.696045
vt 0.031472 0.704420
vt 0.024194 0.692580
vt 0.037074 0.673351
vt 0.031480 0.693356
vt 0.021986 0.700381
vt 0.020440 0.715235
vt 0.015919 0.707494
vt 0.042381 0.703051
vt 0.026196 0.712786
vt 0.028806 0.770963
vt 0.047120 0.731651
vt 0.039791 0.737729
vt 0.039923 0.751104
vt 0.173408 0.673733
vt 0.187467 0.645447
vt 0.186224 0.674011
vt 0.050157 0.765425
vt 0.046514 0.747695
vt 0.201398 0.680117
vt 0.197072 0.661947
vt 0.208189 0.667384
vt 0.044194 0.765700
vt 0.042615 0.770406
vt 0.141565 0.672660
vt 0.159567 0.669903
vt 0.160340 0.701141
vt 0.204477 0.640531
vt 0.182134 0.693029
vt 0.192328 0.688797
vt 0.199244 0.767703
vt 0.196408 0.760098
vt 0.203437 0.762084
vt 0.210818 0.768572
vt 0.213621 0.786133
vt 0.202119 0.777591
vt 0.192687 0.773760
vt 0.191255 0.766077
vt 0.201320 0.712282
vt 0.207463 0.720451
vt 0.201814 0.722669
vt 0.169615 0.731364
vt 0.184614 0.720797
vt 0.184724 0.730403
vt 0.191477 0.706895
vt 0.204425 0.694909
vt 0.200688 0.743798
vt 0.200209 0.731990
vt 0.208256 0.739664
vt 0.188134 0.699165
vt 0.191916 0.732970
vt 0.180972 0.747546
vt 0.217053 0.701174
vt 0.206780 0.707166
vt 0.190707 0.721341
vt 0.212355 0.756244
vt 0.202320 0.752877
vt 0.196142 0.721130
vt 0.194700 0.741669
vt 0.180719 0.708801
vt 0.193512 0.751457
vt 0.184206 0.763726
vt 0.171256 0.643288
vt 0.156479 0.644840
vt 0.139952 0.628672
vt 0.195770 0.643325
vt 0.060765 0.752054
vt 0.059843 0.777076
vt 0.068763 0.762735
vt 0.078311 0.769293
vt 0.090272 0.786133
vt 0.073532 0.781290
vt 0.056263 0.703914
vt 0.054148 0.718505
vt 0.080615 0.747543
vt 0.102466 0.768948
vt 0.115927 0.671658
vt 0.099325 0.683376
vt 0.096418 0.652755
vt 0.086250 0.661910
vt 0.066595 0.692382
vt 0.069864 0.661784
vt 0.085081 0.687745
vt 0.064669 0.731822
vt 0.040257 0.644506
vt 0.051088 0.688470
vt 0.064090 0.714489
vt 0.094672 0.705694
vt 0.105028 0.722769
vt 0.132038 0.709569
vt 0.082558 0.716927
vt 0.053284 0.665932
vt 0.052385 0.638137
vt 0.223059 0.765823
vt 0.286455 0.696128
vt 0.265096 0.676730
vt 0.300543 0.651991
vt 0.234540 0.696089
vt 0.237767 0.727814
vt 0.221454 0.724884
vt 0.251633 0.700364
vt 0.269924 0.730110
vt 0.235556 0.755855
vt 0.254191 0.768439
vt 0.234944 0.786133
vt 0.249239 0.672547
vt 0.228368 0.736471
vt 0.219869 0.744886
vt 0.301744 0.737258
vt 0.221251 0.669614
vt 0.234977 0.665163
vt 0.290074 0.785536
vt 0.213161 0.648847
vt 0.301744 0.681563
vt 0.148656 0.785926
vt 0.146429 0.757706
vt 0.163097 0.760044
vt 0.168182 0.775135
vt 0.147519 0.732154
vt 0.127565 0.751621
vt 0.105903 0.628444
vt 0.071324 0.627625
vt 0.130459 0.782740
vt 0.180838 0.778723
vt 0.113954 0.785179
vt 0.475471 0.514825
vt 0.480316 0.534414
vt 0.464470 0.530447
vt 0.426434 0.594812
vt 0.446384 0.585487
vt 0.430779 0.612431
vt 0.464143 0.578674
vt 0.473764 0.583264
vt 0.490227 0.516913
vt 0.501718 0.535005
vt 0.451250 0.532088
vt 0.451208 0.546460
vt 0.430508 0.540641
vt 0.569080 0.614240
vt 0.560135 0.623752
vt 0.567319 0.598421
vt 0.534429 0.660356
vt 0.541049 0.663803
vt 0.529913 0.674895
vt 0.545061 0.677402
vt 0.556183 0.656312
vt 0.583351 0.641668
vt 0.571362 0.660064
vt 0.569036 0.642009
vt 0.573649 0.527398
vt 0.581160 0.541732
vt 0.571222 0.541664
vt 0.452972 0.616149
vt 0.571810 0.558099
vt 0.566341 0.575821
vt 0.567919 0.557150
vt 0.515429 0.510638
vt 0.520477 0.525523
vt 0.574879 0.626074
vt 0.576343 0.577705
vt 0.464316 0.513157
vt 0.469823 0.502921
vt 0.435823 0.561365
vt 0.463691 0.560501
vt 0.487249 0.605246
vt 0.483631 0.554533
vt 0.494251 0.564439
vt 0.489271 0.582849
vt 0.558446 0.567063
vt 0.462390 0.644543
vt 0.442874 0.692473
vt 0.429099 0.681928
vt 0.488205 0.503894
vt 0.434613 0.625209
vt 0.428847 0.578284
vt 0.544634 0.648835
vt 0.506999 0.561657
vt 0.526673 0.512628
vt 0.502868 0.505019
vt 0.580308 0.609681
vt 0.427602 0.650198
vt 0.500450 0.582365
vt 0.602313 0.687140
vt 0.572740 0.722728
vt 0.576077 0.699808
vt 0.597442 0.591182
vt 0.561611 0.675351
vt 0.535779 0.698254
vt 0.546422 0.707345
vt 0.555150 0.691027
vt 0.526709 0.485691
vt 0.577151 0.679349
vt 0.564836 0.690650
vt 0.529132 0.645039
vt 0.556060 0.593729
vt 0.602313 0.722728
vt 0.595257 0.664124
vt 0.544084 0.632273
vt 0.560095 0.540559
vt 0.485516 0.651422
vt 0.467812 0.672934
vt 0.496066 0.665389
vt 0.504325 0.641188
vt 0.522062 0.666152
vt 0.512891 0.669429
vt 0.507706 0.675133
vt 0.505997 0.663784
vt 0.514133 0.655954
vt 0.501216 0.676014
vt 0.479791 0.691096
vt 0.453805 0.715151
vt 0.498529 0.624426
vt 0.493378 0.691723
vt 0.519664 0.684427
vt 0.515838 0.676938
vt 0.507419 0.684499
vt 0.501466 0.696830
vt 0.512437 0.694658
vt 0.542237 0.584277
vt 0.532582 0.604828
vt 0.530386 0.590114
vt 0.546962 0.534305
vt 0.541775 0.546869
vt 0.539163 0.527350
vt 0.544256 0.610207
vt 0.516053 0.614032
vt 0.510616 0.615665
vt 0.512976 0.601231
vt 0.560405 0.509071
vt 0.554078 0.525895
vt 0.535350 0.580884
vt 0.527057 0.547158
vt 0.529368 0.532473
vt 0.522902 0.632036
vt 0.532906 0.624191
vt 0.517494 0.644934
vt 0.511552 0.639325
vt 0.527156 0.600954
vt 0.522159 0.598975
vt 0.515623 0.637233
vt 0.513275 0.627856
vt 0.522763 0.618543
vt 0.527298 0.622851
vt 0.528172 0.615258
vt 0.523540 0.607258
vt 0.503945 0.604926
vt 0.509152 0.590514
vt 0.518626 0.607845
vt 0.531785 0.574209
vt 0.536931 0.561367
vt 0.537951 0.571635
vt 0.549923 0.540307
vt 0.519386 0.542138
vt 0.519718 0.583312
vt 0.515932 0.573130
vt 0.514643 0.554460
vt 0.523489 0.563363
vt 0.546900 0.557842
vt 0.507401 0.628975
vt 0.525872 0.566749
vt 0.531944 0.559152
vt 0.545646 0.503012
vt 0.580338 0.516570
vt 0.590578 0.529662
vt 0.534864 0.518849
vt 0.537354 0.500705
vt 0.527515 0.692243
vt 0.528348 0.522714
vt 0.564877 0.517263
vt 0.481661 0.496628
vt 0.479808 0.489476
vt 0.494560 0.488373
vt 0.468215 0.495384
vt 0.457998 0.499188
vt 0.573153 0.521400
vt 0.457857 0.515791
vt 0.602313 0.616932
vt 0.557507 0.715452
vt 0.602313 0.644423
vt 0.346497 0.359435
vt 0.348746 0.339400
vt 0.363118 0.352038
vt 0.355617 0.318383
vt 0.368614 0.337167
vt 0.326664 0.318256
vt 0.364369 0.364923
vt 0.376212 0.359546
vt 0.382507 0.374477
vt 0.328919 0.349241
vt 0.410014 0.382559
vt 0.407227 0.368943
vt 0.332481 0.364215
vt 0.376492 0.323377
vt 0.388510 0.339363
vt 0.320320 0.363666
vt 0.343960 0.373543
vt 0.391407 0.326393
vt 0.404256 0.332148
vt 0.438036 0.372288
vt 0.423249 0.369516
vt 0.425769 0.358001
vt 0.393784 0.355135
vt 0.405904 0.344775
vt 0.412603 0.356599
vt 0.310298 0.353937
vt 0.310298 0.334411
vt 0.352493 0.368219
vt 0.391114 0.317255
vt 0.401229 0.318092
vt 0.361758 0.375922
vt 0.411463 0.327400
vt 0.415968 0.339777
vt 0.419796 0.347856
vt 0.421865 0.333805
vt 0.410094 0.318067
vt 0.427133 0.348045
vt 0.392848 0.392768
vt 0.418458 0.404366
vt 0.433592 0.388237
vt 0.419384 0.377312
vt 0.439039 0.347860
vt 0.437126 0.352249
vt 0.432507 0.343745
vt 0.459869 0.354832
vt 0.452012 0.361623
vt 0.451132 0.354113
vt 0.492812 0.399206
vt 0.486268 0.402303
vt 0.484746 0.391567
vt 0.459200 0.345911
vt 0.471037 0.348275
vt 0.441240 0.356128
vt 0.456637 0.317883
vt 0.489082 0.318011
vt 0.472040 0.334096
vt 0.495311 0.360630
vt 0.478576 0.355471
vt 0.489072 0.340366
vt 0.464753 0.361690
vt 0.451711 0.377427
vt 0.445392 0.366467
vt 0.456441 0.371211
vt 0.466624 0.376312
vt 0.462667 0.385448
vt 0.474788 0.381018
vt 0.473516 0.391235
vt 0.436697 0.342037
vt 0.429079 0.335358
vt 0.426878 0.327283
vt 0.433443 0.332714
vt 0.441083 0.351465
vt 0.445815 0.346281
vt 0.442243 0.329501
vt 0.455435 0.335543
vt 0.476959 0.368476
vt 0.486821 0.381234
vt 0.295600 0.343925
vt 0.382424 0.318192
vt 0.377871 0.347959
vt 0.482563 0.408615
vt 0.479890 0.396048
vt 0.478439 0.391000
vt 0.514177 0.383580
vt 0.514177 0.403902
vt 0.421683 0.424366
vt 0.402675 0.412251
vt 0.399317 0.423598
vt 0.411844 0.432314
vt 0.401159 0.434966
vt 0.403610 0.459270
vt 0.401698 0.450513
vt 0.412011 0.458431
vt 0.514177 0.328269
vt 0.514177 0.362309
vt 0.393674 0.443978
vt 0.396418 0.439968
vt 0.394996 0.453567
vt 0.385806 0.441603
vt 0.378726 0.428430
vt 0.373858 0.420328
vt 0.381099 0.421328
vt 0.365612 0.414310
vt 0.372047 0.431009
vt 0.361441 0.419611
vt 0.495825 0.407974
vt 0.497390 0.418155
vt 0.355373 0.407800
vt 0.357159 0.399148
vt 0.385848 0.411242
vt 0.372287 0.424160
vt 0.392153 0.428361
vt 0.407943 0.444164
vt 0.389688 0.401616
vt 0.391137 0.440720
vt 0.324617 0.408142
vt 0.327817 0.403387
vt 0.341013 0.406028
vt 0.359273 0.415401
vt 0.352419 0.412654
vt 0.378994 0.393860
vt 0.317721 0.396671
vt 0.386809 0.433280
vt 0.374433 0.399808
vt 0.371180 0.407540
vt 0.362833 0.388873
vt 0.261232 0.348291
vt 0.269613 0.367529
vt 0.250973 0.362311
vt 0.284825 0.361577
vt 0.282827 0.353437
vt 0.282466 0.369377
vt 0.283283 0.377959
vt 0.380147 0.385521
vt 0.372778 0.382709
vt 0.422139 0.481513
vt 0.411770 0.470762
vt 0.422975 0.468907
vt 0.427889 0.447188
vt 0.270375 0.376847
vt 0.282613 0.388693
vt 0.246603 0.369569
vt 0.260944 0.386116
vt 0.295978 0.388735
vt 0.302879 0.394070
vt 0.257731 0.368459
vt 0.434950 0.360010
vt 0.323779 0.391700
vt 0.333993 0.401322
vt 0.340316 0.398982
vt 0.347920 0.401582
vt 0.321983 0.377579
vt 0.341102 0.388340
vt 0.321698 0.385071
vt 0.290311 0.368087
vt 0.303294 0.364486
vt 0.305426 0.378223
vt 0.308660 0.385916
vt 0.293312 0.378287
vt 0.301083 0.353453
vt 0.293079 0.355502
vt 0.311771 0.392196
vt 0.333295 0.391045
vt 0.298827 0.381550
vt 0.329554 0.372691
vt 0.450826 0.423471
vt 0.448214 0.412439
vt 0.468204 0.414011
vt 0.486725 0.426162
vt 0.476965 0.419316
vt 0.437496 0.432022
vt 0.448457 0.399047
vt 0.435768 0.405366
vt 0.460200 0.402477
vt 0.452659 0.389385
vt 0.479703 0.431052
vt 0.468691 0.401161
vt 0.437475 0.415595
vt 0.462210 0.393858
vt 0.382334 0.840819
vt 0.382244 0.849616
vt 0.375646 0.842183
vt 0.332005 0.881117
vt 0.361486 0.887765
vt 0.352162 0.906097
vt 0.350883 0.955324
vt 0.374621 0.957074
vt 0.366139 0.972443
vt 0.328467 0.905630
vt 0.301691 0.910109
vt 0.307618 0.890211
vt 0.399012 0.956248
vt 0.376057 0.939186
vt 0.463443 0.885405
vt 0.454969 0.909027
vt 0.448795 0.895994
vt 0.435339 0.904469
vt 0.442992 0.890594
vt 0.373234 0.822730
vt 0.364600 0.820346
vt 0.372098 0.815150
vt 0.432047 0.886643
vt 0.391632 0.862508
vt 0.397154 0.886444
vt 0.375064 0.871968
vt 0.416473 0.887369
vt 0.424512 0.899176
vt 0.420889 0.962879
vt 0.419359 0.949580
vt 0.302341 0.933853
vt 0.322215 0.947987
vt 0.259342 0.953068
vt 0.350542 0.865634
vt 0.469403 0.781840
vt 0.450765 0.774671
vt 0.469072 0.766170
vt 0.464845 0.792073
vt 0.459448 0.782891
vt 0.488076 0.931825
vt 0.495591 0.919188
vt 0.498565 0.928738
vt 0.280303 0.899958
vt 0.449248 0.884603
vt 0.442841 0.878900
vt 0.371715 0.790017
vt 0.381026 0.770664
vt 0.388068 0.803726
vt 0.475238 0.924004
vt 0.472640 0.899756
vt 0.364582 0.825530
vt 0.409302 0.871433
vt 0.424404 0.873611
vt 0.326746 0.850644
vt 0.406016 0.855068
vt 0.472868 0.857231
vt 0.478485 0.871826
vt 0.458462 0.867742
vt 0.417444 0.861883
vt 0.495118 0.945968
vt 0.490752 0.900235
vt 0.432184 0.856268
vt 0.429182 0.847575
vt 0.437804 0.848775
vt 0.363014 0.854286
vt 0.451867 0.875873
vt 0.415459 0.809342
vt 0.423316 0.796290
vt 0.435759 0.816248
vt 0.347106 0.843643
vt 0.306993 0.866230
vt 0.376402 0.857116
vt 0.370082 0.847279
vt 0.426293 0.861880
vt 0.437565 0.867481
vt 0.393130 0.848011
vt 0.418433 0.849821
vt 0.404688 0.843450
vt 0.357461 0.839844
vt 0.349767 0.829450
vt 0.337014 0.826099
vt 0.391830 0.837836
vt 0.366839 0.838577
vt 0.370202 0.825673
vt 0.368359 0.828327
vt 0.481835 0.887660
vt 0.354471 0.831001
vt 0.372742 0.837455
vt 0.411537 0.833990
vt 0.409560 0.839554
vt 0.401058 0.834133
vt 0.365021 0.832052
vt 0.371269 0.832243
vt 0.377436 0.833686
vt 0.360012 0.824995
vt 0.358649 0.831549
vt 0.483103 0.842360
vt 0.462765 0.847964
vt 0.468222 0.835815
vt 0.437069 0.988215
vt 0.431106 0.999743
vt 0.417511 0.985317
vt 0.405976 0.999727
vt 0.385870 0.817470
vt 0.390577 0.828222
vt 0.380714 0.824060
vt 0.359926 0.800198
vt 0.377307 0.808157
vt 0.381852 0.830881
vt 0.500106 0.852527
vt 0.400196 0.819489
vt 0.497363 0.879545
vt 0.486300 0.827084
vt 0.447620 0.861422
vt 0.448291 0.869718
vt 0.457078 0.857098
vt 0.449303 0.852355
vt 0.440947 0.857432
vt 0.416627 0.823556
vt 0.465058 0.819645
vt 0.448796 0.837485
vt 0.401668 0.793335
vt 0.480965 0.815161
vt 0.383418 0.835769
vt 0.428310 0.837401
vt 0.475951 0.803234
vt 0.373846 0.827071
vt 0.396678 0.770560
vt 0.412228 0.778477
vt 0.457293 0.787894
vt 0.434892 0.772190
vt 0.429127 0.782550
vt 0.421080 0.770352
vt 0.441884 0.796633
vt 0.455636 0.803467
vt 0.282154 0.805366
vt 0.261861 0.829750
vt 0.268934 0.813361
vt 0.447797 0.785228
vt 0.453447 0.792084
vt 0.394229 0.976764
vt 0.307912 0.776429
vt 0.289427 0.825829
vt 0.301456 0.843363
vt 0.315269 0.820505
vt 0.337819 0.974909
vt 0.304997 0.876186
vt 0.283995 0.880502
vt 0.278978 0.860161
vt 0.285260 0.843006
vt 0.251714 0.890328
vt 0.254992 0.926619
vt 0.257735 0.875057
vt 0.252709 0.863682
vt 0.270522 0.844691
vt 0.313796 0.879815
vt 0.333908 0.999743
vt 0.276770 0.999573
vt 0.328965 0.803374
vt 0.251714 0.849184
vt 0.369673 0.999743
vt 0.294552 0.966122
vt 0.336745 0.777183
vt 0.372438 0.829555
vt 0.354544 0.816820
vt 0.355049 0.782432
vt 0.365041 0.772796
vt 0.483323 0.790650
vt 0.416306 0.972509
vt 0.436086 0.973644
vt 0.373700 0.907424
vt 0.368268 0.921430
vt 0.304761 0.924460
vt 0.332516 0.935375
vt 0.348818 0.924414
vt 0.357004 0.942420
vt 0.453039 0.984202
vt 0.454347 0.970713
vt 0.471579 0.988486
vt 0.433749 0.962764
vt 0.397948 0.942348
vt 0.480995 0.949436
vt 0.441192 0.955367
vt 0.410405 0.932888
vt 0.461949 0.952180
vt 0.324697 0.919573
vt 0.388990 0.924113
vt 0.379218 0.892919
vt 0.438288 0.933058
vt 0.483610 0.972772
vt 0.412211 0.911501
vt 0.390522 0.905279
vt 0.500853 0.959382
s 1
usemtl Texture
f 926/1/1 927/2/2 967/3/3
f 880/4/4 2541/5/5 2390/6/6
f 846/7/7 2541/8/5 880/9/4
f 2390/10/6 2541/11/5 864/12/8
f 858/13/9 864/14/8 2541/15/5
f 2390/16/6 864/17/8 861/18/10
f 862/19/11 854/20/12 337/21/13
f 880/22/4 2390/23/6 879/24/14
f 921/25/15 924/26/16 808/27/17
f 880/28/4 2050/29/18 846/30/7
f 879/31/14 2050/32/18 880/33/4
f 396/34/19 2481/35/20 687/36/21
f 1109/37/22 972/38/23 974/39/24
f 1777/40/25 2396/41/26 2397/42/27
f 798/43/28 986/44/29 967/45/3
f 986/46/29 2396/47/26 987/48/30
f 2397/49/27 1775/50/31 1777/51/25
f 987/52/30 1775/53/31 986/54/29
f 1775/55/31 2397/56/27 967/57/3
f 2396/58/26 926/59/1 2397/60/27
f 967/61/3 986/62/29 1775/63/31
f 2397/64/27 926/65/1 967/66/3
f 1777/67/25 1775/68/31 987/69/30
f 2396/70/26 1777/71/25 987/72/30
f 336/73/32 862/74/11 337/75/13
f 335/76/33 336/73/32 337/75/13
f 552/77/34 862/78/11 861/79/10
f 2390/80/6 861/79/10 862/78/11
f 1/81/35 972/82/23 1001/83/36
f 845/84/37 1/81/35 1001/83/36
f 1109/85/22 921/86/15 808/87/17
f 974/88/24 921/86/15 1109/85/22
f 1/89/35 974/90/24 972/91/23
f 1/89/35 921/92/15 974/90/24
f 924/93/16 921/94/15 845/95/37
f 845/95/37 921/94/15 1/96/35
f 879/97/14 2390/98/6 336/99/32
f 2390/98/6 862/100/11 336/99/32
f 347/101/38 388/102/39 343/103/40
f 346/104/41 347/101/38 343/103/40
f 798/105/28 927/106/2 926/107/1
f 967/108/3 927/106/2 798/105/28
f 798/109/28 926/110/1 986/111/29
f 986/111/29 926/110/1 2396/112/26
f 919/113/42 1118/114/43 968/115/44
f 1118/114/43 703/116/45 968/115/44
f 919/113/42 968/115/44 2383/117/46
f 2562/118/47 861/119/10 337/120/13
f 552/121/34 861/119/10 2562/118/47
f 335/122/33 337/120/13 861/119/10
f 854/123/12 2562/118/47 337/120/13
f 1357/124/48 1430/125/49 1579/126/50
f 1430/125/49 1428/127/51 1579/126/50
f 466/128/52 491/129/53 1428/127/51
f 466/128/52 1428/127/51 1430/125/49
f 1558/130/54 719/131/55 1367/132/56
f 719/131/55 1558/130/54 718/133/57
f 1558/130/54 711/134/58 718/133/57
f 1367/132/56 719/131/55 1368/135/59
f 1238/136/60 2401/137/61 2065/138/62
f 1913/139/63 2069/140/64 2061/141/65
f 1913/139/63 1238/136/60 2065/138/62
f 1913/139/63 2065/138/62 2069/140/64
f 1240/142/66 2048/143/67 2047/144/68
f 1069/145/69 2048/143/67 1240/142/66
f 1069/145/69 1240/142/66 1113/146/70
f 1087/147/71 1069/145/69 1113/146/70
f 2029/148/72 1996/149/73 1981/150/74
f 2029/148/72 2031/151/75 1996/149/73
f 2029/148/72 1981/150/74 2062/152/76
f 1996/149/73 2031/151/75 1992/153/77
f 98/154/78 2/155/79 123/156/80
f 4/157/81 98/154/78 123/156/80
f 4/157/81 123/156/80 124/158/82
f 2400/159/83 4/157/81 124/158/82
f 124/158/82 655/160/84 2400/159/83
f 1443/161/85 1475/162/86 1444/163/87
f 1449/164/88 1445/165/89 1444/163/87
f 1449/164/88 1444/163/87 1473/166/90
f 1473/166/90 1444/163/87 1475/162/86
f 1444/163/87 1445/165/89 1443/161/85
f 410/167/91 392/168/92 411/169/93
f 410/167/91 234/170/94 392/168/92
f 213/171/95 392/168/92 234/170/94
f 411/169/93 392/168/92 412/172/96
f 392/168/92 213/171/95 225/173/97
f 1069/174/69 1087/175/71 1925/176/98
f 1767/177/99 1998/178/100 1999/179/101
f 1983/180/102 1767/177/99 1999/179/101
f 1925/176/98 1998/178/100 1767/177/99
f 1925/176/98 1087/175/71 1998/178/100
f 1110/181/103 1113/182/70 2065/183/62
f 2069/184/64 2065/183/62 1240/185/66
f 2065/183/62 1113/182/70 1240/185/66
f 2123/186/104 2069/184/64 1240/185/66
f 2038/187/105 1110/181/103 2401/188/61
f 2401/188/61 1110/181/103 2065/183/62
f 545/189/106 821/190/107 934/191/108
f 919/192/42 2383/193/46 934/191/108
f 934/191/108 1118/194/43 919/192/42
f 934/191/108 2383/193/46 545/189/106
f 2504/195/109 821/190/107 545/189/106
f 2506/196/110 821/190/107 2504/195/109
f 560/197/111 554/198/112 557/199/113
f 564/200/114 565/201/115 556/202/116
f 557/199/113 554/198/112 556/202/116
f 524/203/117 554/198/112 525/204/118
f 564/200/114 556/202/116 554/198/112
f 554/198/112 560/197/111 525/204/118
f 554/198/112 524/203/117 564/200/114
f 1771/205/119 1230/206/120 2058/207/121
f 1771/205/119 2058/207/121 1163/208/122
f 2058/207/121 2088/209/123 1163/208/122
f 1771/205/119 2104/210/124 1230/206/120
f 1768/211/125 2058/207/121 1230/206/120
f 2104/210/124 1768/211/125 1230/206/120
f 2058/207/121 1768/211/125 2088/209/123
f 1985/212/126 1983/213/102 1976/214/127
f 2047/215/68 2123/216/104 1240/217/66
f 2123/216/104 1985/212/126 1976/214/127
f 304/218/128 1985/212/126 2123/216/104
f 2143/219/129 2123/216/104 2047/215/68
f 2047/215/68 2048/220/67 2143/219/129
f 304/218/128 2123/216/104 2143/219/129
f 87/221/130 88/222/131 511/223/132
f 86/224/133 87/221/130 511/223/132
f 512/225/134 86/224/133 510/226/135
f 86/224/133 512/225/134 87/221/130
f 513/227/136 511/223/132 117/228/137
f 681/229/138 512/225/134 510/226/135
f 681/229/138 2478/230/139 512/225/134
f 117/228/137 511/223/132 88/222/131
f 1163/231/122 1767/232/99 1771/233/119
f 304/234/128 1768/235/125 2104/236/124
f 1994/237/140 1983/238/102 1985/239/126
f 1767/232/99 1994/237/140 1771/233/119
f 1994/237/140 2104/236/124 1771/233/119
f 1767/232/99 1983/238/102 1994/237/140
f 304/234/128 2104/236/124 1985/239/126
f 1985/239/126 2104/236/124 1994/237/140
f 968/240/44 975/241/141 2383/242/46
f 975/241/141 968/240/44 2491/243/142
f 552/244/34 975/241/141 2491/243/142
f 836/245/143 2491/243/142 968/240/44
f 552/244/34 2562/246/47 2563/247/144
f 2563/247/144 2383/242/46 975/241/141
f 2563/247/144 975/241/141 552/244/34
f 2491/243/142 836/245/143 552/244/34
f 336/248/32 861/249/10 879/250/14
f 861/249/10 336/248/32 335/251/33
f 879/250/14 861/249/10 866/252/145
f 861/249/10 864/253/8 866/252/145
f 864/253/8 858/254/9 866/252/145
f 2049/255/146 866/252/145 858/254/9
f 2050/256/18 879/250/14 866/252/145
f 2050/256/18 866/252/145 2049/255/146
f 972/257/23 1109/258/22 2496/259/147
f 808/260/17 2506/261/110 2496/259/147
f 808/260/17 2496/259/147 1109/258/22
f 2496/259/147 1118/262/43 972/257/23
f 924/263/16 821/264/107 2506/261/110
f 808/260/17 924/263/16 2506/261/110
f 703/265/45 1118/262/43 2496/259/147
f 1118/262/43 934/266/108 972/257/23
f 2496/259/147 2506/261/110 703/265/45
f 2509/267/148 491/268/53 492/269/149
f 1428/270/51 1578/271/150 1579/272/50
f 1578/271/150 1360/273/151 1359/274/152
f 1578/271/150 2223/275/153 1360/273/151
f 2223/275/153 1578/271/150 1428/270/51
f 1578/271/150 1359/274/152 1579/272/50
f 1433/276/154 1579/272/50 1359/274/152
f 2509/267/148 2223/275/153 491/268/53
f 2223/275/153 1428/270/51 491/268/53
f 88/277/131 87/278/130 246/279/155
f 246/279/155 240/280/156 2455/281/157
f 115/282/158 88/277/131 245/283/159
f 512/284/134 2479/285/160 87/278/130
f 534/286/161 115/282/158 522/287/162
f 240/280/156 246/279/155 2479/285/160
f 88/277/131 246/279/155 245/283/159
f 522/287/162 115/282/158 245/283/159
f 87/278/130 2479/285/160 246/279/155
f 246/279/155 2455/281/157 245/283/159
f 1977/288/163 2014/289/164 2002/290/165
f 2070/291/166 1873/292/167 2014/289/164
f 2013/293/168 1846/294/169 1740/295/170
f 2013/293/168 2056/296/171 1846/294/169
f 2014/289/164 1740/295/170 2002/290/165
f 2011/297/172 1740/295/170 2014/289/164
f 2011/297/172 1873/292/167 2013/293/168
f 2014/289/164 1873/292/167 2011/297/172
f 2070/291/166 2014/289/164 1977/288/163
f 2011/297/172 2013/293/168 1740/295/170
f 872/298/173 845/299/37 934/300/108
f 2359/301/174 872/298/173 877/302/175
f 872/298/173 924/303/16 845/299/37
f 877/302/175 821/304/107 2359/301/174
f 845/299/37 1001/305/36 934/300/108
f 924/303/16 2359/301/174 821/304/107
f 934/300/108 1001/305/36 972/306/23
f 872/298/173 934/300/108 877/302/175
f 872/298/173 2359/301/174 924/303/16
f 821/304/107 877/302/175 934/300/108
f 2225/307/176 2519/308/177 1710/309/178
f 1300/310/179 2519/308/177 2225/307/176
f 1223/311/180 1228/312/181 1754/313/182
f 2439/314/183 2519/308/177 1300/310/179
f 2439/314/183 1754/313/182 2519/308/177
f 2439/314/183 1300/310/179 1447/315/184
f 1710/309/178 1228/312/181 1225/316/185
f 1710/309/178 1225/316/185 1711/317/186
f 1754/313/182 1228/312/181 1710/309/178
f 1754/313/182 1710/309/178 2519/308/177
f 1238/318/60 1913/319/63 2077/320/187
f 1913/319/63 2061/321/65 2077/320/187
f 2063/322/188 2401/323/61 1238/318/60
f 2029/324/72 2077/320/187 2061/321/65
f 2402/325/189 2401/323/61 2063/322/188
f 2402/325/189 2038/326/105 2401/323/61
f 2061/321/65 2031/327/75 2029/324/72
f 2036/328/190 2038/326/105 2402/325/189
f 2063/322/188 1238/318/60 2062/329/76
f 1238/318/60 2077/320/187 2062/329/76
f 2062/329/76 2077/320/187 2029/324/72
f 2048/330/67 1069/331/69 2089/332/191
f 2089/332/191 1164/333/192 2088/334/123
f 2089/332/191 1069/331/69 1164/333/192
f 2089/332/191 2088/334/123 1768/335/125
f 2089/332/191 1768/335/125 2048/330/67
f 1925/336/98 1163/337/122 1164/333/192
f 304/338/128 2143/339/129 1768/335/125
f 1767/340/99 1163/337/122 1925/336/98
f 1164/333/192 1163/337/122 2088/334/123
f 1164/333/192 1069/331/69 1925/336/98
f 2143/339/129 2048/330/67 1768/335/125
f 2023/341/193 2072/342/194 2033/343/195
f 147/344/196 2033/343/195 146/345/197
f 1074/346/198 2033/343/195 2072/342/194
f 160/347/199 2033/343/195 136/348/200
f 1093/349/201 925/350/202 2066/351/203
f 2561/352/204 1975/353/205 2023/341/193
f 2033/343/195 2561/352/204 2023/341/193
f 159/354/206 146/345/197 2033/343/195
f 925/350/202 1093/349/201 136/348/200
f 136/348/200 1093/349/201 160/347/199
f 2561/352/204 2033/343/195 147/344/196
f 160/347/199 159/354/206 2033/343/195
f 1909/355/207 2414/356/208 2063/357/188
f 2414/356/208 2402/358/189 2063/357/188
f 2062/359/76 1981/360/74 1910/361/209
f 925/362/202 136/363/200 2414/356/208
f 1910/361/209 1981/360/74 2076/364/210
f 1909/355/207 2062/359/76 1910/361/209
f 2414/356/208 136/363/200 2413/365/211
f 1910/361/209 925/362/202 1909/355/207
f 2066/366/203 925/362/202 2076/364/210
f 2402/358/189 2414/356/208 2413/365/211
f 2062/359/76 1909/355/207 2063/357/188
f 2076/364/210 925/362/202 1910/361/209
f 925/362/202 2414/356/208 1909/355/207
f 1773/367/212 1772/368/213 2097/369/214
f 1772/368/213 2096/370/215 2097/369/214
f 1772/368/213 1773/367/212 2009/371/216
f 2097/369/214 2084/372/217 2036/373/190
f 1087/374/71 1113/375/70 1110/376/103
f 1087/374/71 1110/376/103 1078/377/218
f 2084/372/217 2097/369/214 2096/370/215
f 2056/378/171 1078/377/218 2084/372/217
f 1110/376/103 2038/379/105 1078/377/218
f 1846/380/169 2056/378/171 2084/372/217
f 2056/378/171 1087/374/71 1078/377/218
f 2084/372/217 2038/379/105 2036/373/190
f 2084/372/217 2096/370/215 1846/380/169
f 2084/372/217 1078/377/218 2038/379/105
f 57/381/219 652/382/220 327/383/221
f 652/382/220 2514/384/222 649/385/223
f 55/386/224 41/387/225 327/383/221
f 327/383/221 54/388/226 45/389/227
f 1293/390/228 360/391/229 649/385/223
f 54/388/226 327/383/221 41/387/225
f 649/385/223 2514/384/222 2501/392/230
f 652/382/220 649/385/223 329/393/231
f 1235/394/232 2514/384/222 57/381/219
f 2514/384/222 1235/394/232 2501/392/230
f 2514/384/222 652/382/220 57/381/219
f 652/382/220 55/386/224 327/383/221
f 2501/392/230 1293/390/228 649/385/223
f 649/385/223 360/391/229 329/393/231
f 329/393/231 55/386/224 652/382/220
f 1357/395/48 1378/396/233 1462/397/234
f 719/398/55 2309/399/235 1378/396/233
f 466/400/52 112/401/236 516/402/237
f 491/403/53 466/400/52 516/402/237
f 2309/399/235 718/404/57 112/401/236
f 1357/395/48 1368/405/59 1378/396/233
f 1357/395/48 1462/397/234 1430/406/49
f 1462/397/234 1378/396/233 500/407/238
f 500/407/238 466/400/52 1430/406/49
f 2309/399/235 500/407/238 1378/396/233
f 718/404/57 2309/399/235 719/398/55
f 112/401/236 466/400/52 500/407/238
f 711/408/58 112/401/236 718/404/57
f 1430/406/49 1462/397/234 500/407/238
f 1378/396/233 1368/405/59 719/398/55
f 500/407/238 2309/399/235 112/401/236
f 1976/409/127 1873/410/167 2070/411/166
f 1997/412/239 2515/413/240 2013/414/168
f 2515/413/240 1998/415/100 2012/416/241
f 2515/413/240 2012/416/241 2013/414/168
f 1998/415/100 1087/417/71 2056/418/171
f 1873/410/167 1997/412/239 2013/414/168
f 2515/413/240 1997/412/239 1999/419/101
f 2070/411/166 2123/420/104 1976/409/127
f 2123/420/104 2070/411/166 2069/421/64
f 1998/415/100 2515/413/240 1999/419/101
f 1997/412/239 1983/422/102 1999/419/101
f 1997/412/239 2078/423/242 1983/422/102
f 2012/416/241 1998/415/100 2056/418/171
f 1983/422/102 2078/423/242 1976/409/127
f 2056/418/171 2013/414/168 2012/416/241
f 1873/410/167 1976/409/127 2078/423/242
f 2078/423/242 1997/412/239 1873/410/167
f 677/424/243 385/425/244 384/426/245
f 347/427/38 346/428/41 677/424/243
f 863/429/246 759/430/247 2449/431/248
f 2469/432/249 676/433/250 2461/434/251
f 759/430/247 807/435/252 1157/436/253
f 2469/432/249 2461/434/251 256/437/254
f 385/425/244 677/424/243 346/428/41
f 2449/431/248 2461/434/251 676/433/250
f 677/424/243 384/426/245 676/433/250
f 759/430/247 746/438/255 2449/431/248
f 2449/431/248 746/438/255 2461/434/251
f 384/426/245 2449/431/248 676/433/250
f 759/430/247 1157/436/253 746/438/255
f 677/424/243 676/433/250 2469/432/249
f 746/438/255 256/437/254 2461/434/251
f 677/424/243 2469/432/249 347/427/38
f 2449/431/248 384/426/245 863/429/246
f 1846/439/169 2096/440/215 1740/441/170
f 1740/441/170 2096/440/215 2024/442/256
f 1977/443/163 2002/444/165 2024/442/256
f 2024/442/256 2096/440/215 2001/445/257
f 1977/443/163 2024/442/256 2001/445/257
f 2096/440/215 1772/446/213 2001/445/257
f 2001/445/257 2021/447/258 1977/443/163
f 2070/448/166 1977/443/163 2021/447/258
f 2021/447/258 2031/449/75 2070/448/166
f 1772/446/213 2009/450/216 2000/451/259
f 2024/442/256 2002/444/165 1740/441/170
f 1992/452/77 2000/451/259 2009/450/216
f 1992/452/77 2021/447/258 2000/451/259
f 2000/451/259 2021/447/258 2001/445/257
f 2001/445/257 1772/446/213 2000/451/259
f 2021/447/258 1992/452/77 2031/449/75
f 2069/453/64 2070/448/166 2061/454/65
f 2031/449/75 2061/454/65 2070/448/166
f 2506/455/110 2504/456/109 844/457/260
f 703/458/45 844/457/260 836/459/143
f 834/460/261 836/459/143 844/457/260
f 2313/461/262 834/460/261 2391/462/263
f 2563/463/144 2313/461/262 2391/462/263
f 834/460/261 844/457/260 2391/462/263
f 854/464/12 836/459/143 834/460/261
f 2313/461/262 2562/465/47 834/460/261
f 2563/463/144 545/466/106 2383/467/46
f 968/468/44 703/458/45 836/459/143
f 552/469/34 836/459/143 862/470/11
f 2563/463/144 2391/462/263 2504/456/109
f 2313/461/262 2563/463/144 2562/465/47
f 854/464/12 862/470/11 836/459/143
f 2563/463/144 2504/456/109 545/466/106
f 844/457/260 703/458/45 2506/455/110
f 854/464/12 834/460/261 2562/465/47
f 2391/462/263 844/457/260 2504/456/109
f 1982/471/264 2071/472/265 2076/473/210
f 2071/472/265 2066/474/203 2076/473/210
f 1975/475/205 2025/476/266 2023/477/193
f 1973/478/267 1993/479/268 1978/480/269
f 2025/476/266 2072/481/194 2023/477/193
f 2025/476/266 1975/475/205 2016/482/270
f 2057/483/271 2072/481/194 2025/476/266
f 1982/471/264 1996/484/73 1979/485/272
f 1993/479/268 2025/476/266 2016/482/270
f 2071/472/265 1978/480/269 2016/482/270
f 1982/471/264 1973/478/267 1978/480/269
f 1978/480/269 1993/479/268 2016/482/270
f 1978/480/269 2071/472/265 1982/471/264
f 2057/483/271 2025/476/266 1993/479/268
f 1982/471/264 1979/485/272 1973/478/267
f 1996/484/73 1992/486/77 1979/485/272
f 1993/479/268 1973/478/267 2010/487/273
f 2010/487/273 2057/483/271 1993/479/268
f 1973/478/267 1979/485/272 2010/487/273
f 1981/488/74 1982/471/264 2076/473/210
f 1982/471/264 1981/488/74 1996/484/73
f 2072/489/194 2054/490/274 1074/491/198
f 2033/492/195 2413/493/211 136/494/200
f 2009/495/216 2005/496/275 2006/497/276
f 1773/498/212 2097/499/214 2003/500/277
f 2072/489/194 2035/501/278 2054/490/274
f 2072/489/194 2005/496/275 2035/501/278
f 1979/502/272 1992/503/77 2006/497/276
f 2036/504/190 2035/501/278 2003/500/277
f 2054/490/274 2035/501/278 2413/493/211
f 2009/495/216 2003/500/277 2005/496/275
f 2010/505/273 1979/502/272 2006/497/276
f 1773/498/212 2003/500/277 2009/495/216
f 2006/497/276 2005/496/275 2010/505/273
f 2054/490/274 2413/493/211 2033/492/195
f 2036/504/190 2413/493/211 2035/501/278
f 2402/506/189 2413/493/211 2036/504/190
f 2036/504/190 2003/500/277 2097/499/214
f 2035/501/278 2005/496/275 2003/500/277
f 2054/490/274 2033/492/195 1074/491/198
f 2057/507/271 2005/496/275 2072/489/194
f 2006/497/276 1992/503/77 2009/495/216
f 2005/496/275 2057/507/271 2010/505/273
f 490/508/279 497/509/280 2100/510/281
f 532/511/282 84/512/283 497/509/280
f 497/509/280 84/512/283 83/513/284
f 83/513/284 84/512/283 414/514/285
f 84/512/283 532/511/282 64/515/286
f 1360/516/151 2101/517/287 1431/518/288
f 2510/519/289 2509/520/148 490/508/279
f 2101/517/287 1361/521/290 2100/510/281
f 1359/522/152 1431/518/288 1433/523/154
f 1361/521/290 2510/519/289 490/508/279
f 1585/524/291 1431/518/288 2101/517/287
f 1360/516/151 2510/519/289 1361/521/290
f 1360/516/151 2223/525/153 2510/519/289
f 1360/516/151 1431/518/288 1359/522/152
f 532/511/282 2509/520/148 492/526/149
f 490/508/279 2509/520/148 532/511/282
f 492/526/149 64/515/286 532/511/282
f 497/509/280 490/508/279 532/511/282
f 1585/524/291 1433/523/154 1431/518/288
f 2509/520/148 2510/519/289 2223/525/153
f 1360/516/151 1361/521/290 2101/517/287
f 2100/510/281 1361/521/290 490/508/279
f 2545/527/292 1447/528/184 2042/529/293
f 2438/530/294 489/531/295 2207/532/296
f 2095/533/297 1754/534/182 2439/535/183
f 2037/536/298 2207/532/296 2209/537/299
f 2059/538/300 2438/530/294 2081/539/301
f 2207/532/296 489/531/295 2545/527/292
f 489/531/295 2439/535/183 1447/528/184
f 1754/534/182 2095/533/297 1223/540/180
f 2209/537/299 2552/541/302 2037/536/298
f 2207/532/296 2037/536/298 1270/542/303
f 489/531/295 1447/528/184 2545/527/292
f 2059/538/300 2081/539/301 2095/533/297
f 2431/543/304 2037/536/298 2552/541/302
f 2207/532/296 1270/542/303 2438/530/294
f 2042/529/293 2208/544/305 2545/527/292
f 2545/527/292 2208/544/305 2207/532/296
f 2059/538/300 489/531/295 2438/530/294
f 2431/543/304 1270/542/303 2037/536/298
f 1270/542/303 2081/539/301 2438/530/294
f 2059/538/300 2095/533/297 2439/535/183
f 489/531/295 2059/538/300 2439/535/183
f 2209/537/299 2207/532/296 2208/544/305
f 1967/545/306 359/546/307 1243/547/308
f 1243/547/308 1728/548/309 2565/549/310
f 1967/545/306 1243/547/308 663/550/311
f 662/551/312 1243/547/308 1298/552/313
f 1967/545/306 422/553/314 330/554/315
f 326/555/316 324/556/317 320/557/318
f 41/558/225 326/555/316 320/557/318
f 324/556/317 422/553/314 331/559/319
f 323/560/320 278/561/321 320/557/318
f 324/556/317 323/560/320 320/557/318
f 278/561/321 323/560/320 312/562/322
f 326/555/316 55/563/224 329/564/231
f 360/565/229 1293/566/228 359/546/307
f 330/554/315 326/555/316 329/564/231
f 41/558/225 55/563/224 326/555/316
f 324/556/317 326/555/316 422/553/314
f 1967/545/306 330/554/315 359/546/307
f 662/551/312 663/550/311 1243/547/308
f 326/555/316 330/554/315 422/553/314
f 329/564/231 360/565/229 330/554/315
f 360/565/229 359/546/307 330/554/315
f 422/553/314 663/550/311 331/559/319
f 1298/552/313 1243/547/308 2565/549/310
f 1967/545/306 663/550/311 422/553/314
f 1243/547/308 359/546/307 1728/548/309
f 1728/548/309 359/546/307 1293/566/228
f 2495/567/323 282/568/324 853/569/325
f 2530/570/326 878/571/327 970/572/328
f 853/569/325 282/568/324 1111/573/329
f 2529/574/330 2530/570/326 970/572/328
f 871/575/331 912/576/332 2434/577/333
f 2301/578/334 2434/577/333 912/576/332
f 969/579/335 2495/567/323 970/572/328
f 2495/567/323 969/579/335 289/580/336
f 871/575/331 969/579/335 970/572/328
f 289/580/336 881/581/337 158/582/338
f 2495/567/323 289/580/336 282/568/324
f 970/572/328 2495/567/323 2529/574/330
f 289/580/336 143/583/339 286/584/340
f 158/582/338 143/583/339 289/580/336
f 860/585/341 2301/578/334 912/576/332
f 881/581/337 289/580/336 969/579/335
f 2434/577/333 158/582/338 881/581/337
f 282/568/324 289/580/336 286/584/340
f 282/568/324 286/584/340 284/586/342
f 301/587/343 1111/573/329 282/568/324
f 284/586/342 301/587/343 282/568/324
f 2434/577/333 2301/578/334 175/588/344
f 881/581/337 871/575/331 2434/577/333
f 158/582/338 2434/577/333 175/588/344
f 969/579/335 871/575/331 881/581/337
f 853/569/325 2529/574/330 2495/567/323
f 714/589/345 713/590/346 427/591/347
f 451/592/348 473/593/349 445/594/350
f 72/595/351 435/596/352 68/597/353
f 451/592/348 1319/598/354 452/599/355
f 477/600/356 464/601/357 713/590/346
f 405/602/358 714/589/345 73/603/359
f 68/597/353 435/596/352 78/604/360
f 427/591/347 713/590/346 473/593/349
f 345/605/361 63/606/362 74/607/363
f 675/608/364 74/607/363 63/606/362
f 63/606/362 345/605/361 66/609/365
f 76/610/366 66/609/365 73/603/359
f 713/590/346 714/589/345 477/600/356
f 427/591/347 435/596/352 714/589/345
f 73/603/359 72/595/351 76/610/366
f 441/611/367 451/592/348 445/594/350
f 451/592/348 446/612/368 473/593/349
f 713/590/346 464/601/357 445/594/350
f 72/595/351 73/603/359 435/596/352
f 66/609/365 405/602/358 73/603/359
f 452/599/355 446/612/368 451/592/348
f 405/602/358 66/609/365 345/605/361
f 73/603/359 714/589/345 435/596/352
f 473/593/349 446/612/368 427/591/347
f 473/593/349 713/590/346 445/594/350
f 477/600/356 714/589/345 405/602/358
f 78/604/360 435/596/352 427/591/347
f 3/613/369 2/614/79 23/615/370
f 731/616/371 732/617/372 317/618/373
f 316/619/374 315/620/375 317/618/373
f 138/621/376 611/622/377 142/623/378
f 732/617/372 731/616/371 7/624/379
f 315/620/375 192/625/380 655/626/84
f 7/624/379 123/627/80 2/614/79
f 315/620/375 655/626/84 317/618/373
f 292/628/381 12/629/382 27/630/383
f 12/629/382 7/624/379 2/614/79
f 158/631/338 655/626/84 192/625/380
f 3/613/369 9/632/384 27/630/383
f 655/626/84 124/633/82 731/616/371
f 611/622/377 138/621/376 292/628/381
f 2/614/79 3/613/369 12/629/382
f 317/618/373 655/626/84 731/616/371
f 142/623/378 732/617/372 7/624/379
f 23/615/370 9/632/384 3/613/369
f 28/634/385 9/632/384 23/615/370
f 124/633/82 123/627/80 7/624/379
f 12/629/382 138/621/376 7/624/379
f 3/613/369 27/630/383 12/629/382
f 161/635/386 158/631/338 192/625/380
f 7/624/379 138/621/376 142/623/378
f 158/631/338 161/635/386 314/636/387
f 314/636/387 143/637/339 158/631/338
f 7/624/379 731/616/371 124/633/82
f 138/621/376 12/629/382 292/628/381
f 1508/638/388 1518/639/389 1514/640/390
f 1507/641/391 1623/642/392 1506/643/393
f 1517/644/394 1507/641/391 1565/645/395
f 2552/646/302 2209/647/299 1629/648/396
f 1549/649/397 2247/650/398 1470/651/399
f 2247/650/398 1560/652/400 1470/651/399
f 1264/653/401 1475/654/86 1504/655/402
f 1504/655/402 1443/656/85 1508/638/388
f 1470/651/399 1514/640/390 1549/649/397
f 1506/643/393 1623/642/392 1509/657/403
f 2247/650/398 1519/658/404 587/659/405
f 1510/660/406 1470/651/399 1560/652/400
f 1636/661/407 1506/643/393 1509/657/403
f 1517/644/394 1508/638/388 1507/641/391
f 1626/662/408 1506/643/393 1636/661/407
f 2552/646/302 1629/648/396 1626/662/408
f 1510/660/406 1514/640/390 1470/651/399
f 1626/662/408 1636/661/407 2552/646/302
f 1565/645/395 1507/641/391 1506/643/393
f 1623/642/392 1636/661/407 1509/657/403
f 1514/640/390 1518/639/389 1549/649/397
f 1264/653/401 1504/655/402 1510/660/406
f 1517/644/394 1518/639/389 1508/638/388
f 1549/649/397 1519/658/404 2247/650/398
f 1507/641/391 1508/638/388 1443/656/85
f 1504/655/402 1475/654/86 1443/656/85
f 2194/663/409 1507/641/391 1443/656/85
f 1510/660/406 1504/655/402 1514/640/390
f 2194/663/409 1623/642/392 1507/641/391
f 1514/640/390 1504/655/402 1508/638/388
f 2263/664/410 1619/665/411 173/666/412
f 443/667/413 683/668/414 396/669/19
f 1619/665/411 2263/664/410 2193/670/415
f 1542/671/416 1619/665/411 1520/672/417
f 506/673/418 683/668/414 443/667/413
f 785/674/419 682/675/420 764/676/421
f 785/674/419 2481/677/20 682/675/420
f 241/678/422 2135/679/423 2193/670/415
f 200/680/424 173/666/412 252/681/425
f 1619/665/411 2193/670/415 2135/679/423
f 1542/671/416 248/682/426 774/683/427
f 774/683/427 173/666/412 1542/671/416
f 1524/684/428 763/685/429 682/675/420
f 774/683/427 764/676/421 763/685/429
f 774/683/427 1524/684/428 1179/686/430
f 248/682/426 764/676/421 774/683/427
f 173/666/412 200/680/424 2263/664/410
f 774/683/427 252/681/425 173/666/412
f 1520/672/417 1619/665/411 2135/679/423
f 2135/679/423 241/678/422 215/687/431
f 225/688/97 215/687/431 241/678/422
f 682/675/420 763/685/429 764/676/421
f 774/683/427 763/685/429 1524/684/428
f 506/673/418 2523/689/432 1179/686/430
f 774/683/427 1179/686/430 839/690/433
f 839/690/433 1179/686/430 2523/689/432
f 774/683/427 839/690/433 252/681/425
f 1542/671/416 173/666/412 1619/665/411
f 2263/664/410 200/680/424 2193/670/415
f 1524/684/428 683/668/414 506/673/418
f 683/668/414 1524/684/428 682/675/420
f 1524/684/428 506/673/418 1179/686/430
f 443/667/413 412/691/96 506/673/418
f 683/668/414 2481/677/20 396/669/19
f 682/675/420 2481/677/20 683/668/414
f 976/692/434 860/693/341 846/694/7
f 860/693/341 1004/695/435 857/696/436
f 858/697/9 916/698/437 876/699/438
f 912/700/332 871/701/331 2382/702/439
f 976/692/434 846/694/7 2050/703/18
f 857/696/436 909/704/440 151/705/441
f 860/693/341 976/692/434 1004/695/435
f 871/701/331 889/706/442 2382/702/439
f 857/696/436 2400/707/83 175/708/344
f 912/700/332 2541/709/5 846/710/7
f 909/704/440 918/711/443 151/705/441
f 912/700/332 846/710/7 860/712/341
f 857/696/436 2301/713/334 860/693/341
f 2382/702/439 889/706/442 2388/714/444
f 2400/707/83 857/696/436 151/705/441
f 1004/695/435 909/704/440 857/696/436
f 982/715/445 918/711/443 909/704/440
f 1004/695/435 876/699/438 909/704/440
f 858/697/9 876/699/438 2049/716/146
f 909/704/440 2388/714/444 982/715/445
f 175/708/344 2400/707/83 656/717/446
f 876/699/438 2388/714/444 909/704/440
f 2400/707/83 655/718/84 656/717/446
f 876/699/438 1004/695/435 2049/716/146
f 1002/719/447 889/706/442 970/720/328
f 889/706/442 871/701/331 970/720/328
f 1002/719/447 982/715/445 889/706/442
f 1004/695/435 976/692/434 2049/716/146
f 876/699/438 2382/702/439 2388/714/444
f 982/715/445 2388/714/444 889/706/442
f 656/717/446 158/721/338 175/708/344
f 916/698/437 2541/709/5 2382/702/439
f 2050/703/18 2049/716/146 976/692/434
f 918/711/443 1002/719/447 970/720/328
f 2382/702/439 2541/709/5 912/700/332
f 916/698/437 2382/702/439 876/699/438
f 916/698/437 858/697/9 2541/709/5
f 2301/713/334 857/696/436 175/708/344
f 158/721/338 656/717/446 655/718/84
f 982/715/445 1002/719/447 918/711/443
f 748/722/448 800/723/449 1533/724/450
f 1406/725/451 1568/726/452 1774/727/453
f 1332/728/454 1406/725/451 1774/727/453
f 1553/729/455 1568/726/452 1567/730/456
f 1525/731/457 1529/732/458 1533/724/450
f 1607/733/459 1533/724/450 1529/732/458
f 1525/731/457 800/723/449 1332/728/454
f 1406/725/451 1881/734/460 1568/726/452
f 746/735/255 1157/736/253 748/722/448
f 1774/727/453 1554/737/461 1607/733/459
f 1568/726/452 1553/729/455 1554/737/461
f 1161/738/462 1162/739/463 196/740/464
f 1489/741/465 1607/733/459 1554/737/461
f 1332/728/454 1529/732/458 1525/731/457
f 1897/742/466 1553/729/455 1162/739/463
f 1157/736/253 807/743/252 800/723/449
f 1774/727/453 1529/732/458 1332/728/454
f 1533/724/450 800/723/449 1525/731/457
f 801/744/467 1207/745/468 1415/746/469
f 224/747/470 1553/729/455 1567/730/456
f 1554/737/461 1553/729/455 2462/748/471
f 1205/749/472 801/744/467 807/743/252
f 217/750/473 224/747/470 239/751/474
f 1897/742/466 1570/752/475 1553/729/455
f 1547/753/476 1553/729/455 1570/752/475
f 2462/748/471 1553/729/455 1547/753/476
f 1489/741/465 1554/737/461 2462/748/471
f 1533/724/450 1607/733/459 748/722/448
f 239/751/474 1567/730/456 1568/726/452
f 1162/739/463 1553/729/455 224/747/470
f 1529/732/458 1774/727/453 1607/733/459
f 1881/734/460 239/751/474 1568/726/452
f 1162/739/463 224/747/470 196/740/464
f 1406/725/451 1332/728/454 1415/746/469
f 1774/727/453 1568/726/452 1554/737/461
f 807/743/252 801/744/467 800/723/449
f 801/744/467 1332/728/454 800/723/449
f 1157/736/253 800/723/449 748/722/448
f 1567/730/456 239/751/474 224/747/470
f 1415/746/469 1332/728/454 801/744/467
f 1205/749/472 1207/745/468 801/744/467
f 217/750/473 591/754/477 196/740/464
f 224/747/470 217/750/473 196/740/464
f 2575/755/478 1283/756/479 2559/757/480
f 2558/758/481 1257/759/482 2535/760/483
f 2546/761/484 2536/762/485 2535/760/483
f 2373/763/486 2374/764/487 1011/765/488
f 1257/759/482 1283/756/479 1011/765/488
f 2374/764/487 2373/763/486 1226/766/489
f 2225/767/176 2204/768/490 1697/769/491
f 1280/770/492 2225/767/176 1331/771/493
f 2373/763/486 1717/772/494 1226/766/489
f 1697/769/491 1331/771/493 2225/767/176
f 1697/769/491 2573/773/495 1331/771/493
f 1697/769/491 1717/772/494 2573/773/495
f 2204/768/490 1226/766/489 1717/772/494
f 1331/771/493 1637/774/496 1280/770/492
f 1634/775/497 2137/776/498 1637/774/496
f 1717/772/494 1697/769/491 2204/768/490
f 2374/764/487 1257/759/482 1011/765/488
f 1637/774/496 1331/771/493 2573/773/495
f 1298/777/313 1229/778/499 662/779/312
f 1244/780/500 2225/767/176 1710/781/178
f 2546/761/484 1755/782/501 2536/762/485
f 662/779/312 2575/755/478 1233/783/502
f 2559/757/480 1257/759/482 2558/758/481
f 1226/766/489 1244/780/500 2546/761/484
f 1226/766/489 2546/761/484 2374/764/487
f 1283/756/479 1257/759/482 2559/757/480
f 1280/770/492 1637/774/496 2137/776/498
f 1229/778/499 1246/784/503 662/779/312
f 2535/760/483 2374/764/487 2546/761/484
f 2225/767/176 1280/770/492 1300/785/179
f 1447/786/184 1280/770/492 2137/776/498
f 1710/781/178 1711/787/186 1244/780/500
f 1233/783/502 2575/755/478 2558/758/481
f 2575/755/478 2559/757/480 2558/758/481
f 2137/776/498 1634/775/497 2042/788/293
f 1257/759/482 2374/764/487 2535/760/483
f 1280/770/492 1447/786/184 1300/785/179
f 1447/786/184 2137/776/498 2042/788/293
f 662/779/312 1246/784/503 2575/755/478
f 1244/780/500 1711/787/186 1755/782/501
f 2546/761/484 1244/780/500 1755/782/501
f 2575/755/478 1246/784/503 1283/756/479
f 1244/780/500 2204/768/490 2225/767/176
f 1226/766/489 2204/768/490 1244/780/500
f 1577/789/504 2206/790/505 1591/791/506
f 2217/792/507 599/793/508 2450/794/509
f 1590/795/510 2554/796/511 1589/797/512
f 1591/791/506 1423/798/513 1357/799/48
f 603/800/514 2206/790/505 1573/801/515
f 603/800/514 602/802/516 585/803/517
f 1587/804/518 114/805/519 2217/792/507
f 1577/789/504 1579/806/50 1573/801/515
f 1423/798/513 1368/807/59 1357/799/48
f 1423/798/513 1586/808/520 1598/809/521
f 2450/794/509 1579/806/50 1433/810/154
f 585/803/517 596/811/522 603/800/514
f 1590/795/510 1589/797/512 1598/809/521
f 1433/810/154 1585/812/291 1587/804/518
f 1423/798/513 1592/813/523 1586/808/520
f 2217/792/507 2450/794/509 1433/810/154
f 1591/791/506 1357/799/48 1577/789/504
f 603/800/514 596/811/522 1592/813/523
f 596/811/522 1586/808/520 1592/813/523
f 600/814/524 1590/795/510 1586/808/520
f 1585/812/291 513/815/136 1587/804/518
f 1586/808/520 596/811/522 600/814/524
f 1577/789/504 1357/799/48 1579/806/50
f 2206/790/505 603/800/514 1592/813/523
f 2217/792/507 1433/810/154 1587/804/518
f 1577/789/504 1573/801/515 2206/790/505
f 1423/798/513 1593/816/525 1368/807/59
f 1598/809/521 1367/817/56 1593/816/525
f 1573/801/515 2450/794/509 599/793/508
f 1590/795/510 1598/809/521 1586/808/520
f 1423/798/513 1598/809/521 1593/816/525
f 1589/797/512 1367/817/56 1598/809/521
f 113/818/526 585/803/517 599/793/508
f 115/819/158 117/820/137 88/821/131
f 602/802/516 1573/801/515 599/793/508
f 1367/817/56 1368/807/59 1593/816/525
f 599/793/508 585/803/517 602/802/516
f 1573/801/515 602/802/516 603/800/514
f 115/819/158 534/822/161 113/818/526
f 1423/798/513 1591/791/506 1592/813/523
f 117/820/137 114/805/519 513/815/136
f 117/820/137 113/818/526 114/805/519
f 1579/806/50 2450/794/509 1573/801/515
f 115/819/158 113/818/526 117/820/137
f 1592/813/523 1591/791/506 2206/790/505
f 113/818/526 599/793/508 114/805/519
f 114/805/519 1587/804/518 513/815/136
f 585/803/517 113/818/526 534/822/161
f 114/805/519 599/793/508 2217/792/507
f 389/823/527 388/824/39 349/825/528
f 351/826/529 348/827/530 265/828/531
f 2430/829/532 915/830/533 1167/831/534
f 349/825/528 388/824/39 347/832/38
f 746/833/255 748/834/448 749/835/535
f 2432/836/536 2430/829/532 740/837/537
f 1505/838/538 1496/839/539 1497/840/540
f 1489/841/465 2462/842/471 1505/838/538
f 1497/840/540 1467/843/541 1505/838/538
f 318/844/542 1190/845/543 255/846/544
f 257/847/545 791/848/546 267/849/547
f 389/823/527 397/850/548 684/851/549
f 351/826/529 318/844/542 255/846/544
f 267/849/547 2432/836/536 318/844/542
f 915/830/533 1467/843/541 1497/840/540
f 348/827/530 347/832/38 2469/852/249
f 915/830/533 1497/840/540 1167/831/534
f 267/849/547 318/844/542 265/828/531
f 740/837/537 2430/829/532 1167/831/534
f 1467/843/541 1489/841/465 1505/838/538
f 256/853/254 749/835/535 257/847/545
f 1398/854/550 1607/855/459 1489/841/465
f 397/850/548 349/825/528 351/826/529
f 2432/836/536 267/849/547 791/848/546
f 397/850/548 471/856/551 684/851/549
f 1398/854/550 1489/841/465 1467/843/541
f 318/844/542 2432/836/536 740/837/537
f 256/853/254 257/847/545 2469/852/249
f 740/837/537 1190/845/543 318/844/542
f 347/832/38 348/827/530 349/825/528
f 355/857/552 471/856/551 397/850/548
f 389/823/527 349/825/528 397/850/548
f 748/834/448 1607/855/459 1398/854/550
f 348/827/530 2469/852/249 257/847/545
f 749/835/535 748/834/448 1398/854/550
f 257/847/545 749/835/535 791/848/546
f 1496/839/539 1505/838/538 1547/858/476
f 1547/858/476 1505/838/538 2462/842/471
f 915/830/533 749/835/535 1467/843/541
f 318/844/542 351/826/529 265/828/531
f 1467/843/541 749/835/535 1398/854/550
f 791/848/546 915/830/533 2430/829/532
f 355/857/552 351/826/529 255/846/544
f 265/828/531 257/847/545 267/849/547
f 349/825/528 348/827/530 351/826/529
f 257/847/545 265/828/531 348/827/530
f 749/835/535 256/853/254 746/833/255
f 749/835/535 915/830/533 791/848/546
f 2432/836/536 791/848/546 2430/829/532
f 355/857/552 397/850/548 351/826/529
f 1464/859/553 494/860/554 2167/861/555
f 2101/862/287 1349/863/556 2364/864/557
f 455/865/558 1349/863/556 85/866/559
f 2368/867/560 1584/868/561 1429/869/562
f 2364/864/557 1349/863/556 1353/870/563
f 1584/868/561 2364/864/557 2454/871/564
f 1464/859/553 2167/861/555 542/872/565
f 2453/873/566 1429/869/562 2454/871/564
f 2453/873/566 1365/874/567 1429/869/562
f 2526/875/568 469/876/569 409/877/570
f 2454/871/564 1353/870/563 2452/878/571
f 2453/873/566 461/879/572 668/880/573
f 2452/878/571 2453/873/566 2454/871/564
f 469/876/569 505/881/574 409/877/570
f 668/880/573 1346/882/575 1365/874/567
f 2236/883/576 1584/868/561 2368/867/560
f 467/884/577 1334/885/578 1347/886/579
f 469/876/569 486/887/580 470/888/581
f 486/887/580 467/884/577 2452/878/571
f 1349/863/556 2100/889/281 85/866/559
f 461/879/572 2453/873/566 2452/878/571
f 414/890/285 505/881/574 83/891/284
f 85/866/559 83/891/284 470/888/581
f 83/891/284 85/866/559 497/892/280
f 1365/874/567 2453/873/566 668/880/573
f 486/887/580 1353/870/563 455/865/558
f 455/865/558 470/888/581 486/887/580
f 1334/885/578 467/884/577 486/887/580
f 2452/878/571 1353/870/563 486/887/580
f 1347/886/579 1334/885/578 2526/875/568
f 469/876/569 1334/885/578 486/887/580
f 85/866/559 2100/889/281 497/892/280
f 470/888/581 455/865/558 85/866/559
f 1349/863/556 455/865/558 1353/870/563
f 453/893/582 1347/886/579 456/894/583
f 2364/864/557 1353/870/563 2454/871/564
f 83/891/284 469/876/569 470/888/581
f 2364/864/557 1585/895/291 2101/862/287
f 513/896/136 1585/895/291 1584/868/561
f 461/879/572 2452/878/571 467/884/577
f 542/872/565 453/893/582 456/894/583
f 467/884/577 1347/886/579 453/893/582
f 453/893/582 461/879/572 467/884/577
f 453/893/582 2167/861/555 527/897/584
f 453/893/582 542/872/565 2167/861/555
f 527/897/584 666/898/585 453/893/582
f 461/879/572 453/893/582 666/898/585
f 2100/889/281 1349/863/556 2101/862/287
f 668/880/573 666/898/585 2289/899/586
f 666/898/585 668/880/573 461/879/572
f 2236/883/576 513/896/136 1584/868/561
f 469/876/569 2526/875/568 1334/885/578
f 1429/869/562 1365/874/567 1419/900/587
f 505/881/574 469/876/569 83/891/284
f 1585/895/291 2364/864/557 1584/868/561
f 1365/874/567 1346/882/575 1419/900/587
f 1346/882/575 668/880/573 2289/899/586
f 1429/869/562 1584/868/561 2454/871/564
f 856/901/588 2530/902/326 2392/903/589
f 878/904/327 910/905/590 918/906/443
f 2530/902/326 2529/907/330 2392/903/589
f 970/908/328 878/904/327 918/906/443
f 856/901/588 2392/903/589 867/909/591
f 856/901/588 878/904/327 2530/902/326
f 867/909/591 910/905/590 856/901/588
f 878/904/327 856/901/588 910/905/590
f 2392/903/589 2529/907/330 2493/910/592
f 279/911/593 1070/912/594 301/913/343
f 853/914/325 1111/915/329 980/916/595
f 301/913/343 1070/912/594 1111/915/329
f 1111/915/329 1070/912/594 980/916/595
f 1070/912/594 279/911/593 2287/917/596
f 2287/917/596 810/918/597 1070/912/594
f 2399/919/598 2389/920/599 2427/921/600
f 2427/921/600 2389/920/599 810/918/597
f 153/922/601 145/923/602 2291/924/603
f 2291/924/603 145/923/602 2399/919/598
f 851/925/604 810/918/597 2389/920/599
f 1926/926/605 851/925/604 2389/920/599
f 2427/921/600 2287/917/596 1916/927/606
f 2399/919/598 2427/921/600 1916/927/606
f 810/918/597 2287/917/596 2427/921/600
f 980/916/595 852/928/607 2493/910/592
f 810/918/597 980/916/595 1070/912/594
f 2399/919/598 1916/927/606 2291/924/603
f 810/918/597 851/925/604 980/916/595
f 2399/919/598 145/923/602 2389/920/599
f 851/925/604 852/928/607 980/916/595
f 2389/920/599 145/923/602 1928/929/608
f 1926/926/605 852/928/607 851/925/604
f 1926/926/605 2389/920/599 1928/929/608
f 913/930/609 852/928/607 1926/926/605
f 913/930/609 2493/910/592 852/928/607
f 913/930/609 1926/926/605 1928/929/608
f 980/916/595 2493/910/592 853/914/325
f 5/931/610 157/932/611 98/933/78
f 918/906/443 910/905/590 151/934/441
f 98/933/78 23/935/370 2/936/79
f 28/937/385 23/935/370 29/938/612
f 145/923/602 153/922/601 29/938/612
f 157/932/611 1928/929/608 145/923/602
f 867/909/591 873/939/613 1928/929/608
f 2493/910/592 2529/907/330 853/914/325
f 23/935/370 157/932/611 145/923/602
f 4/940/81 5/931/610 98/933/78
f 2392/903/589 913/930/609 873/939/613
f 98/933/78 157/932/611 23/935/370
f 29/938/612 23/935/370 145/923/602
f 157/932/611 867/909/591 1928/929/608
f 910/905/590 157/932/611 5/931/610
f 867/909/591 157/932/611 910/905/590
f 910/905/590 5/931/610 4/940/81
f 867/909/591 2392/903/589 873/939/613
f 873/939/613 913/930/609 1928/929/608
f 151/934/441 910/905/590 4/940/81
f 4/940/81 2400/941/83 151/934/441
f 2392/903/589 2493/910/592 913/930/609
f 1323/942/614 266/943/615 2183/944/616
f 1938/945/617 2185/946/618 2168/947/619
f 2181/948/620 2199/949/621 1031/950/622
f 742/951/623 743/952/624 266/943/615
f 1030/953/625 1031/950/622 795/954/626
f 1938/945/617 1936/955/627 1940/956/628
f 1323/942/614 2168/947/619 1339/957/629
f 264/958/630 266/943/615 743/952/624
f 264/958/630 2168/947/619 2183/944/616
f 1426/959/631 2168/947/619 264/958/630
f 2168/947/619 1323/942/614 2183/944/616
f 742/951/623 2441/960/632 741/961/633
f 2441/960/632 742/951/623 775/962/634
f 266/943/615 1323/942/614 742/951/623
f 2182/963/635 1029/964/636 1030/953/625
f 2107/965/637 1029/964/636 2112/966/638
f 743/952/624 742/951/623 741/961/633
f 1323/942/614 775/962/634 742/951/623
f 264/958/630 743/952/624 1426/959/631
f 156/967/639 920/968/640 162/969/641
f 2199/949/621 2181/948/620 1898/970/642
f 920/968/640 1898/970/642 162/969/641
f 2184/971/643 747/972/644 1339/957/629
f 2181/948/620 162/969/641 1898/970/642
f 2171/973/645 2159/974/646 1030/953/625
f 1031/950/622 2199/949/621 1269/975/647
f 795/954/626 2441/960/632 2440/976/648
f 741/961/633 2199/949/621 743/952/624
f 1269/975/647 2199/949/621 741/961/633
f 2107/965/637 1032/977/649 1029/964/636
f 2440/976/648 775/962/634 747/972/644
f 914/978/650 2109/979/651 1056/980/652
f 2231/981/653 2244/982/654 1056/980/652
f 1269/975/647 741/961/633 2441/960/632
f 2250/983/655 2248/984/656 162/969/641
f 155/985/657 162/969/641 2248/984/656
f 2244/982/654 2248/984/656 2242/986/658
f 2441/960/632 795/954/626 1269/975/647
f 2242/986/658 2248/984/656 2250/983/655
f 2244/982/654 2242/986/658 1056/980/652
f 2112/966/638 1039/987/659 914/978/650
f 2159/974/646 2182/963/635 1030/953/625
f 2441/960/632 775/962/634 2440/976/648
f 2107/965/637 2250/983/655 1032/977/649
f 1031/950/622 1030/953/625 1029/964/636
f 1029/964/636 2182/963/635 2112/966/638
f 2181/948/620 1031/950/622 2250/983/655
f 795/954/626 2292/988/660 758/989/661
f 2440/976/648 2292/988/660 795/954/626
f 747/972/644 2292/988/660 2440/976/648
f 465/990/662 991/991/663 18/992/664
f 747/972/644 2160/993/665 991/991/663
f 465/990/662 18/992/664 2171/973/645
f 2250/983/655 2107/965/637 1057/994/666
f 2292/988/660 991/991/663 465/990/662
f 2171/973/645 758/989/661 465/990/662
f 2292/988/660 747/972/644 991/991/663
f 1030/953/625 758/989/661 2171/973/645
f 1339/957/629 2185/946/618 2184/971/643
f 1032/977/649 2250/983/655 1031/950/622
f 2292/988/660 465/990/662 758/989/661
f 914/978/650 1056/980/652 2242/986/658
f 2109/979/651 2231/981/653 1056/980/652
f 747/972/644 2184/971/643 2160/993/665
f 2181/948/620 2250/983/655 162/969/641
f 1030/953/625 795/954/626 758/989/661
f 775/962/634 1339/957/629 747/972/644
f 1339/957/629 2168/947/619 2185/946/618
f 1323/942/614 1339/957/629 775/962/634
f 1031/950/622 1269/975/647 795/954/626
f 1039/987/659 2109/979/651 914/978/650
f 2112/966/638 1057/994/666 2107/965/637
f 2112/966/638 914/978/650 1057/994/666
f 1039/987/659 2112/966/638 2182/963/635
f 2250/983/655 1057/994/666 2242/986/658
f 2242/986/658 1057/994/666 914/978/650
f 1029/964/636 1032/977/649 1031/950/622
f 2182/963/635 2159/974/646 1039/987/659
f 2109/979/651 2113/995/667 2231/981/653
f 162/969/641 155/985/657 156/967/639
f 2189/996/668 2168/947/619 1426/959/631
f 1938/945/617 2168/947/619 2189/996/668
f 1936/955/627 1938/945/617 2189/996/668
f 266/943/615 264/958/630 2183/944/616
f 147/997/196 1764/998/669 1980/999/670
f 317/1000/373 1764/998/669 147/997/196
f 142/1001/378 612/1002/671 141/1003/672
f 141/1003/672 732/1004/372 142/1001/378
f 142/1001/378 611/1005/377 612/1002/671
f 141/1003/672 1764/998/669 732/1004/372
f 1932/1006/673 2004/1007/674 2055/1008/675
f 1234/1009/676 125/1010/677 2053/1011/678
f 1970/1012/679 2055/1008/675 2004/1007/674
f 191/1013/680 2520/1014/681 163/1015/682
f 314/1016/387 163/1015/682 125/1010/677
f 192/1017/380 315/1018/375 1092/1019/683
f 2020/1020/684 2051/1021/685 2064/1022/686
f 2094/1023/687 2051/1021/685 2020/1020/684
f 163/1015/682 2053/1011/678 125/1010/677
f 2053/1011/678 2046/1024/688 1234/1009/676
f 1764/998/669 141/1003/672 1980/999/670
f 2028/1025/689 2046/1024/688 2051/1021/685
f 2053/1011/678 163/1015/682 2520/1014/681
f 612/1002/671 2015/1026/690 141/1003/672
f 192/1017/380 1092/1019/683 191/1013/680
f 1092/1019/683 1093/1027/201 2086/1028/691
f 2066/1029/203 2071/1030/265 2020/1020/684
f 1970/1012/679 2026/1031/692 2055/1008/675
f 191/1013/680 161/1032/386 192/1017/380
f 2086/1028/691 2520/1014/681 191/1013/680
f 2028/1025/689 2055/1008/675 2026/1031/692
f 2028/1025/689 2026/1031/692 2046/1024/688
f 2094/1023/687 2020/1020/684 2071/1030/265
f 1970/1012/679 1234/1009/676 2026/1031/692
f 732/1004/372 1764/998/669 317/1000/373
f 161/1032/386 191/1013/680 163/1015/682
f 2051/1021/685 2046/1024/688 2087/1033/693
f 611/1005/377 2015/1026/690 612/1002/671
f 2087/1033/693 2064/1022/686 2051/1021/685
f 160/1034/199 1092/1019/683 159/1035/206
f 147/997/196 146/1036/197 317/1000/373
f 1092/1019/683 316/1037/374 159/1035/206
f 315/1018/375 316/1037/374 1092/1019/683
f 146/1038/197 159/1035/206 316/1037/374
f 316/1039/374 317/1000/373 146/1036/197
f 141/1003/672 1984/1040/694 1980/999/670
f 141/1003/672 2015/1026/690 1984/1040/694
f 1218/1041/695 1642/1042/696 2004/1007/674
f 1234/1009/676 2046/1024/688 2026/1031/692
f 2083/1043/697 147/997/196 1980/999/670
f 1218/1041/695 2004/1007/674 1932/1006/673
f 2032/1044/698 1970/1012/679 2004/1007/674
f 2079/1045/699 2561/1046/204 2083/1043/697
f 1854/1047/700 1984/1040/694 1218/1041/695
f 1854/1047/700 1218/1041/695 1932/1006/673
f 1642/1042/696 2032/1044/698 2004/1007/674
f 2561/1046/204 2079/1045/699 1975/1048/205
f 1854/1047/700 1932/1006/673 1646/1049/701
f 2079/1045/699 2034/1050/702 2577/1051/703
f 1984/1040/694 1854/1047/700 2034/1050/702
f 2079/1045/699 1980/999/670 1984/1040/694
f 2083/1043/697 2561/1046/204 147/997/196
f 2034/1050/702 2016/1052/270 2577/1051/703
f 1980/999/670 2079/1045/699 2083/1043/697
f 2016/1052/270 1975/1048/205 2577/1051/703
f 2016/1052/270 2034/1050/702 1646/1049/701
f 2015/1026/690 1218/1041/695 1984/1040/694
f 1642/1042/696 1218/1041/695 2015/1026/690
f 1975/1048/205 2079/1045/699 2577/1051/703
f 1984/1040/694 2034/1050/702 2079/1045/699
f 2017/1053/704 2094/1023/687 1932/1006/673
f 2071/1030/265 2016/1052/270 1646/1049/701
f 2066/1029/203 2020/1020/684 2064/1022/686
f 1093/1027/201 1092/1019/683 160/1034/199
f 2094/1023/687 1646/1049/701 1932/1006/673
f 2087/1033/693 2046/1024/688 2520/1014/681
f 2094/1023/687 2071/1030/265 1646/1049/701
f 2034/1050/702 1854/1047/700 1646/1049/701
f 2028/1025/689 2051/1021/685 2017/1053/704
f 2520/1014/681 2086/1028/691 2087/1033/693
f 2017/1053/704 2055/1008/675 2028/1025/689
f 1092/1019/683 2086/1028/691 191/1013/680
f 2520/1014/681 2046/1024/688 2053/1011/678
f 2086/1028/691 2064/1022/686 2087/1033/693
f 2017/1053/704 1932/1006/673 2055/1008/675
f 163/1015/682 314/1016/387 161/1032/386
f 2051/1021/685 2094/1023/687 2017/1053/704
f 2064/1022/686 2086/1028/691 1093/1027/201
f 2064/1022/686 1093/1027/201 2066/1029/203
f 521/1054/705 1193/1055/706 223/1056/707
f 1488/1057/708 1396/1058/709 1608/1059/710
f 1362/1060/711 1396/1058/709 2296/1061/712
f 206/1062/713 1862/1063/714 219/1064/715
f 1176/1065/716 1248/1066/717 2135/1067/423
f 2386/1068/718 755/1069/719 1546/1070/720
f 755/1069/719 2385/1071/721 1313/1072/722
f 521/1054/705 223/1056/707 219/1064/715
f 210/1073/723 219/1064/715 1950/1074/724
f 1418/1075/725 1608/1059/710 1395/1076/726
f 578/1077/727 589/1078/728 391/1079/729
f 578/1077/727 521/1054/705 210/1073/723
f 755/1069/719 1310/1080/730 1546/1070/720
f 734/1081/731 764/1082/421 248/1083/426
f 210/1073/723 1950/1074/724 216/1084/732
f 735/1085/733 755/1069/719 1313/1072/722
f 687/1086/21 735/1085/733 1313/1072/722
f 2481/1087/20 785/1088/419 735/1085/733
f 785/1088/419 764/1082/421 734/1081/731
f 755/1069/719 2386/1068/718 2385/1071/721
f 687/1086/21 1313/1072/722 363/1089/734
f 363/1089/734 75/1090/735 440/1091/736
f 2481/1087/20 735/1085/733 687/1086/21
f 1542/1092/416 1520/1093/417 1575/1094/737
f 1248/1066/717 1520/1093/417 2135/1067/423
f 2386/1068/718 1546/1070/720 176/1095/738
f 1556/1096/739 1862/1063/714 1041/1097/740
f 1575/1094/737 1175/1098/741 1417/1099/742
f 687/1086/21 363/1089/734 440/1091/736
f 735/1085/733 785/1088/419 734/1081/731
f 735/1085/733 734/1081/731 755/1069/719
f 734/1081/731 1310/1080/730 755/1069/719
f 1175/1098/741 1575/1094/737 1520/1093/417
f 1862/1063/714 1556/1096/739 219/1064/715
f 578/1077/727 210/1073/723 216/1084/732
f 1862/1063/714 206/1062/713 1562/1100/743
f 1543/1101/744 1521/1102/745 1417/1099/742
f 1248/1066/717 1176/1065/716 1175/1098/741
f 391/1079/729 1193/1055/706 521/1054/705
f 521/1054/705 578/1077/727 391/1079/729
f 1395/1076/726 1396/1058/709 1362/1060/711
f 1417/1099/742 1521/1102/745 1546/1070/720
f 1950/1074/724 1556/1096/739 216/1084/732
f 1176/1065/716 2135/1067/423 216/1084/732
f 521/1054/705 219/1064/715 210/1073/723
f 1189/1103/746 1562/1100/743 206/1062/713
f 1310/1080/730 734/1081/731 248/1083/426
f 1488/1057/708 1491/1104/747 597/1105/748
f 391/1079/729 589/1078/728 563/1106/749
f 1395/1076/726 1608/1059/710 1396/1058/709
f 216/1084/732 2135/1067/423 215/1107/431
f 216/1084/732 215/1107/431 235/1108/750
f 235/1108/750 578/1077/727 216/1084/732
f 580/1109/751 607/1110/752 563/1106/749
f 589/1078/728 580/1109/751 563/1106/749
f 1608/1059/710 1418/1075/725 1379/1111/753
f 830/1112/754 1379/1111/753 607/1110/752
f 235/1108/750 99/1113/755 578/1077/727
f 1556/1096/739 1175/1098/741 1176/1065/716
f 223/1056/707 1189/1103/746 206/1062/713
f 219/1064/715 1556/1096/739 1950/1074/724
f 607/1110/752 579/1114/756 830/1112/754
f 1041/1097/740 1862/1063/714 1543/1101/744
f 1862/1063/714 1516/1115/757 1543/1101/744
f 1543/1101/744 1516/1115/757 1521/1102/745
f 233/1116/758 99/1113/755 235/1108/750
f 830/1112/754 1608/1059/710 1379/1111/753
f 219/1064/715 223/1056/707 206/1062/713
f 1310/1080/730 1575/1094/737 1546/1070/720
f 1546/1070/720 1521/1102/745 176/1095/738
f 1417/1099/742 1546/1070/720 1575/1094/737
f 1491/1104/747 579/1114/756 597/1105/748
f 589/1078/728 578/1077/727 99/1113/755
f 672/1117/759 99/1113/755 233/1116/758
f 1562/1100/743 1516/1115/757 1862/1063/714
f 1041/1097/740 1543/1101/744 1417/1099/742
f 1417/1099/742 1175/1098/741 1041/1097/740
f 99/1113/755 579/1114/756 580/1109/751
f 1608/1059/710 830/1112/754 1491/1104/747
f 1542/1092/416 1575/1094/737 248/1083/426
f 1041/1097/740 1175/1098/741 1556/1096/739
f 672/1117/759 597/1105/748 579/1114/756
f 579/1114/756 607/1110/752 580/1109/751
f 1556/1096/739 1176/1065/716 216/1084/732
f 1575/1094/737 1310/1080/730 248/1083/426
f 579/1114/756 1491/1104/747 830/1112/754
f 1175/1098/741 1520/1093/417 1248/1066/717
f 99/1113/755 580/1109/751 589/1078/728
f 99/1113/755 672/1117/759 579/1114/756
f 1488/1057/708 1608/1059/710 1491/1104/747
f 1177/1118/760 695/1119/761 752/1120/762
f 750/1121/763 1132/1122/764 1149/1123/765
f 2522/1124/766 695/1119/761 1316/1125/767
f 1149/1123/765 1080/1126/768 750/1121/763
f 1132/1122/764 750/1121/763 1177/1118/760
f 1208/1127/769 2522/1124/766 653/1128/770
f 2527/1129/771 1186/1130/772 688/1131/773
f 1168/1132/774 737/1133/775 1208/1127/769
f 2482/1134/776 1316/1125/767 394/1135/777
f 1208/1127/769 737/1133/775 752/1120/762
f 2482/1134/776 2531/1136/778 654/1137/779
f 1149/1123/765 778/1138/780 1247/1139/781
f 2522/1124/766 2482/1134/776 654/1137/779
f 1132/1122/764 1154/1140/782 778/1138/780
f 1083/1141/783 1897/1142/466 1162/1143/463
f 766/1144/784 780/1145/785 1167/1146/534
f 2531/1136/778 2484/1147/786 471/1148/551
f 1208/1127/769 653/1128/770 1168/1132/774
f 1159/1149/787 1570/1150/475 1897/1142/466
f 2527/1129/771 1168/1132/774 1186/1130/772
f 2531/1136/778 653/1128/770 654/1137/779
f 1194/1151/788 766/1144/784 1232/1152/789
f 766/1144/784 737/1133/775 780/1145/785
f 1498/1153/790 1159/1149/787 1602/1154/791
f 778/1138/780 1154/1140/782 1194/1151/788
f 1232/1152/789 1480/1155/792 1194/1151/788
f 653/1128/770 2522/1124/766 654/1137/779
f 766/1144/784 1167/1146/534 1232/1152/789
f 1497/1156/540 1232/1152/789 1167/1146/534
f 740/1157/537 1167/1146/534 433/1158/793
f 653/1128/770 2531/1136/778 1186/1130/772
f 2527/1129/771 1190/1159/543 1168/1132/774
f 1858/1160/794 1158/1161/795 1083/1141/783
f 1132/1122/764 752/1120/762 737/1133/775
f 1167/1146/534 780/1145/785 433/1158/793
f 1158/1161/795 1858/1160/794 1181/1162/796
f 752/1120/762 695/1119/761 2522/1124/766
f 1497/1156/540 1496/1163/539 1232/1152/789
f 1897/1142/466 1083/1141/783 1158/1161/795
f 1247/1139/781 778/1138/780 1194/1151/788
f 1498/1153/790 1232/1152/789 1496/1163/539
f 1498/1153/790 1547/1164/476 1159/1149/787
f 1158/1161/795 1159/1149/787 1897/1142/466
f 1480/1155/792 1232/1152/789 1602/1154/791
f 1247/1139/781 1194/1151/788 1181/1162/796
f 1498/1153/790 1602/1154/791 1232/1152/789
f 1496/1163/539 1547/1164/476 1498/1153/790
f 1159/1149/787 1547/1164/476 1570/1150/475
f 1602/1154/791 1159/1149/787 1158/1161/795
f 1194/1151/788 1480/1155/792 1181/1162/796
f 766/1144/784 1154/1140/782 737/1133/775
f 1194/1151/788 1154/1140/782 766/1144/784
f 1181/1162/796 1480/1155/792 1602/1154/791
f 1154/1140/782 1132/1122/764 737/1133/775
f 2482/1134/776 2522/1124/766 1316/1125/767
f 1602/1154/791 1158/1161/795 1181/1162/796
f 778/1138/780 1149/1123/765 1132/1122/764
f 1675/1165/797 1681/1166/798 1601/1167/799
f 2497/1168/800 1681/1166/798 1675/1165/797
f 1080/1126/768 1149/1123/765 2498/1169/801
f 688/1131/773 1186/1130/772 2531/1136/778
f 1076/1170/802 1675/1165/797 1609/1171/803
f 2484/1147/786 2482/1134/776 394/1135/777
f 1601/1167/799 1681/1166/798 1181/1162/796
f 2497/1168/800 1076/1170/802 2498/1169/801
f 1181/1162/796 1681/1166/798 1247/1139/781
f 1149/1123/765 2497/1168/800 2498/1169/801
f 1181/1162/796 1858/1160/794 1601/1167/799
f 1712/1172/804 1601/1167/799 1858/1160/794
f 594/1173/805 2484/1147/786 394/1135/777
f 1247/1139/781 1681/1166/798 2497/1168/800
f 1076/1170/802 2497/1168/800 1675/1165/797
f 1190/1159/543 2527/1129/771 255/1174/544
f 1168/1132/774 780/1145/785 737/1133/775
f 355/1175/552 2527/1129/771 688/1131/773
f 2482/1134/776 2484/1147/786 2531/1136/778
f 1208/1127/769 752/1120/762 2522/1124/766
f 1132/1122/764 1177/1118/760 752/1120/762
f 433/1158/793 1168/1132/774 1190/1159/543
f 1858/1160/794 1083/1141/783 1712/1172/804
f 1149/1123/765 1247/1139/781 2497/1168/800
f 1186/1130/772 1168/1132/774 653/1128/770
f 2484/1147/786 594/1173/805 697/1176/806
f 780/1145/785 1168/1132/774 433/1158/793
f 684/1177/549 471/1148/551 697/1176/806
f 355/1175/552 255/1174/544 2527/1129/771
f 433/1158/793 1190/1159/543 740/1157/537
f 1083/1141/783 1162/1143/463 1161/1178/462
f 471/1148/551 2484/1147/786 697/1176/806
f 688/1131/773 2531/1136/778 471/1148/551
f 471/1148/551 355/1175/552 688/1131/773
f 294/1179/807 167/1180/808 837/1181/809
f 150/1182/810 310/1183/811 8/1184/812
f 166/1185/813 2287/1186/596 279/1187/593
f 310/1183/811 150/1182/810 168/1188/814
f 154/1189/815 17/1190/816 22/1191/817
f 172/1192/818 166/1185/813 279/1187/593
f 832/1193/819 1638/1194/820 1640/1195/821
f 868/1196/822 999/1197/823 837/1181/809
f 22/1191/817 153/1198/601 154/1189/815
f 837/1181/809 999/1197/823 152/1199/824
f 91/1200/825 121/1201/826 60/1202/827
f 2198/1203/828 120/1204/829 287/1205/830
f 817/1206/831 917/1207/832 882/1208/833
f 833/1209/834 1638/1194/820 832/1193/819
f 882/1208/833 832/1193/819 841/1210/835
f 294/1179/807 152/1199/824 707/1211/836
f 817/1206/831 882/1208/833 841/1210/835
f 729/1212/837 260/1213/838 121/1201/826
f 311/1214/839 308/1215/840 309/1216/841
f 832/1193/819 1640/1195/821 841/1210/835
f 153/1198/601 1915/1217/842 154/1189/815
f 1638/1194/820 1915/1217/842 1640/1195/821
f 288/1218/843 297/1219/844 58/1220/845
f 868/1196/822 122/1221/846 999/1197/823
f 999/1197/823 122/1221/846 2393/1222/847
f 518/1223/848 817/1206/831 287/1205/830
f 2291/1224/603 1915/1217/842 153/1198/601
f 302/1225/849 301/1226/343 284/1227/342
f 869/1228/850 122/1221/846 868/1196/822
f 1916/1229/606 2287/1186/596 166/1185/813
f 17/1190/816 833/1209/834 150/1182/810
f 260/1213/838 69/1230/851 121/1201/826
f 38/1231/852 302/1225/849 284/1227/342
f 300/1232/853 297/1219/844 869/1228/850
f 60/1202/827 49/1233/854 91/1200/825
f 518/1223/848 287/1205/830 120/1204/829
f 302/1225/849 279/1187/593 301/1226/343
f 49/1233/854 288/1218/843 58/1220/845
f 260/1213/838 302/1225/849 38/1231/852
f 841/1210/835 287/1205/830 817/1206/831
f 280/1234/855 302/1225/849 260/1213/838
f 310/1183/811 308/1215/840 311/1214/839
f 930/1235/856 122/1221/846 869/1228/850
f 172/1192/818 1915/1217/842 171/1236/857
f 729/1212/837 120/1204/829 2198/1203/828
f 22/1191/817 28/1237/385 29/1238/612
f 29/1238/612 153/1198/601 22/1191/817
f 120/1204/829 729/1212/837 518/1223/848
f 1640/1195/821 1915/1217/842 172/1192/818
f 58/1220/845 300/1232/853 91/1200/825
f 297/1219/844 300/1232/853 58/1220/845
f 280/1234/855 260/1213/838 729/1212/837
f 1915/1217/842 1916/1229/606 171/1236/857
f 279/1187/593 302/1225/849 280/1234/855
f 518/1223/848 121/1201/826 91/1200/825
f 869/1228/850 868/1196/822 817/1206/831
f 1638/1194/820 833/1209/834 154/1189/815
f 91/1200/825 49/1233/854 58/1220/845
f 167/1180/808 294/1179/807 308/1215/840
f 729/1212/837 121/1201/826 518/1223/848
f 869/1228/850 518/1223/848 300/1232/853
f 2198/1203/828 287/1205/830 1640/1195/821
f 869/1228/850 297/1219/844 930/1235/856
f 930/1235/856 297/1219/844 855/1239/858
f 2198/1203/828 280/1234/855 729/1212/837
f 869/1228/850 817/1206/831 518/1223/848
f 917/1207/832 817/1206/831 868/1196/822
f 167/1180/808 308/1215/840 310/1183/811
f 49/1233/854 50/1240/859 288/1218/843
f 121/1201/826 69/1230/851 60/1202/827
f 310/1183/811 309/1216/841 8/1184/812
f 280/1234/855 2198/1203/828 279/1187/593
f 1640/1195/821 287/1205/830 841/1210/835
f 91/1200/825 300/1232/853 518/1223/848
f 150/1182/810 833/1209/834 168/1188/814
f 288/1218/843 855/1239/858 297/1219/844
f 308/1215/840 294/1179/807 707/1211/836
f 166/1185/813 172/1192/818 1916/1229/606
f 279/1187/593 2198/1203/828 172/1192/818
f 882/1208/833 167/1180/808 168/1188/814
f 2198/1203/828 1640/1195/821 172/1192/818
f 172/1192/818 171/1236/857 1916/1229/606
f 1916/1229/606 1915/1217/842 2291/1224/603
f 309/1216/841 310/1183/811 311/1214/839
f 8/1184/812 17/1190/816 150/1182/810
f 832/1193/819 168/1188/814 833/1209/834
f 917/1207/832 167/1180/808 882/1208/833
f 22/1191/817 17/1190/816 28/1237/385
f 833/1209/834 17/1190/816 154/1189/815
f 168/1188/814 167/1180/808 310/1183/811
f 154/1189/815 1915/1217/842 1638/1194/820
f 917/1207/832 837/1181/809 167/1180/808
f 294/1179/807 837/1181/809 152/1199/824
f 999/1197/823 2393/1222/847 152/1199/824
f 837/1181/809 917/1207/832 868/1196/822
f 882/1208/833 168/1188/814 832/1193/819
f 1611/1241/860 37/1242/861 1610/1243/862
f 2387/1244/863 1402/1245/864 293/1246/865
f 1618/1247/866 2351/1248/867 1402/1245/864
f 2270/1249/868 1611/1241/860 1610/1243/862
f 1618/1247/866 2436/1250/869 576/1251/870
f 2436/1250/869 1618/1247/866 2387/1244/863
f 37/1242/861 293/1246/865 1610/1243/862
f 1393/1252/871 458/1253/872 459/1254/873
f 540/1255/874 538/1256/875 539/1257/876
f 1414/1258/877 1416/1259/878 2425/1260/879
f 1610/1243/862 293/1246/865 1410/1261/880
f 1207/1262/468 1200/1263/881 1415/1264/469
f 540/1255/874 402/1265/882 563/1266/749
f 2446/1267/883 217/1268/473 544/1269/884
f 1204/1270/885 1415/1264/469 1200/1263/881
f 563/1266/749 402/1265/882 391/1271/729
f 1395/1272/726 1404/1273/886 1418/1274/725
f 458/1253/872 2296/1275/712 1319/1276/354
f 201/1277/887 205/1278/888 227/1279/889
f 201/1277/887 576/1251/870 577/1280/890
f 544/1269/884 217/1268/473 239/1281/474
f 204/1282/891 674/1283/892 199/1284/893
f 541/1285/894 544/1269/884 199/1284/893
f 226/1286/895 1193/1287/706 391/1271/729
f 204/1282/891 201/1277/887 674/1283/892
f 541/1285/894 671/1288/896 2436/1250/869
f 205/1278/888 201/1277/887 204/1282/891
f 2436/1250/869 671/1288/896 577/1280/890
f 239/1281/474 202/1289/897 544/1269/884
f 201/1277/887 577/1280/890 674/1283/892
f 199/1284/893 202/1289/897 204/1282/891
f 541/1285/894 1611/1241/860 2356/1290/898
f 671/1288/896 674/1283/892 577/1280/890
f 671/1288/896 541/1285/894 199/1284/893
f 1204/1270/885 1879/1291/899 1415/1264/469
f 2270/1249/868 2356/1290/898 1611/1241/860
f 2425/1260/879 1393/1252/871 459/1254/873
f 1611/1241/860 541/1285/894 2436/1250/869
f 2270/1249/868 1503/1292/900 2446/1267/883
f 2356/1290/898 544/1269/884 541/1285/894
f 2270/1249/868 1610/1243/862 1410/1261/880
f 1393/1252/871 1395/1272/726 1362/1293/711
f 1413/1294/901 1414/1258/877 1412/1295/902
f 1395/1272/726 1393/1252/871 1404/1273/886
f 544/1269/884 2356/1290/898 2446/1267/883
f 226/1286/895 201/1277/887 227/1279/889
f 2270/1249/868 2446/1267/883 2356/1290/898
f 2351/1248/867 2234/1296/903 1373/1297/904
f 2387/1244/863 37/1242/861 2436/1250/869
f 1415/1264/469 1879/1291/899 1406/1298/451
f 1200/1263/881 1843/1299/905 1204/1270/885
f 576/1251/870 2436/1250/869 577/1280/890
f 2387/1244/863 293/1246/865 37/1242/861
f 2436/1250/869 37/1242/861 1611/1241/860
f 544/1269/884 202/1289/897 199/1284/893
f 576/1251/870 201/1277/887 539/1257/876
f 402/1265/882 539/1257/876 226/1286/895
f 199/1284/893 674/1283/892 671/1288/896
f 391/1271/729 402/1265/882 226/1286/895
f 1402/1245/864 2387/1244/863 1618/1247/866
f 576/1251/870 539/1257/876 538/1256/875
f 1418/1274/725 2425/1260/879 1416/1259/878
f 1618/1247/866 2234/1296/903 2351/1248/867
f 1618/1247/866 576/1251/870 2234/1296/903
f 2234/1296/903 576/1251/870 538/1256/875
f 539/1257/876 201/1277/887 226/1286/895
f 540/1255/874 539/1257/876 402/1265/882
f 458/1253/872 1362/1293/711 2296/1275/712
f 538/1256/875 540/1255/874 2234/1296/903
f 1427/1300/906 1348/1301/907 1413/1294/901
f 2425/1260/879 1418/1274/725 1404/1273/886
f 1413/1294/901 1348/1301/907 1416/1259/878
f 2425/1260/879 459/1254/873 1414/1258/877
f 1427/1300/906 1413/1294/901 1490/1302/908
f 1348/1301/907 1418/1274/725 1416/1259/878
f 239/1281/474 1881/1303/460 202/1289/897
f 1362/1293/711 458/1253/872 1393/1252/871
f 1404/1273/886 1393/1252/871 2425/1260/879
f 1879/1291/899 202/1289/897 1881/1303/460
f 1193/1287/706 226/1286/895 227/1279/889
f 1416/1259/878 1414/1258/877 1413/1294/901
f 1879/1291/899 1204/1270/885 1195/1304/909
f 2544/1305/910 1414/1258/877 459/1254/873
f 1881/1303/460 1406/1298/451 1879/1291/899
f 1414/1258/877 2544/1305/910 1412/1295/902
f 1195/1304/909 202/1289/897 1879/1291/899
f 696/1306/911 2345/1307/912 591/1308/477
f 1490/1302/908 1413/1294/901 1412/1295/902
f 2446/1267/883 696/1306/911 217/1268/473
f 217/1268/473 696/1306/911 591/1308/477
f 696/1306/911 2446/1267/883 1483/1309/913
f 1373/1297/904 2234/1296/903 1490/1302/908
f 2234/1296/903 1427/1300/906 1490/1302/908
f 458/1253/872 451/1310/348 441/1311/367
f 458/1253/872 1319/1276/354 451/1310/348
f 1427/1300/906 2234/1296/903 562/1312/914
f 2485/1313/915 1348/1301/907 1427/1300/906
f 1483/1309/913 2345/1307/912 696/1306/911
f 2485/1313/915 1427/1300/906 562/1312/914
f 562/1312/914 540/1255/874 563/1266/749
f 1379/1314/753 1348/1301/907 2485/1313/915
f 607/1315/752 2485/1313/915 562/1312/914
f 2485/1313/915 607/1315/752 1379/1314/753
f 204/1282/891 1204/1270/885 211/1316/916
f 204/1282/891 1195/1304/909 1204/1270/885
f 459/1254/873 458/1253/872 441/1311/367
f 1348/1301/907 1379/1314/753 1418/1274/725
f 562/1312/914 563/1266/749 607/1315/752
f 1204/1270/885 1843/1299/905 211/1316/916
f 2270/1249/868 1410/1261/880 1503/1292/900
f 2446/1267/883 1503/1292/900 1483/1309/913
f 211/1316/916 205/1278/888 204/1282/891
f 2234/1296/903 540/1255/874 562/1312/914
f 202/1289/897 1195/1304/909 204/1282/891
f 230/1317/917 1971/1318/918 229/1319/919
f 820/1320/920 839/1321/433 2523/1322/432
f 1202/1323/921 228/1324/922 231/1325/923
f 395/1326/924 1203/1327/925 2238/1328/926
f 387/1329/927 242/1330/928 376/1331/929
f 2459/1332/930 2457/1333/931 1211/1334/932
f 1912/1335/933 1552/1336/934 1202/1323/921
f 242/1330/928 387/1329/927 241/1337/422
f 1511/1338/935 1541/1339/936 2239/1340/937
f 1912/1335/933 1198/1341/938 232/1342/939
f 1548/1343/940 376/1331/929 242/1330/928
f 1210/1344/941 1548/1343/940 2193/1345/415
f 2331/1346/942 1182/1347/943 179/1348/944
f 2478/1349/139 231/1325/923 512/1350/134
f 1541/1339/936 1904/1351/945 2327/1352/946
f 1904/1351/945 2068/1353/947 2085/1354/948
f 178/1355/949 188/1356/950 179/1348/944
f 1203/1327/925 376/1331/929 1548/1343/940
f 231/1325/923 2478/1349/139 400/1357/951
f 1541/1339/936 1540/1358/952 2238/1328/926
f 1885/1359/953 177/1360/954 1182/1347/943
f 1511/1338/935 2239/1340/937 1515/1361/955
f 251/1362/956 188/1356/950 178/1355/949
f 412/1363/96 392/1364/92 387/1329/927
f 1203/1327/925 378/1365/957 376/1331/929
f 1515/1361/955 1203/1327/925 1548/1343/940
f 1203/1327/925 395/1326/924 378/1365/957
f 231/1325/923 2479/1366/160 512/1350/134
f 188/1356/950 1552/1336/934 179/1348/944
f 2238/1328/926 1540/1358/952 395/1326/924
f 1885/1359/953 1513/1367/958 177/1360/954
f 240/1368/156 2479/1366/160 228/1324/922
f 2328/1369/959 2327/1352/946 232/1342/939
f 2068/1353/947 2331/1346/942 179/1348/944
f 1202/1323/921 1550/1370/960 1971/1318/918
f 1904/1351/945 2085/1354/948 2327/1352/946
f 1550/1370/960 1552/1336/934 188/1356/950
f 1511/1338/935 1904/1351/945 1541/1339/936
f 1971/1318/918 220/1371/961 228/1324/922
f 1512/1372/962 1511/1338/935 1515/1361/955
f 971/1373/963 1512/1372/962 1210/1344/941
f 1183/1374/964 820/1320/920 2523/1322/432
f 1182/1347/943 178/1355/949 179/1348/944
f 376/1331/929 378/1365/957 387/1329/927
f 1210/1344/941 200/1375/424 971/1373/963
f 2457/1333/931 2459/1332/930 2458/1376/965
f 229/1319/919 1971/1318/918 1550/1370/960
f 956/1377/966 1185/1378/967 2457/1333/931
f 2458/1376/965 956/1377/966 2457/1333/931
f 1210/1344/941 2193/1345/415 200/1375/424
f 2085/1354/948 2068/1353/947 1912/1335/933
f 1202/1323/921 1971/1318/918 228/1324/922
f 839/1321/433 820/1320/920 252/1379/425
f 1515/1361/955 1548/1343/940 1210/1344/941
f 1552/1336/934 2068/1353/947 179/1348/944
f 2327/1352/946 2085/1354/948 232/1342/939
f 230/1317/917 229/1319/919 198/1380/968
f 1185/1378/967 896/1381/969 820/1320/920
f 1318/1382/970 2459/1332/930 368/1383/971
f 2459/1332/930 1211/1334/932 365/1384/972
f 387/1329/927 392/1364/92 241/1337/422
f 2458/1376/965 1318/1382/970 956/1377/966
f 2068/1353/947 1904/1351/945 2331/1346/942
f 820/1320/920 896/1381/969 252/1379/425
f 1511/1338/935 1512/1372/962 1513/1367/958
f 241/1337/422 1548/1343/940 242/1330/928
f 829/1385/973 200/1375/424 252/1379/425
f 829/1385/973 1512/1372/962 971/1373/963
f 1211/1334/932 1183/1374/964 365/1384/972
f 177/1360/954 829/1385/973 252/1379/425
f 1512/1372/962 829/1385/973 177/1360/954
f 228/1324/922 2479/1366/160 231/1325/923
f 1512/1372/962 1515/1361/955 1210/1344/941
f 198/1380/968 1550/1370/960 188/1356/950
f 956/1377/966 1182/1347/943 1185/1378/967
f 1202/1323/921 1552/1336/934 1550/1370/960
f 230/1317/917 220/1371/961 1971/1318/918
f 1183/1374/964 1185/1378/967 820/1320/920
f 1552/1336/934 1912/1335/933 2068/1353/947
f 2327/1352/946 1540/1358/952 1541/1339/936
f 1185/1378/967 1211/1334/932 2457/1333/931
f 177/1360/954 252/1379/425 896/1381/969
f 1513/1367/958 1512/1372/962 177/1360/954
f 2239/1340/937 2238/1328/926 1203/1327/925
f 2239/1340/937 1541/1339/936 2238/1328/926
f 1211/1334/932 1185/1378/967 1183/1374/964
f 956/1377/966 1318/1382/970 251/1362/956
f 1182/1347/943 956/1377/966 251/1362/956
f 2331/1346/942 1513/1367/958 1885/1359/953
f 1912/1335/933 1202/1323/921 1198/1341/938
f 232/1342/939 1198/1341/938 366/1386/974
f 366/1386/974 374/1387/975 232/1342/939
f 1513/1367/958 1904/1351/945 1511/1338/935
f 896/1381/969 1185/1378/967 1182/1347/943
f 225/1388/97 241/1337/422 392/1364/92
f 2459/1332/930 1318/1382/970 2458/1376/965
f 1540/1358/952 2328/1369/959 375/1389/976
f 412/1363/96 387/1329/927 378/1365/957
f 2085/1354/948 1912/1335/933 232/1342/939
f 1515/1361/955 2239/1340/937 1203/1327/925
f 200/1375/424 829/1385/973 971/1373/963
f 374/1387/975 375/1389/976 2328/1369/959
f 177/1360/954 896/1381/969 1182/1347/943
f 1198/1341/938 1202/1323/921 231/1325/923
f 395/1326/924 1540/1358/952 375/1389/976
f 228/1324/922 220/1371/961 240/1368/156
f 229/1319/919 1550/1370/960 198/1380/968
f 2327/1352/946 2328/1369/959 1540/1358/952
f 2331/1346/942 1885/1359/953 1182/1347/943
f 374/1387/975 2328/1369/959 232/1342/939
f 670/1390/977 1198/1341/938 400/1357/951
f 1513/1367/958 2331/1346/942 1904/1351/945
f 375/1389/976 374/1387/975 395/1326/924
f 400/1357/951 2478/1349/139 670/1390/977
f 178/1355/949 1182/1347/943 251/1362/956
f 1198/1341/938 231/1325/923 400/1357/951
f 371/1391/978 368/1383/971 2459/1332/930
f 2459/1332/930 365/1384/972 371/1391/978
f 241/1337/422 2193/1345/415 1548/1343/940
f 1198/1341/938 670/1390/977 366/1386/974
f 417/1392/979 416/1393/980 419/1394/981
f 693/1395/982 1227/1396/983 339/1397/984
f 415/1398/985 529/1399/986 419/1394/981
f 2567/1400/987 1270/1401/303 2566/1402/988
f 2411/1403/989 334/1404/990 705/1405/991
f 2566/1402/988 2580/1406/992 2581/1407/993
f 1151/1408/994 693/1395/982 1003/1409/995
f 2569/1410/996 448/1411/997 520/1412/998
f 1003/1409/995 1225/1413/185 1227/1396/983
f 431/1414/999 432/1415/1000 416/1393/980
f 428/1416/1001 2019/1417/1002 2476/1418/1003
f 281/1419/1004 1446/1420/1005 2543/1421/1006
f 2580/1406/992 450/1422/1007 2581/1407/993
f 1454/1423/1008 2472/1424/1009 2474/1425/1010
f 111/1426/1011 1131/1427/1012 334/1404/990
f 1151/1408/994 1003/1409/995 1227/1396/983
f 110/1428/1013 62/1429/1014 419/1394/981
f 2194/1430/409 1304/1431/1015 404/1432/1016
f 269/1433/1017 274/1434/1018 111/1426/1011
f 1264/1435/401 281/1419/1004 2543/1421/1006
f 2442/1436/1019 1270/1401/303 2567/1400/987
f 2569/1410/996 334/1404/990 2411/1403/989
f 1443/1437/85 1445/1438/89 1304/1431/1015
f 1448/1439/1020 1446/1420/1005 2474/1425/1010
f 1448/1439/1020 2474/1425/1010 2472/1424/1009
f 275/1440/1021 771/1441/1022 1146/1442/1023
f 1454/1423/1008 2474/1425/1010 1446/1420/1005
f 111/1426/1011 333/1443/1024 62/1429/1014
f 338/1444/1025 693/1395/982 339/1397/984
f 111/1426/1011 110/1428/1013 270/1445/1026
f 1448/1439/1020 2472/1424/1009 1449/1446/88
f 1622/1447/1027 2566/1402/988 2431/1448/304
f 1473/1449/90 1475/1450/86 1264/1435/401
f 1451/1451/1028 428/1416/1001 2476/1418/1003
f 1270/1401/303 2431/1448/304 2566/1402/988
f 2472/1424/1009 1391/1452/1029 1449/1446/88
f 432/1415/1000 1391/1452/1029 415/1398/985
f 701/1453/1030 1471/1454/1031 1453/1455/1032
f 705/1405/991 2442/1436/1019 2411/1403/989
f 110/1428/1013 354/1456/1033 270/1445/1026
f 269/1433/1017 111/1426/1011 270/1445/1026
f 2552/1457/302 1636/1458/407 1622/1447/1027
f 1449/1446/88 1473/1449/90 1474/1459/1034
f 1448/1439/1020 1449/1446/88 1474/1459/1034
f 2566/1402/988 1622/1447/1027 1296/1460/1035
f 2543/1421/1006 1446/1420/1005 1448/1439/1020
f 432/1415/1000 1445/1438/89 1449/1446/88
f 423/1461/1036 529/1399/986 406/1462/1037
f 2543/1421/1006 1448/1439/1020 1474/1459/1034
f 1443/1437/85 1304/1431/1015 2194/1430/409
f 432/1415/1000 1449/1446/88 1391/1452/1029
f 404/1432/1016 1317/1463/1038 2580/1406/992
f 1296/1460/1035 1623/1464/392 2133/1465/1039
f 448/1411/997 431/1414/999 417/1392/979
f 2019/1417/1002 2567/1400/987 2476/1418/1003
f 62/1429/1014 333/1443/1024 520/1412/998
f 2580/1406/992 2133/1465/1039 404/1432/1016
f 1304/1431/1015 1445/1438/89 432/1415/1000
f 1317/1463/1038 1304/1431/1015 432/1415/1000
f 1623/1464/392 1296/1460/1035 1622/1447/1027
f 705/1405/991 1227/1396/983 1223/1466/180
f 2194/1430/409 2133/1465/1039 1623/1464/392
f 2431/1448/304 2552/1457/302 1622/1447/1027
f 1125/1467/1040 1146/1442/1023 771/1441/1022
f 1296/1460/1035 2133/1465/1039 2580/1406/992
f 275/1440/1021 1131/1427/1012 274/1434/1018
f 1304/1431/1015 1317/1463/1038 404/1432/1016
f 1623/1464/392 1622/1447/1027 1636/1458/407
f 2019/1417/1002 2411/1403/989 2442/1436/1019
f 1264/1435/401 2543/1421/1006 1473/1449/90
f 2194/1430/409 404/1432/1016 2133/1465/1039
f 2569/1410/996 520/1412/998 333/1443/1024
f 1474/1459/1034 1473/1449/90 2543/1421/1006
f 448/1411/997 1451/1451/1028 450/1422/1007
f 520/1412/998 419/1394/981 62/1429/1014
f 2411/1403/989 428/1416/1001 2569/1410/996
f 1131/1427/1012 339/1397/984 334/1404/990
f 594/1468/805 406/1462/1037 1471/1454/1031
f 2472/1424/1009 415/1398/985 1391/1452/1029
f 415/1398/985 416/1393/980 432/1415/1000
f 431/1414/999 448/1411/997 450/1422/1007
f 1224/1469/1041 423/1461/1036 406/1462/1037
f 529/1399/986 1453/1455/1032 1471/1454/1031
f 520/1412/998 417/1392/979 419/1394/981
f 1131/1427/1012 1146/1442/1023 338/1444/1025
f 1451/1451/1028 2476/1418/1003 2581/1407/993
f 701/1453/1030 1453/1455/1032 2472/1424/1009
f 417/1392/979 431/1414/999 416/1393/980
f 2442/1436/1019 2081/1470/301 1270/1401/303
f 1151/1408/994 1227/1396/983 693/1395/982
f 1227/1396/983 705/1405/991 339/1397/984
f 2566/1402/988 1296/1460/1035 2580/1406/992
f 334/1404/990 333/1443/1024 111/1426/1011
f 431/1414/999 1317/1463/1038 432/1415/1000
f 339/1397/984 1131/1427/1012 338/1444/1025
f 1451/1451/1028 2581/1407/993 450/1422/1007
f 1451/1451/1028 2569/1410/996 428/1416/1001
f 419/1394/981 354/1456/1033 110/1428/1013
f 705/1405/991 1223/1466/180 2095/1471/297
f 2569/1410/996 333/1443/1024 334/1404/990
f 2019/1417/1002 428/1416/1001 2411/1403/989
f 1225/1413/185 1228/1472/181 1227/1396/983
f 1451/1451/1028 448/1411/997 2569/1410/996
f 594/1468/805 1471/1454/1031 701/1453/1030
f 2081/1470/301 2442/1436/1019 2095/1471/297
f 1146/1442/1023 1125/1467/1040 340/1473/1042
f 1003/1409/995 693/1395/982 1134/1474/1043
f 110/1428/1013 111/1426/1011 62/1429/1014
f 448/1411/997 417/1392/979 520/1412/998
f 340/1473/1042 1125/1467/1040 1134/1474/1043
f 450/1422/1007 1317/1463/1038 431/1414/999
f 423/1461/1036 1224/1469/1041 354/1456/1033
f 529/1399/986 1471/1454/1031 406/1462/1037
f 1453/1455/1032 529/1399/986 2472/1424/1009
f 338/1444/1025 340/1473/1042 693/1395/982
f 1227/1396/983 1228/1472/181 1223/1466/180
f 419/1394/981 423/1461/1036 354/1456/1033
f 1131/1427/1012 111/1426/1011 274/1434/1018
f 701/1453/1030 2472/1424/1009 1454/1423/1008
f 2581/1407/993 2476/1418/1003 2567/1400/987
f 340/1473/1042 338/1444/1025 1146/1442/1023
f 423/1461/1036 419/1394/981 529/1399/986
f 705/1405/991 334/1404/990 339/1397/984
f 1134/1474/1043 693/1395/982 340/1473/1042
f 2567/1400/987 2566/1402/988 2581/1407/993
f 1317/1463/1038 450/1422/1007 2580/1406/992
f 2442/1436/1019 705/1405/991 2095/1471/297
f 2442/1436/1019 2567/1400/987 2019/1417/1002
f 2472/1424/1009 529/1399/986 415/1398/985
f 1146/1442/1023 1131/1427/1012 275/1440/1021
f 416/1393/980 415/1398/985 419/1394/981
f 2477/1475/1044 2080/1476/1045 948/1477/1046
f 2080/1476/1045 1562/1478/743 1189/1479/746
f 238/1480/1047 227/1481/889 205/1482/888
f 1122/1483/1048 2386/1484/718 176/1485/738
f 2080/1476/1045 2477/1475/1044 249/1486/1049
f 1516/1487/757 1562/1478/743 2080/1476/1045
f 249/1486/1049 2477/1475/1044 247/1488/1050
f 190/1489/1051 2477/1475/1044 174/1490/1052
f 249/1486/1049 1516/1487/757 2080/1476/1045
f 1313/1491/722 2385/1492/721 364/1493/1053
f 174/1490/1052 1564/1494/1054 1273/1495/1055
f 346/1496/41 2525/1497/1056 385/1498/244
f 1191/1499/1057 977/1500/1058 174/1490/1052
f 238/1480/1047 390/1501/1059 223/1502/707
f 106/1503/1060 699/1504/1061 63/1505/362
f 675/1506/364 2537/1507/1062 258/1508/1063
f 105/1509/1064 2525/1497/1056 61/1510/1065
f 247/1488/1050 176/1485/738 249/1486/1049
f 190/1489/1051 782/1511/1066 739/1512/1067
f 1896/1513/1068 2080/1476/1045 1189/1479/746
f 268/1514/1069 716/1515/1070 715/1516/1071
f 675/1506/364 258/1508/1063 105/1509/1064
f 223/1502/707 1193/1517/706 227/1481/889
f 253/1518/1072 2460/1519/1073 247/1488/1050
f 863/1520/246 2466/1521/1074 1315/1522/1075
f 2466/1521/1074 863/1520/246 384/1523/245
f 363/1524/734 357/1525/1076 72/1526/351
f 782/1511/1066 959/1527/1077 1314/1528/1078
f 258/1508/1063 104/1529/1079 105/1509/1064
f 863/1520/246 738/1530/1080 759/1531/247
f 357/1525/1076 363/1524/734 358/1532/1081
f 358/1532/1081 1313/1491/722 364/1493/1053
f 63/1505/362 699/1504/1061 675/1506/364
f 977/1500/1058 738/1530/1080 959/1527/1077
f 261/1533/1082 679/1534/1083 107/1535/1084
f 739/1512/1067 897/1536/1085 849/1537/1086
f 1315/1522/1075 738/1530/1080 863/1520/246
f 106/1503/1060 63/1505/362 66/1538/365
f 1896/1513/1068 2149/1539/1087 2233/1540/1088
f 104/1529/1079 2525/1497/1056 105/1509/1064
f 884/1541/1089 977/1500/1058 1191/1499/1057
f 715/1516/1071 2503/1542/1090 2460/1519/1073
f 253/1518/1072 897/1536/1085 2460/1519/1073
f 715/1516/1071 716/1515/1070 2503/1542/1090
f 849/1537/1086 190/1489/1051 739/1512/1067
f 897/1536/1085 253/1518/1072 849/1537/1086
f 1896/1513/1068 1564/1494/1054 2080/1476/1045
f 358/1532/1081 363/1524/734 1313/1491/722
f 2525/1497/1056 2466/1521/1074 385/1498/244
f 1273/1495/1055 1896/1513/1068 2233/1540/1088
f 268/1514/1069 262/1543/1091 679/1534/1083
f 738/1530/1080 977/1500/1058 759/1531/247
f 1564/1494/1054 948/1477/1046 2080/1476/1045
f 358/1532/1081 364/1493/1053 261/1533/1082
f 2503/1542/1090 1122/1483/1048 2460/1519/1073
f 190/1489/1051 849/1537/1086 253/1518/1072
f 907/1544/1092 2466/1521/1074 104/1529/1079
f 2385/1492/721 716/1515/1070 364/1493/1053
f 716/1515/1070 2385/1492/721 2503/1542/1090
f 259/1545/1093 107/1535/1084 679/1534/1083
f 72/1526/351 75/1546/735 363/1524/734
f 76/1547/366 106/1503/1060 66/1538/365
f 247/1488/1050 1122/1483/1048 176/1485/738
f 897/1536/1085 715/1516/1071 2460/1519/1073
f 716/1515/1070 261/1533/1082 364/1493/1053
f 1314/1528/1078 2537/1507/1062 782/1511/1066
f 357/1525/1076 76/1547/366 72/1526/351
f 262/1543/1091 715/1516/1071 897/1536/1085
f 2537/1507/1062 907/1544/1092 258/1508/1063
f 1890/1548/1094 1191/1499/1057 1273/1495/1055
f 2456/1549/1095 739/1512/1067 259/1545/1093
f 1191/1499/1057 1890/1548/1094 1583/1550/1096
f 2149/1539/1087 238/1480/1047 205/1482/888
f 1191/1499/1057 1583/1550/1096 884/1541/1089
f 884/1541/1089 1207/1551/468 1205/1552/472
f 884/1541/1089 1200/1553/881 1207/1551/468
f 887/1554/1097 1843/1555/905 1200/1553/881
f 977/1500/1058 884/1541/1089 807/1556/252
f 227/1481/889 238/1480/1047 223/1502/707
f 211/1557/916 1843/1555/905 1890/1548/1094
f 2503/1542/1090 2385/1492/721 2386/1484/718
f 887/1554/1097 884/1541/1089 1583/1550/1096
f 249/1486/1049 176/1485/738 1521/1558/745
f 261/1533/1082 716/1515/1070 268/1514/1069
f 759/1531/247 977/1500/1058 807/1556/252
f 357/1525/1076 358/1532/1081 261/1533/1082
f 1273/1495/1055 1191/1499/1057 174/1490/1052
f 261/1533/1082 268/1514/1069 679/1534/1083
f 107/1535/1084 259/1545/1093 699/1504/1061
f 1583/1550/1096 1890/1548/1094 887/1554/1097
f 2466/1521/1074 384/1523/245 385/1498/244
f 106/1503/1060 76/1547/366 357/1525/1076
f 739/1512/1067 2537/1507/1062 259/1545/1093
f 211/1557/916 1890/1548/1094 2233/1540/1088
f 782/1511/1066 174/1490/1052 1007/1559/1098
f 1122/1483/1048 2503/1542/1090 2386/1484/718
f 2537/1507/1062 699/1504/1061 259/1545/1093
f 1896/1513/1068 1273/1495/1055 1564/1494/1054
f 259/1545/1093 679/1534/1083 262/1543/1091
f 262/1543/1091 2456/1549/1095 259/1545/1093
f 1007/1559/1098 977/1500/1058 959/1527/1077
f 699/1504/1061 2537/1507/1062 675/1506/364
f 2149/1539/1087 205/1482/888 211/1557/916
f 2456/1549/1095 897/1536/1085 739/1512/1067
f 2466/1521/1074 2525/1497/1056 104/1529/1079
f 268/1514/1069 715/1516/1071 262/1543/1091
f 61/1510/1065 2525/1497/1056 346/1496/41
f 107/1535/1084 106/1503/1060 357/1525/1076
f 782/1511/1066 190/1489/1051 174/1490/1052
f 1122/1483/1048 247/1488/1050 2460/1519/1073
f 907/1544/1092 1315/1522/1075 2466/1521/1074
f 357/1525/1076 261/1533/1082 107/1535/1084
f 1315/1522/1075 907/1544/1092 1314/1528/1078
f 959/1527/1077 1315/1522/1075 1314/1528/1078
f 959/1527/1077 782/1511/1066 1007/1559/1098
f 739/1512/1067 782/1511/1066 2537/1507/1062
f 258/1508/1063 907/1544/1092 104/1529/1079
f 2537/1507/1062 1314/1528/1078 907/1544/1092
f 106/1503/1060 107/1535/1084 699/1504/1061
f 1007/1559/1098 174/1490/1052 977/1500/1058
f 1205/1552/472 807/1556/252 884/1541/1089
f 1890/1548/1094 1843/1555/905 887/1554/1097
f 897/1536/1085 2456/1549/1095 262/1543/1091
f 2149/1539/1087 390/1501/1059 238/1480/1047
f 959/1527/1077 738/1530/1080 1315/1522/1075
f 948/1477/1046 1564/1494/1054 174/1490/1052
f 884/1541/1089 887/1554/1097 1200/1553/881
f 190/1489/1051 247/1488/1050 2477/1475/1044
f 1896/1513/1068 1189/1479/746 390/1501/1059
f 1896/1513/1068 390/1501/1059 2149/1539/1087
f 211/1557/916 2233/1540/1088 2149/1539/1087
f 247/1488/1050 190/1489/1051 253/1518/1072
f 390/1501/1059 1189/1479/746 223/1502/707
f 1521/1558/745 1516/1487/757 249/1486/1049
f 2477/1475/1044 948/1477/1046 174/1490/1052
f 1273/1495/1055 2233/1540/1088 1890/1548/1094
f 783/1560/1099 1016/1561/1100 988/1562/1101
f 2489/1563/1102 2027/1564/1103 133/1565/1104
f 988/1562/1101 944/1566/1105 950/1567/1106
f 944/1566/1105 1016/1561/1100 2423/1568/1107
f 944/1566/1105 955/1569/1108 2317/1570/1109
f 943/1571/1110 2410/1572/1111 953/1573/1112
f 950/1567/1106 2317/1570/1109 943/1571/1110
f 961/1574/1113 952/1575/1114 953/1573/1112
f 953/1573/1112 2410/1572/1111 961/1574/1113
f 1075/1576/1115 955/1569/1108 2423/1568/1107
f 950/1567/1106 944/1566/1105 2317/1570/1109
f 2410/1572/1111 943/1571/1110 2317/1570/1109
f 2349/1577/1116 632/1578/1117 657/1579/1118
f 149/1580/1119 2489/1563/1102 133/1565/1104
f 941/1581/1120 952/1575/1114 961/1574/1113
f 955/1569/1108 2405/1582/1121 2317/1570/1109
f 1064/1583/1122 1130/1584/1123 1075/1576/1115
f 963/1585/1124 952/1575/1114 941/1581/1120
f 1130/1584/1123 2405/1582/1121 955/1569/1108
f 988/1562/1101 1016/1561/1100 944/1566/1105
f 2317/1570/1109 2405/1582/1121 819/1586/1125
f 1130/1584/1123 1064/1583/1122 632/1578/1117
f 818/1587/1126 963/1585/1124 941/1581/1120
f 2405/1582/1121 2323/1588/1127 819/1586/1125
f 1130/1584/1123 632/1578/1117 2349/1577/1116
f 941/1581/1120 2410/1572/1111 819/1586/1125
f 2323/1588/1127 2349/1577/1116 2027/1564/1103
f 819/1586/1125 818/1587/1126 941/1581/1120
f 818/1587/1126 819/1586/1125 2323/1588/1127
f 2405/1582/1121 2349/1577/1116 2323/1588/1127
f 1075/1576/1115 1130/1584/1123 955/1569/1108
f 988/1562/1101 1105/1589/1128 783/1560/1099
f 942/1590/1129 964/1591/1130 822/1592/1131
f 964/1591/1130 942/1590/1129 952/1575/1114
f 2018/1593/1132 831/1594/1133 2571/1595/1134
f 952/1575/1114 963/1585/1124 964/1591/1130
f 953/1573/1112 952/1575/1114 942/1590/1129
f 961/1574/1113 2410/1572/1111 941/1581/1120
f 1063/1596/1135 784/1597/1136 954/1598/1137
f 312/1599/322 1063/1596/1135 954/1598/1137
f 950/1567/1106 958/1600/1138 1105/1589/1128
f 1063/1596/1135 323/1601/320 1100/1602/1139
f 2018/1593/1132 1094/1603/1140 1114/1604/1141
f 1105/1589/1128 988/1562/1101 950/1567/1106
f 1119/1605/1142 1105/1589/1128 1091/1606/1143
f 1091/1606/1143 1105/1589/1128 951/1607/1144
f 1096/1608/1145 2517/1609/1146 1245/1610/1147
f 939/1611/1148 1086/1612/1149 953/1573/1112
f 1119/1605/1142 1091/1606/1143 1089/1613/1150
f 1259/1614/1151 1245/1610/1147 2535/1615/483
f 2535/1615/483 2536/1616/485 1259/1614/1151
f 965/1617/1152 954/1598/1137 784/1597/1136
f 618/1618/1153 131/1619/1154 149/1580/1119
f 2517/1609/1146 2558/1620/481 1245/1610/1147
f 1015/1621/1155 1116/1622/1156 1124/1623/1157
f 783/1560/1099 794/1624/1158 769/1625/1159
f 1112/1626/1160 1091/1606/1143 2532/1627/1161
f 2417/1628/1162 831/1594/1133 325/1629/1163
f 2349/1577/1116 2405/1582/1121 1130/1584/1123
f 324/1630/317 331/1631/319 1100/1602/1139
f 2532/1627/1161 1100/1602/1139 325/1629/1163
f 1084/1632/1164 1259/1614/1151 2536/1616/485
f 1128/1633/1165 1089/1613/1150 1116/1622/1156
f 783/1560/1099 1105/1589/1128 794/1624/1158
f 1091/1606/1143 951/1607/1144 1086/1612/1149
f 1128/1633/1165 769/1625/1159 794/1624/1158
f 831/1594/1133 2572/1634/1166 1112/1626/1160
f 951/1607/1144 958/1600/1138 1086/1612/1149
f 662/1635/312 659/1636/1167 663/1637/311
f 784/1597/1136 1090/1638/1168 939/1611/1148
f 1116/1622/1156 1015/1621/1155 1152/1639/1169
f 831/1594/1133 2532/1627/1161 325/1629/1163
f 1112/1626/1160 2532/1627/1161 831/1594/1133
f 943/1571/1110 953/1573/1112 1086/1612/1149
f 312/1599/322 323/1601/320 1063/1596/1135
f 2571/1595/1134 1096/1608/1145 1094/1603/1140
f 1755/1640/501 1123/1641/1170 2536/1616/485
f 1105/1589/1128 958/1600/1138 951/1607/1144
f 1084/1632/1164 1123/1641/1170 1124/1623/1157
f 663/1637/311 2417/1628/1162 331/1631/319
f 954/1598/1137 942/1590/1129 822/1592/1131
f 2517/1609/1146 2571/1595/1134 659/1636/1167
f 659/1636/1167 2417/1628/1162 663/1637/311
f 2536/1616/485 1123/1641/1170 1084/1632/1164
f 2018/1593/1132 1124/1623/1157 2572/1634/1166
f 331/1631/319 2417/1628/1162 325/1629/1163
f 1090/1638/1168 1091/1606/1143 939/1611/1148
f 939/1611/1148 965/1617/1152 784/1597/1136
f 2571/1595/1134 2517/1609/1146 1096/1608/1145
f 2349/1577/1116 657/1579/1118 133/1565/1104
f 1114/1604/1141 1094/1603/1140 1084/1632/1164
f 133/1565/1104 657/1579/1118 618/1618/1153
f 1063/1596/1135 2532/1627/1161 1090/1638/1168
f 1086/1612/1149 939/1611/1148 1091/1606/1143
f 1090/1638/1168 2532/1627/1161 1091/1606/1143
f 1245/1610/1147 2558/1620/481 2535/1615/483
f 1123/1641/1170 1152/1639/1169 1015/1621/1155
f 1114/1604/1141 1084/1632/1164 1124/1623/1157
f 1015/1621/1155 1124/1623/1157 1123/1641/1170
f 1259/1614/1151 1084/1632/1164 1096/1608/1145
f 1094/1603/1140 1096/1608/1145 1084/1632/1164
f 498/1642/1171 1116/1622/1156 1152/1639/1169
f 1105/1589/1128 1119/1605/1142 794/1624/1158
f 1124/1623/1157 2018/1593/1132 1114/1604/1141
f 1128/1633/1165 1116/1622/1156 498/1642/1171
f 1124/1623/1157 1116/1622/1156 2572/1634/1166
f 794/1624/1158 1089/1613/1150 1128/1633/1165
f 659/1636/1167 662/1635/312 1233/1643/502
f 1233/1643/502 2558/1620/481 2517/1609/1146
f 323/1601/320 324/1630/317 1100/1602/1139
f 618/1618/1153 723/1644/1172 704/1645/1173
f 2323/1588/1127 945/1646/1174 818/1587/1126
f 618/1618/1153 657/1579/1118 723/1644/1172
f 2027/1564/1103 945/1646/1174 2323/1588/1127
f 2027/1564/1103 2349/1577/1116 133/1565/1104
f 2572/1634/1166 831/1594/1133 2018/1593/1132
f 149/1580/1119 133/1565/1104 618/1618/1153
f 704/1645/1173 131/1619/1154 618/1618/1153
f 2423/1568/1107 955/1569/1108 944/1566/1105
f 943/1571/1110 1086/1612/1149 958/1600/1138
f 2317/1570/1109 819/1586/1125 2410/1572/1111
f 1094/1603/1140 2018/1593/1132 2571/1595/1134
f 942/1590/1129 965/1617/1152 953/1573/1112
f 950/1567/1106 943/1571/1110 958/1600/1138
f 942/1590/1129 954/1598/1137 965/1617/1152
f 1063/1596/1135 1100/1602/1139 2532/1627/1161
f 1063/1596/1135 1090/1638/1168 784/1597/1136
f 1100/1602/1139 331/1631/319 325/1629/1163
f 2417/1628/1162 659/1636/1167 2571/1595/1134
f 794/1624/1158 1119/1605/1142 1089/1613/1150
f 953/1573/1112 965/1617/1152 939/1611/1148
f 1233/1643/502 2517/1609/1146 659/1636/1167
f 1245/1610/1147 1259/1614/1151 1096/1608/1145
f 2572/1634/1166 1116/1622/1156 1112/1626/1160
f 1116/1622/1156 1089/1613/1150 1112/1626/1160
f 2571/1595/1134 831/1594/1133 2417/1628/1162
f 822/1592/1131 312/1599/322 954/1598/1137
f 1112/1626/1160 1089/1613/1150 1091/1606/1143
f 183/1647/1175 2455/1648/157 2082/1649/1176
f 254/1650/1177 188/1651/950 251/1652/956
f 381/1653/1178 380/1654/1179 382/1655/1180
f 492/1656/149 65/1657/1181 64/1658/286
f 64/1658/286 65/1657/1181 401/1659/1182
f 381/1653/1178 367/1660/1183 361/1661/1184
f 361/1661/1184 2471/1662/1185 678/1663/1186
f 367/1660/1183 2471/1662/1185 361/1661/1184
f 1535/1664/1187 1172/1665/1188 181/1666/1189
f 381/1653/1178 361/1661/1184 380/1654/1179
f 183/1647/1175 2082/1649/1176 230/1667/917
f 426/1668/1190 1173/1669/1191 367/1660/1183
f 1545/1670/1192 1321/1671/1193 2433/1672/1194
f 1173/1669/1191 2471/1662/1185 367/1660/1183
f 583/1673/1195 1545/1670/1192 184/1674/1196
f 2471/1662/1185 2483/1675/1197 678/1663/1186
f 188/1651/950 186/1676/1198 198/1677/968
f 2471/1662/1185 1173/1669/1191 2483/1675/1197
f 1173/1669/1191 1321/1671/1193 1545/1670/1192
f 426/1668/1190 367/1660/1183 381/1653/1178
f 2483/1675/1197 1173/1669/1191 1545/1670/1192
f 1321/1671/1193 426/1668/1190 1214/1678/1199
f 207/1679/1200 185/1680/1201 689/1681/1202
f 197/1682/1203 689/1681/1202 185/1680/1201
f 1545/1670/1192 197/1682/1203 184/1674/1196
f 2433/1672/1194 689/1681/1202 197/1682/1203
f 380/1654/1179 361/1661/1184 678/1663/1186
f 1545/1670/1192 2433/1672/1194 197/1682/1203
f 182/1683/1204 183/1647/1175 230/1667/917
f 244/1684/1205 243/1685/1206 254/1650/1177
f 254/1650/1177 736/1686/1207 372/1687/1208
f 1220/1688/1209 2480/1689/1210 362/1690/1211
f 186/1676/1198 188/1651/950 243/1685/1206
f 686/1691/1212 2480/1689/1210 685/1692/1213
f 1214/1678/1199 2433/1672/1194 1321/1671/1193
f 1217/1693/1214 1220/1688/1209 362/1690/1211
f 1172/1665/1188 2121/1694/1215 181/1666/1189
f 92/1695/1216 93/1696/1217 685/1692/1213
f 230/1667/917 186/1676/1198 182/1683/1204
f 736/1686/1207 1221/1697/1218 372/1687/1208
f 1221/1697/1218 1171/1698/1219 372/1687/1208
f 380/1654/1179 93/1696/1217 92/1695/1216
f 686/1691/1212 1212/1699/1220 1217/1693/1214
f 372/1687/1208 1171/1698/1219 244/1684/1205
f 93/1696/1217 686/1691/1212 685/1692/1213
f 1544/1700/1221 1171/1698/1219 1212/1699/1220
f 1217/1693/1214 1212/1699/1220 1171/1698/1219
f 1173/1669/1191 426/1668/1190 1321/1671/1193
f 2455/1648/157 240/1701/156 220/1702/961
f 1171/1698/1219 1221/1697/1218 1217/1693/1214
f 2483/1675/1197 1545/1670/1192 583/1673/1195
f 593/1703/1222 522/1704/162 245/1705/159
f 1172/1665/1188 593/1703/1222 245/1705/159
f 1212/1699/1220 93/1696/1217 678/1663/1186
f 583/1673/1195 1212/1699/1220 2483/1675/1197
f 185/1680/1201 181/1666/1189 182/1683/1204
f 2483/1675/1197 1212/1699/1220 678/1663/1186
f 1171/1698/1219 1544/1700/1221 244/1684/1205
f 2121/1694/1215 1172/1665/1188 2455/1648/157
f 244/1684/1205 1544/1700/1221 243/1685/1206
f 685/1692/1213 2480/1689/1210 92/1695/1216
f 1544/1700/1221 1212/1699/1220 583/1673/1195
f 686/1691/1212 1217/1693/1214 362/1690/1211
f 243/1685/1206 1544/1700/1221 187/1706/1223
f 187/1706/1223 1544/1700/1221 583/1673/1195
f 2082/1649/1176 2455/1648/157 220/1702/961
f 1172/1665/1188 1535/1664/1187 593/1703/1222
f 2121/1694/1215 2455/1648/157 183/1647/1175
f 2082/1649/1176 220/1702/961 230/1667/917
f 2121/1694/1215 183/1647/1175 181/1666/1189
f 2455/1648/157 1172/1665/1188 245/1705/159
f 1535/1664/1187 181/1666/1189 207/1679/1200
f 183/1647/1175 182/1683/1204 181/1666/1189
f 181/1666/1189 185/1680/1201 207/1679/1200
f 689/1681/1202 1535/1664/1187 207/1679/1200
f 186/1676/1198 230/1667/917 198/1677/968
f 185/1680/1201 182/1683/1204 184/1674/1196
f 182/1683/1204 186/1676/1198 187/1706/1223
f 186/1676/1198 243/1685/1206 187/1706/1223
f 187/1706/1223 184/1674/1196 182/1683/1204
f 243/1685/1206 188/1651/950 254/1650/1177
f 185/1680/1201 184/1674/1196 197/1682/1203
f 254/1650/1177 372/1687/1208 244/1684/1205
f 93/1696/1217 1212/1699/1220 686/1691/1212
f 362/1690/1211 2480/1689/1210 686/1691/1212
f 380/1654/1179 678/1663/1186 93/1696/1217
f 1318/1707/970 250/1708/1224 251/1652/956
f 251/1652/956 250/1708/1224 254/1650/1177
f 1183/1709/964 378/1710/957 365/1711/972
f 378/1710/957 2523/1712/432 506/1713/418
f 378/1710/957 1183/1709/964 2523/1712/432
f 378/1710/957 506/1713/418 412/1714/96
f 2465/1715/1225 250/1708/1224 1318/1707/970
f 430/1716/1226 2480/1689/1210 669/1717/1227
f 669/1717/1227 369/1718/1228 102/1719/1229
f 409/1720/570 67/1721/1230 430/1716/1226
f 1220/1688/1209 493/1722/1231 370/1723/1232
f 92/1695/1216 67/1721/1230 414/1724/285
f 493/1722/1231 383/1725/1233 570/1726/1234
f 94/1727/1235 380/1654/1179 92/1695/1216
f 380/1654/1179 401/1659/1182 382/1655/1180
f 409/1720/570 505/1728/574 67/1721/1230
f 92/1695/1216 414/1724/285 94/1727/1235
f 2480/1689/1210 430/1716/1226 67/1721/1230
f 2478/1729/139 669/1717/1227 670/1730/977
f 2480/1689/1210 369/1718/1228 669/1717/1227
f 84/1731/283 94/1727/1235 414/1724/285
f 505/1728/574 414/1724/285 67/1721/1230
f 92/1695/1216 2480/1689/1210 67/1721/1230
f 669/1717/1227 102/1719/1229 670/1730/977
f 736/1686/1207 2465/1715/1225 493/1722/1231
f 370/1723/1232 102/1719/1229 369/1718/1228
f 369/1718/1228 1220/1688/1209 370/1723/1232
f 1221/1697/1218 493/1722/1231 1220/1688/1209
f 669/1717/1227 2478/1729/139 430/1716/1226
f 77/1732/1236 380/1654/1179 94/1727/1235
f 94/1727/1235 84/1731/283 77/1732/1236
f 1221/1697/1218 736/1686/1207 493/1722/1231
f 102/1719/1229 366/1733/974 670/1730/977
f 366/1733/974 102/1719/1229 370/1723/1232
f 371/1734/978 395/1735/924 373/1736/1237
f 366/1733/974 370/1723/1232 373/1736/1237
f 2480/1689/1210 1220/1688/1209 369/1718/1228
f 365/1711/972 395/1735/924 371/1734/978
f 77/1732/1236 401/1659/1182 380/1654/1179
f 77/1732/1236 84/1731/283 64/1658/286
f 365/1711/972 378/1710/957 395/1735/924
f 570/1726/1234 370/1723/1232 493/1722/1231
f 2465/1715/1225 1318/1707/970 383/1725/1233
f 77/1732/1236 64/1658/286 401/1659/1182
f 374/1737/975 366/1733/974 373/1736/1237
f 373/1736/1237 370/1723/1232 570/1726/1234
f 1220/1688/1209 1217/1693/1214 1221/1697/1218
f 374/1737/975 373/1736/1237 395/1735/924
f 570/1726/1234 368/1738/971 373/1736/1237
f 1318/1707/970 368/1738/971 383/1725/1233
f 383/1725/1233 493/1722/1231 2465/1715/1225
f 383/1725/1233 368/1738/971 570/1726/1234
f 373/1736/1237 368/1738/971 371/1734/978
f 2465/1715/1225 736/1686/1207 250/1708/1224
f 250/1708/1224 736/1686/1207 254/1650/1177
f 184/1674/1196 187/1706/1223 583/1673/1195
f 1356/1739/1238 1558/1740/54 1367/1741/56
f 496/1742/1239 495/1743/1240 547/1744/1241
f 1532/1745/1242 547/1744/1241 1600/1746/1243
f 726/1747/1244 1532/1745/1242 600/1748/524
f 496/1742/1239 1526/1749/1245 561/1750/1246
f 1356/1739/1238 2492/1751/1247 501/1752/1248
f 97/1753/1249 109/1754/1250 95/1755/1251
f 97/1753/1249 96/1756/1252 709/1757/1253
f 2492/1751/1247 1356/1739/1238 495/1743/1240
f 1600/1746/1243 2554/1758/511 1590/1759/510
f 1600/1746/1243 547/1744/1241 2554/1758/511
f 711/1760/58 1558/1740/54 501/1752/1248
f 530/1761/1254 382/1762/1180 401/1763/1182
f 1558/1740/54 1356/1739/1238 501/1752/1248
f 522/1764/162 585/1765/517 534/1766/161
f 726/1747/1244 601/1767/1255 119/1768/1256
f 96/1756/1252 733/1769/1257 108/1770/1258
f 584/1771/1259 118/1772/1260 585/1765/517
f 1589/1773/512 1356/1739/1238 1367/1741/56
f 1589/1773/512 2554/1758/511 495/1743/1240
f 593/1774/1222 673/1775/1261 522/1764/162
f 585/1765/517 522/1764/162 584/1771/1259
f 584/1771/1259 522/1764/162 673/1775/1261
f 593/1774/1222 1535/1776/1187 212/1777/1262
f 712/1778/1263 711/1760/58 710/1779/1264
f 212/1777/1262 2093/1780/1265 208/1781/1266
f 593/1774/1222 212/1777/1262 208/1781/1266
f 555/1782/1267 673/1775/1261 208/1781/1266
f 212/1777/1262 1535/1776/1187 690/1783/1268
f 483/1784/1269 496/1742/1239 561/1750/1246
f 712/1778/1263 709/1757/1253 89/1785/1270
f 596/1786/522 585/1765/517 118/1772/1260
f 555/1782/1267 118/1772/1260 673/1775/1261
f 698/1787/1271 717/1788/1272 555/1782/1267
f 553/1789/1273 555/1782/1267 208/1781/1266
f 690/1783/1268 2093/1780/1265 212/1777/1262
f 689/1790/1202 690/1783/1268 1535/1776/1187
f 89/1785/1270 90/1791/1274 712/1778/1263
f 596/1786/522 118/1772/1260 601/1767/1255
f 1526/1749/1245 2008/1792/1275 561/1750/1246
f 2093/1780/1265 1539/1793/1276 208/1781/1266
f 208/1781/1266 1539/1793/1276 553/1789/1273
f 553/1789/1273 698/1787/1271 555/1782/1267
f 709/1757/1253 108/1770/1258 515/1794/1277
f 95/1755/1251 96/1756/1252 97/1753/1249
f 574/1795/1278 1536/1796/1279 595/1797/1280
f 601/1767/1255 600/1748/524 596/1786/522
f 119/1768/1256 555/1782/1267 717/1788/1272
f 553/1789/1273 1539/1793/1276 595/1797/1280
f 710/1779/1264 709/1757/1253 712/1778/1263
f 553/1789/1273 595/1797/1280 698/1787/1271
f 717/1788/1272 698/1787/1271 581/1798/1281
f 65/1799/1181 89/1785/1270 514/1800/1282
f 492/1801/149 491/1802/53 65/1799/1181
f 726/1747/1244 600/1748/524 601/1767/1255
f 726/1747/1244 119/1768/1256 717/1788/1272
f 1539/1793/1276 574/1795/1278 595/1797/1280
f 2007/1803/1283 698/1787/1271 595/1797/1280
f 717/1788/1272 581/1798/1281 726/1747/1244
f 1536/1796/1279 2007/1803/1283 595/1797/1280
f 698/1787/1271 2007/1803/1283 581/1798/1281
f 1532/1745/1242 581/1798/1281 1526/1749/1245
f 2008/1792/1275 1536/1796/1279 561/1750/1246
f 2007/1803/1283 2008/1792/1275 1526/1749/1245
f 1532/1745/1242 1526/1749/1245 547/1744/1241
f 1356/1739/1238 1589/1773/512 495/1743/1240
f 526/1804/1284 1536/1796/1279 1537/1805/1285
f 1537/1805/1285 1536/1796/1279 574/1795/1278
f 1537/1805/1285 1459/1806/1286 1311/1807/1287
f 1537/1805/1285 2092/1808/1288 1459/1806/1286
f 1459/1806/1286 1170/1809/1289 1311/1807/1287
f 1537/1805/1285 1311/1807/1287 526/1804/1284
f 1459/1806/1286 2092/1808/1288 222/1810/1290
f 574/1795/1278 2092/1808/1288 1537/1805/1285
f 1459/1806/1286 1566/1811/1291 1170/1809/1289
f 1197/1812/1292 1170/1809/1289 1566/1811/1291
f 2092/1808/1288 2093/1780/1265 222/1810/1290
f 2092/1808/1288 574/1795/1278 2093/1780/1265
f 218/1813/1293 222/1810/1290 690/1783/1268
f 2093/1780/1265 690/1783/1268 222/1810/1290
f 1536/1796/1279 526/1804/1284 561/1750/1246
f 218/1813/1293 1566/1811/1291 222/1810/1290
f 1566/1811/1291 1459/1806/1286 222/1810/1290
f 1197/1812/1292 1566/1811/1291 218/1813/1293
f 689/1790/1202 1197/1812/1292 218/1813/1293
f 690/1783/1268 689/1790/1202 218/1813/1293
f 119/1768/1256 118/1772/1260 555/1782/1267
f 108/1770/1258 1170/1809/1289 356/1814/1294
f 514/1800/1282 709/1757/1253 515/1794/1277
f 495/1743/1240 2554/1758/511 547/1744/1241
f 90/1791/1274 89/1785/1270 454/1815/1295
f 108/1770/1258 356/1814/1294 381/1816/1178
f 65/1799/1181 454/1815/1295 89/1785/1270
f 673/1775/1261 593/1774/1222 208/1781/1266
f 381/1816/1178 530/1761/1254 108/1770/1258
f 710/1779/1264 95/1755/1251 109/1754/1250
f 90/1791/1274 112/1817/236 712/1778/1263
f 65/1799/1181 514/1800/1282 401/1763/1182
f 118/1772/1260 119/1768/1256 601/1767/1255
f 1214/1818/1199 1197/1812/1292 2433/1819/1194
f 1170/1809/1289 1197/1812/1292 356/1814/1294
f 109/1754/1250 709/1757/1253 710/1779/1264
f 90/1791/1274 454/1815/1295 516/1820/237
f 89/1785/1270 709/1757/1253 514/1800/1282
f 1219/1821/1296 108/1770/1258 733/1769/1257
f 112/1817/236 711/1760/58 712/1778/1263
f 1539/1793/1276 2093/1780/1265 574/1795/1278
f 491/1802/53 454/1815/1295 65/1799/1181
f 381/1816/1178 356/1814/1294 426/1822/1190
f 689/1790/1202 2433/1819/1194 1197/1812/1292
f 401/1763/1182 514/1800/1282 515/1794/1277
f 1214/1818/1199 356/1814/1294 1197/1812/1292
f 109/1754/1250 97/1753/1249 709/1757/1253
f 495/1743/1240 496/1742/1239 2492/1751/1247
f 108/1770/1258 530/1761/1254 515/1794/1277
f 530/1761/1254 401/1763/1182 515/1794/1277
f 108/1770/1258 709/1757/1253 96/1756/1252
f 1526/1749/1245 581/1798/1281 2007/1803/1283
f 90/1791/1274 516/1820/237 112/1817/236
f 382/1762/1180 530/1761/1254 381/1816/1178
f 454/1815/1295 491/1802/53 516/1820/237
f 726/1747/1244 581/1798/1281 1532/1745/1242
f 1590/1759/510 600/1748/524 1532/1745/1242
f 2007/1803/1283 1536/1796/1279 2008/1792/1275
f 356/1814/1294 1214/1818/1199 426/1822/1190
f 1219/1821/1296 1170/1809/1289 108/1770/1258
f 483/1784/1269 2492/1751/1247 496/1742/1239
f 710/1779/1264 711/1760/58 708/1823/1297
f 1219/1821/1296 582/1824/1298 1311/1807/1287
f 708/1823/1297 711/1760/58 501/1752/1248
f 582/1824/1298 96/1756/1252 95/1755/1251
f 526/1804/1284 1311/1807/1287 582/1824/1298
f 1526/1749/1245 496/1742/1239 547/1744/1241
f 1219/1821/1296 1311/1807/1287 1170/1809/1289
f 582/1824/1298 733/1769/1257 96/1756/1252
f 95/1755/1251 710/1779/1264 708/1823/1297
f 708/1823/1297 501/1752/1248 2492/1751/1247
f 1219/1821/1296 733/1769/1257 582/1824/1298
f 526/1804/1284 483/1784/1269 561/1750/1246
f 2492/1751/1247 483/1784/1269 708/1823/1297
f 483/1784/1269 526/1804/1284 582/1824/1298
f 483/1784/1269 95/1755/1251 708/1823/1297
f 582/1824/1298 95/1755/1251 483/1784/1269
f 673/1775/1261 118/1772/1260 584/1771/1259
f 1600/1746/1243 1590/1759/510 1532/1745/1242
f 398/1825/1299 103/1826/1300 408/1827/1301
f 548/1828/1302 1337/1829/1303 1333/1830/1304
f 408/1827/1301 1439/1831/1305 403/1832/1306
f 2305/1833/1307 1555/1834/1308 2195/1835/1309
f 1485/1836/1310 1484/1837/1311 1439/1831/1305
f 721/1838/1312 720/1839/1313 722/1840/1314
f 476/1841/1315 1327/1842/1316 482/1843/1317
f 535/1844/1318 546/1845/1319 537/1846/1320
f 408/1827/1301 474/1847/1321 1439/1831/1305
f 2195/1835/1309 1385/1848/1322 1392/1849/1323
f 2305/1833/1307 2307/1850/1324 1340/1851/1325
f 536/1852/1326 535/1844/1318 537/1846/1320
f 722/1840/1314 2039/1853/1327 721/1838/1312
f 437/1854/1328 438/1855/1329 720/1839/1313
f 2305/1833/1307 2195/1835/1309 1392/1849/1323
f 2305/1833/1307 1392/1849/1323 2307/1850/1324
f 548/1828/1302 1333/1830/1304 1328/1856/1330
f 551/1857/1331 408/1827/1301 103/1826/1300
f 548/1828/1302 393/1858/1332 399/1859/1333
f 1345/1860/1334 1376/1861/1335 2307/1850/1324
f 1341/1862/1336 1312/1863/1337 1555/1834/1308
f 1485/1836/1310 1329/1864/1338 1341/1862/1336
f 1400/1865/1339 2350/1866/1340 1407/1867/1341
f 439/1868/1342 2040/1869/1343 474/1847/1321
f 727/1870/1344 1329/1864/1338 1439/1831/1305
f 475/1871/1345 474/1847/1321 2040/1869/1343
f 1376/1861/1335 1333/1830/1304 2286/1872/1346
f 812/1873/1347 1484/1837/1311 1485/1836/1310
f 2039/1853/1327 1456/1874/1348 531/1875/1349
f 1333/1830/1304 812/1873/1347 2286/1872/1346
f 1439/1831/1305 1484/1837/1311 403/1832/1306
f 720/1839/1313 2040/1869/1343 722/1840/1314
f 474/1847/1321 408/1827/1301 439/1868/1342
f 548/1828/1302 1328/1856/1330 1434/1876/1350
f 403/1832/1306 399/1859/1333 398/1825/1299
f 1450/1877/1351 480/1878/1352 721/1838/1312
f 2307/1850/1324 1373/1879/904 1345/1860/1334
f 438/1855/1329 475/1871/1345 2040/1869/1343
f 1484/1837/1311 812/1873/1347 399/1859/1333
f 475/1871/1345 1463/1880/1353 476/1841/1315
f 441/1881/367 445/1882/350 478/1883/1354
f 1333/1830/1304 1337/1829/1303 812/1873/1347
f 2351/1884/867 1373/1879/904 2307/1850/1324
f 481/1885/1355 476/1841/1315 482/1843/1317
f 1327/1842/1316 476/1841/1315 468/1886/1356
f 721/1838/1312 2039/1853/1327 1343/1887/1357
f 727/1870/1344 1312/1863/1337 1341/1862/1336
f 478/1883/1354 459/1888/873 441/1881/367
f 481/1885/1355 482/1843/1317 727/1870/1344
f 2539/1889/1358 537/1846/1320 1466/1890/1359
f 1335/1891/1360 442/1892/1361 464/1893/357
f 2039/1853/1327 531/1875/1349 1343/1887/1357
f 1375/1894/1362 1345/1860/1334 1350/1895/1363
f 2040/1869/1343 720/1839/1313 438/1855/1329
f 1466/1890/1359 537/1846/1320 546/1845/1319
f 480/1878/1352 546/1845/1319 437/1854/1328
f 438/1855/1329 546/1845/1319 535/1844/1318
f 475/1871/1345 438/1855/1329 535/1844/1318
f 1329/1864/1338 1485/1836/1310 1439/1831/1305
f 477/1896/356 405/1897/358 1434/1876/1350
f 437/1854/1328 721/1838/1312 480/1878/1352
f 468/1886/1356 476/1841/1315 1463/1880/1353
f 727/1870/1344 1439/1831/1305 481/1885/1355
f 531/1875/1349 1456/1874/1348 551/1857/1331
f 722/1840/1314 2040/1869/1343 439/1868/1342
f 345/1898/361 1434/1876/1350 405/1897/358
f 1434/1876/1350 1335/1891/1360 477/1896/356
f 438/1855/1329 437/1854/1328 546/1845/1319
f 408/1827/1301 1456/1874/1348 439/1868/1342
f 1337/1829/1303 548/1828/1302 399/1859/1333
f 2286/1872/1346 1341/1862/1336 1555/1834/1308
f 535/1844/1318 1463/1880/1353 475/1871/1345
f 721/1838/1312 1343/1887/1357 1450/1877/1351
f 720/1839/1313 721/1838/1312 437/1854/1328
f 546/1845/1319 480/1878/1352 1466/1890/1359
f 398/1825/1299 399/1859/1333 393/1858/1332
f 1439/1831/1305 474/1847/1321 481/1885/1355
f 1606/1899/1364 1345/1860/1334 1373/1879/904
f 1327/1842/1316 1312/1863/1337 727/1870/1344
f 2550/1900/1365 479/1901/1366 442/1892/1361
f 1330/1902/1367 2544/1903/910 459/1888/873
f 548/1828/1302 1434/1876/1350 345/1898/361
f 464/1893/357 477/1896/356 1335/1891/1360
f 1335/1891/1360 1434/1876/1350 1336/1904/1368
f 479/1901/1366 459/1888/873 478/1883/1354
f 548/1828/1302 345/1898/361 74/1905/363
f 1336/1904/1368 2550/1900/1365 1335/1891/1360
f 1336/1904/1368 1434/1876/1350 1328/1856/1330
f 1330/1902/1367 2550/1900/1365 1350/1895/1363
f 2544/1903/910 1330/1902/1367 1350/1895/1363
f 442/1892/1361 445/1882/350 464/1893/357
f 1340/1851/1325 1376/1861/1335 1555/1834/1308
f 1606/1899/1364 1373/1879/904 1490/1906/908
f 1407/1867/1341 1437/1907/1369 468/1886/1356
f 2550/1900/1365 1336/1904/1368 1333/1830/1304
f 1385/1848/1322 1437/1907/1369 2350/1866/1340
f 2544/1903/910 1350/1895/1363 1412/1908/902
f 2550/1900/1365 1333/1830/1304 1375/1894/1362
f 445/1882/350 442/1892/1361 478/1883/1354
f 2550/1900/1365 1330/1902/1367 479/1901/1366
f 442/1892/1361 479/1901/1366 478/1883/1354
f 1375/1894/1362 1350/1895/1363 2550/1900/1365
f 1330/1902/1367 459/1888/873 479/1901/1366
f 1335/1891/1360 2550/1900/1365 442/1892/1361
f 1495/1909/1370 1486/1910/1371 1483/1911/913
f 812/1873/1347 1341/1862/1336 2286/1872/1346
f 1606/1899/1364 1490/1906/908 1412/1908/902
f 1386/1912/1372 1384/1913/1373 1486/1910/1371
f 2419/1914/1374 1383/1915/1375 1312/1863/1337
f 537/1846/1320 2539/1889/1358 815/1916/1376
f 1400/1865/1339 1407/1867/1341 536/1852/1326
f 1327/1842/1316 727/1870/1344 482/1843/1317
f 536/1852/1326 815/1916/1376 1388/1917/1377
f 61/1918/1065 551/1857/1331 103/1826/1300
f 535/1844/1318 536/1852/1326 1463/1880/1353
f 1401/1919/1378 815/1916/1376 2539/1889/1358
f 1456/1874/1348 722/1840/1314 439/1868/1342
f 2039/1853/1327 722/1840/1314 1456/1874/1348
f 1400/1865/1339 1388/1917/1377 1410/1920/880
f 293/1921/865 1402/1922/864 1385/1848/1322
f 1337/1829/1303 399/1859/1333 812/1873/1347
f 1437/1907/1369 1342/1923/1379 1327/1842/1316
f 1412/1908/902 1350/1895/1363 1606/1899/1364
f 1410/1920/880 2350/1866/1340 1400/1865/1339
f 1400/1865/1339 536/1852/1326 1388/1917/1377
f 1392/1849/1323 2351/1884/867 2307/1850/1324
f 2539/1889/1358 2540/1924/1380 1401/1919/1378
f 293/1921/865 1385/1848/1322 1410/1920/880
f 2350/1866/1340 1437/1907/1369 1407/1867/1341
f 1385/1848/1322 2195/1835/1309 2419/1914/1374
f 1345/1860/1334 1606/1899/1364 1350/1895/1363
f 2540/1924/1380 1384/1913/1373 1401/1919/1378
f 2307/1850/1324 1376/1861/1335 1340/1851/1325
f 1376/1861/1335 1375/1894/1362 1333/1830/1304
f 1463/1880/1353 1407/1867/1341 468/1886/1356
f 1402/1922/864 1392/1849/1323 1385/1848/1322
f 1386/1912/1372 1401/1919/1378 1384/1913/1373
f 1401/1919/1378 1388/1917/1377 815/1916/1376
f 1401/1919/1378 1386/1912/1372 1388/1917/1377
f 1495/1909/1370 1386/1912/1372 1486/1910/1371
f 1483/1911/913 1503/1925/900 1495/1909/1370
f 1383/1915/1375 2195/1835/1309 1555/1834/1308
f 1388/1917/1377 1386/1912/1372 1495/1909/1370
f 1342/1923/1379 2419/1914/1374 1312/1863/1337
f 1388/1917/1377 1495/1909/1370 1503/1925/900
f 1383/1915/1375 2419/1914/1374 2195/1835/1309
f 1388/1917/1377 1503/1925/900 1410/1920/880
f 1329/1864/1338 727/1870/1344 1341/1862/1336
f 1327/1842/1316 1342/1923/1379 1312/1863/1337
f 1437/1907/1369 1327/1842/1316 468/1886/1356
f 1437/1907/1369 1385/1848/1322 1342/1923/1379
f 476/1841/1315 481/1885/1355 475/1871/1345
f 474/1847/1321 475/1871/1345 481/1885/1355
f 1410/1920/880 1385/1848/1322 2350/1866/1340
f 536/1852/1326 537/1846/1320 815/1916/1376
f 1383/1915/1375 1555/1834/1308 1312/1863/1337
f 2351/1884/867 1392/1849/1323 1402/1922/864
f 74/1905/363 675/1926/364 398/1825/1299
f 536/1852/1326 1407/1867/1341 1463/1880/1353
f 1341/1862/1336 812/1873/1347 1485/1836/1310
f 2419/1914/1374 1342/1923/1379 1385/1848/1322
f 393/1858/1332 74/1905/363 398/1825/1299
f 1336/1904/1368 1328/1856/1330 1333/1830/1304
f 393/1858/1332 548/1828/1302 74/1905/363
f 1340/1851/1325 1555/1834/1308 2305/1833/1307
f 408/1827/1301 403/1832/1306 398/1825/1299
f 1345/1860/1334 1375/1894/1362 1376/1861/1335
f 1484/1837/1311 399/1859/1333 403/1832/1306
f 1456/1874/1348 408/1827/1301 551/1857/1331
f 1376/1861/1335 2286/1872/1346 1555/1834/1308
f 398/1825/1299 675/1926/364 105/1927/1064
f 103/1826/1300 398/1825/1299 105/1927/1064
f 105/1927/1064 61/1918/1065 103/1826/1300
f 2136/1928/1381 2150/1929/1382 1906/1930/1383
f 1760/1931/1384 1962/1932/1385 1989/1933/1386
f 2172/1934/1387 1958/1935/1388 1178/1936/1389
f 1958/1935/1388 2172/1934/1387 1962/1932/1385
f 2150/1929/1382 1178/1936/1389 1958/1935/1388
f 1943/1937/1390 1989/1933/1386 1937/1938/1391
f 1962/1932/1385 1760/1931/1384 1958/1935/1388
f 1760/1931/1384 1989/1933/1386 1796/1939/1392
f 1760/1931/1384 2150/1929/1382 1958/1935/1388
f 1962/1932/1385 2172/1934/1387 1961/1940/1393
f 1989/1933/1386 1943/1937/1390 1796/1939/1392
f 1906/1930/1383 2150/1929/1382 1760/1931/1384
f 1178/1936/1389 2150/1929/1382 2136/1928/1381
f 2128/1941/1394 1050/1942/1395 2130/1943/1396
f 990/1944/1397 906/1945/1398 886/1946/1399
f 2164/1947/1400 990/1944/1397 1438/1948/1401
f 2134/1949/1402 875/1950/1403 2157/1951/1404
f 2159/1952/646 2171/1953/645 904/1954/1405
f 1956/1955/1406 1947/1956/1407 2153/1957/1408
f 904/1954/1405 2171/1953/645 18/1958/664
f 1028/1959/1409 2157/1951/1404 875/1950/1403
f 2153/1957/1408 1438/1948/1401 990/1944/1397
f 2134/1949/1402 2158/1960/1410 875/1950/1403
f 904/1954/1405 18/1958/664 799/1961/1411
f 960/1962/1412 940/1963/1413 2144/1964/1414
f 2160/1965/665 2184/1966/643 902/1967/1415
f 2136/1928/1381 2127/1968/1416 1944/1969/1417
f 1061/1970/1418 2159/1952/646 904/1954/1405
f 904/1954/1405 799/1961/1411 2158/1960/1410
f 902/1967/1415 2184/1966/643 2162/1971/1419
f 906/1945/1398 2184/1966/643 2185/1972/618
f 902/1967/1415 2162/1971/1419 2177/1973/1420
f 1757/1974/1421 1801/1975/1422 1908/1976/1423
f 203/1977/1424 1947/1956/1407 1955/1978/1425
f 2162/1971/1419 2164/1947/1400 2163/1979/1426
f 2151/1980/1427 1178/1936/1389 1944/1969/1417
f 2162/1971/1419 2163/1979/1426 2177/1973/1420
f 906/1945/1398 990/1944/1397 2164/1947/1400
f 2163/1979/1426 1028/1959/1409 2166/1981/1428
f 960/1962/1412 1050/1942/1395 2128/1941/1394
f 2136/1928/1381 1944/1969/1417 1178/1936/1389
f 949/1982/1429 2140/1983/1430 2130/1943/1396
f 2128/1941/1394 2126/1984/1431 960/1962/1412
f 990/1944/1397 1266/1985/1432 1956/1955/1406
f 2154/1986/1433 1965/1987/1434 2152/1988/1435
f 1953/1989/1436 1966/1990/1437 1947/1956/1407
f 1965/1987/1434 1961/1940/1393 2152/1988/1435
f 2172/1934/1387 2152/1988/1435 1961/1940/1393
f 1953/1989/1436 1965/1987/1434 1966/1990/1437
f 2154/1986/1433 865/1991/1438 1966/1990/1437
f 2153/1957/1408 1947/1956/1407 1966/1990/1437
f 1961/1940/1393 1953/1989/1436 1937/1938/1391
f 1953/1989/1436 1961/1940/1393 1965/1987/1434
f 865/1991/1438 1438/1948/1401 1966/1990/1437
f 1953/1989/1436 1948/1992/1439 1937/1938/1391
f 1966/1990/1437 1965/1987/1434 2154/1986/1433
f 1438/1948/1401 865/1991/1438 2164/1947/1400
f 1438/1948/1401 2153/1957/1408 1966/1990/1437
f 1953/1989/1436 1947/1956/1407 1948/1992/1439
f 1937/1938/1391 1948/1992/1439 1933/1993/1440
f 1948/1992/1439 1947/1956/1407 203/1977/1424
f 1948/1992/1439 203/1977/1424 1933/1993/1440
f 2164/1947/1400 870/1994/1441 2157/1951/1404
f 2139/1995/1442 949/1982/1429 1050/1942/1395
f 2151/1980/1427 2172/1934/1387 1178/1936/1389
f 847/1996/1443 2152/1988/1435 2172/1934/1387
f 2151/1980/1427 1944/1969/1417 2145/1997/1444
f 2144/1964/1414 1050/1942/1395 960/1962/1412
f 2130/1943/1396 2140/1983/1430 2145/1997/1444
f 2127/1968/1416 2145/1997/1444 1944/1969/1417
f 865/1991/1438 870/1994/1441 2164/1947/1400
f 2139/1995/1442 1050/1942/1395 2144/1964/1414
f 1806/1998/1445 1935/1999/1446 1801/1975/1422
f 1906/1930/1383 1760/1931/1384 1762/2000/1447
f 1762/2000/1447 1945/2001/1448 1893/2002/1449
f 870/1994/1441 2134/1949/1402 2157/1951/1404
f 1945/2001/1448 1762/2000/1447 1760/1931/1384
f 1796/1939/1392 1943/1937/1390 1806/1998/1445
f 1803/2003/1450 1893/2002/1449 1806/1998/1445
f 1945/2001/1448 1806/1998/1445 1893/2002/1449
f 865/1991/1438 2154/1986/1433 2156/2004/1451
f 1796/1939/1392 1806/1998/1445 1945/2001/1448
f 1935/1999/1446 1435/2005/1452 1908/1976/1423
f 2127/1968/1416 2126/1984/1431 2128/1941/1394
f 1806/1998/1445 1801/1975/1422 1805/2006/1453
f 1933/1993/1440 1943/1937/1390 1937/1938/1391
f 1943/1937/1390 1935/1999/1446 1806/1998/1445
f 1801/1975/1422 1935/1999/1446 1908/1976/1423
f 1908/1976/1423 1435/2005/1452 1744/2007/1454
f 1435/2005/1452 1935/1999/1446 1933/1993/1440
f 1409/2008/1455 1435/2005/1452 203/1977/1424
f 1943/1937/1390 1933/1993/1440 1935/1999/1446
f 1744/2007/1454 1435/2005/1452 1409/2008/1455
f 1945/2001/1448 1760/1931/1384 1796/1939/1392
f 1806/1998/1445 1805/2006/1453 1803/2003/1450
f 203/1977/1424 1435/2005/1452 1933/1993/1440
f 2130/1943/1396 2127/1968/1416 2128/1941/1394
f 1050/1942/1395 949/1982/1429 2130/1943/1396
f 2127/1968/1416 2130/1943/1396 2145/1997/1444
f 2152/1988/1435 2146/2009/1456 2154/1986/1433
f 2147/2010/1457 2148/2011/1458 2140/1983/1430
f 847/1996/1443 2146/2009/1456 2152/1988/1435
f 2141/2012/1459 2132/2013/1460 386/2014/1461
f 865/1991/1438 2156/2004/1451 2155/2015/1462
f 2151/1980/1427 2146/2009/1456 847/1996/1443
f 2155/2015/1462 870/1994/1441 865/1991/1438
f 2147/2010/1457 2134/1949/1402 870/1994/1441
f 2134/1949/1402 2141/2012/1459 386/2014/1461
f 2148/2011/1458 2145/1997/1444 2140/1983/1430
f 2148/2011/1458 2156/2004/1451 2146/2009/1456
f 2146/2009/1456 2156/2004/1451 2154/1986/1433
f 870/1994/1441 2155/2015/1462 2147/2010/1457
f 2134/1949/1402 2147/2010/1457 2141/2012/1459
f 2132/2013/1460 2158/1960/1410 386/2014/1461
f 2145/1997/1444 2146/2009/1456 2151/1980/1427
f 2151/1980/1427 847/1996/1443 2172/1934/1387
f 2141/2012/1459 949/1982/1429 2132/2013/1460
f 949/1982/1429 2141/2012/1459 2140/1983/1430
f 2155/2015/1462 2148/2011/1458 2147/2010/1457
f 2156/2004/1451 2148/2011/1458 2155/2015/1462
f 1061/1970/1418 904/1954/1405 933/2016/1463
f 890/2017/1464 2139/1995/1442 937/2018/1465
f 2134/1949/1402 386/2014/1461 2158/1960/1410
f 2109/2019/651 2237/2020/1466 2113/2021/667
f 2114/2022/1467 2144/1964/1414 940/1963/1413
f 2132/2013/1460 904/1954/1405 2158/1960/1410
f 890/2017/1464 923/2023/1468 2132/2013/1460
f 2141/2012/1459 2147/2010/1457 2140/1983/1430
f 904/1954/1405 2132/2013/1460 923/2023/1468
f 904/1954/1405 923/2023/1468 933/2016/1463
f 937/2018/1465 2114/2022/1467 809/2024/1469
f 888/2025/1470 923/2023/1468 890/2017/1464
f 949/1982/1429 890/2017/1464 2132/2013/1460
f 2237/2020/1466 933/2016/1463 888/2025/1470
f 888/2025/1470 809/2024/1469 2237/2020/1466
f 937/2018/1465 888/2025/1470 890/2017/1464
f 2109/2019/651 1061/1970/1418 933/2016/1463
f 2109/2019/651 933/2016/1463 2237/2020/1466
f 2237/2020/1466 809/2024/1469 1046/2026/1471
f 890/2017/1464 949/1982/1429 2139/1995/1442
f 888/2025/1470 933/2016/1463 923/2023/1468
f 888/2025/1470 937/2018/1465 809/2024/1469
f 2144/1964/1414 937/2018/1465 2139/1995/1442
f 2145/1997/1444 2148/2011/1458 2146/2009/1456
f 1046/2026/1471 2113/2021/667 2237/2020/1466
f 2144/1964/1414 2114/2022/1467 937/2018/1465
f 1266/1985/1432 1955/1978/1425 1956/1955/1406
f 2166/1981/1428 2177/1973/1420 2163/1979/1426
f 991/2027/663 2160/1965/665 2177/1973/1420
f 1039/2028/659 2159/1952/646 1061/1970/1418
f 1947/1956/1407 1956/1955/1406 1955/1978/1425
f 2157/1951/1404 1028/1959/1409 2163/1979/1426
f 799/1961/1411 1028/1959/1409 875/1950/1403
f 1266/1985/1432 1938/2029/617 1940/2030/628
f 906/1945/1398 2164/1947/1400 2162/1971/1419
f 2109/2019/651 1039/2028/659 1061/1970/1418
f 2184/1966/643 906/1945/1398 2162/1971/1419
f 2153/1957/1408 990/1944/1397 1956/1955/1406
f 1266/1985/1432 990/1944/1397 886/1946/1399
f 799/1961/1411 875/1950/1403 2158/1960/1410
f 991/2027/663 2166/1981/1428 799/1961/1411
f 1757/1974/1421 1805/2006/1453 1801/1975/1422
f 991/2027/663 2177/1973/1420 2166/1981/1428
f 1028/1959/1409 799/1961/1411 2166/1981/1428
f 1938/2029/617 1266/1985/1432 886/1946/1399
f 2185/1972/618 886/1946/1399 906/1945/1398
f 1409/2008/1455 203/1977/1424 1955/1978/1425
f 2163/1979/1426 2164/1947/1400 2157/1951/1404
f 18/1958/664 991/2027/663 799/1961/1411
f 1940/2030/628 1955/1978/1425 1266/1985/1432
f 2160/1965/665 902/1967/1415 2177/1973/1420
f 2185/1972/618 1938/2029/617 886/1946/1399
f 1961/1940/1393 1989/1933/1386 1962/1932/1385
f 1989/1933/1386 1961/1940/1393 1937/1938/1391
f 1363/2031/1472 25/2032/1473 1581/2033/1474
f 524/2034/117 525/2035/118 499/2036/1475
f 1420/2037/1476 1363/2031/1472 1581/2033/1474
f 597/2038/748 672/2039/759 1594/2040/1477
f 25/2032/1473 2343/2041/1478 1411/2042/1479
f 1603/2043/1480 1411/2042/1479 2343/2041/1478
f 25/2032/1473 1574/2044/1481 2343/2041/1478
f 1363/2031/1472 1574/2044/1481 25/2032/1473
f 1370/2045/1482 1352/2046/1483 2212/2047/1484
f 1369/2048/1485 1572/2049/1486 1411/2042/1479
f 1363/2031/1472 1352/2046/1483 1574/2044/1481
f 1358/2050/1487 1355/2051/1488 2289/2052/586
f 1572/2049/1486 2285/2053/1489 1594/2040/1477
f 1352/2046/1483 1363/2031/1472 2212/2047/1484
f 556/2054/116 1595/2055/1490 1594/2040/1477
f 1419/2056/587 559/2057/1491 1429/2058/562
f 1411/2042/1479 1603/2043/1480 1369/2048/1485
f 605/2059/1492 558/2060/1493 565/2061/115
f 556/2062/116 672/2063/759 557/2064/113
f 565/2061/115 1595/2055/1490 556/2054/116
f 1595/2055/1490 1572/2049/1486 1594/2040/1477
f 1580/2065/1494 2306/2066/1495 1364/2067/1496
f 1603/2043/1480 2343/2041/1478 1574/2044/1481
f 2285/2053/1489 1572/2049/1486 1488/2068/708
f 1594/2040/1477 2285/2053/1489 597/2038/748
f 1574/2044/1481 1352/2046/1483 1422/2069/1497
f 25/2032/1473 1411/2042/1479 1572/2049/1486
f 1594/2040/1477 672/2039/759 556/2054/116
f 1580/2065/1494 1420/2037/1476 598/2070/1498
f 1572/2049/1486 1369/2048/1485 1488/2068/708
f 25/2032/1473 1595/2055/1490 1581/2033/1474
f 565/2071/115 564/2072/114 605/2073/1492
f 1420/2037/1476 1581/2033/1474 558/2060/1493
f 234/2074/94 560/2075/111 233/2076/758
f 1574/2044/1481 1422/2069/1497 1372/2077/1499
f 1370/2045/1482 2212/2047/1484 1364/2067/1496
f 597/2038/748 2285/2053/1489 1488/2068/708
f 410/2078/91 499/2036/1475 525/2035/118
f 1420/2037/1476 2212/2047/1484 1363/2031/1472
f 488/2079/1500 605/2073/1492 564/2072/114
f 2276/2080/1501 1596/2081/1502 1580/2065/1494
f 1422/2069/1497 1325/2082/1503 1372/2077/1499
f 1574/2044/1481 1372/2077/1499 1603/2043/1480
f 1364/2067/1496 1354/2083/1504 1370/2045/1482
f 1352/2046/1483 1325/2082/1503 1422/2069/1497
f 557/2064/113 672/2063/759 233/2076/758
f 25/2032/1473 1572/2049/1486 1595/2055/1490
f 524/2034/117 488/2079/1500 564/2072/114
f 1364/2067/1496 2306/2066/1495 1354/2083/1504
f 1355/2051/1488 1358/2050/1487 1354/2083/1504
f 1364/2067/1496 1420/2037/1476 1580/2065/1494
f 1596/2081/1502 2306/2066/1495 1580/2065/1494
f 1354/2083/1504 1358/2050/1487 1370/2045/1482
f 233/2076/758 560/2075/111 557/2064/113
f 1580/2065/1494 598/2070/1498 1492/2084/1505
f 598/2070/1498 1420/2037/1476 558/2060/1493
f 559/2057/1491 2276/2080/1501 1492/2084/1505
f 1364/2067/1496 2212/2047/1484 1420/2037/1476
f 488/2079/1500 524/2034/117 462/2085/1506
f 1419/2056/587 1346/2086/575 1355/2051/1488
f 598/2070/1498 558/2060/1493 605/2059/1492
f 1370/2045/1482 1325/2082/1503 1352/2046/1483
f 1355/2051/1488 1354/2083/1504 2306/2066/1495
f 1355/2051/1488 2306/2066/1495 1596/2081/1502
f 559/2057/1491 1419/2056/587 2276/2080/1501
f 1419/2056/587 1596/2081/1502 2276/2080/1501
f 565/2061/115 558/2060/1493 1595/2055/1490
f 499/2036/1475 462/2085/1506 524/2034/117
f 1581/2033/1474 1595/2055/1490 558/2060/1493
f 225/2087/97 213/2088/95 215/2089/431
f 1419/2056/587 1355/2051/1488 1596/2081/1502
f 560/2075/111 410/2078/91 525/2035/118
f 233/2076/758 213/2088/95 234/2074/94
f 234/2074/94 410/2078/91 560/2075/111
f 213/2088/95 233/2076/758 235/2090/750
f 1492/2084/1505 2276/2080/1501 1580/2065/1494
f 1346/2086/575 2289/2052/586 1355/2051/1488
f 235/2090/750 215/2089/431 213/2088/95
f 411/2091/93 499/2036/1475 410/2078/91
f 1344/2092/1507 1522/2093/1508 1324/2094/1509
f 1366/2095/1510 1344/2092/1507 1325/2082/1503
f 1370/2045/1482 1366/2095/1510 1325/2082/1503
f 1522/2093/1508 1344/2092/1507 2165/2096/1511
f 1325/2082/1503 1344/2092/1507 1324/2094/1509
f 2165/2096/1511 1344/2092/1507 1366/2095/1510
f 1358/2050/1487 1366/2095/1510 1370/2045/1482
f 1522/2093/1508 2165/2096/1511 2167/2097/555
f 1358/2050/1487 2165/2096/1511 1366/2095/1510
f 2165/2096/1511 1358/2050/1487 527/2098/584
f 2167/2097/555 2165/2096/1511 527/2098/584
f 2289/2052/586 666/2099/585 1358/2050/1487
f 1358/2050/1487 666/2099/585 527/2098/584
f 456/2100/583 485/2101/1512 542/2102/565
f 1492/2084/1505 1464/2103/553 543/2104/1513
f 517/2105/1514 485/2101/1512 510/2106/135
f 456/2100/583 510/2106/135 485/2101/1512
f 485/2101/1512 543/2104/1513 542/2102/565
f 543/2104/1513 485/2101/1512 559/2057/1491
f 485/2101/1512 517/2105/1514 559/2057/1491
f 542/2102/565 543/2104/1513 1464/2103/553
f 559/2057/1491 1492/2084/1505 543/2104/1513
f 488/2079/1500 462/2085/1506 1452/2107/1515
f 1522/2093/1508 2167/2097/555 1569/2108/1516
f 463/2109/1517 1452/2107/1515 462/2085/1506
f 494/2110/554 598/2070/1498 605/2059/1492
f 494/2110/554 1464/2103/553 1492/2084/1505
f 1452/2107/1515 463/2109/1517 1522/2093/1508
f 462/2085/1506 499/2036/1475 82/2111/1518
f 488/2079/1500 1452/2107/1515 667/2112/1519
f 1522/2093/1508 1569/2108/1516 1452/2107/1515
f 1452/2107/1515 1569/2108/1516 667/2112/1519
f 488/2079/1500 667/2112/1519 605/2073/1492
f 605/2073/1492 667/2112/1519 494/2113/554
f 463/2109/1517 462/2085/1506 82/2111/1518
f 1569/2108/1516 2167/2097/555 494/2113/554
f 1569/2108/1516 494/2113/554 667/2112/1519
f 1492/2084/1505 598/2070/1498 494/2110/554
f 1326/2114/1520 1319/2115/354 2296/2116/712
f 1369/2048/1485 1603/2043/1480 1377/2117/1521
f 2296/2116/712 1396/2118/709 1381/2119/1522
f 1369/2048/1485 1381/2119/1522 1488/2068/708
f 1369/2048/1485 1326/2114/1520 1381/2119/1522
f 1326/2114/1520 1371/2120/1523 1319/2115/354
f 1396/2118/709 1488/2068/708 1381/2119/1522
f 1326/2114/1520 2296/2116/712 1381/2119/1522
f 1326/2114/1520 1369/2048/1485 1377/2117/1521
f 1377/2117/1521 1371/2120/1523 1326/2114/1520
f 1603/2043/1480 1372/2077/1499 1377/2117/1521
f 1377/2117/1521 1372/2077/1499 1371/2120/1523
f 396/2121/19 80/2122/1524 443/2123/413
f 80/2122/1524 396/2121/19 687/2124/21
f 80/2122/1524 412/2125/96 443/2123/413
f 80/2122/1524 687/2124/21 440/2126/736
f 440/2126/736 75/2127/735 80/2122/1524
f 72/2128/351 80/2122/1524 75/2127/735
f 1347/2129/579 681/2130/138 472/2131/1525
f 472/2131/1525 456/2100/583 1347/2129/579
f 681/2130/138 510/2106/135 472/2131/1525
f 472/2131/1525 510/2106/135 456/2100/583
f 2236/2132/576 511/2133/132 513/2134/136
f 511/2133/132 2236/2132/576 509/2135/1526
f 511/2133/132 509/2135/1526 86/2136/133
f 510/2106/135 606/2137/1527 517/2105/1514
f 509/2135/1526 2368/2138/560 606/2137/1527
f 509/2135/1526 2236/2132/576 2368/2138/560
f 517/2105/1514 2368/2138/560 1429/2058/562
f 517/2105/1514 1429/2058/562 559/2057/1491
f 1347/2129/579 2478/2139/139 681/2130/138
f 606/2137/1527 2368/2138/560 517/2105/1514
f 509/2135/1526 606/2137/1527 510/2106/135
f 509/2135/1526 510/2106/135 86/2136/133
f 2526/2140/568 2478/2139/139 1347/2129/579
f 2478/2139/139 2526/2140/568 430/2141/1226
f 430/2141/1226 2526/2140/568 409/2142/570
f 503/2143/1528 1372/2077/1499 1325/2082/1503
f 452/2144/355 1371/2120/1523 447/2145/1529
f 447/2145/1529 502/2146/1530 413/2147/1531
f 1325/2082/1503 1324/2094/1509 503/2143/1528
f 413/2147/1531 427/2148/347 447/2145/1529
f 503/2143/1528 502/2146/1530 447/2145/1529
f 79/2149/1532 499/2036/1475 411/2091/93
f 1319/2115/354 1371/2120/1523 452/2144/355
f 82/2111/1518 460/2150/1533 463/2109/1517
f 503/2143/1528 1324/2094/1509 502/2146/1530
f 427/2148/347 446/2151/368 447/2145/1529
f 1371/2120/1523 503/2143/1528 447/2145/1529
f 1372/2077/1499 503/2143/1528 1371/2120/1523
f 447/2145/1529 446/2151/368 452/2144/355
f 457/2152/1534 81/2153/1535 68/2154/353
f 1522/2093/1508 463/2109/1517 502/2146/1530
f 502/2146/1530 463/2109/1517 460/2150/1533
f 82/2111/1518 499/2036/1475 79/2149/1532
f 80/2122/1524 81/2153/1535 79/2149/1532
f 80/2122/1524 68/2154/353 81/2153/1535
f 460/2150/1533 82/2111/1518 457/2152/1534
f 1324/2094/1509 1522/2093/1508 502/2146/1530
f 411/2091/93 412/2125/96 79/2149/1532
f 457/2152/1534 82/2111/1518 81/2153/1535
f 68/2154/353 78/2155/360 457/2152/1534
f 80/2122/1524 72/2128/351 68/2154/353
f 81/2153/1535 82/2111/1518 79/2149/1532
f 79/2149/1532 412/2125/96 80/2122/1524
f 427/2148/347 413/2147/1531 78/2155/360
f 78/2155/360 413/2147/1531 457/2152/1534
f 460/2150/1533 413/2147/1531 502/2146/1530
f 457/2152/1534 413/2147/1531 460/2150/1533
f 1390/2156/1536 1408/2157/1537 1482/2158/1538
f 1390/2156/1536 1384/2159/1373 1374/2160/1539
f 1249/2161/1540 1374/2160/1539 2540/2162/1380
f 1249/2161/1540 2540/2162/1380 2539/2163/1358
f 1597/2164/1541 590/2165/1542 1500/2166/1543
f 1481/2167/1544 725/2168/1545 823/2169/1546
f 1408/2157/1537 1389/2170/1547 1399/2171/1548
f 1486/2172/1371 1384/2159/1373 1390/2156/1536
f 724/2173/1549 725/2168/1545 660/2174/1550
f 1613/2175/1551 590/2165/1542 1597/2164/1541
f 549/2176/1552 1468/2177/1553 590/2165/1542
f 1302/2178/1554 701/2179/1030 1454/2180/1008
f 1613/2175/1551 444/2181/1555 549/2176/1552
f 444/2181/1555 1477/2182/1556 2444/2183/1557
f 519/2184/1558 550/2185/1559 566/2186/1560
f 1499/2187/1561 1501/2188/1562 2444/2183/1557
f 549/2176/1552 444/2181/1555 2444/2183/1557
f 701/2179/1030 1308/2189/1563 507/2190/1564
f 2341/2191/1565 2247/2192/398 587/2193/405
f 566/2186/1560 550/2185/1559 728/2194/1566
f 566/2186/1560 1501/2188/1562 569/2195/1567
f 586/2196/1568 728/2194/1566 549/2176/1552
f 519/2184/1558 569/2195/1567 587/2193/405
f 569/2195/1567 2341/2191/1565 587/2193/405
f 519/2184/1558 566/2186/1560 569/2195/1567
f 1501/2188/1562 2341/2191/1565 569/2195/1567
f 1499/2187/1561 2341/2191/1565 1501/2188/1562
f 1477/2182/1556 444/2181/1555 1399/2171/1548
f 728/2194/1566 586/2196/1568 566/2186/1560
f 1597/2164/1541 1399/2171/1548 444/2181/1555
f 2444/2183/1557 1501/2188/1562 566/2186/1560
f 566/2186/1560 586/2196/1568 2444/2183/1557
f 2444/2183/1557 1477/2182/1556 1499/2187/1561
f 549/2176/1552 2444/2183/1557 586/2196/1568
f 1165/2197/1569 549/2176/1552 728/2194/1566
f 549/2176/1552 1165/2197/1569 1468/2177/1553
f 1597/2164/1541 444/2181/1555 1613/2175/1551
f 1613/2175/1551 549/2176/1552 590/2165/1542
f 196/2198/464 590/2165/1542 1468/2177/1553
f 1500/2166/1543 1390/2156/1536 1482/2158/1538
f 1482/2158/1538 1399/2171/1548 1597/2164/1541
f 1500/2166/1543 1486/2172/1371 1390/2156/1536
f 1405/2199/1570 1374/2160/1539 1249/2161/1540
f 1481/2167/1544 660/2174/1550 725/2168/1545
f 1500/2166/1543 1483/2200/913 1486/2172/1371
f 1389/2170/1547 1262/2201/1571 1605/2202/1572
f 1262/2201/1571 1604/2203/1573 1605/2202/1572
f 1472/2204/1574 1481/2167/1544 823/2169/1546
f 1390/2156/1536 1374/2160/1539 1408/2157/1537
f 1249/2161/1540 1481/2167/1544 1472/2204/1574
f 1408/2157/1537 1403/2205/1575 1389/2170/1547
f 823/2169/1546 725/2168/1545 724/2173/1549
f 1399/2171/1548 1605/2202/1572 1477/2182/1556
f 1597/2164/1541 1500/2166/1543 1482/2158/1538
f 221/2206/1576 1442/2207/1577 1262/2201/1571
f 1389/2170/1547 1403/2205/1575 1405/2199/1570
f 1374/2160/1539 1403/2205/1575 1408/2157/1537
f 1403/2205/1575 1374/2160/1539 1405/2199/1570
f 823/2169/1546 1405/2199/1570 1472/2204/1574
f 1399/2171/1548 1389/2170/1547 1605/2202/1572
f 1262/2201/1571 1389/2170/1547 823/2169/1546
f 1477/2182/1556 1605/2202/1572 1487/2208/1578
f 590/2165/1542 2345/2209/912 1500/2166/1543
f 1389/2170/1547 1405/2199/1570 823/2169/1546
f 2467/2210/1579 1262/2201/1571 823/2169/1546
f 823/2169/1546 724/2173/1549 2467/2210/1579
f 1487/2208/1578 1604/2203/1573 1442/2207/1577
f 1249/2161/1540 1472/2204/1574 1405/2199/1570
f 1384/2159/1373 2540/2162/1380 1374/2160/1539
f 1604/2203/1573 1487/2208/1578 1605/2202/1572
f 1249/2161/1540 660/2174/1550 1481/2167/1544
f 1482/2158/1538 1408/2157/1537 1399/2171/1548
f 2345/2209/912 1483/2200/913 1500/2166/1543
f 1604/2203/1573 1262/2201/1571 1442/2207/1577
f 221/2206/1576 1262/2201/1571 2467/2210/1579
f 425/2211/1580 1307/2212/1581 1309/2213/1582
f 1599/2214/1583 2190/2215/1584 1263/2216/1585
f 1309/2213/1582 221/2206/1576 425/2211/1580
f 1479/2217/1586 1487/2208/1578 2190/2215/1584
f 1308/2189/1563 1301/2218/1587 1307/2212/1581
f 1479/2217/1586 2190/2215/1584 1599/2214/1583
f 702/2219/1588 701/2179/1030 507/2190/1564
f 1308/2189/1563 425/2211/1580 507/2190/1564
f 507/2190/1564 434/2220/1589 702/2219/1588
f 701/2179/1030 702/2219/1588 594/2221/805
f 1302/2178/1554 1308/2189/1563 701/2179/1030
f 1466/2222/1359 1249/2161/1540 2539/2163/1358
f 1450/2223/1351 660/2174/1550 480/2224/1352
f 660/2174/1550 1450/2223/1351 1571/2225/1590
f 1571/2225/1590 1450/2223/1351 1343/2226/1357
f 1343/2226/1357 344/2227/1591 1571/2225/1590
f 1306/2228/1592 1249/2161/1540 1466/2222/1359
f 480/2224/1352 660/2174/1550 1306/2228/1592
f 344/2227/1591 1343/2226/1357 531/2229/1349
f 660/2174/1550 1249/2161/1540 1306/2228/1592
f 1306/2228/1592 1466/2222/1359 480/2224/1352
f 1165/2197/1569 1213/2230/1593 1083/2231/783
f 1675/2232/797 1436/2233/1594 1609/2234/803
f 1675/2232/797 1601/2235/799 1436/2233/1594
f 728/2194/1566 1213/2230/1593 1165/2197/1569
f 1609/2234/803 1436/2233/1594 1187/2236/1595
f 1436/2233/1594 1601/2235/799 1712/2237/804
f 1712/2237/804 1083/2231/783 1213/2230/1593
f 1538/2238/1596 1712/2237/804 1213/2230/1593
f 221/2206/1576 724/2173/1549 523/2239/1597
f 343/2240/40 531/2229/1349 346/2241/41
f 697/2242/806 594/2221/805 424/2243/1598
f 2548/2244/1599 344/2227/1591 407/2245/1600
f 1457/2246/1601 724/2173/1549 1528/2247/1602
f 1712/2237/804 1538/2238/1596 1187/2236/1595
f 728/2194/1566 1538/2238/1596 1213/2230/1593
f 429/2248/1603 434/2220/1589 425/2211/1580
f 550/2185/1559 1538/2238/1596 728/2194/1566
f 1571/2225/1590 344/2227/1591 2548/2244/1599
f 1436/2233/1594 1712/2237/804 1187/2236/1595
f 551/2249/1331 346/2241/41 531/2229/1349
f 424/2243/1598 702/2219/1588 434/2220/1589
f 388/2250/39 407/2245/1600 344/2227/1591
f 1440/2251/1604 1457/2246/1601 1528/2247/1602
f 434/2220/1589 429/2248/1603 424/2243/1598
f 1441/2252/1605 1440/2251/1604 1528/2247/1602
f 429/2248/1603 425/2211/1580 221/2206/1576
f 221/2206/1576 523/2239/1597 429/2248/1603
f 389/2253/527 2548/2244/1599 407/2245/1600
f 346/2241/41 551/2249/1331 61/2254/1065
f 1571/2225/1590 2549/2255/1606 1465/2256/1607
f 1441/2252/1605 684/2257/549 1440/2251/1604
f 1465/2256/1607 2533/2258/1608 1528/2247/1602
f 1441/2252/1605 2533/2258/1608 389/2253/527
f 594/2221/805 702/2219/1588 424/2243/1598
f 1457/2246/1601 424/2243/1598 523/2239/1597
f 1528/2247/1602 661/2259/1609 1465/2256/1607
f 2549/2255/1606 2533/2258/1608 1465/2256/1607
f 660/2174/1550 661/2259/1609 724/2173/1549
f 2549/2255/1606 1571/2225/1590 2548/2244/1599
f 697/2242/806 1457/2246/1601 1440/2251/1604
f 724/2173/1549 1457/2246/1601 523/2239/1597
f 531/2229/1349 343/2240/40 344/2227/1591
f 661/2259/1609 660/2174/1550 1465/2256/1607
f 1599/2214/1583 1531/2260/1610 1479/2217/1586
f 424/2243/1598 429/2248/1603 523/2239/1597
f 724/2173/1549 221/2206/1576 2467/2210/1579
f 1441/2252/1605 1528/2247/1602 2533/2258/1608
f 1478/2261/1611 1301/2218/1587 2448/2262/1612
f 660/2174/1550 1571/2225/1590 1465/2256/1607
f 2549/2255/1606 2548/2244/1599 2533/2258/1608
f 2548/2244/1599 389/2253/527 2533/2258/1608
f 697/2242/806 1440/2251/1604 684/2257/549
f 1528/2247/1602 724/2173/1549 661/2259/1609
f 1302/2178/1554 1454/2180/1008 1261/2263/1613
f 684/2257/549 1441/2252/1605 389/2253/527
f 424/2243/1598 1457/2246/1601 697/2242/806
f 344/2227/1591 343/2240/40 388/2250/39
f 407/2245/1600 388/2250/39 389/2253/527
f 434/2220/1589 507/2190/1564 425/2211/1580
f 2341/2191/1565 1499/2187/1561 1469/2264/1614
f 1301/2218/1587 1302/2178/1554 1261/2263/1613
f 1476/2265/1615 2448/2262/1612 1261/2263/1613
f 1454/2180/1008 1446/2266/1005 1261/2263/1613
f 1442/2207/1577 1309/2213/1582 1263/2216/1585
f 1531/2260/1610 1599/2214/1583 1397/2267/1616
f 1559/2268/1617 1531/2260/1610 1397/2267/1616
f 281/2269/1004 1261/2263/1613 1446/2266/1005
f 1476/2265/1615 1261/2263/1613 281/2269/1004
f 1442/2207/1577 1263/2216/1585 2190/2215/1584
f 1161/2270/462 1165/2197/1569 1083/2231/783
f 2448/2262/1612 1301/2218/1587 1261/2263/1613
f 2247/2192/398 2341/2191/1565 1560/2271/400
f 1487/2208/1578 1479/2217/1586 1477/2182/1556
f 1560/2271/400 2341/2191/1565 1559/2268/1617
f 1599/2214/1583 1307/2212/1581 1478/2261/1611
f 2341/2191/1565 1469/2264/1614 1559/2268/1617
f 281/2269/1004 1264/2272/401 1476/2265/1615
f 1469/2264/1614 1531/2260/1610 1559/2268/1617
f 1468/2177/1553 1165/2197/1569 1161/2270/462
f 1560/2271/400 1559/2268/1617 1510/2273/406
f 1397/2267/1616 1599/2214/1583 1478/2261/1611
f 1397/2267/1616 1478/2261/1611 2448/2262/1612
f 2448/2262/1612 1476/2265/1615 1397/2267/1616
f 1442/2207/1577 2190/2215/1584 1487/2208/1578
f 1499/2187/1561 1479/2217/1586 1531/2260/1610
f 1559/2268/1617 1476/2265/1615 1264/2272/401
f 1559/2268/1617 1264/2272/401 1510/2273/406
f 590/2165/1542 196/2198/464 591/2274/477
f 590/2165/1542 591/2274/477 2345/2209/912
f 1442/2207/1577 221/2206/1576 1309/2213/1582
f 196/2198/464 1468/2177/1553 1161/2270/462
f 1263/2216/1585 1307/2212/1581 1599/2214/1583
f 1308/2189/1563 1307/2212/1581 425/2211/1580
f 1308/2189/1563 1302/2178/1554 1301/2218/1587
f 1263/2216/1585 1309/2213/1582 1307/2212/1581
f 1559/2268/1617 1397/2267/1616 1476/2265/1615
f 1307/2212/1581 1301/2218/1587 1478/2261/1611
f 1477/2182/1556 1479/2217/1586 1499/2187/1561
f 1531/2260/1610 1469/2264/1614 1499/2187/1561
f 1802/2275/1618 1621/2276/1619 1534/2277/1620
f 1917/2278/1621 1305/2279/1622 1658/2280/1623
f 2300/2281/1624 2344/2282/1625 1305/2279/1622
f 1745/2283/1626 1863/2284/1627 1659/2285/1628
f 2300/2281/1624 842/2286/1629 2344/2282/1625
f 625/2287/1630 1776/2288/1631 1534/2277/1620
f 1138/2289/1632 638/2290/1633 629/2291/1634
f 1305/2279/1622 2344/2282/1625 2274/2292/1635
f 2192/2293/1636 2274/2292/1635 1861/2294/1637
f 1863/2284/1627 1841/2295/1638 1793/2296/1639
f 627/2297/1640 1776/2288/1631 625/2287/1630
f 1305/2279/1622 1917/2278/1621 1588/2298/1641
f 2319/2299/1642 2298/2300/1643 2131/2301/1644
f 504/2302/1645 1784/2303/1646 627/2297/1640
f 2295/2304/1647 2175/2305/1648 2138/2306/1649
f 2295/2304/1647 1382/2307/1650 2175/2305/1648
f 1382/2307/1650 2295/2304/1647 2294/2308/1651
f 2371/2309/1652 2294/2308/1651 2346/2310/1653
f 2170/2311/1654 2371/2309/1652 2346/2310/1653
f 2295/2304/1647 2346/2310/1653 2294/2308/1651
f 2295/2304/1647 2138/2306/1649 2346/2310/1653
f 2138/2306/1649 2175/2305/1648 2243/2312/1655
f 2045/2313/1656 1588/2298/1641 1917/2278/1621
f 1588/2298/1641 1942/2314/1657 2300/2281/1624
f 634/2315/1658 1729/2316/1659 730/2317/1660
f 1534/2277/1620 1621/2276/1619 1617/2318/1661
f 2045/2313/1656 1863/2284/1627 1793/2296/1639
f 1588/2298/1641 2300/2281/1624 1305/2279/1622
f 2281/2319/1662 449/2320/1663 1995/2321/1664
f 2274/2292/1635 2344/2282/1625 2283/2322/1665
f 2274/2292/1635 2283/2322/1665 1861/2294/1637
f 1886/2323/1666 2045/2313/1656 1793/2296/1639
f 2281/2319/1662 1995/2321/1664 1745/2283/1626
f 1802/2275/1618 1534/2277/1620 1184/2324/1667
f 625/2287/1630 1617/2318/1661 1138/2289/1632
f 625/2287/1630 629/2291/1634 627/2297/1640
f 2346/2310/1653 2298/2300/1643 2311/2325/1668
f 626/2326/1669 1793/2296/1639 1841/2295/1638
f 2192/2293/1636 1659/2285/1628 1658/2280/1623
f 626/2326/1669 1841/2295/1638 504/2302/1645
f 1793/2296/1639 626/2326/1669 1886/2323/1666
f 2318/2327/1670 2265/2328/1671 2319/2299/1642
f 625/2287/1630 1138/2289/1632 629/2291/1634
f 2344/2282/1625 1652/2329/1672 2283/2322/1665
f 631/2330/1673 626/2326/1669 504/2302/1645
f 1784/2303/1646 504/2302/1645 1841/2295/1638
f 504/2302/1645 567/2331/1674 568/2332/1675
f 1942/2314/1657 1588/2298/1641 1900/2333/1676
f 2200/2334/1677 1886/2323/1666 626/2326/1669
f 1588/2298/1641 2045/2313/1656 1900/2333/1676
f 2043/2335/1678 1886/2323/1666 2265/2328/1671
f 1658/2280/1623 1305/2279/1622 2192/2293/1636
f 1802/2275/1618 1729/2316/1659 1621/2276/1619
f 1942/2314/1657 842/2286/1629 2300/2281/1624
f 1729/2316/1659 1802/2275/1618 449/2320/1663
f 1788/2336/1679 1729/2316/1659 449/2320/1663
f 1621/2276/1619 1729/2316/1659 634/2315/1658
f 1995/2321/1664 449/2320/1663 1802/2275/1618
f 2192/2293/1636 1788/2336/1679 449/2320/1663
f 842/2286/1629 2290/2337/1680 2344/2282/1625
f 2192/2293/1636 1861/2294/1637 1788/2336/1679
f 1886/2323/1666 2200/2334/1677 2265/2328/1671
f 1652/2329/1672 2344/2282/1625 2290/2337/1680
f 2318/2327/1670 2243/2312/1655 2241/2338/1681
f 2043/2335/1678 2044/2339/1682 2045/2313/1656
f 2044/2339/1682 2043/2335/1678 1900/2333/1676
f 2310/2340/1683 1857/2341/1684 2200/2334/1677
f 1900/2333/1676 843/2342/1685 1942/2314/1657
f 567/2331/1674 504/2302/1645 627/2297/1640
f 2273/2343/1686 2265/2328/1671 2200/2334/1677
f 631/2330/1673 621/2344/1687 2447/2345/1688
f 1857/2341/1684 2311/2325/1668 2319/2299/1642
f 842/2286/1629 1942/2314/1657 843/2342/1685
f 2284/2346/1689 2290/2337/1680 842/2286/1629
f 2408/2347/1690 2407/2348/1691 2293/2349/1692
f 621/2344/1687 631/2330/1673 568/2332/1675
f 2200/2334/1677 631/2330/1673 630/2350/1693
f 2043/2335/1678 2265/2328/1671 2318/2327/1670
f 1784/2303/1646 1841/2295/1638 1745/2283/1626
f 1900/2333/1676 2043/2335/1678 2318/2327/1670
f 631/2330/1673 2200/2334/1677 626/2326/1669
f 2241/2338/1681 1900/2333/1676 2318/2327/1670
f 2200/2334/1677 1857/2341/1684 2273/2343/1686
f 2273/2343/1686 2319/2299/1642 2265/2328/1671
f 2241/2338/1681 2022/2351/1694 2284/2346/1689
f 2447/2345/1688 2279/2352/1695 630/2350/1693
f 2279/2352/1695 2407/2348/1691 630/2350/1693
f 2200/2334/1677 2407/2348/1691 2310/2340/1683
f 1917/2278/1621 1658/2280/1623 1659/2285/1628
f 2319/2299/1642 2131/2301/1644 2318/2327/1670
f 2293/2349/1692 2279/2352/1695 2447/2345/1688
f 1857/2341/1684 2319/2299/1642 2273/2343/1686
f 2320/2353/1696 2408/2347/1690 2293/2349/1692
f 2293/2349/1692 2325/2354/1697 2320/2353/1696
f 2325/2354/1697 2293/2349/1692 2447/2345/1688
f 2045/2313/1656 1917/2278/1621 1863/2284/1627
f 2284/2346/1689 842/2286/1629 2241/2338/1681
f 194/2355/1698 193/2356/1699 2262/2357/1700
f 193/2356/1699 616/2358/1701 619/2359/1702
f 2262/2357/1700 193/2356/1699 1493/2360/1703
f 620/2361/1704 573/2362/1705 619/2359/1702
f 1861/2294/1637 1951/2363/1706 508/2364/1707
f 194/2355/1698 616/2358/1701 193/2356/1699
f 1951/2363/1706 1666/2365/1708 572/2366/1709
f 1654/2367/1710 2283/2322/1665 1652/2329/1672
f 1493/2360/1703 193/2356/1699 1666/2365/1708
f 573/2362/1705 193/2356/1699 619/2359/1702
f 1951/2363/1706 1654/2367/1710 1666/2365/1708
f 2283/2322/1665 1654/2367/1710 1951/2363/1706
f 1666/2365/1708 193/2356/1699 572/2366/1709
f 193/2356/1699 573/2362/1705 572/2366/1709
f 1845/2368/1711 2304/2369/1712 1826/2370/1713
f 2052/2371/1714 2022/2351/1694 2110/2372/1715
f 2111/2373/1716 2052/2371/1714 2110/2372/1715
f 2022/2351/1694 2304/2369/1712 2110/2372/1715
f 2303/2374/1717 1845/2368/1711 1387/2375/1718
f 2284/2346/1689 2022/2351/1694 2052/2371/1714
f 1826/2370/1713 608/2376/1719 1845/2368/1711
f 2284/2346/1689 2052/2371/1714 1721/2377/1720
f 194/2355/1698 2262/2357/1700 2303/2374/1717
f 2110/2372/1715 2304/2369/1712 2262/2357/1700
f 2262/2357/1700 1493/2360/1703 2110/2372/1715
f 2111/2373/1716 1721/2377/1720 2052/2371/1714
f 1652/2329/1672 1721/2377/1720 1654/2367/1710
f 2110/2372/1715 1493/2360/1703 2111/2373/1716
f 2303/2374/1717 2262/2357/1700 2304/2369/1712
f 2284/2346/1689 1721/2377/1720 2290/2337/1680
f 1959/2378/1721 1666/2365/1708 1654/2367/1710
f 1493/2360/1703 1959/2378/1721 2111/2373/1716
f 1654/2367/1710 1721/2377/1720 1959/2378/1721
f 1666/2365/1708 1959/2378/1721 1493/2360/1703
f 1652/2329/1672 2290/2337/1680 1721/2377/1720
f 2303/2374/1717 1387/2375/1718 194/2355/1698
f 1721/2377/1720 2111/2373/1716 1959/2378/1721
f 1845/2368/1711 2303/2374/1717 2304/2369/1712
f 1826/2370/1713 2304/2369/1712 2022/2351/1694
f 938/2379/1722 1206/2380/1723 634/2315/1658
f 1206/2380/1723 2288/2381/1724 1216/2382/1725
f 635/2383/1726 2288/2381/1724 2470/2384/1727
f 1206/2380/1723 1216/2382/1725 634/2315/1658
f 634/2315/1658 1216/2382/1725 635/2383/1726
f 1216/2382/1725 2288/2381/1724 635/2383/1726
f 638/2290/1633 2470/2384/1727 2288/2381/1724
f 1729/2316/1659 1788/2336/1679 1952/2385/1728
f 1729/2316/1659 1952/2385/1728 730/2317/1660
f 1952/2385/1728 1861/2294/1637 508/2364/1707
f 508/2364/1707 620/2361/1704 658/2386/1729
f 938/2379/1722 1952/2385/1728 920/2387/640
f 920/2387/640 1952/2385/1728 658/2386/1729
f 620/2361/1704 1847/2388/1730 658/2386/1729
f 619/2359/1702 1847/2388/1730 620/2361/1704
f 658/2386/1729 1952/2385/1728 508/2364/1707
f 1861/2294/1637 1952/2385/1728 1788/2336/1679
f 1952/2385/1728 938/2379/1722 730/2317/1660
f 1847/2388/1730 920/2387/640 658/2386/1729
f 634/2315/1658 730/2317/1660 938/2379/1722
f 635/2383/1726 1621/2276/1619 634/2315/1658
f 572/2366/1709 573/2362/1705 1951/2363/1706
f 620/2361/1704 508/2364/1707 573/2362/1705
f 573/2362/1705 508/2364/1707 1951/2363/1706
f 2283/2322/1665 1951/2363/1706 1861/2294/1637
f 2045/2313/1656 1886/2323/1666 2043/2335/1678
f 1659/2285/1628 2192/2293/1636 2281/2319/1662
f 1745/2283/1626 1659/2285/1628 2281/2319/1662
f 2243/2312/1655 2022/2351/1694 2241/2338/1681
f 2407/2348/1691 2279/2352/1695 2293/2349/1692
f 1900/2333/1676 2241/2338/1681 843/2342/1685
f 631/2330/1673 504/2302/1645 568/2332/1675
f 842/2286/1629 843/2342/1685 2241/2338/1681
f 2310/2340/1683 2407/2348/1691 2408/2347/1690
f 2311/2325/1668 1857/2341/1684 2310/2340/1683
f 627/2297/1640 1784/2303/1646 1776/2288/1631
f 2310/2340/1683 2408/2347/1690 2267/2389/1731
f 2267/2389/1731 2488/2390/1732 2310/2340/1683
f 2243/2312/1655 2131/2301/1644 2138/2306/1649
f 2131/2301/1644 2298/2300/1643 2138/2306/1649
f 2319/2299/1642 2311/2325/1668 2298/2300/1643
f 2310/2340/1683 2488/2390/1732 2311/2325/1668
f 2346/2310/1653 2138/2306/1649 2298/2300/1643
f 2346/2310/1653 2311/2325/1668 2170/2311/1654
f 2311/2325/1668 2488/2390/1732 2170/2311/1654
f 2045/2313/1656 2044/2339/1682 1900/2333/1676
f 1995/2321/1664 1802/2275/1618 1184/2324/1667
f 1184/2324/1667 1776/2288/1631 1745/2283/1626
f 1995/2321/1664 1184/2324/1667 1745/2283/1626
f 2175/2305/1648 1494/2391/1733 2173/2392/1734
f 1494/2391/1733 2490/2393/1735 1700/2394/1736
f 2490/2393/1735 1826/2370/1713 1700/2394/1736
f 2267/2389/1731 2266/2395/1737 2488/2390/1732
f 608/2376/1719 1826/2370/1713 2490/2393/1735
f 2243/2312/1655 2175/2305/1648 2173/2392/1734
f 2266/2395/1737 2371/2309/1652 2488/2390/1732
f 2371/2309/1652 2170/2311/1654 2488/2390/1732
f 1382/2307/1650 1494/2391/1733 2175/2305/1648
f 1841/2295/1638 1863/2284/1627 1745/2283/1626
f 2173/2392/1734 1494/2391/1733 1700/2394/1736
f 630/2350/1693 631/2330/1673 2447/2345/1688
f 2173/2392/1734 2022/2351/1694 2243/2312/1655
f 1826/2370/1713 2022/2351/1694 1700/2394/1736
f 1700/2394/1736 2022/2351/1694 2173/2392/1734
f 1494/2391/1733 1382/2307/1650 1461/2396/1738
f 2490/2393/1735 1494/2391/1733 1461/2396/1738
f 1621/2276/1619 635/2383/1726 1617/2318/1661
f 635/2383/1726 2470/2384/1727 1617/2318/1661
f 2470/2384/1727 1138/2289/1632 1617/2318/1661
f 638/2290/1633 1138/2289/1632 2470/2384/1727
f 1659/2285/1628 1863/2284/1627 1917/2278/1621
f 2243/2312/1655 2318/2327/1670 2131/2301/1644
f 1534/2277/1620 1776/2288/1631 1184/2324/1667
f 630/2350/1693 2407/2348/1691 2200/2334/1677
f 2192/2293/1636 1305/2279/1622 2274/2292/1635
f 2192/2293/1636 449/2320/1663 2281/2319/1662
f 1784/2303/1646 1745/2283/1626 1776/2288/1631
f 1617/2318/1661 625/2287/1630 1534/2277/1620
f 567/2331/1674 627/2297/1640 629/2291/1634
f 2421/2397/1739 1651/2398/1740 1643/2399/1741
f 1662/2400/1742 2394/2401/1743 1655/2402/1744
f 2428/2403/1745 1671/2404/1746 1649/2405/1747
f 2528/2406/1748 2428/2403/1745 665/2407/1749
f 1643/2399/1741 2528/2406/1748 130/2408/1750
f 1255/2409/1751 1655/2402/1744 1665/2410/1752
f 1662/2400/1742 1671/2404/1746 2394/2401/1743
f 1665/2410/1752 1655/2402/1744 1643/2399/1741
f 2394/2401/1743 1671/2404/1746 2428/2403/1745
f 1662/2400/1742 2030/2411/1753 1671/2404/1746
f 1655/2402/1744 1255/2409/1751 1662/2400/1742
f 2528/2406/1748 2394/2401/1743 2428/2403/1745
f 2421/2397/1739 1643/2399/1741 130/2408/1750
f 1649/2405/1747 2574/2412/1754 2187/2413/1755
f 1651/2398/1740 2186/2414/1756 2188/2415/1757
f 2186/2414/1756 1645/2416/1758 2188/2415/1757
f 1268/2417/1759 2030/2411/1753 1662/2400/1742
f 1253/2418/1760 2187/2413/1755 2574/2412/1754
f 1268/2417/1759 1662/2400/1742 1255/2409/1751
f 2394/2401/1743 2528/2406/1748 1655/2402/1744
f 1234/2419/676 1970/2420/679 1239/2421/1761
f 286/2422/340 143/2423/339 144/2424/1762
f 52/2425/1763 125/2426/677 1234/2419/676
f 2015/2427/690 1761/2428/1764 1642/2429/696
f 1284/2430/1765 1239/2421/1761 1236/2431/1766
f 1642/2429/696 1236/2431/1766 2032/2432/698
f 1761/2428/1764 1236/2431/1766 1642/2429/696
f 1236/2431/1766 1239/2421/1761 2032/2432/698
f 286/2422/340 144/2424/1762 284/2433/342
f 314/2434/387 125/2426/677 143/2423/339
f 1285/2435/1767 1252/2436/1768 1686/2437/1769
f 143/2423/339 52/2425/1763 144/2424/1762
f 2032/2432/698 1239/2421/1761 1970/2420/679
f 1236/2431/1766 1251/2438/1770 1284/2430/1765
f 2187/2413/1755 1253/2418/1760 2578/2439/1771
f 1294/2440/1772 1278/2441/1773 420/2442/1774
f 1254/2443/1775 2030/2411/1753 1265/2444/1776
f 1297/2445/1777 2524/2446/1778 1281/2447/1779
f 1253/2418/1760 1254/2443/1775 350/2448/1780
f 379/2449/1781 1254/2443/1775 1265/2444/1776
f 1665/2410/1752 2564/2450/1782 1255/2409/1751
f 1294/2440/1772 379/2449/1781 1295/2451/1783
f 1278/2441/1773 1294/2440/1772 1255/2409/1751
f 379/2449/1781 350/2448/1780 1254/2443/1775
f 2560/2452/1784 1235/2453/232 1237/2454/1785
f 1256/2455/1786 1278/2441/1773 1255/2409/1751
f 1295/2451/1783 379/2449/1781 1265/2444/1776
f 2564/2450/1782 1256/2455/1786 1255/2409/1751
f 1277/2456/1787 1281/2447/1779 1256/2455/1786
f 1237/2454/1785 1756/2457/1788 2560/2452/1784
f 1265/2444/1776 1268/2417/1759 1295/2451/1783
f 1278/2441/1773 1256/2455/1786 1281/2447/1779
f 1255/2409/1751 1295/2451/1783 1268/2417/1759
f 1255/2409/1751 1294/2440/1772 1295/2451/1783
f 1288/2458/1789 420/2442/1774 1278/2441/1773
f 1281/2447/1779 1288/2458/1789 1278/2441/1773
f 2560/2452/1784 1756/2457/1788 1281/2447/1779
f 1281/2447/1779 2524/2446/1778 2560/2452/1784
f 1268/2417/1759 1265/2444/1776 2030/2411/1753
f 1641/2459/1790 2564/2450/1782 1665/2410/1752
f 420/2442/1774 1288/2458/1789 1756/2457/1788
f 1281/2447/1779 1756/2457/1788 1288/2458/1789
f 2564/2450/1782 1641/2459/1790 1758/2460/1791
f 1297/2445/1777 2560/2452/1784 2524/2446/1778
f 1256/2455/1786 1758/2460/1791 1277/2456/1787
f 1665/2410/1752 1645/2416/1758 1641/2459/1790
f 1277/2456/1787 1758/2460/1791 1641/2459/1790
f 1758/2460/1791 1256/2455/1786 2564/2450/1782
f 1756/2457/1788 1237/2454/1785 420/2442/1774
f 1277/2456/1787 1297/2445/1777 1281/2447/1779
f 1252/2436/1768 1285/2435/1767 1284/2430/1765
f 1234/2419/676 1239/2421/1761 1286/2461/1792
f 1686/2437/1769 1286/2461/1792 1285/2435/1767
f 2578/2439/1771 1253/2418/1760 350/2448/1780
f 143/2423/339 125/2426/677 52/2425/1763
f 52/2425/1763 1234/2419/676 1286/2461/1792
f 1286/2461/1792 1686/2437/1769 322/2462/1793
f 135/2463/1794 129/2464/1795 2421/2397/1739
f 648/2465/1796 2186/2414/1756 2421/2397/1739
f 129/2464/1795 648/2465/1796 2421/2397/1739
f 52/2425/1763 1286/2461/1792 322/2462/1793
f 290/2466/1797 144/2424/1762 52/2425/1763
f 1239/2421/1761 1285/2435/1767 1286/2461/1792
f 322/2462/1793 53/2467/1798 52/2425/1763
f 2528/2406/1748 665/2407/1749 130/2408/1750
f 1303/2468/1799 1252/2436/1768 1284/2430/1765
f 1284/2430/1765 1287/2469/1800 2578/2439/1771
f 1655/2402/1744 2528/2406/1748 1643/2399/1741
f 1671/2404/1746 1254/2443/1775 1720/2470/1801
f 2578/2439/1771 350/2448/1780 1303/2468/1799
f 1761/2428/1764 1251/2438/1770 1236/2431/1766
f 1651/2398/1740 1645/2416/1758 1665/2410/1752
f 1761/2428/1764 1657/2471/1802 1287/2469/1800
f 1671/2404/1746 1720/2470/1801 1649/2405/1747
f 2574/2412/1754 1720/2470/1801 1254/2443/1775
f 1649/2405/1747 1720/2470/1801 2574/2412/1754
f 1651/2398/1740 2421/2397/1739 2186/2414/1756
f 1645/2416/1758 1651/2398/1740 2188/2415/1757
f 1253/2418/1760 2574/2412/1754 1254/2443/1775
f 1671/2404/1746 2030/2411/1753 1254/2443/1775
f 49/2472/854 48/2473/1803 50/2474/859
f 707/2475/836 148/2476/1804 308/2477/840
f 308/2477/840 148/2476/1804 26/2478/1805
f 1267/2479/1806 421/2480/1807 319/2481/1808
f 59/2482/1809 260/2483/838 38/2484/852
f 309/2485/841 308/2477/840 26/2478/1805
f 15/2486/1810 6/2487/1811 2334/2488/1812
f 15/2486/1810 28/2489/385 16/2490/1813
f 1235/2453/232 57/2491/219 1237/2454/1785
f 9/2492/384 15/2486/1810 2334/2488/1812
f 59/2482/1809 40/2493/1814 48/2473/1803
f 15/2486/1810 16/2490/1813 6/2487/1811
f 9/2492/384 28/2489/385 15/2486/1810
f 16/2490/1813 2067/2494/1815 6/2487/1811
f 650/2495/1816 651/2496/1817 6/2487/1811
f 24/2497/1818 650/2495/1816 2067/2494/1815
f 130/2408/1750 651/2496/1817 617/2498/1819
f 47/2499/1820 50/2474/859 48/2473/1803
f 14/2500/1821 2334/2488/1812 6/2487/1811
f 6/2487/1811 651/2496/1817 14/2500/1821
f 24/2497/1818 2067/2494/1815 26/2478/1805
f 617/2498/1819 651/2496/1817 135/2463/1794
f 170/2501/1822 10/2502/1823 2334/2488/1812
f 1209/2503/1824 1726/2504/1825 1814/2505/1826
f 650/2495/1816 24/2497/1818 135/2463/1794
f 16/2490/1813 28/2489/385 17/2506/816
f 27/2507/383 9/2492/384 10/2502/1823
f 319/2481/1808 379/2449/1781 1267/2479/1806
f 26/2478/1805 2067/2494/1815 309/2485/841
f 170/2501/1822 134/2508/1827 610/2509/1828
f 39/2510/1829 40/2493/1814 59/2482/1809
f 69/2511/851 260/2483/838 59/2482/1809
f 128/2512/1830 2334/2488/1812 14/2500/1821
f 14/2500/1821 130/2408/1750 128/2512/1830
f 44/2513/1831 70/2514/1832 327/2515/221
f 135/2463/1794 2421/2397/1739 617/2498/1819
f 2067/2494/1815 650/2495/1816 6/2487/1811
f 650/2495/1816 135/2463/1794 651/2496/1817
f 292/2516/381 291/2517/1833 611/2518/377
f 128/2512/1830 134/2508/1827 2334/2488/1812
f 43/2519/1834 39/2510/1829 59/2482/1809
f 8/2520/812 16/2490/1813 17/2506/816
f 2421/2397/1739 130/2408/1750 617/2498/1819
f 1661/2521/1835 1660/2522/1836 1656/2523/1837
f 309/2485/841 2067/2494/1815 16/2490/1813
f 130/2408/1750 665/2407/1749 128/2512/1830
f 8/2520/812 309/2485/841 16/2490/1813
f 2015/2427/690 611/2518/377 1660/2522/1836
f 134/2508/1827 128/2512/1830 665/2407/1749
f 134/2508/1827 170/2501/1822 2334/2488/1812
f 1817/2524/1838 2428/2403/1745 1649/2405/1747
f 51/2525/1839 421/2480/1807 70/2514/1832
f 665/2407/1749 2428/2403/1745 134/2508/1827
f 2428/2403/1745 610/2509/1828 134/2508/1827
f 130/2408/1750 14/2500/1821 651/2496/1817
f 610/2509/1828 1817/2524/1838 1726/2504/1825
f 1661/2521/1835 1657/2471/1802 1660/2522/1836
f 1817/2524/1838 1649/2405/1747 1726/2504/1825
f 610/2509/1828 1209/2503/1824 170/2501/1822
f 1725/2526/1840 1661/2521/1835 1726/2504/1825
f 1290/2527/1841 319/2481/1808 100/2528/1842
f 9/2492/384 2334/2488/1812 10/2502/1823
f 1656/2523/1837 1814/2505/1826 1661/2521/1835
f 10/2502/1823 170/2501/1822 137/2529/1843
f 2428/2403/1745 1817/2524/1838 610/2509/1828
f 292/2516/381 137/2529/1843 291/2517/1833
f 60/2530/827 69/2511/851 48/2473/1803
f 45/2531/227 44/2513/1831 327/2515/221
f 51/2525/1839 44/2513/1831 100/2528/1842
f 70/2514/1832 57/2491/219 327/2515/221
f 57/2491/219 70/2514/1832 71/2532/1844
f 70/2514/1832 44/2513/1831 51/2525/1839
f 40/2493/1814 47/2499/1820 48/2473/1803
f 48/2473/1803 49/2472/854 60/2530/827
f 1287/2469/1800 1284/2430/1765 1251/2438/1770
f 40/2493/1814 39/2510/1829 44/2513/1831
f 610/2509/1828 1726/2504/1825 1209/2503/1824
f 319/2481/1808 421/2480/1807 51/2525/1839
f 52/2425/1763 53/2467/1798 290/2466/1797
f 39/2510/1829 43/2519/1834 100/2528/1842
f 38/2484/852 284/2433/342 290/2466/1797
f 69/2511/851 59/2482/1809 48/2473/1803
f 420/2442/1774 1237/2454/1785 71/2532/1844
f 71/2532/1844 1237/2454/1785 57/2491/219
f 70/2514/1832 421/2480/1807 71/2532/1844
f 10/2502/1823 137/2529/1843 27/2507/383
f 350/2448/1780 1686/2437/1769 1303/2468/1799
f 53/2467/1798 100/2528/1842 290/2466/1797
f 2578/2439/1771 1303/2468/1799 1284/2430/1765
f 2187/2413/1755 2578/2439/1771 1287/2469/1800
f 1290/2527/1841 100/2528/1842 53/2467/1798
f 421/2480/1807 1267/2479/1806 420/2442/1774
f 38/2484/852 43/2519/1834 59/2482/1809
f 137/2529/1843 292/2516/381 27/2507/383
f 290/2466/1797 100/2528/1842 43/2519/1834
f 1294/2440/1772 1267/2479/1806 379/2449/1781
f 100/2528/1842 44/2513/1831 39/2510/1829
f 1814/2505/1826 137/2529/1843 1209/2503/1824
f 1290/2527/1841 53/2467/1798 322/2462/1793
f 1726/2504/1825 1661/2521/1835 1814/2505/1826
f 1761/2428/1764 1287/2469/1800 1251/2438/1770
f 1726/2504/1825 1649/2405/1747 1725/2526/1840
f 51/2525/1839 100/2528/1842 319/2481/1808
f 1814/2505/1826 291/2517/1833 137/2529/1843
f 420/2442/1774 71/2532/1844 421/2480/1807
f 2187/2413/1755 1287/2469/1800 1657/2471/1802
f 1725/2526/1840 1649/2405/1747 2187/2413/1755
f 291/2517/1833 1814/2505/1826 1656/2523/1837
f 1661/2521/1835 1725/2526/1840 1657/2471/1802
f 291/2517/1833 1656/2523/1837 611/2518/377
f 1725/2526/1840 2187/2413/1755 1657/2471/1802
f 1656/2523/1837 1660/2522/1836 611/2518/377
f 1660/2522/1836 1657/2471/1802 1761/2428/1764
f 290/2466/1797 284/2433/342 144/2424/1762
f 1686/2437/1769 1252/2436/1768 1303/2468/1799
f 1686/2437/1769 1290/2527/1841 322/2462/1793
f 1643/2399/1741 1651/2398/1740 1665/2410/1752
f 1660/2522/1836 1761/2428/1764 2015/2427/690
f 377/2533/1845 350/2448/1780 379/2449/1781
f 44/2513/1831 45/2531/227 40/2493/1814
f 1686/2437/1769 350/2448/1780 1290/2527/1841
f 1285/2435/1767 1239/2421/1761 1284/2430/1765
f 1294/2440/1772 420/2442/1774 1267/2479/1806
f 43/2519/1834 38/2484/852 290/2466/1797
f 379/2449/1781 319/2481/1808 377/2533/1845
f 377/2533/1845 319/2481/1808 1290/2527/1841
f 1290/2527/1841 350/2448/1780 377/2533/1845
f 170/2501/1822 1209/2503/1824 137/2529/1843
f 1908/2534/1423 1744/2535/1454 1807/2536/1846
f 1911/2537/1847 1196/2538/1848 1703/2539/1849
f 1811/2540/1850 1919/2541/1851 1923/2542/1852
f 1812/2543/1853 1809/2544/1854 1811/2540/1850
f 1941/2545/1855 1426/2546/631 1322/2547/1856
f 1694/2548/1857 1903/2549/1858 1703/2539/1849
f 1822/2550/1859 1835/2551/1860 1820/2552/1861
f 1918/2553/1862 1813/2554/1863 1919/2541/1851
f 1922/2555/1864 1811/2540/1850 1923/2542/1852
f 743/2556/624 1322/2547/1856 1426/2546/631
f 1903/2549/1858 1905/2557/1865 1394/2558/1866
f 1922/2555/1864 1819/2559/1867 1812/2543/1853
f 1924/2560/1868 2169/2561/1869 1899/2562/1870
f 1791/2563/1871 1807/2536/1846 1716/2564/1872
f 2191/2565/1873 1620/2566/1874 2249/2567/1875
f 1923/2542/1852 1919/2541/1851 2191/2565/1873
f 1901/2568/1876 1691/2569/1877 1853/2570/1878
f 1716/2564/1872 1807/2536/1846 1744/2535/1454
f 1394/2558/1866 1716/2564/1872 1714/2571/1879
f 1907/2572/1880 1714/2571/1879 1744/2535/1454
f 1394/2558/1866 1905/2557/1865 1716/2564/1872
f 1901/2568/1876 1816/2573/1881 1819/2559/1867
f 1620/2566/1874 1818/2574/1882 637/2575/1883
f 636/2576/1884 1821/2577/1885 639/2578/1886
f 1930/2579/1887 2169/2561/1869 1724/2580/1888
f 11/2581/1889 1847/2582/1730 13/2583/1890
f 1196/2538/1848 1809/2544/1854 1810/2584/1891
f 1871/2585/1892 1853/2570/1878 1691/2569/1877
f 637/2575/1883 636/2576/1884 639/2578/1886
f 641/2586/1893 640/2587/1894 1859/2588/1895
f 2174/2589/1896 2176/2590/1897 2249/2567/1875
f 11/2581/1889 641/2586/1893 1320/2591/1898
f 1818/2574/1882 1530/2592/1899 1320/2591/1898
f 1196/2538/1848 1694/2548/1857 1703/2539/1849
f 615/2593/1900 1847/2582/1730 619/2594/1702
f 1859/2588/1895 1320/2591/1898 641/2586/1893
f 13/2583/1890 1847/2582/1730 1421/2595/1901
f 1320/2591/1898 1847/2582/1730 11/2581/1889
f 1320/2591/1898 2199/2596/621 1898/2597/642
f 1903/2549/1858 1394/2558/1866 1703/2539/1849
f 1620/2566/1874 2191/2565/1873 2299/2598/1902
f 1320/2591/1898 920/2599/640 1847/2582/1730
f 1818/2574/1882 1320/2591/1898 636/2576/1884
f 1919/2541/1851 1809/2544/1854 1918/2553/1862
f 1744/2535/1454 1714/2571/1879 1716/2564/1872
f 1914/2600/1903 1409/2601/1455 1934/2602/1904
f 1425/2603/1905 1530/2592/1899 1424/2604/1906
f 1421/2595/1901 1847/2582/1730 615/2593/1900
f 1320/2591/1898 1821/2577/1885 636/2576/1884
f 1394/2558/1866 1714/2571/1879 1907/2572/1880
f 1907/2572/1880 1744/2535/1454 1914/2600/1903
f 1859/2588/1895 1821/2577/1885 1320/2591/1898
f 1424/2604/1906 1818/2574/1882 1620/2566/1874
f 1871/2585/1892 1691/2569/1877 1902/2605/1907
f 1320/2591/1898 1530/2592/1899 2199/2596/621
f 1320/2591/1898 1898/2597/642 920/2599/640
f 1820/2552/1861 1923/2542/1852 2176/2590/1897
f 575/2606/1908 1527/2607/1909 1924/2560/1868
f 1936/2608/627 1724/2580/1888 2169/2561/1869
f 2199/2596/621 1530/2592/1899 1425/2603/1905
f 1809/2544/1854 1816/2573/1881 1810/2584/1891
f 1936/2608/627 1931/2609/1910 1940/2610/628
f 1530/2592/1899 1818/2574/1882 1424/2604/1906
f 1871/2585/1892 1903/2549/1858 1694/2548/1857
f 1563/2611/1911 1351/2612/1912 575/2606/1908
f 13/2583/1890 641/2586/1893 11/2581/1889
f 1425/2603/1905 743/2556/624 2199/2596/621
f 1716/2564/1872 1905/2557/1865 1791/2563/1871
f 1941/2545/1855 1322/2547/1856 1338/2613/1913
f 1934/2602/1904 1409/2601/1455 1955/2614/1425
f 1822/2550/1859 1615/2615/1914 1835/2551/1860
f 1703/2539/1849 1394/2558/1866 1907/2572/1880
f 1620/2566/1874 2299/2598/1902 1929/2616/1915
f 1924/2560/1868 1527/2607/1909 2169/2561/1869
f 1196/2538/1848 1810/2584/1891 1694/2548/1857
f 1929/2616/1915 1899/2562/1870 1930/2579/1887
f 1786/2617/1916 1872/2618/1917 1876/2619/1918
f 1911/2537/1847 1809/2544/1854 1196/2538/1848
f 2191/2565/1873 1813/2554/1863 2299/2598/1902
f 1918/2553/1862 1563/2611/1911 1813/2554/1863
f 1930/2579/1887 1899/2562/1870 2169/2561/1869
f 1941/2545/1855 1936/2608/627 2189/2620/668
f 1819/2559/1867 1866/2621/1919 1901/2568/1876
f 2299/2598/1902 1813/2554/1863 1927/2622/1920
f 1819/2559/1867 1922/2555/1864 1820/2552/1861
f 1804/2623/1921 1791/2563/1871 1808/2624/1922
f 1936/2608/627 2169/2561/1869 1931/2609/1910
f 13/2583/1890 1421/2595/1901 1834/2625/1923
f 13/2583/1890 1834/2625/1923 641/2586/1893
f 1808/2624/1922 1876/2619/1918 1872/2618/1917
f 1871/2585/1892 1902/2605/1907 1905/2557/1865
f 1876/2619/1918 1766/2626/1924 1786/2617/1916
f 1905/2557/1865 1902/2605/1907 1876/2619/1918
f 1868/2627/1925 1615/2615/1914 1828/2628/1926
f 1832/2629/1927 1833/2630/1928 1834/2625/1923
f 1830/2631/1929 1829/2632/1930 1864/2633/1931
f 1809/2544/1854 1911/2537/1847 1918/2553/1862
f 1902/2605/1907 1878/2634/1932 1876/2619/1918
f 1828/2628/1926 1830/2631/1929 1868/2627/1925
f 1927/2622/1920 1899/2562/1870 2299/2598/1902
f 1878/2634/1932 1902/2605/1907 1691/2569/1877
f 1866/2621/1919 1835/2551/1860 1868/2627/1925
f 641/2586/1893 1834/2625/1923 640/2587/1894
f 1856/2635/1933 1830/2631/1929 1867/2636/1934
f 1615/2615/1914 1822/2550/1859 2174/2589/1896
f 1868/2627/1925 1830/2631/1929 1856/2635/1933
f 1842/2637/1935 1867/2636/1934 1864/2633/1931
f 1864/2633/1931 1829/2632/1930 1833/2630/1928
f 1867/2636/1934 1830/2631/1929 1864/2633/1931
f 1856/2635/1933 1866/2621/1919 1868/2627/1925
f 1831/2638/1936 1827/2639/1937 1852/2640/1938
f 1831/2638/1936 1901/2568/1876 1866/2621/1919
f 1887/2641/1939 1833/2630/1928 1832/2629/1927
f 1856/2635/1933 1867/2636/1934 1842/2637/1935
f 1887/2641/1939 1842/2637/1935 1864/2633/1931
f 1865/2642/1940 1887/2641/1939 1832/2629/1927
f 1887/2641/1939 1844/2643/1941 1842/2637/1935
f 1827/2639/1937 1856/2635/1933 1842/2637/1935
f 1840/2644/1942 1832/2629/1927 1834/2625/1923
f 1865/2642/1940 1832/2629/1927 1840/2644/1942
f 1856/2635/1933 1831/2638/1936 1866/2621/1919
f 1805/2645/1453 1791/2563/1871 1804/2623/1921
f 1844/2643/1941 1887/2641/1939 1582/2646/1943
f 1876/2619/1918 1808/2624/1922 1905/2557/1865
f 2174/2589/1896 1822/2550/1859 2176/2590/1897
f 1582/2646/1943 1887/2641/1939 1865/2642/1940
f 1844/2643/1941 1827/2639/1937 1842/2637/1935
f 1421/2595/1901 1840/2644/1942 1834/2625/1923
f 1838/2647/1944 1865/2642/1940 1840/2644/1942
f 1850/2648/1945 1844/2643/1941 1582/2646/1943
f 1808/2624/1922 1791/2563/1871 1905/2557/1865
f 1914/2600/1903 1351/2612/1912 1907/2572/1880
f 1822/2550/1859 1820/2552/1861 2176/2590/1897
f 1837/2649/1946 1582/2646/1943 1865/2642/1940
f 1941/2545/1855 1338/2613/1913 1936/2608/627
f 1865/2642/1940 1838/2647/1944 1837/2649/1946
f 1840/2644/1942 1421/2595/1901 1823/2650/1947
f 1691/2569/1877 1831/2638/1936 1875/2651/1948
f 1523/2652/1949 1576/2653/1950 1837/2649/1946
f 1839/2654/1951 1850/2648/1945 1837/2649/1946
f 1955/2614/1425 1940/2610/628 1931/2609/1910
f 1823/2650/1947 1523/2652/1949 1840/2644/1942
f 1829/2632/1930 1828/2628/1926 1860/2655/1952
f 1823/2650/1947 1421/2595/1901 615/2593/1900
f 1835/2551/1860 1866/2621/1919 1820/2552/1861
f 1576/2653/1950 1839/2654/1951 1837/2649/1946
f 1931/2609/1910 2169/2561/1869 1527/2607/1909
f 615/2593/1900 616/2656/1701 1823/2650/1947
f 1848/2657/1953 1839/2654/1951 2277/2658/1954
f 616/2656/1701 615/2593/1900 619/2594/1702
f 1876/2619/1918 1878/2634/1932 1766/2626/1924
f 1426/2546/631 1941/2545/1855 2189/2620/668
f 1827/2639/1937 1848/2657/1953 1852/2640/1938
f 1911/2537/1847 1563/2611/1911 1918/2553/1862
f 1853/2570/1878 1810/2584/1891 1816/2573/1881
f 1838/2647/1944 1840/2644/1942 1523/2652/1949
f 1502/2659/1955 1766/2626/1924 1875/2651/1948
f 1424/2604/1906 1620/2566/1874 1930/2579/1887
f 743/2556/624 1425/2603/1905 1322/2547/1856
f 1322/2547/1856 1424/2604/1906 1930/2579/1887
f 1322/2547/1856 1425/2603/1905 1424/2604/1906
f 194/2660/1698 1823/2650/1947 616/2656/1701
f 194/2660/1698 1387/2661/1718 1823/2650/1947
f 2277/2658/1954 1839/2654/1951 1576/2653/1950
f 1351/2612/1912 1911/2537/1847 1907/2572/1880
f 1955/2614/1425 1931/2609/1910 1934/2602/1904
f 1691/2569/1877 1875/2651/1948 1878/2634/1932
f 608/2662/1719 1848/2657/1953 2277/2658/1954
f 1871/2585/1892 1694/2548/1857 1853/2570/1878
f 1837/2649/1946 1838/2647/1944 1523/2652/1949
f 1850/2648/1945 1839/2654/1951 1848/2657/1953
f 575/2606/1908 1927/2622/1920 1563/2611/1911
f 1527/2607/1909 1914/2600/1903 1934/2602/1904
f 1813/2554/1863 2191/2565/1873 1919/2541/1851
f 1844/2643/1941 1850/2648/1945 1827/2639/1937
f 1576/2653/1950 1845/2663/1711 608/2662/1719
f 1829/2632/1930 1860/2655/1952 1833/2630/1928
f 1878/2634/1932 1875/2651/1948 1766/2626/1924
f 1576/2653/1950 608/2662/1719 2277/2658/1954
f 1703/2539/1849 1907/2572/1880 1911/2537/1847
f 1929/2616/1915 2299/2598/1902 1899/2562/1870
f 1924/2560/1868 1899/2562/1870 575/2606/1908
f 1936/2608/627 1338/2613/1913 1724/2580/1888
f 1523/2652/1949 1823/2650/1947 1387/2661/1718
f 1582/2646/1943 1837/2649/1946 1850/2648/1945
f 1811/2540/1850 1809/2544/1854 1919/2541/1851
f 1691/2569/1877 1901/2568/1876 1831/2638/1936
f 1887/2641/1939 1864/2633/1931 1833/2630/1928
f 1502/2659/1955 1852/2640/1938 1880/2664/1956
f 2490/2665/1735 1848/2657/1953 608/2662/1719
f 1830/2631/1929 1828/2628/1926 1829/2632/1930
f 1833/2630/1928 1860/2655/1952 640/2587/1894
f 1849/2666/1957 1880/2664/1956 1848/2657/1953
f 1868/2627/1925 1835/2551/1860 1615/2615/1914
f 1880/2664/1956 1852/2640/1938 1848/2657/1953
f 1576/2653/1950 1387/2661/1718 1845/2663/1711
f 1502/2659/1955 1875/2651/1948 1852/2640/1938
f 636/2576/1884 637/2575/1883 1818/2574/1882
f 1831/2638/1936 1856/2635/1933 1827/2639/1937
f 1409/2601/1455 1914/2600/1903 1744/2535/1454
f 1576/2653/1950 1523/2652/1949 1387/2661/1718
f 1875/2651/1948 1831/2638/1936 1852/2640/1938
f 1850/2648/1945 1848/2657/1953 1827/2639/1937
f 1834/2625/1923 1833/2630/1928 640/2587/1894
f 1848/2657/1953 2490/2665/1735 1849/2666/1957
f 1563/2611/1911 1911/2537/1847 1351/2612/1912
f 1923/2542/1852 1820/2552/1861 1922/2555/1864
f 1351/2612/1912 1527/2607/1909 575/2606/1908
f 1351/2612/1912 1914/2600/1903 1527/2607/1909
f 1901/2568/1876 1853/2570/1878 1816/2573/1881
f 575/2606/1908 1899/2562/1870 1927/2622/1920
f 1923/2542/1852 2191/2565/1873 2249/2567/1875
f 1934/2602/1904 1931/2609/1910 1527/2607/1909
f 1816/2573/1881 1812/2543/1853 1819/2559/1867
f 1927/2622/1920 1813/2554/1863 1563/2611/1911
f 1724/2580/1888 1338/2613/1913 1322/2547/1856
f 1724/2580/1888 1322/2547/1856 1930/2579/1887
f 1824/2667/1958 1821/2577/1885 1859/2588/1895
f 2249/2567/1875 2176/2590/1897 1923/2542/1852
f 1908/2534/1423 1807/2536/1846 1757/2668/1421
f 1929/2616/1915 1930/2579/1887 1620/2566/1874
f 1791/2563/1871 1805/2645/1453 1807/2536/1846
f 1819/2559/1867 1820/2552/1861 1866/2621/1919
f 1812/2543/1853 1811/2540/1850 1922/2555/1864
f 1809/2544/1854 1812/2543/1853 1816/2573/1881
f 1805/2645/1453 1757/2668/1421 1807/2536/1846
f 1810/2584/1891 1853/2570/1878 1694/2548/1857
f 1903/2549/1858 1871/2585/1892 1905/2557/1865
f 639/2578/1886 2249/2567/1875 637/2575/1883
f 2249/2567/1875 1620/2566/1874 637/2575/1883
f 1860/2655/1952 1824/2667/1958 1859/2588/1895
f 1614/2669/1959 2249/2567/1875 639/2578/1886
f 1821/2577/1885 1614/2669/1959 639/2578/1886
f 1828/2628/1926 1615/2615/1914 1824/2667/1958
f 1860/2655/1952 1859/2588/1895 640/2587/1894
f 1615/2615/1914 1614/2669/1959 1824/2667/1958
f 2174/2589/1896 2249/2567/1875 1614/2669/1959
f 1821/2577/1885 1824/2667/1958 1614/2669/1959
f 1615/2615/1914 2174/2589/1896 1614/2669/1959
f 1828/2628/1926 1824/2667/1958 1860/2655/1952
f 938/2670/1722 826/2671/1960 1206/2672/1723
f 920/2673/640 209/2674/1961 1199/2675/1962
f 2108/2676/1963 2231/2677/653 2179/2678/1964
f 814/2679/1965 2179/2678/1964 2231/2677/653
f 2180/2680/1966 2179/2678/1964 816/2681/1967
f 814/2679/1965 2240/2682/1968 2235/2683/1969
f 209/2674/1961 156/2684/639 2557/2685/1970
f 1201/2686/1971 928/2687/1972 1199/2675/1962
f 824/2688/1973 156/2684/639 155/2689/657
f 1199/2675/1962 938/2670/1722 920/2673/640
f 1199/2675/1962 2487/2690/1974 1201/2686/1971
f 155/2689/657 2108/2676/1963 824/2688/1973
f 814/2679/1965 816/2681/1967 2179/2678/1964
f 813/2691/1975 2282/2692/1976 874/2693/1977
f 835/2694/1978 874/2693/1977 2282/2692/1976
f 835/2694/1978 2224/2695/1979 874/2693/1977
f 2257/2696/1980 484/2697/1981 2367/2698/1982
f 787/2699/1983 2224/2695/1979 835/2694/1978
f 787/2699/1983 484/2697/1981 2257/2696/1980
f 787/2699/1983 835/2694/1978 484/2697/1981
f 2257/2696/1980 2224/2695/1979 787/2699/1983
f 2108/2676/1963 2180/2680/1966 827/2700/1984
f 2261/2701/1985 1166/2702/1986 642/2703/1987
f 2252/2704/1988 2202/2705/1989 981/2706/1990
f 816/2681/1967 2235/2683/1969 2216/2707/1991
f 826/2671/1960 938/2670/1722 928/2687/1972
f 816/2681/1967 2516/2708/1992 2180/2680/1966
f 2487/2690/1974 263/2709/1993 1201/2686/1971
f 2516/2708/1992 827/2700/1984 2180/2680/1966
f 2235/2683/1969 2260/2710/1994 2216/2707/1991
f 195/2711/1995 2214/2712/1996 891/2713/1997
f 2197/2714/1998 793/2715/1999 928/2687/1972
f 816/2681/1967 814/2679/1965 2235/2683/1969
f 2216/2707/1991 2302/2716/2000 2213/2717/2001
f 2245/2718/2002 644/2719/2003 2214/2712/1996
f 1106/2720/2004 928/2687/1972 1201/2686/1971
f 1199/2675/1962 928/2687/1972 938/2670/1722
f 2557/2685/1970 827/2700/1984 1380/2721/2005
f 2245/2718/2002 646/2722/2006 644/2719/2003
f 263/2709/1993 2557/2685/1970 1380/2721/2005
f 2216/2707/1991 2508/2723/2007 2302/2716/2000
f 2260/2710/1994 2210/2724/2008 2252/2704/1988
f 647/2725/2009 645/2726/2010 646/2722/2006
f 891/2713/1997 2214/2712/1996 892/2727/2011
f 209/2674/1961 920/2673/640 156/2684/639
f 1199/2675/1962 2557/2685/1970 2487/2690/1974
f 644/2719/2003 646/2722/2006 645/2726/2010
f 816/2681/1967 2216/2707/1991 2213/2717/2001
f 2252/2704/1988 2210/2724/2008 2202/2705/1989
f 2508/2723/2007 263/2709/1993 2302/2716/2000
f 2213/2717/2001 1380/2721/2005 816/2681/1967
f 2197/2714/1998 1625/2728/2012 1215/2729/2013
f 633/2730/2014 643/2731/2015 647/2725/2009
f 827/2700/1984 2516/2708/1992 1380/2721/2005
f 2508/2723/2007 2216/2707/1991 2252/2704/1988
f 209/2674/1961 2557/2685/1970 1199/2675/1962
f 645/2726/2010 647/2725/2009 643/2731/2015
f 2516/2708/1992 816/2681/1967 1380/2721/2005
f 891/2713/1997 892/2727/2011 893/2732/2016
f 2487/2690/1974 2557/2685/1970 263/2709/1993
f 825/2733/2017 263/2709/1993 2508/2723/2007
f 2203/2734/2018 892/2727/2011 2196/2735/2019
f 642/2703/1987 643/2731/2015 633/2730/2014
f 1624/2736/2020 189/2737/2021 981/2706/1990
f 642/2703/1987 633/2730/2014 638/2738/1633
f 2557/2685/1970 824/2688/1973 827/2700/1984
f 2108/2676/1963 827/2700/1984 824/2688/1973
f 2252/2704/1988 981/2706/1990 2508/2723/2007
f 981/2706/1990 189/2737/2021 2508/2723/2007
f 2196/2735/2019 892/2727/2011 645/2726/2010
f 893/2732/2016 2203/2734/2018 2202/2705/1989
f 2202/2705/1989 1624/2736/2020 981/2706/1990
f 825/2733/2017 2508/2723/2007 189/2737/2021
f 790/2739/2022 792/2740/2023 2197/2714/1998
f 825/2733/2017 1103/2741/2024 1201/2686/1971
f 1625/2728/2012 928/2687/1972 1106/2720/2004
f 642/2703/1987 2254/2742/2025 643/2731/2015
f 645/2726/2010 2254/2742/2025 2196/2735/2019
f 1066/2743/2026 1097/2744/2027 2261/2701/1985
f 638/2738/1633 2261/2701/1985 642/2703/1987
f 195/2711/1995 891/2713/1997 893/2732/2016
f 2122/2745/2028 2231/2677/653 2113/2746/667
f 2122/2745/2028 2113/2746/667 2226/2747/2029
f 2108/2676/1963 2248/2748/656 2244/2749/654
f 2231/2677/653 2108/2676/1963 2244/2749/654
f 195/2711/1995 2246/2750/2030 2214/2712/1996
f 700/2751/2031 2245/2718/2002 2246/2750/2030
f 2246/2750/2030 195/2711/1995 2230/2752/2032
f 2214/2712/1996 2246/2750/2030 2245/2718/2002
f 2230/2752/2032 700/2751/2031 2246/2750/2030
f 804/2753/2033 806/2754/2034 805/2755/2035
f 2315/2756/2036 2211/2757/2037 2437/2758/2038
f 828/2759/2039 850/2760/2040 804/2753/2033
f 2211/2757/2037 805/2755/2035 2437/2758/2038
f 805/2755/2035 2429/2761/2041 2437/2758/2038
f 2320/2762/1696 2325/2763/1697 2315/2756/2036
f 2211/2757/2037 621/2764/1687 805/2755/2035
f 2429/2761/2041 2326/2765/2042 2308/2766/2043
f 803/2767/2044 2429/2761/2041 806/2754/2034
f 568/2768/1675 567/2769/1674 623/2770/2045
f 804/2753/2033 805/2755/2035 621/2764/1687
f 2429/2761/2041 805/2755/2035 806/2754/2034
f 628/2771/2046 804/2753/2033 621/2764/1687
f 828/2759/2039 804/2753/2033 2404/2772/2047
f 804/2753/2033 850/2760/2040 806/2754/2034
f 850/2760/2040 803/2767/2044 806/2754/2034
f 803/2767/2044 848/2773/2048 2324/2774/2049
f 2443/2775/2050 802/2776/2051 848/2773/2048
f 848/2773/2048 850/2760/2040 2259/2777/2052
f 2404/2772/2047 2372/2778/2053 828/2759/2039
f 2255/2779/2054 2372/2778/2053 700/2751/2031
f 2326/2765/2042 2324/2774/2049 2308/2766/2043
f 2443/2775/2050 2232/2780/2055 680/2781/2056
f 803/2767/2044 2326/2765/2042 2429/2761/2041
f 2211/2757/2037 2447/2782/1688 621/2764/1687
f 2315/2756/2036 2325/2763/1697 2211/2757/2037
f 814/2679/1965 2231/2677/653 2240/2682/1968
f 2202/2705/1989 2203/2734/2018 1624/2736/2020
f 1166/2702/1986 790/2739/2022 2254/2742/2025
f 189/2737/2021 1106/2720/2004 825/2733/2017
f 2447/2782/1688 2211/2757/2037 2325/2763/1697
f 2429/2761/2041 2308/2766/2043 2437/2758/2038
f 848/2773/2048 803/2767/2044 850/2760/2040
f 2443/2775/2050 680/2781/2056 802/2776/2051
f 700/2751/2031 2230/2752/2032 2229/2783/2057
f 2259/2777/2052 850/2760/2040 828/2759/2039
f 621/2764/1687 623/2770/2045 628/2771/2046
f 2255/2779/2054 2443/2775/2050 828/2759/2039
f 628/2771/2046 646/2722/2006 804/2753/2033
f 848/2773/2048 2259/2777/2052 2443/2775/2050
f 2443/2775/2050 2255/2779/2054 2232/2780/2055
f 811/2784/2058 2324/2774/2049 848/2773/2048
f 623/2770/2045 621/2764/1687 568/2768/1675
f 628/2771/2046 623/2770/2045 647/2725/2009
f 647/2725/2009 646/2722/2006 628/2771/2046
f 646/2722/2006 2404/2772/2047 804/2753/2033
f 2259/2777/2052 828/2759/2039 2443/2775/2050
f 2437/2758/2038 2308/2766/2043 2315/2756/2036
f 2324/2774/2049 2326/2765/2042 803/2767/2044
f 2404/2772/2047 2245/2718/2002 2372/2778/2053
f 802/2776/2051 2251/2785/2059 835/2694/1978
f 2372/2778/2053 2255/2779/2054 828/2759/2039
f 811/2784/2058 2282/2692/1976 813/2691/1975
f 623/2770/2045 633/2730/2014 647/2725/2009
f 2251/2785/2059 802/2776/2051 680/2781/2056
f 2245/2718/2002 2404/2772/2047 646/2722/2006
f 848/2773/2048 2282/2692/1976 811/2784/2058
f 2372/2778/2053 2245/2718/2002 700/2751/2031
f 802/2776/2051 2282/2692/1976 848/2773/2048
f 2229/2783/2057 2255/2779/2054 700/2751/2031
f 2255/2779/2054 2229/2783/2057 2232/2780/2055
f 2282/2692/1976 802/2776/2051 835/2694/1978
f 2251/2785/2059 680/2781/2056 2232/2780/2055
f 2228/2786/2060 180/2787/2061 2260/2710/1994
f 2218/2788/2062 2251/2785/2059 2232/2780/2055
f 2122/2745/2028 997/2789/2063 2240/2682/1968
f 180/2787/2061 2210/2724/2008 2260/2710/1994
f 116/2790/2064 2230/2752/2032 2205/2791/2065
f 139/2792/2066 2229/2783/2057 116/2790/2064
f 116/2790/2064 2228/2786/2060 139/2792/2066
f 195/2711/1995 2205/2791/2065 2230/2752/2032
f 2235/2683/1969 2228/2786/2060 2260/2710/1994
f 2235/2683/1969 995/2793/2067 604/2794/2068
f 2205/2791/2065 283/2795/2069 180/2787/2061
f 283/2795/2069 2210/2724/2008 180/2787/2061
f 180/2787/2061 116/2790/2064 2205/2791/2065
f 2229/2783/2057 2230/2752/2032 116/2790/2064
f 2228/2786/2060 2218/2788/2062 139/2792/2066
f 2205/2791/2065 195/2711/1995 283/2795/2069
f 2228/2786/2060 116/2790/2064 180/2787/2061
f 2232/2780/2055 2229/2783/2057 139/2792/2066
f 139/2792/2066 2218/2788/2062 2232/2780/2055
f 592/2796/2070 2251/2785/2059 2218/2788/2062
f 2227/2797/2071 2218/2788/2062 2228/2786/2060
f 2227/2797/2071 592/2796/2070 2218/2788/2062
f 997/2789/2063 995/2793/2067 2240/2682/1968
f 2235/2683/1969 604/2794/2068 2228/2786/2060
f 2210/2724/2008 283/2795/2069 893/2732/2016
f 604/2794/2068 2227/2797/2071 2228/2786/2060
f 893/2732/2016 283/2795/2069 195/2711/1995
f 995/2793/2067 2227/2797/2071 604/2794/2068
f 2235/2683/1969 2240/2682/1968 995/2793/2067
f 997/2789/2063 2227/2797/2071 995/2793/2067
f 2231/2677/653 2122/2745/2028 2240/2682/1968
f 638/2738/1633 633/2730/2014 629/2798/1634
f 567/2769/1674 629/2798/1634 633/2730/2014
f 567/2769/1674 633/2730/2014 623/2770/2045
f 1106/2720/2004 1624/2736/2020 1625/2728/2012
f 790/2739/2022 2196/2735/2019 2254/2742/2025
f 638/2738/1633 1066/2743/2026 2261/2701/1985
f 2261/2701/1985 1097/2744/2027 792/2740/2023
f 2288/2799/1724 1097/2744/2027 1066/2743/2026
f 2213/2717/2001 263/2709/1993 1380/2721/2005
f 2180/2680/1966 2108/2676/1963 2179/2678/1964
f 1625/2728/2012 1624/2736/2020 2203/2734/2018
f 792/2740/2023 790/2739/2022 1166/2702/1986
f 825/2733/2017 1106/2720/2004 1103/2741/2024
f 793/2715/1999 1097/2744/2027 1206/2672/1723
f 2260/2710/1994 2252/2704/1988 2216/2707/1991
f 2214/2712/1996 644/2719/2003 892/2727/2011
f 792/2740/2023 1166/2702/1986 2261/2701/1985
f 352/2800/2072 2122/2745/2028 2226/2747/2029
f 993/2801/2073 2215/2802/2074 353/2803/2075
f 2116/2804/2076 352/2800/2072 2226/2747/2029
f 2116/2804/2076 353/2803/2075 352/2800/2072
f 2215/2802/2074 997/2789/2063 2122/2745/2028
f 592/2796/2070 2227/2797/2071 997/2789/2063
f 993/2801/2073 353/2803/2075 2116/2804/2076
f 484/2697/1981 592/2796/2070 528/2805/2077
f 592/2796/2070 997/2789/2063 2215/2802/2074
f 353/2803/2075 2215/2802/2074 352/2800/2072
f 993/2801/2073 528/2805/2077 2215/2802/2074
f 528/2805/2077 592/2796/2070 2215/2802/2074
f 2122/2745/2028 352/2800/2072 2215/2802/2074
f 528/2805/2077 993/2801/2073 2367/2698/1982
f 528/2805/2077 2367/2698/1982 484/2697/1981
f 484/2697/1981 835/2694/1978 592/2796/2070
f 592/2796/2070 835/2694/1978 2251/2785/2059
f 893/2732/2016 2202/2705/1989 2210/2724/2008
f 2288/2799/1724 1066/2743/2026 638/2738/1633
f 2203/2734/2018 1215/2729/2013 1625/2728/2012
f 1097/2744/2027 2288/2799/1724 1206/2672/1723
f 1206/2672/1723 826/2671/1960 793/2715/1999
f 2557/2685/1970 156/2684/639 824/2688/1973
f 2248/2748/656 2108/2676/1963 155/2689/657
f 1103/2741/2024 1106/2720/2004 1201/2686/1971
f 1106/2720/2004 189/2737/2021 1624/2736/2020
f 263/2709/1993 2213/2717/2001 2302/2716/2000
f 645/2726/2010 892/2727/2011 644/2719/2003
f 825/2733/2017 1201/2686/1971 263/2709/1993
f 1215/2729/2013 2196/2735/2019 790/2739/2022
f 1215/2729/2013 2203/2734/2018 2196/2735/2019
f 2197/2714/1998 928/2687/1972 1625/2728/2012
f 2254/2742/2025 645/2726/2010 643/2731/2015
f 792/2740/2023 1097/2744/2027 793/2715/1999
f 928/2687/1972 793/2715/1999 826/2671/1960
f 790/2739/2022 2197/2714/1998 1215/2729/2013
f 892/2727/2011 2203/2734/2018 893/2732/2016
f 1166/2702/1986 2254/2742/2025 642/2703/1987
f 793/2715/1999 2197/2714/1998 792/2740/2023
f 1645/2806/1758 1279/2807/2078 1641/2808/1790
f 1668/2809/2079 2570/2810/2080 2512/2811/2081
f 1293/2812/228 2501/2813/230 1292/2814/2082
f 1641/2808/1790 1279/2807/2078 1277/2815/1787
f 2186/2816/1756 1653/2817/2083 1645/2806/1758
f 1645/2806/1758 1653/2817/2083 1279/2807/2078
f 2178/2818/2084 2570/2810/2080 1260/2819/2085
f 1750/2820/2086 1272/2821/2087 1279/2807/2078
f 1276/2822/2088 2560/2823/1784 1297/2824/1777
f 1292/2814/2082 1260/2819/2085 1282/2825/2089
f 1276/2822/2088 1235/2826/232 2560/2823/1784
f 2512/2811/2081 1815/2827/2090 1668/2809/2079
f 1750/2820/2086 1279/2807/2078 1653/2817/2083
f 1272/2821/2087 1297/2824/1777 1279/2807/2078
f 1750/2820/2086 1291/2828/2091 1272/2821/2087
f 1276/2822/2088 1272/2821/2087 1291/2828/2091
f 1750/2820/2086 1653/2817/2083 1753/2829/2092
f 1759/2830/2093 1291/2828/2091 1750/2820/2086
f 2570/2810/2080 2178/2818/2084 2512/2811/2081
f 1276/2822/2088 1291/2828/2091 2579/2831/2094
f 1753/2829/2092 1759/2830/2093 1750/2820/2086
f 1260/2819/2085 1292/2814/2082 2178/2818/2084
f 1815/2827/2090 1291/2828/2091 1759/2830/2093
f 1291/2828/2091 1815/2827/2090 2579/2831/2094
f 2579/2831/2094 2502/2832/2095 2041/2833/2096
f 1648/2834/2097 1759/2830/2093 1753/2829/2092
f 1759/2830/2093 1648/2834/2097 1815/2827/2090
f 1648/2834/2097 1668/2809/2079 1815/2827/2090
f 1274/2835/2098 2178/2818/2084 2502/2832/2095
f 1274/2835/2098 2512/2811/2081 2178/2818/2084
f 2502/2832/2095 2178/2818/2084 1292/2814/2082
f 1282/2825/2089 1728/2836/309 1292/2814/2082
f 1668/2809/2079 1648/2834/2097 1639/2837/2099
f 2570/2810/2080 1668/2809/2079 1644/2838/2100
f 1668/2809/2079 1639/2837/2099 1644/2838/2100
f 1644/2838/2100 1258/2839/2101 2570/2810/2080
f 169/2840/2102 152/2841/824 164/2842/2103
f 1650/2843/2104 1258/2839/2101 1242/2844/2105
f 859/2845/2106 2316/2846/2107 1108/2847/2108
f 1258/2839/2101 1650/2843/2104 1727/2848/2109
f 1258/2839/2101 1282/2825/2089 1260/2819/2085
f 1727/2848/2109 1282/2825/2089 1258/2839/2101
f 1727/2848/2109 1650/2843/2104 1289/2849/2110
f 1644/2838/2100 1639/2837/2099 1242/2844/2105
f 35/2850/2111 36/2851/2112 306/2852/2113
f 1258/2839/2101 1260/2819/2085 2570/2810/2080
f 1258/2839/2101 1644/2838/2100 1242/2844/2105
f 1108/2847/2108 2316/2846/2107 122/2853/846
f 1727/2848/2109 1289/2849/2110 1282/2825/2089
f 1753/2829/2092 1653/2817/2083 2186/2816/1756
f 306/2852/2113 169/2840/2102 165/2854/2114
f 905/2855/2115 2316/2846/2107 859/2845/2106
f 1104/2856/2116 2499/2857/2117 973/2858/2118
f 169/2840/2102 306/2852/2113 36/2851/2112
f 1104/2856/2116 973/2858/2118 983/2859/2119
f 822/2860/1131 964/2861/1130 983/2859/2119
f 1104/2856/2116 983/2859/2119 964/2861/1130
f 963/2862/1124 1104/2856/2116 964/2861/1130
f 1104/2856/2116 963/2862/1124 789/2863/2120
f 2041/2833/2096 2501/2813/230 1235/2826/232
f 898/2864/2121 985/2865/2122 984/2866/2123
f 2269/2867/2124 899/2868/2125 883/2869/2126
f 898/2864/2121 894/2870/2127 908/2871/2128
f 929/2872/2129 931/2873/2130 935/2874/2131
f 905/2855/2115 895/2875/2132 165/2854/2114
f 883/2869/2126 885/2876/2133 2338/2877/2134
f 905/2855/2115 894/2870/2127 895/2875/2132
f 911/2878/2135 985/2865/2122 979/2879/2136
f 899/2868/2125 932/2880/2137 883/2869/2126
f 911/2878/2135 979/2879/2136 908/2871/2128
f 908/2871/2128 894/2870/2127 905/2855/2115
f 1081/2881/2138 973/2858/2118 936/2882/2139
f 931/2873/2130 797/2883/2140 984/2866/2123
f 797/2883/2140 885/2876/2133 932/2880/2137
f 984/2866/2123 797/2883/2140 898/2864/2121
f 885/2876/2133 931/2873/2130 900/2884/2141
f 929/2872/2129 935/2874/2131 936/2882/2139
f 838/2885/2142 899/2868/2125 2269/2867/2124
f 936/2882/2139 2499/2857/2117 903/2886/2143
f 1108/2847/2108 911/2878/2135 908/2871/2128
f 797/2883/2140 894/2870/2127 898/2864/2121
f 936/2882/2139 935/2874/2131 1081/2881/2138
f 979/2879/2136 985/2865/2122 898/2864/2121
f 979/2879/2136 898/2864/2121 908/2871/2128
f 885/2876/2133 883/2869/2126 932/2880/2137
f 905/2855/2115 165/2854/2114 164/2842/2103
f 985/2865/2122 935/2874/2131 931/2873/2130
f 932/2880/2137 894/2870/2127 797/2883/2140
f 2347/2887/2144 2338/2877/2134 903/2886/2143
f 797/2883/2140 931/2873/2130 885/2876/2133
f 894/2870/2127 932/2880/2137 899/2868/2125
f 169/2840/2102 36/2851/2112 707/2888/836
f 148/2889/1804 35/2850/2111 26/2890/1805
f 152/2841/824 2316/2846/2107 164/2842/2103
f 895/2875/2132 894/2870/2127 838/2885/2142
f 707/2888/836 152/2841/824 169/2840/2102
f 931/2873/2130 929/2872/2129 900/2884/2141
f 36/2851/2112 35/2850/2111 148/2889/1804
f 908/2871/2128 859/2845/2106 1108/2847/2108
f 985/2865/2122 931/2873/2130 984/2866/2123
f 859/2845/2106 908/2871/2128 905/2855/2115
f 894/2870/2127 899/2868/2125 838/2885/2142
f 2316/2846/2107 2393/2891/847 122/2853/846
f 164/2842/2103 165/2854/2114 169/2840/2102
f 838/2885/2142 165/2854/2114 895/2875/2132
f 152/2841/824 2393/2891/847 2316/2846/2107
f 2338/2877/2134 885/2876/2133 900/2884/2141
f 2316/2846/2107 905/2855/2115 164/2842/2103
f 1292/2814/2082 2501/2813/230 2502/2832/2095
f 148/2889/1804 707/2888/836 36/2851/2112
f 1292/2814/2082 1728/2836/309 1293/2812/228
f 2579/2831/2094 1815/2827/2090 1274/2835/2098
f 2502/2832/2095 2501/2813/230 2041/2833/2096
f 2512/2811/2081 1274/2835/2098 1815/2827/2090
f 1235/2826/232 1276/2822/2088 2579/2831/2094
f 2502/2832/2095 2579/2831/2094 1274/2835/2098
f 1235/2826/232 2579/2831/2094 2041/2833/2096
f 1277/2815/1787 1279/2807/2078 1297/2824/1777
f 1276/2822/2088 1297/2824/1777 1272/2821/2087
f 1650/2843/2104 1695/2892/2145 1957/2893/2146
f 1957/2893/2146 1647/2894/2147 614/2895/2148
f 704/2896/1173 609/2897/2149 614/2895/2148
f 2338/2877/2134 2269/2867/2124 883/2869/2126
f 1639/2837/2099 1695/2892/2145 1242/2844/2105
f 1647/2894/2147 1957/2893/2146 1695/2892/2145
f 900/2884/2141 929/2872/2129 903/2886/2143
f 1648/2834/2097 1663/2898/2150 1722/2899/2151
f 1647/2894/2147 132/2900/2152 614/2895/2148
f 614/2895/2148 609/2897/2149 1957/2893/2146
f 131/2901/1154 704/2896/1173 614/2895/2148
f 21/2902/2153 20/2903/2154 101/2904/2155
f 127/2905/2156 101/2904/2155 20/2903/2154
f 936/2882/2139 903/2886/2143 929/2872/2129
f 613/2906/2157 126/2907/2158 19/2908/2159
f 132/2900/2152 1695/2892/2145 140/2909/2160
f 1753/2829/2092 2186/2816/1756 648/2910/1796
f 1753/2829/2092 1705/2911/2161 1648/2834/2097
f 1663/2898/2150 664/2912/2162 1722/2899/2151
f 132/2900/2152 131/2901/1154 614/2895/2148
f 20/2903/2154 32/2913/2163 19/2908/2159
f 31/2914/2164 21/2902/2153 33/2915/2165
f 32/2913/2163 31/2914/2164 30/2916/2166
f 1639/2837/2099 140/2909/2160 1695/2892/2145
f 1921/2917/2167 1753/2829/2092 648/2910/1796
f 1705/2911/2161 1753/2829/2092 1921/2917/2167
f 613/2906/2157 1663/2898/2150 1705/2911/2161
f 2338/2877/2134 900/2884/2141 903/2886/2143
f 664/2912/2162 1663/2898/2150 613/2906/2157
f 903/2886/2143 2499/2857/2117 2347/2887/2144
f 936/2882/2139 973/2858/2118 2499/2857/2117
f 1081/2881/2138 983/2859/2119 973/2858/2118
f 132/2900/2152 30/2916/2166 31/2914/2164
f 789/2863/2120 2347/2887/2144 2499/2857/2117
f 32/2913/2163 20/2903/2154 31/2914/2164
f 789/2863/2120 963/2862/1124 2347/2887/2144
f 30/2916/2166 140/2909/2160 664/2912/2162
f 1663/2898/2150 1648/2834/2097 1705/2911/2161
f 132/2900/2152 140/2909/2160 30/2916/2166
f 1722/2899/2151 1639/2837/2099 1648/2834/2097
f 1921/2917/2167 648/2910/1796 129/2918/1795
f 19/2908/2159 126/2907/2158 127/2905/2156
f 1705/2911/2161 1921/2917/2167 613/2906/2157
f 789/2863/2120 2499/2857/2117 1104/2856/2116
f 321/2919/2168 983/2859/2119 1081/2881/2138
f 54/2920/226 47/2921/1820 40/2922/1814
f 296/2923/2169 295/2924/2170 313/2925/2171
f 295/2924/2170 296/2923/2169 285/2926/2172
f 42/2927/2173 295/2924/2170 285/2926/2172
f 305/2928/2174 295/2924/2170 278/2929/321
f 822/2860/1131 321/2919/2168 312/2930/322
f 42/2927/2173 47/2921/1820 54/2920/226
f 47/2921/1820 285/2926/2172 50/2931/859
f 1088/2932/2175 295/2924/2170 305/2928/2174
f 978/2933/2176 935/2874/2131 313/2925/2171
f 54/2920/226 41/2934/225 42/2927/2173
f 312/2930/322 321/2919/2168 305/2928/2174
f 295/2924/2170 1088/2932/2175 313/2925/2171
f 978/2933/2176 1081/2881/2138 935/2874/2131
f 42/2927/2173 285/2926/2172 47/2921/1820
f 855/2935/858 288/2936/843 296/2923/2169
f 320/2937/318 278/2929/321 42/2927/2173
f 320/2937/318 42/2927/2173 41/2934/225
f 1088/2932/2175 978/2933/2176 313/2925/2171
f 321/2919/2168 978/2933/2176 305/2928/2174
f 978/2933/2176 321/2919/2168 1081/2881/2138
f 313/2925/2171 911/2878/2135 296/2923/2169
f 983/2859/2119 321/2919/2168 822/2860/1131
f 295/2924/2170 42/2927/2173 278/2929/321
f 305/2928/2174 278/2929/321 312/2930/322
f 855/2935/858 911/2878/2135 1108/2847/2108
f 296/2923/2169 288/2936/843 50/2931/859
f 935/2874/2131 985/2865/2122 313/2925/2171
f 911/2878/2135 855/2935/858 296/2923/2169
f 122/2853/846 930/2938/856 1108/2847/2108
f 911/2878/2135 313/2925/2171 985/2865/2122
f 40/2922/1814 45/2939/227 54/2920/226
f 855/2935/858 1108/2847/2108 930/2938/856
f 978/2933/2176 1088/2932/2175 305/2928/2174
f 296/2923/2169 50/2931/859 285/2926/2172
f 2027/2940/1103 303/2941/2177 966/2942/2178
f 35/2850/2111 306/2852/2113 33/2915/2165
f 966/2942/2178 945/2943/1174 2027/2940/1103
f 613/2906/2157 1921/2917/2167 126/2907/2158
f 1722/2899/2151 664/2912/2162 140/2909/2160
f 20/2903/2154 19/2908/2159 127/2905/2156
f 307/2944/2179 306/2852/2113 2269/2867/2124
f 126/2907/2158 1921/2917/2167 129/2918/1795
f 31/2914/2164 298/2945/2180 131/2901/1154
f 140/2909/2160 1639/2837/2099 1722/2899/2151
f 303/2941/2177 307/2944/2179 2269/2867/2124
f 613/2906/2157 30/2916/2166 664/2912/2162
f 613/2906/2157 19/2908/2159 30/2916/2166
f 306/2852/2113 307/2944/2179 33/2915/2165
f 966/2942/2178 303/2941/2177 2269/2867/2124
f 33/2915/2165 307/2944/2179 298/2945/2180
f 26/2890/1805 21/2902/2153 24/2946/1818
f 135/2947/1794 101/2904/2155 127/2905/2156
f 2338/2877/2134 2347/2887/2144 945/2943/1174
f 35/2850/2111 21/2902/2153 26/2890/1805
f 1695/2892/2145 132/2900/2152 1647/2894/2147
f 129/2918/1795 135/2947/1794 126/2907/2158
f 135/2947/1794 127/2905/2156 126/2907/2158
f 303/2941/2177 2027/2940/1103 2489/2948/1102
f 1650/2843/2104 1242/2844/2105 1695/2892/2145
f 31/2914/2164 33/2915/2165 298/2945/2180
f 30/2916/2166 19/2908/2159 32/2913/2163
f 303/2941/2177 2489/2948/1102 298/2945/2180
f 35/2850/2111 33/2915/2165 21/2902/2153
f 2338/2877/2134 966/2942/2178 2269/2867/2124
f 101/2904/2155 135/2947/1794 24/2946/1818
f 24/2946/1818 21/2902/2153 101/2904/2155
f 2347/2887/2144 818/2949/1126 945/2943/1174
f 165/2854/2114 838/2885/2142 306/2852/2113
f 20/2903/2154 21/2902/2153 31/2914/2164
f 131/2901/1154 132/2900/2152 31/2914/2164
f 298/2945/2180 2489/2948/1102 149/2950/1119
f 945/2943/1174 966/2942/2178 2338/2877/2134
f 818/2949/1126 2347/2887/2144 963/2862/1124
f 149/2950/1119 131/2901/1154 298/2945/2180
f 298/2945/2180 307/2944/2179 303/2941/2177
f 306/2852/2113 838/2885/2142 2269/2867/2124
f 328/2951/2181 1731/2952/2182 1715/2953/2183
f 1518/2954/389 588/2955/2184 1549/2956/397
f 588/2955/2184 1561/2957/2185 237/2958/2186
f 1731/2952/2182 1732/2959/2187 1682/2960/2188
f 1626/2961/408 1673/2962/2189 1506/2963/393
f 273/2964/2190 276/2965/2191 277/2966/2192
f 2418/2967/2193 777/2968/2194 756/2969/2195
f 299/2970/2196 777/2968/2194 341/2971/2197
f 418/2972/2198 1432/2973/2199 271/2974/2200
f 786/2975/2201 1125/2976/1040 998/2977/2202
f 588/2955/2184 237/2958/2186 214/2978/2203
f 771/2979/1022 770/2980/2204 757/2981/2205
f 771/2979/1022 757/2981/2205 998/2977/2202
f 1062/2982/2206 1150/2983/2207 1682/2960/2188
f 271/2974/2200 276/2965/2191 272/2984/2208
f 588/2955/2184 214/2978/2203 1549/2956/397
f 771/2979/1022 275/2985/1021 770/2980/2204
f 328/2951/2181 1737/2986/2209 1968/2987/2210
f 1125/2976/1040 771/2979/1022 998/2977/2202
f 1565/2988/395 1673/2962/2189 1678/2989/2211
f 237/2958/2186 1690/2990/2212 214/2978/2203
f 237/2958/2186 1693/2991/2213 1174/2992/2214
f 1713/2993/2215 1690/2990/2212 237/2958/2186
f 1174/2992/2214 1693/2991/2213 1682/2960/2188
f 757/2981/2205 770/2980/2204 788/2994/2216
f 236/2995/2217 550/2996/1559 519/2997/1558
f 1732/2959/2187 328/2951/2181 2422/2998/2218
f 1519/2999/404 1549/2956/397 214/2978/2203
f 1690/2990/2212 236/2995/2217 214/2978/2203
f 588/2955/2184 1517/3000/394 1565/2988/395
f 1713/2993/2215 237/2958/2186 1174/2992/2214
f 341/2971/2197 761/3001/2219 276/2965/2191
f 1174/2992/2214 1682/2960/2188 1180/3002/2220
f 1062/2982/2206 1020/3003/2221 1150/2983/2207
f 1631/3004/2222 1682/2960/2188 1732/2959/2187
f 273/2964/2190 277/2966/2192 269/3005/1017
f 269/3005/1017 272/2984/2208 273/2964/2190
f 2422/2998/2218 1631/3004/2222 1732/2959/2187
f 587/3006/405 214/2978/2203 236/2995/2217
f 1192/3007/2223 1690/2990/2212 1713/2993/2215
f 1432/2973/2199 341/2971/2197 271/2974/2200
f 406/3008/1037 394/3009/777 691/3010/2224
f 275/2985/1021 274/3011/1018 277/2966/2192
f 1192/3007/2223 1713/2993/2215 1174/2992/2214
f 341/2971/2197 1432/2973/2199 342/3012/2225
f 1177/3013/760 299/2970/2196 695/3014/761
f 342/3012/2225 436/3015/2226 299/2970/2196
f 236/2995/2217 519/2997/1558 587/3006/405
f 1679/3016/2227 1062/2982/2206 1631/3004/2222
f 342/3012/2225 1432/2973/2199 706/3017/2228
f 436/3015/2226 342/3012/2225 692/3018/2229
f 342/3012/2225 706/3017/2228 692/3018/2229
f 761/3001/2219 2418/2967/2193 1034/3019/2230
f 277/2966/2192 770/2980/2204 275/2985/1021
f 770/2980/2204 779/3020/2231 788/2994/2216
f 394/3009/777 406/3008/1037 594/3021/805
f 1224/3022/1041 1432/2973/2199 418/2972/2198
f 1034/3019/2230 773/3023/2232 761/3001/2219
f 341/2971/2197 777/2968/2194 761/3001/2219
f 1101/3024/2233 757/2981/2205 788/2994/2216
f 779/3020/2231 277/2966/2192 276/2965/2191
f 236/2995/2217 1836/3025/2234 1460/3026/2235
f 1085/3027/2236 1836/3025/2234 1048/3028/2237
f 2418/2967/2193 1188/3029/2238 1034/3019/2230
f 1733/3030/2239 1670/3031/2240 1455/3032/2241
f 756/2969/2195 1188/3029/2238 2418/2967/2193
f 1048/3028/2237 1455/3032/2241 1085/3027/2236
f 1047/3033/2242 1034/3019/2230 1188/3029/2238
f 1455/3032/2241 1160/3034/2243 1085/3027/2236
f 1460/3026/2235 1836/3025/2234 1187/3035/1595
f 1460/3026/2235 1187/3035/1595 1538/3036/1596
f 1129/3037/2244 1048/3028/2237 1836/3025/2234
f 1160/3034/2243 1609/3038/803 1085/3027/2236
f 756/2969/2195 1080/3039/768 1188/3029/2238
f 1670/3031/2240 1733/3030/2239 2451/3040/2245
f 1077/3041/2246 1609/3038/803 1160/3034/2243
f 1160/3034/2243 1670/3031/2240 1077/3041/2246
f 1047/3033/2242 1455/3032/2241 1048/3028/2237
f 1460/3026/2235 1538/3036/1596 550/2996/1559
f 1187/3035/1595 1085/3027/2236 1609/3038/803
f 1609/3038/803 1077/3041/2246 1076/3042/802
f 1733/3030/2239 1188/3029/2238 2451/3040/2245
f 1047/3033/2242 1188/3029/2238 1733/3030/2239
f 1129/3037/2244 236/2995/2217 1690/2990/2212
f 1080/3039/768 2498/3043/801 1077/3041/2246
f 1460/3026/2235 550/2996/1559 236/2995/2217
f 1077/3041/2246 2451/3040/2245 1080/3039/768
f 1047/3033/2242 1733/3030/2239 1455/3032/2241
f 1077/3041/2246 1670/3031/2240 2451/3040/2245
f 1836/3025/2234 236/2995/2217 1129/3037/2244
f 1160/3034/2243 1455/3032/2241 1670/3031/2240
f 2498/3043/801 1076/3042/802 1077/3041/2246
f 1836/3025/2234 1085/3027/2236 1187/3035/1595
f 776/3044/2247 1557/3045/2248 1723/3046/2249
f 1025/3047/2250 1098/3048/2251 1023/3049/2252
f 779/3020/2231 276/2965/2191 751/3050/2253
f 1136/3051/2254 1126/3052/2255 1748/3053/2256
f 1008/3054/2257 957/3055/2258 1023/3049/2252
f 1723/3046/2249 1153/3056/2259 776/3044/2247
f 1689/3057/2260 1148/3058/2261 1023/3049/2252
f 1034/3019/2230 745/3059/2262 765/3060/2263
f 1065/3061/2264 1047/3033/2242 1145/3062/2265
f 1095/3063/2266 1741/3064/2267 1723/3046/2249
f 1065/3061/2264 744/3065/2268 745/3059/2262
f 745/3059/2262 1612/3066/2269 1135/3067/2270
f 1115/3068/2271 1135/3067/2270 1021/3069/2272
f 2297/3070/2273 1741/3064/2267 1095/3063/2266
f 2253/3071/2274 1129/3037/2244 1690/2990/2212
f 1048/3028/2237 1145/3062/2265 1047/3033/2242
f 1748/3053/2256 1126/3052/2255 2253/3071/2274
f 744/3065/2268 1065/3061/2264 1145/3062/2265
f 1034/3019/2230 765/3060/2263 773/3023/2232
f 1795/3072/2275 2253/3071/2274 1192/3007/2223
f 1036/3073/2276 1748/3053/2256 1741/3064/2267
f 773/3023/2232 751/3050/2253 276/2965/2191
f 946/3074/2277 1040/3075/2278 2473/3076/2279
f 2395/3077/2280 957/3055/2258 1101/3024/2233
f 1682/2960/2188 1150/2983/2207 1169/3078/2281
f 1036/3073/2276 1741/3064/2267 2297/3070/2273
f 1036/3073/2276 1136/3051/2254 1748/3053/2256
f 1690/2990/2212 1192/3007/2223 2253/3071/2274
f 1739/3079/2282 946/3074/2277 1723/3046/2249
f 1051/3080/2283 1551/3081/2284 1042/3082/2285
f 2297/3070/2273 1135/3067/2270 1036/3073/2276
f 767/3083/2286 1098/3048/2251 2395/3077/2280
f 1748/3053/2256 1795/3072/2275 1739/3079/2282
f 1048/3028/2237 1129/3037/2244 1616/3084/2287
f 946/3074/2277 1458/3085/2288 1099/3086/2289
f 1040/3075/2278 1098/3048/2251 767/3083/2286
f 751/3050/2253 765/3060/2263 1557/3045/2248
f 776/3044/2247 788/2994/2216 779/3020/2231
f 946/3074/2277 1739/3079/2282 1458/3085/2288
f 779/3020/2231 751/3050/2253 776/3044/2247
f 1023/3049/2252 1043/3087/2290 1008/3054/2257
f 1612/3066/2269 1145/3062/2265 1616/3084/2287
f 1169/3078/2281 1150/2983/2207 1148/3058/2261
f 1148/3058/2261 1689/3057/2260 1169/3078/2281
f 1025/3047/2250 1023/3049/2252 957/3055/2258
f 1125/2976/1040 1120/3088/2291 1134/3089/1043
f 1125/2976/1040 786/2975/2201 1120/3088/2291
f 1135/3067/2270 1612/3066/2269 1136/3051/2254
f 2473/3076/2279 1040/3075/2278 767/3083/2286
f 1043/3087/2290 1044/3090/2292 1052/3091/2293
f 1126/3052/2255 1129/3037/2244 2253/3071/2274
f 1557/3045/2248 776/3044/2247 751/3050/2253
f 776/3044/2247 1153/3056/2259 2473/3076/2279
f 1044/3090/2292 1020/3003/2221 1052/3091/2293
f 1065/3061/2264 745/3059/2262 1034/3019/2230
f 1679/3016/2227 1052/3091/2293 1020/3003/2221
f 1095/3063/2266 1557/3045/2248 2297/3070/2273
f 1795/3072/2275 1192/3007/2223 1051/3080/2283
f 1748/3053/2256 2253/3071/2274 1795/3072/2275
f 2297/3070/2273 1557/3045/2248 1021/3069/2272
f 1795/3072/2275 1051/3080/2283 1739/3079/2282
f 1689/3057/2260 1099/3086/2289 1458/3085/2288
f 1021/3069/2272 1135/3067/2270 2297/3070/2273
f 1145/3062/2265 1612/3066/2269 744/3065/2268
f 946/3074/2277 1099/3086/2289 1040/3075/2278
f 1115/3068/2271 745/3059/2262 1135/3067/2270
f 750/3092/763 1080/3039/768 756/2969/2195
f 776/3044/2247 2473/3076/2279 767/3083/2286
f 750/3092/763 756/2969/2195 1177/3013/760
f 1458/3085/2288 1739/3079/2282 1042/3082/2285
f 765/3060/2263 1115/3068/2271 1021/3069/2272
f 1689/3057/2260 1098/3048/2251 1099/3086/2289
f 1043/3087/2290 1023/3049/2252 1044/3090/2292
f 1044/3090/2292 1045/3093/2294 1020/3003/2221
f 1741/3064/2267 1748/3053/2256 1739/3079/2282
f 1126/3052/2255 1136/3051/2254 1612/3066/2269
f 1136/3051/2254 1036/3073/2276 1135/3067/2270
f 1551/3081/2284 1180/3002/2220 1682/2960/2188
f 1040/3075/2278 1099/3086/2289 1098/3048/2251
f 1689/3057/2260 1023/3049/2252 1098/3048/2251
f 1095/3063/2266 1723/3046/2249 1557/3045/2248
f 1458/3085/2288 1042/3082/2285 1689/3057/2260
f 1682/2960/2188 1169/3078/2281 1551/3081/2284
f 946/3074/2277 2473/3076/2279 1153/3056/2259
f 788/2994/2216 776/3044/2247 767/3083/2286
f 1169/3078/2281 1689/3057/2260 1042/3082/2285
f 1025/3047/2250 2395/3077/2280 1098/3048/2251
f 1101/3024/2233 767/3083/2286 2395/3077/2280
f 1612/3066/2269 745/3059/2262 744/3065/2268
f 1180/3002/2220 1551/3081/2284 1051/3080/2283
f 1034/3019/2230 1047/3033/2242 1065/3061/2264
f 1126/3052/2255 1612/3066/2269 1616/3084/2287
f 1008/3054/2257 768/3094/2295 957/3055/2258
f 1192/3007/2223 1180/3002/2220 1051/3080/2283
f 1153/3056/2259 1723/3046/2249 946/3074/2277
f 1150/2983/2207 1020/3003/2221 1045/3093/2294
f 767/3083/2286 1101/3024/2233 788/2994/2216
f 765/3060/2263 751/3050/2253 773/3023/2232
f 1042/3082/2285 1551/3081/2284 1169/3078/2281
f 1148/3058/2261 1045/3093/2294 1044/3090/2292
f 2395/3077/2280 1025/3047/2250 957/3055/2258
f 1739/3079/2282 1051/3080/2283 1042/3082/2285
f 1723/3046/2249 1741/3064/2267 1739/3079/2282
f 1664/3095/2296 2208/3096/305 2161/3097/2297
f 2422/2998/2218 1968/2987/2210 1664/3095/2296
f 1631/3004/2222 2422/2998/2218 2161/3097/2297
f 1969/3098/2298 2208/3096/305 1664/3095/2296
f 1969/3098/2298 1664/3095/2296 1968/2987/2210
f 1679/3016/2227 1631/3004/2222 2161/3097/2297
f 1969/3098/2298 2209/3099/299 2208/3096/305
f 1148/3058/2261 1150/2983/2207 1045/3093/2294
f 1021/3069/2272 1557/3045/2248 765/3060/2263
f 1101/3024/2233 768/3094/2295 1082/3100/2299
f 1023/3049/2252 1148/3058/2261 1044/3090/2292
f 2209/3099/299 1968/2987/2210 1629/3101/396
f 1145/3062/2265 1048/3028/2237 1616/3084/2287
f 2422/2998/2218 1664/3095/2296 2161/3097/2297
f 691/3010/2224 692/3018/2229 706/3017/2228
f 1129/3037/2244 1126/3052/2255 1616/3084/2287
f 341/2971/2197 342/3012/2225 299/2970/2196
f 745/3059/2262 1115/3068/2271 765/3060/2263
f 1101/3024/2233 957/3055/2258 768/3094/2295
f 270/3102/1026 418/2972/2198 272/2984/2208
f 756/2969/2195 299/2970/2196 1177/3013/760
f 272/2984/2208 276/2965/2191 273/2964/2190
f 706/3017/2228 1224/3022/1041 406/3008/1037
f 274/3011/1018 269/3005/1017 277/2966/2192
f 1969/3098/2298 1968/2987/2210 2209/3099/299
f 777/2968/2194 299/2970/2196 756/2969/2195
f 1188/3029/2238 1080/3039/768 2451/3040/2245
f 272/2984/2208 269/3005/1017 270/3102/1026
f 1432/2973/2199 1224/3022/1041 706/3017/2228
f 692/3018/2229 1316/3103/767 436/3015/2226
f 1316/3103/767 692/3018/2229 691/3010/2224
f 418/2972/2198 270/3102/1026 354/3104/1033
f 276/2965/2191 761/3001/2219 773/3023/2232
f 1673/2962/2189 1565/2988/395 1506/2963/393
f 1062/2982/2206 1682/2960/2188 1631/3004/2222
f 695/3014/761 299/2970/2196 436/3015/2226
f 998/2977/2202 757/2981/2205 1101/3024/2233
f 1678/2989/2211 1561/2957/2185 588/2955/2184
f 998/2977/2202 1101/3024/2233 1082/3100/2299
f 1693/2991/2213 1678/2989/2211 1731/2952/2182
f 770/2980/2204 277/2966/2192 779/3020/2231
f 214/2978/2203 587/3006/405 1519/2999/404
f 406/3008/1037 691/3010/2224 706/3017/2228
f 1679/3016/2227 1020/3003/2221 1062/2982/2206
f 1731/2952/2182 1682/2960/2188 1693/2991/2213
f 1082/3100/2299 786/2975/2201 998/2977/2202
f 272/2984/2208 418/2972/2198 271/2974/2200
f 1678/2989/2211 588/2955/2184 1565/2988/395
f 354/3104/1033 1224/3022/1041 418/2972/2198
f 1737/2986/2209 328/2951/2181 1715/2953/2183
f 1715/2953/2183 1678/2989/2211 1673/2962/2189
f 1629/3101/396 1968/2987/2210 1737/2986/2209
f 276/2965/2191 271/2974/2200 341/2971/2197
f 1629/3101/396 1715/2953/2183 1626/2961/408
f 1316/3103/767 691/3010/2224 394/3009/777
f 1174/2992/2214 1180/3002/2220 1192/3007/2223
f 237/2958/2186 1678/2989/2211 1693/2991/2213
f 328/2951/2181 1968/2987/2210 2422/2998/2218
f 1626/2961/408 1715/2953/2183 1673/2962/2189
f 1316/3103/767 695/3014/761 436/3015/2226
f 1715/2953/2183 1731/2952/2182 1678/2989/2211
f 1731/2952/2182 328/2951/2181 1732/2959/2187
f 1518/2954/389 1517/3000/394 588/2955/2184
f 1715/2953/2183 1629/3101/396 1737/2986/2209
f 761/3001/2219 777/2968/2194 2418/2967/2193
f 1678/2989/2211 237/2958/2186 1561/2957/2185
f 1719/3105/2300 1071/3106/2301 840/3107/2302
f 632/3108/1117 1053/3109/2303 1071/3106/2301
f 632/3108/1117 1071/3106/2301 657/3110/1118
f 2091/3111/2304 2403/3112/2305 1072/3113/2306
f 1079/3114/2307 1071/3106/2301 1719/3105/2300
f 1071/3106/2301 1053/3109/2303 840/3107/2302
f 1055/3115/2308 1072/3113/2306 1073/3116/2309
f 1719/3105/2300 1699/3117/2310 1079/3114/2307
f 1064/3118/1122 1143/3119/2311 1053/3109/2303
f 1079/3114/2307 1699/3117/2310 1685/3120/2312
f 1692/3121/2313 1699/3117/2310 1719/3105/2300
f 1064/3118/1122 1035/3122/2314 1143/3119/2311
f 1035/3122/2314 962/3123/2315 1143/3119/2311
f 1006/3124/2316 1017/3125/2317 1009/3126/2318
f 2336/3127/2319 1059/3128/2320 1068/3129/2321
f 1079/3114/2307 2556/3130/2322 723/3131/1172
f 2090/3132/2323 1719/3105/2300 2091/3111/2304
f 1719/3105/2300 840/3107/2302 2091/3111/2304
f 2423/3133/1107 1016/3134/1100 1035/3122/2314
f 2091/3111/2304 1704/3135/2324 2090/3132/2323
f 2090/3132/2323 1704/3135/2324 1692/3121/2313
f 1035/3122/2314 1016/3134/1100 962/3123/2315
f 962/3123/2315 1059/3128/2320 1143/3119/2311
f 1072/3113/2306 2403/3112/2305 2336/3127/2319
f 1704/3135/2324 2091/3111/2304 1072/3113/2306
f 2406/3136/2325 962/3123/2315 1016/3134/1100
f 1241/3137/2326 1059/3128/2320 962/3123/2315
f 2336/3127/2319 1073/3116/2309 1072/3113/2306
f 2336/3127/2319 1068/3129/2321 1073/3116/2309
f 1241/3137/2326 962/3123/2315 2406/3136/2325
f 1241/3137/2326 1058/3138/2327 1059/3128/2320
f 1073/3116/2309 1068/3129/2321 1017/3125/2317
f 1241/3137/2326 2406/3136/2325 769/3139/1159
f 769/3139/1159 2406/3136/2325 783/3140/1099
f 1241/3137/2326 1121/3141/2328 1058/3138/2327
f 1055/3115/2308 1142/3142/2329 1072/3113/2306
f 1121/3141/2328 1009/3126/2318 1058/3138/2327
f 1017/3125/2317 1068/3129/2321 1009/3126/2318
f 1060/3143/2330 1142/3142/2329 1055/3115/2308
f 1017/3125/2317 1049/3144/2331 2412/3145/2332
f 1060/3143/2330 1055/3115/2308 1049/3144/2331
f 996/3146/2333 762/3147/2334 1026/3148/2335
f 1141/3149/2336 1018/3150/2337 1139/3151/2338
f 1120/3152/2291 796/3153/2339 2426/3154/2340
f 1140/3155/2341 2547/3156/2342 1141/3149/2336
f 1139/3151/2338 1018/3150/2337 1019/3157/2343
f 1123/3158/1170 1755/3159/501 1107/3160/2344
f 1231/3161/2345 1155/3162/2346 1222/3163/2347
f 2547/3156/2342 1133/3164/2348 1141/3149/2336
f 1005/3165/2349 1027/3166/2350 1014/3167/2351
f 1102/3168/2352 1012/3169/2353 1014/3167/2351
f 1117/3170/2354 1038/3171/2355 1102/3168/2352
f 1005/3165/2349 1014/3167/2351 1012/3169/2353
f 762/3147/2334 1121/3141/2328 1026/3148/2335
f 1026/3148/2335 1024/3172/2356 996/3146/2333
f 1102/3168/2352 1014/3167/2351 1133/3164/2348
f 1026/3148/2335 769/3139/1159 772/3173/2357
f 772/3173/2357 1128/3174/1165 498/3175/1171
f 1000/3176/2358 996/3146/2333 1137/3177/2359
f 1152/3178/1169 1127/3179/2360 1137/3177/2359
f 1137/3177/2359 1019/3157/2343 1000/3176/2358
f 1156/3180/2361 1147/3181/2362 1117/3170/2354
f 1019/3157/2343 1018/3150/2337 1027/3166/2350
f 1026/3148/2335 1121/3141/2328 769/3139/1159
f 1024/3172/2356 1026/3148/2335 772/3173/2357
f 1000/3176/2358 1019/3157/2343 762/3147/2334
f 2412/3145/2332 1073/3116/2309 1017/3125/2317
f 723/3131/1172 2556/3130/2322 704/3182/1173
f 1075/3183/1115 1035/3122/2314 1064/3118/1122
f 1068/3129/2321 1058/3138/2327 1009/3126/2318
f 996/3146/2333 1024/3172/2356 1137/3177/2359
f 1027/3166/2350 1018/3150/2337 1014/3167/2351
f 1006/3124/2316 1049/3144/2331 1017/3125/2317
f 2336/3127/2319 2355/3184/2363 1143/3119/2311
f 2355/3184/2363 2336/3127/2319 2403/3112/2305
f 1059/3128/2320 1058/3138/2327 1068/3129/2321
f 1137/3177/2359 1140/3155/2341 1139/3151/2338
f 1071/3106/2301 1079/3114/2307 657/3110/1118
f 772/3173/2357 769/3139/1159 1128/3174/1165
f 1059/3128/2320 2336/3127/2319 1143/3119/2311
f 760/3185/2364 1033/3186/2365 796/3153/2339
f 723/3131/1172 657/3110/1118 1079/3114/2307
f 2403/3112/2305 2091/3111/2304 840/3107/2302
f 1049/3144/2331 1055/3115/2308 2412/3145/2332
f 2355/3184/2363 840/3107/2302 1053/3109/2303
f 1035/3122/2314 1075/3183/1115 2423/3133/1107
f 781/3187/2366 1033/3186/2365 1038/3171/2355
f 783/3140/1099 2406/3136/2325 1016/3134/1100
f 1147/3181/2362 1003/3188/995 1134/3189/1043
f 2412/3145/2332 1055/3115/2308 1073/3116/2309
f 1064/3118/1122 1053/3109/2303 632/3108/1117
f 1127/3179/2360 1140/3155/2341 1137/3177/2359
f 1137/3177/2359 1024/3172/2356 1152/3178/1169
f 2090/3132/2323 1692/3121/2313 1719/3105/2300
f 1038/3171/2355 1012/3169/2353 1102/3168/2352
f 1014/3167/2351 1018/3150/2337 1133/3164/2348
f 1127/3179/2360 1152/3178/1169 1123/3158/1170
f 1107/3160/2344 1127/3179/2360 1123/3158/1170
f 1107/3160/2344 2547/3156/2342 1140/3155/2341
f 1222/3163/2347 2547/3156/2342 1107/3160/2344
f 1133/3164/2348 2547/3156/2342 1155/3162/2346
f 1117/3170/2354 781/3187/2366 1038/3171/2355
f 2403/3112/2305 840/3107/2302 2355/3184/2363
f 1241/3137/2326 769/3139/1159 1121/3141/2328
f 1155/3162/2346 1156/3180/2361 1133/3164/2348
f 1156/3180/2361 1117/3170/2354 1102/3168/2352
f 1107/3160/2344 1755/3159/501 1222/3163/2347
f 2426/3154/2340 781/3187/2366 1117/3170/2354
f 1156/3180/2361 1155/3162/2346 1231/3161/2345
f 1053/3109/2303 1143/3119/2311 2355/3184/2363
f 1060/3143/2330 1054/3190/2367 1067/3191/2368
f 1117/3170/2354 1147/3181/2362 2426/3154/2340
f 1683/3192/2369 2445/3193/2370 1735/3194/2371
f 1634/3195/497 1736/3196/2372 1674/3197/2373
f 1711/3198/186 1225/3199/185 1231/3161/2345
f 994/3200/2374 1630/3201/2375 1736/3196/2372
f 2426/3154/2340 1147/3181/2362 1120/3152/2291
f 1139/3151/2338 1140/3155/2341 1141/3149/2336
f 1003/3188/995 1147/3181/2362 1231/3161/2345
f 781/3187/2366 2426/3154/2340 1033/3186/2365
f 994/3200/2374 1637/3202/496 2573/3203/495
f 332/3204/2376 1747/3205/2377 1680/3206/2378
f 2568/3207/2379 1717/3208/494 2373/3209/486
f 1736/3196/2372 1634/3195/497 1637/3202/496
f 1134/3189/1043 1120/3152/2291 1147/3181/2362
f 786/3210/2201 1082/3211/2299 796/3153/2339
f 34/3212/2380 1632/3213/2381 2568/3207/2379
f 1683/3192/2369 1708/3214/2382 1067/3191/2368
f 1717/3208/494 2568/3207/2379 1718/3215/2383
f 1156/3180/2361 1102/3168/2352 1133/3164/2348
f 1735/3194/2371 1630/3201/2375 1709/3216/2384
f 1630/3201/2375 1628/3217/2385 1736/3196/2372
f 772/3173/2357 498/3175/1171 1024/3172/2356
f 1630/3201/2375 1735/3194/2371 1628/3217/2385
f 2573/3203/495 1717/3208/494 332/3204/2376
f 1736/3196/2372 1637/3202/496 994/3200/2374
f 1687/3218/2386 1142/3142/2329 1067/3191/2368
f 2416/3219/2387 1630/3201/2375 994/3200/2374
f 1246/3220/503 2074/3221/2388 1283/3222/479
f 2568/3207/2379 2373/3209/486 1299/3223/2389
f 1299/3223/2389 2373/3209/486 1011/3224/488
f 994/3200/2374 2573/3203/495 2416/3219/2387
f 1687/3218/2386 1688/3225/2390 1142/3142/2329
f 2074/3221/2388 1246/3220/503 1229/3226/499
f 1633/3227/2391 1709/3216/2384 1630/3201/2375
f 796/3153/2339 1033/3186/2365 2426/3154/2340
f 1709/3216/2384 1708/3214/2382 1683/3192/2369
f 1683/3192/2369 1735/3194/2371 1709/3216/2384
f 1231/3161/2345 1147/3181/2362 1156/3180/2361
f 1133/3164/2348 1018/3150/2337 1141/3149/2336
f 1127/3179/2360 1107/3160/2344 1140/3155/2341
f 1222/3163/2347 1155/3162/2346 2547/3156/2342
f 1067/3191/2368 1142/3142/2329 1060/3143/2330
f 2416/3219/2387 2573/3203/495 1633/3227/2391
f 1687/3218/2386 1708/3214/2382 1688/3225/2390
f 1684/3228/2392 1672/3229/2393 1702/3230/2394
f 1747/3205/2377 1672/3229/2393 1680/3206/2378
f 1688/3225/2390 1708/3214/2382 1684/3228/2392
f 1633/3227/2391 332/3204/2376 1680/3206/2378
f 1708/3214/2382 1709/3216/2384 1680/3206/2378
f 1957/3231/2146 1627/3232/2395 1650/3233/2104
f 2568/3207/2379 1747/3205/2377 1718/3215/2383
f 2124/3234/2396 1957/3231/2146 609/3235/2149
f 1024/3172/2356 498/3175/1171 1152/3178/1169
f 2568/3207/2379 1299/3223/2389 34/3212/2380
f 1957/3231/2146 2124/3234/2396 1627/3232/2395
f 1627/3232/2395 2124/3234/2396 1751/3236/2397
f 786/3210/2201 796/3153/2339 1120/3152/2291
f 1082/3211/2299 760/3185/2364 796/3153/2339
f 1711/3198/186 1231/3161/2345 1222/3163/2347
f 1711/3198/186 1222/3163/2347 1755/3159/501
f 1225/3199/185 1003/3188/995 1231/3161/2345
f 1275/3237/2398 1627/3232/2395 1751/3236/2397
f 1687/3218/2386 1067/3191/2368 1708/3214/2382
f 1708/3214/2382 1680/3206/2378 1672/3229/2393
f 1672/3229/2393 1684/3228/2392 1708/3214/2382
f 2420/3238/2399 1688/3225/2390 1706/3239/2400
f 1142/3142/2329 1688/3225/2390 2420/3238/2399
f 1706/3239/2400 1688/3225/2390 1702/3230/2394
f 1706/3239/2400 1702/3230/2394 1704/3135/2324
f 996/3146/2333 1000/3176/2358 762/3147/2334
f 1702/3230/2394 1688/3225/2390 1684/3228/2392
f 1139/3151/2338 1019/3157/2343 1137/3177/2359
f 1747/3205/2377 2568/3207/2379 1672/3229/2393
f 1683/3192/2369 1067/3191/2368 2445/3193/2370
f 2420/3238/2399 1072/3113/2306 1142/3142/2329
f 1038/3171/2355 1033/3186/2365 760/3185/2364
f 1706/3239/2400 1704/3135/2324 1072/3113/2306
f 1067/3191/2368 1054/3190/2367 2445/3193/2370
f 1702/3230/2394 1672/3229/2393 1632/3213/2381
f 1630/3201/2375 2416/3219/2387 1633/3227/2391
f 1702/3230/2394 1692/3121/2313 1704/3135/2324
f 1709/3216/2384 1633/3227/2391 1680/3206/2378
f 1718/3215/2383 332/3204/2376 1717/3208/494
f 2420/3238/2399 1706/3239/2400 1072/3113/2306
f 1632/3213/2381 1672/3229/2393 2568/3207/2379
f 1633/3227/2391 2573/3203/495 332/3204/2376
f 1747/3205/2377 332/3204/2376 1718/3215/2383
f 34/3212/2380 1299/3223/2389 1011/3224/488
f 2208/3240/305 2042/3241/293 2161/3242/2297
f 1735/3194/2371 2445/3193/2370 1628/3217/2385
f 1674/3197/2373 1628/3217/2385 1679/3243/2227
f 1679/3243/2227 1628/3217/2385 2445/3193/2370
f 1736/3196/2372 1628/3217/2385 1674/3197/2373
f 1679/3243/2227 2161/3242/2297 1674/3197/2373
f 1679/3243/2227 2445/3193/2370 1054/3190/2367
f 2042/3241/293 1634/3195/497 1674/3197/2373
f 1674/3197/2373 2161/3242/2297 2042/3241/293
f 1271/3244/2401 1275/3237/2398 2565/3245/310
f 1282/3246/2089 1271/3244/2401 1728/3247/309
f 1728/3247/309 1271/3244/2401 2565/3245/310
f 1275/3237/2398 1250/3248/2402 2565/3245/310
f 1298/3249/313 2565/3245/310 1250/3248/2402
f 1650/3233/2104 1627/3232/2395 1289/3250/2110
f 1271/3244/2401 1282/3246/2089 1289/3250/2110
f 1289/3250/2110 1627/3232/2395 1271/3244/2401
f 1275/3237/2398 1271/3244/2401 1627/3232/2395
f 1006/3124/2316 1027/3166/2350 1005/3165/2349
f 2468/3251/2403 1006/3124/2316 1009/3126/2318
f 1027/3166/2350 2468/3251/2403 1019/3157/2343
f 2468/3251/2403 1009/3126/2318 1121/3141/2328
f 2468/3251/2403 1027/3166/2350 1006/3124/2316
f 1019/3157/2343 2468/3251/2403 762/3147/2334
f 762/3147/2334 2468/3251/2403 1121/3141/2328
f 2075/3252/2404 2073/3253/2405 2074/3221/2388
f 1707/3254/2406 1676/3255/2407 2073/3253/2405
f 1701/3256/2408 1742/3257/2409 1734/3258/2410
f 1669/3259/2411 2124/3234/2396 1667/3260/2412
f 1635/3261/2413 1734/3258/2410 1743/3262/2414
f 1667/3260/2412 1635/3261/2413 1669/3259/2411
f 1746/3263/2415 1275/3237/2398 1751/3236/2397
f 704/3182/1173 2555/3264/2416 1696/3265/2417
f 34/3212/2380 1676/3255/2407 1632/3213/2381
f 2075/3252/2404 1738/3266/2418 1743/3262/2414
f 1752/3267/2419 2073/3253/2405 2075/3252/2404
f 1752/3267/2419 2075/3252/2404 1734/3258/2410
f 1011/3224/488 1283/3222/479 1676/3255/2407
f 1734/3258/2410 1742/3257/2409 1752/3267/2419
f 1676/3255/2407 34/3212/2380 1011/3224/488
f 2075/3252/2404 2074/3221/2388 1229/3226/499
f 1229/3226/499 1298/3249/313 1738/3266/2418
f 1742/3257/2409 1707/3254/2406 1752/3267/2419
f 1632/3213/2381 1676/3255/2407 1707/3254/2406
f 1742/3257/2409 1632/3213/2381 1707/3254/2406
f 1707/3254/2406 2073/3253/2405 1752/3267/2419
f 1298/3249/313 1250/3248/2402 1738/3266/2418
f 1743/3262/2414 1734/3258/2410 2075/3252/2404
f 2075/3252/2404 1229/3226/499 1738/3266/2418
f 2073/3253/2405 1283/3222/479 2074/3221/2388
f 1702/3230/2394 1742/3257/2409 1692/3121/2313
f 1702/3230/2394 1632/3213/2381 1742/3257/2409
f 1742/3257/2409 1701/3256/2408 1692/3121/2313
f 1635/3261/2413 1743/3262/2414 1730/3268/2420
f 1738/3266/2418 1250/3248/2402 1743/3262/2414
f 1250/3248/2402 1730/3268/2420 1743/3262/2414
f 2555/3264/2416 2556/3130/2322 1667/3260/2412
f 1667/3260/2412 1701/3256/2408 1635/3261/2413
f 1692/3121/2313 1701/3256/2408 1698/3269/2421
f 2124/3234/2396 1669/3259/2411 1751/3236/2397
f 1746/3263/2415 1635/3261/2413 1730/3268/2420
f 1746/3263/2415 1730/3268/2420 1250/3248/2402
f 1685/3120/2312 1701/3256/2408 1667/3260/2412
f 704/3182/1173 2556/3130/2322 2555/3264/2416
f 1699/3117/2310 1692/3121/2313 1698/3269/2421
f 1685/3120/2312 1698/3269/2421 1701/3256/2408
f 2073/3253/2405 1676/3255/2407 1283/3222/479
f 1669/3259/2411 1635/3261/2413 1746/3263/2415
f 609/3235/2149 1696/3265/2417 2124/3234/2396
f 1746/3263/2415 1250/3248/2402 1275/3237/2398
f 1699/3117/2310 1698/3269/2421 1685/3120/2312
f 1751/3236/2397 1669/3259/2411 1746/3263/2415
f 2556/3130/2322 1685/3120/2312 1667/3260/2412
f 1701/3256/2408 1734/3258/2410 1635/3261/2413
f 2124/3234/2396 1696/3265/2417 1667/3260/2412
f 1685/3120/2312 2556/3130/2322 1079/3114/2307
f 1667/3260/2412 1696/3265/2417 2555/3264/2416
f 1696/3265/2417 609/3235/2149 704/3182/1173
f 1043/3270/2290 1037/3271/2422 2415/3272/2423
f 768/3273/2295 989/3274/2424 760/3185/2364
f 1679/3243/2227 1054/3190/2367 1052/3275/2293
f 1082/3211/2299 768/3273/2295 760/3185/2364
f 1049/3144/2331 754/3276/2425 1677/3277/2426
f 1798/3278/2427 1037/3271/2422 754/3276/2425
f 1005/3165/2349 1012/3169/2353 1010/3279/2428
f 1008/3280/2257 2415/3272/2423 989/3274/2424
f 1013/3281/2429 2415/3272/2423 1798/3278/2427
f 1043/3270/2290 1052/3275/2293 1022/3282/2430
f 760/3185/2364 989/3274/2424 2415/3272/2423
f 1798/3278/2427 1144/3283/2431 1013/3281/2429
f 754/3276/2425 1037/3271/2422 1677/3277/2426
f 1043/3270/2290 1022/3282/2430 1037/3271/2422
f 1008/3280/2257 1043/3270/2290 2415/3272/2423
f 1052/3275/2293 1054/3190/2367 1022/3282/2430
f 1022/3282/2430 1054/3190/2367 1060/3143/2330
f 1022/3282/2430 1677/3277/2426 1037/3271/2422
f 1008/3280/2257 989/3274/2424 768/3273/2295
f 1798/3278/2427 2415/3272/2423 1037/3271/2422
f 1060/3143/2330 1677/3277/2426 1022/3282/2430
f 760/3185/2364 2415/3272/2423 1013/3281/2429
f 1060/3143/2330 1049/3144/2331 1677/3277/2426
f 760/3185/2364 1013/3281/2429 1038/3171/2355
f 754/3276/2425 1049/3144/2331 1010/3279/2428
f 754/3276/2425 1010/3279/2428 1798/3278/2427
f 1013/3281/2429 1012/3169/2353 1038/3171/2355
f 1010/3279/2428 1144/3283/2431 1798/3278/2427
f 1012/3169/2353 1013/3281/2429 1144/3283/2431
f 1010/3279/2428 1049/3144/2331 1006/3124/2316
f 1144/3283/2431 1010/3279/2428 1012/3169/2353
f 1005/3165/2349 1010/3279/2428 1006/3124/2316
f 2365/3284/2432 2507/3285/2433 2366/3286/2434
f 2342/3287/2435 1892/3288/2436 2280/3289/2437
f 2542/3290/2438 1884/3291/2439 1851/3292/2440
f 2264/3293/2441 2576/3294/2442 2409/3295/2443
f 1882/3296/2444 1884/3291/2439 2271/3297/2445
f 1895/3298/2446 1769/3299/2447 1797/3300/2448
f 1779/3301/2449 1770/3302/2450 1797/3300/2448
f 2475/3303/2451 622/3304/2452 2435/3305/2453
f 1779/3301/2449 1778/3306/2454 1770/3302/2450
f 2360/3307/2455 1765/3308/2456 1783/3309/2457
f 1949/3310/2458 1778/3306/2454 1920/3311/2459
f 2333/3312/2460 1882/3296/2444 1789/3313/2461
f 2337/3314/2462 2201/3315/2463 1382/3316/1650
f 1892/3288/2436 2342/3287/2435 2340/3317/2464
f 1046/3318/1471 2226/3319/2029 2113/3320/667
f 2142/3321/2465 2117/3322/2466 1046/3318/1471
f 1794/3323/2467 1762/3324/1447 1893/3325/1449
f 2409/3295/2443 2576/3294/2442 2505/3326/2468
f 1895/3298/2446 1797/3300/2448 1974/3327/2469
f 1797/3300/2448 1770/3302/2450 1974/3327/2469
f 1778/3306/2454 1763/3328/2470 1770/3302/2450
f 2511/3329/2471 2224/3330/1979 2378/3331/2472
f 1960/3332/2473 1769/3299/2447 1792/3333/2474
f 2475/3303/2451 2361/3334/2475 622/3304/2452
f 1046/3318/1471 2117/3322/2466 2226/3319/2029
f 1949/3310/2458 1894/3335/2476 1939/3336/2477
f 2340/3317/2464 2342/3287/2435 2353/3337/2478
f 1783/3309/2457 1892/3288/2436 2340/3317/2464
f 1974/3327/2469 1770/3302/2450 1763/3328/2470
f 2360/3307/2455 2534/3338/2479 1894/3335/2476
f 1964/3339/2480 1963/3340/2481 1987/3341/2482
f 2106/3342/2483 1939/3336/2477 1894/3335/2476
f 1893/3325/1449 1803/3343/1450 1794/3323/2467
f 1762/3324/1447 1960/3332/2473 1906/3344/1383
f 1870/3345/2484 1749/3346/2485 2275/3347/2486
f 1783/3309/2457 2340/3317/2464 2354/3348/2487
f 1895/3298/2446 1974/3327/2469 1988/3349/2488
f 2219/3350/2489 2384/3351/2490 2494/3352/2491
f 2352/3353/2492 2340/3317/2464 2353/3337/2478
f 2342/3287/2435 2330/3354/2493 2353/3337/2478
f 2521/3355/2494 2354/3348/2487 2513/3356/2495
f 1939/3336/2477 1869/3357/2496 2105/3358/2497
f 1894/3335/2476 2534/3338/2479 2106/3342/2483
f 2534/3338/2479 2360/3307/2455 2500/3359/2498
f 1869/3357/2496 1939/3336/2477 2106/3342/2483
f 2352/3353/2492 2354/3348/2487 2340/3317/2464
f 2534/3338/2479 2102/3360/2499 2106/3342/2483
f 2534/3338/2479 2500/3359/2498 2551/3361/2500
f 2102/3360/2499 1869/3357/2496 2106/3342/2483
f 2352/3353/2492 2486/3362/2501 2354/3348/2487
f 753/3363/2502 2352/3353/2492 2322/3364/2503
f 2507/3285/2433 2365/3284/2432 2500/3359/2498
f 2102/3360/2499 2534/3338/2479 2551/3361/2500
f 2551/3361/2500 2500/3359/2498 2103/3365/2504
f 2365/3284/2432 2103/3365/2504 2500/3359/2498
f 2352/3353/2492 753/3363/2502 2486/3362/2501
f 2513/3356/2495 2348/3366/2505 2366/3286/2434
f 2363/3367/2506 2362/3368/2507 2361/3334/2475
f 1792/3333/2474 1946/3369/2508 1906/3344/1383
f 571/3370/2509 2486/3362/2501 753/3363/2502
f 2365/3284/2432 2366/3286/2434 2518/3371/2510
f 2099/3372/2511 2553/3373/2512 2098/3374/2513
f 2518/3371/2510 46/3375/2514 2464/3376/2515
f 2366/3286/2434 2348/3366/2505 2518/3371/2510
f 2518/3371/2510 2381/3377/2516 2365/3284/2432
f 2348/3366/2505 46/3375/2514 2518/3371/2510
f 624/3378/2517 2358/3379/2518 571/3370/2509
f 622/3304/2452 2361/3334/2475 624/3378/2517
f 2464/3376/2515 2381/3377/2516 2518/3371/2510
f 2358/3379/2518 624/3378/2517 2361/3334/2475
f 2348/3366/2505 2358/3379/2518 46/3375/2514
f 2126/3380/1431 1954/3381/2519 2424/3382/2520
f 46/3375/2514 2358/3379/2518 2361/3334/2475
f 1786/3383/1916 1766/3384/1924 1877/3385/2521
f 1762/3324/1447 1794/3323/2467 1960/3332/2473
f 1502/3386/1955 1877/3385/2521 1766/3384/1924
f 2379/3387/2522 487/3388/2523 533/3389/2524
f 2258/3390/2525 2511/3329/2471 694/3391/2526
f 533/3389/2524 2538/3392/2527 2475/3303/2451
f 694/3391/2526 2511/3329/2471 2378/3331/2472
f 2126/3380/1431 2127/3393/1416 1964/3339/2480
f 487/3388/2523 2098/3374/2513 2103/3365/2504
f 2256/3394/2528 487/3388/2523 2379/3387/2522
f 2136/3395/1381 1946/3369/2508 1963/3340/2481
f 960/3396/1412 2126/3380/1431 2424/3382/2520
f 533/3389/2524 2435/3305/2453 2379/3387/2522
f 2103/3365/2504 2538/3392/2527 487/3388/2523
f 2475/3303/2451 2435/3305/2453 533/3389/2524
f 1963/3340/2481 2127/3393/1416 2136/3395/1381
f 2538/3392/2527 533/3389/2524 487/3388/2523
f 2379/3387/2522 2435/3305/2453 694/3391/2526
f 2098/3374/2513 487/3388/2523 2256/3394/2528
f 1990/3397/2529 1986/3398/2530 2105/3358/2497
f 2378/3331/2472 2256/3394/2528 2379/3387/2522
f 1990/3397/2529 1972/3399/2531 1987/3341/2482
f 1855/3400/2532 1990/3397/2529 1991/3401/2533
f 2222/3402/2534 2099/3372/2511 2256/3394/2528
f 2551/3361/2500 2103/3365/2504 2098/3374/2513
f 2379/3387/2522 694/3391/2526 2378/3331/2472
f 1792/3333/2474 1906/3344/1383 1960/3332/2473
f 1964/3339/2480 1972/3399/2531 1954/3381/2519
f 2120/3403/2535 2424/3382/2520 2125/3404/2536
f 1964/3339/2480 1954/3381/2519 2126/3380/1431
f 2222/3402/2534 2256/3394/2528 2219/3350/2489
f 2275/3347/2486 2125/3404/2536 1855/3400/2532
f 2220/3405/2537 2256/3394/2528 2378/3331/2472
f 2120/3403/2535 960/3396/1412 2424/3382/2520
f 2099/3372/2511 2098/3374/2513 2256/3394/2528
f 1991/3401/2533 2275/3347/2486 1855/3400/2532
f 1792/3333/2474 1769/3299/2447 1895/3298/2446
f 1906/3344/1383 1946/3369/2508 2136/3395/1381
f 1963/3340/2481 1946/3369/2508 1895/3298/2446
f 1855/3400/2532 1954/3381/2519 1972/3399/2531
f 1972/3399/2531 1964/3339/2480 1987/3341/2482
f 940/3406/1413 960/3396/1412 2120/3403/2535
f 2127/3393/1416 1963/3340/2481 1964/3339/2480
f 2103/3365/2504 922/3407/2538 2538/3392/2527
f 2125/3404/2536 2424/3382/2520 1954/3381/2519
f 1988/3349/2488 1763/3328/2470 1986/3398/2530
f 1855/3400/2532 2125/3404/2536 1954/3381/2519
f 2125/3404/2536 2275/3347/2486 947/3408/2539
f 1946/3369/2508 1792/3333/2474 1895/3298/2446
f 1986/3398/2530 1763/3328/2470 2105/3358/2497
f 1855/3400/2532 1972/3399/2531 1990/3397/2529
f 2378/3331/2472 2224/3330/1979 2220/3405/2537
f 1987/3341/2482 1895/3298/2446 1988/3349/2488
f 2120/3403/2535 2125/3404/2536 2494/3352/2491
f 1963/3340/2481 1895/3298/2446 1987/3341/2482
f 1990/3397/2529 1987/3341/2482 1986/3398/2530
f 1987/3341/2482 1988/3349/2488 1986/3398/2530
f 2494/3352/2491 2125/3404/2536 947/3408/2539
f 2120/3403/2535 2114/3409/1467 940/3406/1413
f 2105/3358/2497 1991/3401/2533 1990/3397/2529
f 1988/3349/2488 1974/3327/2469 1763/3328/2470
f 947/3408/2539 2222/3402/2534 2494/3352/2491
f 1870/3345/2484 2275/3347/2486 1991/3401/2533
f 1749/3346/2485 947/3408/2539 2275/3347/2486
f 1870/3345/2484 1991/3401/2533 2105/3358/2497
f 947/3408/2539 2099/3372/2511 2222/3402/2534
f 2102/3360/2499 947/3408/2539 1749/3346/2485
f 2102/3360/2499 2099/3372/2511 947/3408/2539
f 2105/3358/2497 1869/3357/2496 1870/3345/2484
f 1749/3346/2485 1870/3345/2484 2102/3360/2499
f 2102/3360/2499 1870/3345/2484 1869/3357/2496
f 2099/3372/2511 2102/3360/2499 2553/3373/2512
f 2102/3360/2499 2551/3361/2500 2553/3373/2512
f 2098/3374/2513 2553/3373/2512 2551/3361/2500
f 2538/3392/2527 2380/3410/2540 2475/3303/2451
f 2257/3411/1980 2367/3412/1982 2220/3405/2537
f 2115/3413/2541 2117/3322/2466 2142/3321/2465
f 2116/3414/2076 992/3415/2542 993/3416/2073
f 2129/3417/2543 2119/3418/2544 2494/3352/2491
f 2494/3352/2491 2119/3418/2544 2120/3403/2535
f 2308/3419/2043 2320/3420/1696 2315/3421/2036
f 2221/3422/2545 2118/3423/2546 2129/3417/2543
f 2221/3422/2545 992/3415/2542 2116/3414/2076
f 2116/3414/2076 2226/3319/2029 2221/3422/2545
f 2257/3411/1980 2220/3405/2537 2224/3330/1979
f 2361/3334/2475 2475/3303/2451 2363/3367/2506
f 1883/3424/2547 1877/3385/2521 1502/3386/1955
f 2308/3419/2043 2324/3425/2049 2335/3426/2548
f 2221/3422/2545 2226/3319/2029 2117/3322/2466
f 2115/3413/2541 2142/3321/2465 2118/3423/2546
f 2119/3418/2544 2118/3423/2546 2142/3321/2465
f 2353/3337/2478 2321/3427/2549 901/3428/2550
f 1851/3292/2440 1888/3429/2551 2542/3290/2438
f 2330/3354/2493 2375/3430/2552 2278/3431/2553
f 992/3415/2542 2129/3417/2543 2384/3351/2490
f 2409/3295/2443 2505/3326/2468 2278/3431/2553
f 2320/3420/1696 2308/3419/2043 2335/3426/2548
f 2321/3427/2549 2312/3432/2554 2398/3433/2555
f 2129/3417/2543 992/3415/2542 2221/3422/2545
f 2371/3434/1652 2505/3326/2468 2294/3435/1651
f 2221/3422/2545 2117/3322/2466 2115/3413/2541
f 2119/3418/2544 2142/3321/2465 2114/3409/1467
f 993/3416/2073 992/3415/2542 2367/3412/1982
f 2115/3413/2541 2118/3423/2546 2221/3422/2545
f 2330/3354/2493 2278/3431/2553 2312/3432/2554
f 2312/3432/2554 2266/3436/1737 2267/3437/1731
f 992/3415/2542 2384/3351/2490 2367/3412/1982
f 2384/3351/2490 2129/3417/2543 2494/3352/2491
f 2118/3423/2546 2119/3418/2544 2129/3417/2543
f 2278/3431/2553 2375/3430/2552 2409/3295/2443
f 2119/3418/2544 2114/3409/1467 2120/3403/2535
f 2320/3420/1696 2335/3426/2548 2314/3438/2556
f 2330/3354/2493 2342/3287/2435 2357/3439/2557
f 2409/3295/2443 2375/3430/2552 2357/3439/2557
f 2312/3432/2554 2314/3438/2556 2398/3433/2555
f 2375/3430/2552 2330/3354/2493 2357/3439/2557
f 2505/3326/2468 2371/3434/1652 2278/3431/2553
f 2357/3439/2557 2342/3287/2435 2409/3295/2443
f 901/3428/2550 2335/3426/2548 2324/3425/2049
f 1888/3429/2551 1849/3440/1957 2490/3441/1735
f 2542/3290/2438 1888/3429/2551 2201/3315/2463
f 901/3428/2550 2324/3425/2049 2369/3442/2558
f 2312/3432/2554 2278/3431/2553 2266/3436/1737
f 901/3428/2550 2321/3427/2549 2335/3426/2548
f 901/3428/2550 2369/3442/2558 2322/3364/2503
f 2314/3438/2556 2408/3443/1690 2320/3420/1696
f 2278/3431/2553 2371/3434/1652 2266/3436/1737
f 2335/3426/2548 2398/3433/2555 2314/3438/2556
f 1883/3424/2547 1502/3386/1955 1880/3444/1956
f 1382/3316/1650 2201/3315/2463 1461/3445/1738
f 2490/3441/1735 1461/3445/1738 1888/3429/2551
f 1849/3440/1957 1888/3429/2551 1880/3444/1956
f 1851/3292/2440 1883/3424/2547 1880/3444/1956
f 2201/3315/2463 1888/3429/2551 1461/3445/1738
f 2369/3442/2558 2324/3425/2049 811/3446/2058
f 2267/3437/1731 2408/3443/1690 2314/3438/2556
f 1851/3292/2440 1880/3444/1956 1888/3429/2551
f 2381/3377/2516 2377/3447/2559 2380/3410/2540
f 2369/3442/2558 811/3446/2058 2463/3448/2560
f 901/3428/2550 2322/3364/2503 2353/3337/2478
f 2463/3448/2560 2322/3364/2503 2369/3442/2558
f 2321/3427/2549 2353/3337/2478 2330/3354/2493
f 2435/3305/2453 2258/3390/2525 694/3391/2526
f 2267/3437/1731 2314/3438/2556 2312/3432/2554
f 2377/3447/2559 2362/3368/2507 2380/3410/2540
f 2380/3410/2540 2362/3368/2507 2363/3367/2506
f 811/3446/2058 813/3449/1975 2258/3390/2525
f 2222/3402/2534 2219/3350/2489 2494/3352/2491
f 2258/3390/2525 2463/3448/2560 811/3446/2058
f 2321/3427/2549 2330/3354/2493 2312/3432/2554
f 2464/3376/2515 2362/3368/2507 2377/3447/2559
f 2511/3329/2471 2258/3390/2525 813/3449/1975
f 2258/3390/2525 2435/3305/2453 2463/3448/2560
f 2377/3447/2559 2381/3377/2516 2464/3376/2515
f 2361/3334/2475 2362/3368/2507 46/3375/2514
f 2362/3368/2507 2464/3376/2515 46/3375/2514
f 2538/3392/2527 2381/3377/2516 2380/3410/2540
f 813/3449/1975 874/3450/1977 2511/3329/2471
f 874/3450/1977 2224/3330/1979 2511/3329/2471
f 2335/3426/2548 2321/3427/2549 2398/3433/2555
f 2475/3303/2451 2380/3410/2540 2363/3367/2506
f 2219/3350/2489 2256/3394/2528 2220/3405/2537
f 2103/3365/2504 2365/3284/2432 922/3407/2538
f 2384/3351/2490 2220/3405/2537 2367/3412/1982
f 2220/3405/2537 2384/3351/2490 2219/3350/2489
f 2381/3377/2516 2538/3392/2527 922/3407/2538
f 2114/3409/1467 2142/3321/2465 809/3451/1469
f 1046/3318/1471 809/3451/1469 2142/3321/2465
f 2381/3377/2516 922/3407/2538 2365/3284/2432
f 2376/3452/2561 1786/3383/1916 1877/3385/2521
f 2348/3366/2505 2486/3362/2501 2358/3379/2518
f 1883/3424/2547 1884/3291/2439 1882/3296/2444
f 2376/3452/2561 1889/3453/2562 1786/3383/1916
f 2264/3293/2441 2342/3287/2435 2280/3289/2437
f 2280/3289/2437 2060/3454/2563 2370/3455/2564
f 571/3370/2509 2358/3379/2518 2486/3362/2501
f 2337/3314/2462 56/3456/2565 1891/3457/2566
f 2463/3448/2560 2435/3305/2453 622/3304/2452
f 2294/3435/1651 56/3456/2565 2337/3314/2462
f 1778/3306/2454 1779/3301/2449 1920/3311/2459
f 2376/3452/2561 1882/3296/2444 2333/3312/2460
f 1891/3457/2566 2201/3315/2463 2337/3314/2462
f 2376/3452/2561 2333/3312/2460 1889/3453/2562
f 1851/3292/2440 1884/3291/2439 1883/3424/2547
f 1891/3457/2566 2268/3458/2567 2272/3459/2568
f 2542/3290/2438 2201/3315/2463 1891/3457/2566
f 1872/3460/1917 1874/3461/2569 1808/3462/1922
f 1874/3461/2569 1889/3453/2562 1825/3463/2570
f 753/3363/2502 624/3378/2517 571/3370/2509
f 2280/3289/2437 1892/3288/2436 2060/3454/2563
f 2513/3356/2495 2486/3362/2501 2348/3366/2505
f 1789/3313/2461 1882/3296/2444 1787/3464/2571
f 1794/3323/2467 1803/3343/1450 1799/3465/2572
f 1872/3460/1917 1786/3383/1916 1889/3453/2562
f 1789/3313/2461 1825/3463/2570 2333/3312/2460
f 1825/3463/2570 1800/3466/2573 1874/3461/2569
f 1789/3313/2461 1787/3464/2571 2329/3467/2574
f 1960/3332/2473 1799/3465/2572 1790/3468/2575
f 2339/3469/2576 2268/3458/2567 1891/3457/2566
f 1825/3463/2570 1789/3313/2461 1800/3466/2573
f 1778/3306/2454 1949/3310/2458 1939/3336/2477
f 1894/3335/2476 1765/3308/2456 2360/3307/2455
f 1884/3291/2439 2272/3459/2568 2271/3297/2445
f 2271/3297/2445 2272/3459/2568 2268/3458/2567
f 2105/3358/2497 1763/3328/2470 1778/3306/2454
f 1787/3464/2571 1882/3296/2444 2271/3297/2445
f 2521/3355/2494 1783/3309/2457 2354/3348/2487
f 2271/3297/2445 2370/3455/2564 1785/3470/2577
f 1783/3309/2457 1765/3308/2456 2332/3471/2578
f 2500/3359/2498 2360/3307/2455 2507/3285/2433
f 1789/3313/2461 1780/3472/2579 1800/3466/2573
f 2268/3458/2567 2280/3289/2437 2370/3455/2564
f 1874/3461/2569 1790/3468/2575 1804/3473/1921
f 1874/3461/2569 1804/3473/1921 1808/3462/1922
f 1920/3311/2459 1782/3474/2580 1949/3310/2458
f 1884/3291/2439 2542/3290/2438 2272/3459/2568
f 2513/3356/2495 2366/3286/2434 2507/3285/2433
f 2339/3469/2576 1891/3457/2566 56/3456/2565
f 2360/3307/2455 1783/3309/2457 2521/3355/2494
f 1765/3308/2456 1782/3474/2580 1781/3475/2581
f 2354/3348/2487 2486/3362/2501 2513/3356/2495
f 2329/3467/2574 1787/3464/2571 1785/3470/2577
f 1804/3473/1921 1790/3468/2575 1799/3465/2572
f 2329/3467/2574 1780/3472/2579 1789/3313/2461
f 2272/3459/2568 2542/3290/2438 1891/3457/2566
f 1960/3332/2473 1780/3472/2579 1769/3299/2447
f 2268/3458/2567 2370/3455/2564 2271/3297/2445
f 2507/3285/2433 2521/3355/2494 2513/3356/2495
f 1782/3474/2580 1780/3472/2579 2329/3467/2574
f 1874/3461/2569 1872/3460/1917 1889/3453/2562
f 1803/3343/1450 1805/3476/1453 1804/3473/1921
f 2294/3435/1651 2337/3314/2462 1382/3316/1650
f 2322/3364/2503 2352/3353/2492 2353/3337/2478
f 1804/3473/1921 1799/3465/2572 1803/3343/1450
f 1800/3466/2573 1780/3472/2579 1790/3468/2575
f 1782/3474/2580 1765/3308/2456 1949/3310/2458
f 1780/3472/2579 1960/3332/2473 1790/3468/2575
f 2329/3467/2574 1785/3470/2577 1782/3474/2580
f 1782/3474/2580 1920/3311/2459 1779/3301/2449
f 2060/3454/2563 1785/3470/2577 2370/3455/2564
f 1785/3470/2577 1787/3464/2571 2271/3297/2445
f 1960/3332/2473 1794/3323/2467 1799/3465/2572
f 2294/3435/1651 2505/3326/2468 2576/3294/2442
f 1781/3475/2581 1785/3470/2577 2060/3454/2563
f 2463/3448/2560 753/3363/2502 2322/3364/2503
f 1782/3474/2580 1779/3301/2449 1780/3472/2579
f 624/3378/2517 753/3363/2502 2463/3448/2560
f 1785/3470/2577 1781/3475/2581 1782/3474/2580
f 2060/3454/2563 1892/3288/2436 2332/3471/2578
f 1877/3385/2521 1883/3424/2547 2376/3452/2561
f 2264/3293/2441 2280/3289/2437 2268/3458/2567
f 1939/3336/2477 2105/3358/2497 1778/3306/2454
f 2264/3293/2441 2268/3458/2567 2339/3469/2576
f 2360/3307/2455 2521/3355/2494 2507/3285/2433
f 2409/3295/2443 2342/3287/2435 2264/3293/2441
f 1779/3301/2449 1769/3299/2447 1780/3472/2579
f 1892/3288/2436 1783/3309/2457 2332/3471/2578
f 1874/3461/2569 1800/3466/2573 1790/3468/2575
f 1781/3475/2581 2060/3454/2563 2332/3471/2578
f 2576/3294/2442 56/3456/2565 2294/3435/1651
f 1889/3453/2562 2333/3312/2460 1825/3463/2570
f 1765/3308/2456 1894/3335/2476 1949/3310/2458
f 622/3304/2452 624/3378/2517 2463/3448/2560
f 2339/3469/2576 56/3456/2565 2576/3294/2442
f 2332/3471/2578 1765/3308/2456 1781/3475/2581
f 2576/3294/2442 2264/3293/2441 2339/3469/2576
f 1882/3296/2444 2376/3452/2561 1883/3424/2547
f 1779/3301/2449 1797/3300/2448 1769/3299/2447
