# Blender 4.5.0
# www.blender.org
mtllib plate_dorfl.mtl
o Mesh
v -0.096134 0.016588 0.053673
v -0.093874 0.016858 0.056184
v -0.035515 0.015943 0.091236
v -0.035466 0.014833 0.088717
v 0.076974 0.008820 0.047219
v 0.081538 -0.003098 0.007821
v 0.078296 -0.004677 0.011947
v 0.103563 0.010066 -0.003065
v 0.110029 0.014394 0.008185
v 0.088652 0.001365 -0.011625
v 0.095849 0.011868 -0.047143
v 0.088435 0.004579 -0.041766
v 0.089758 0.005985 -0.046369
v 0.068265 -0.000870 -0.015012
v 0.109653 0.016248 0.009754
v 0.083470 0.003989 -0.002574
v 0.077105 -0.006515 0.000023
v 0.075268 -0.007238 0.006048
v 0.073539 -0.009134 -0.000480
v 0.069316 -0.012189 0.003307
v 0.082623 -0.001859 -0.021336
v 0.084039 0.000262 -0.030870
v 0.071050 -0.000833 -0.008214
v 0.104494 0.012523 -0.020057
v 0.085237 0.005630 0.005082
v 0.086876 0.015895 0.039017
v 0.097207 0.017655 -0.020538
v 0.101699 0.014585 -0.037343
v 0.096434 0.018176 -0.038177
v 0.091245 0.017731 -0.038162
v 0.093479 0.017700 -0.031725
v 0.094881 0.015642 0.056788
v 0.095377 0.018308 -0.034198
v 0.099099 0.018097 -0.027414
v 0.099414 0.018025 -0.009519
v 0.101074 0.018013 -0.023445
v 0.095774 0.008666 -0.031442
v 0.105047 0.012046 -0.011892
v 0.082355 0.015077 0.046769
v 0.106935 0.014017 -0.015876
v 0.106982 0.017439 -0.010298
v 0.105087 0.017835 -0.011747
v 0.100981 0.018136 -0.019068
v 0.093494 0.014808 0.059889
v 0.108440 0.014338 -0.012527
v 0.073456 -0.000422 -0.012218
v 0.092262 0.013921 0.060903
v 0.077036 0.000637 -0.007791
v 0.099415 0.017801 0.007666
v 0.098881 0.017944 -0.018230
v 0.099314 0.017526 0.001379
v 0.079231 0.001418 -0.001211
v 0.081495 0.002820 0.004050
v 0.084900 0.016312 0.046077
v 0.105607 0.017790 0.002028
v 0.079272 0.015627 0.054319
v 0.079718 0.006678 0.036360
v 0.072438 0.007493 0.052063
v 0.099568 0.018311 0.016330
v 0.107558 0.013642 0.015493
v 0.091200 0.015377 0.062831
v 0.092230 0.015421 0.061360
v 0.093706 0.018332 0.040128
v 0.063841 0.001017 0.049441
v 0.100036 0.018288 0.020676
v 0.092373 0.017709 0.036009
v 0.103057 0.018221 0.017437
v 0.096383 0.007596 0.031441
v 0.098479 0.017945 0.030430
v 0.094147 0.012757 0.054753
v 0.092334 0.010677 0.051050
v 0.090400 0.008070 0.042298
v 0.094875 0.018245 0.044449
v 0.101495 0.013498 0.041222
v 0.079230 0.008500 0.058470
v 0.094080 0.004568 -0.002072
v 0.083445 0.008842 0.055171
v 0.096404 0.013856 0.053724
v 0.089587 0.017181 0.037807
v 0.087271 0.016980 0.042429
v 0.094576 0.015116 0.057949
v 0.090846 0.017903 0.047097
v 0.090629 0.016933 0.060353
v 0.093196 0.016707 0.056981
v 0.099258 0.015342 0.049576
v 0.090835 0.011990 0.057977
v 0.098257 0.018119 0.024138
v 0.085036 0.017618 0.053806
v 0.068695 0.004946 0.054354
v 0.074663 0.007398 0.055519
v 0.075195 0.008067 0.060826
v 0.088427 0.017962 0.055134
v 0.083266 0.007061 0.044404
v 0.080801 0.007146 0.046680
v 0.073622 -0.004043 0.025641
v 0.072713 -0.006428 0.021226
v 0.082982 0.000498 0.022541
v 0.067282 -0.007290 0.029210
v 0.080689 0.002520 0.031269
v 0.068471 -0.005081 0.031147
v 0.074289 0.000476 0.031395
v 0.070335 -0.001555 0.033248
v 0.077767 0.002902 0.033413
v 0.063274 -0.001919 0.045507
v 0.062548 -0.001877 0.048434
v 0.071539 0.006706 0.058544
v 0.066158 0.003795 0.056273
v 0.061832 -0.000995 0.052332
v 0.064437 0.001426 0.052716
v 0.064249 -0.000974 0.035577
v 0.047381 -0.001174 0.039622
v 0.054399 -0.000757 0.035949
v 0.083927 0.007985 0.049776
v 0.063331 -0.000497 0.049476
v 0.059820 -0.000544 0.040250
v 0.060191 -0.000763 0.056449
v 0.060345 -0.004880 0.045973
v 0.053739 -0.009520 0.046340
v 0.052077 -0.013694 0.041834
v 0.071554 -0.000781 0.026911
v 0.051893 -0.000543 0.045424
v 0.068699 -0.000743 0.031278
v 0.066707 -0.011717 0.020440
v 0.062850 -0.001058 0.024757
v 0.078266 0.002068 0.031969
v 0.081345 0.005139 0.037498
v 0.067799 -0.000951 0.025431
v 0.076343 0.000913 0.022797
v 0.073878 -0.000071 0.022413
v 0.060527 -0.000833 0.031994
v 0.078876 0.004365 0.031811
v 0.070898 -0.000652 0.020906
v 0.094611 0.017119 0.053579
v 0.080614 0.004708 0.026628
v 0.064762 -0.000690 0.030172
v 0.060781 -0.001043 0.019331
v 0.070680 -0.004962 0.028602
v 0.064653 -0.007544 0.032471
v 0.062435 -0.006328 0.037790
v 0.073742 0.000256 0.015030
v 0.109029 0.017024 -0.000371
v 0.065960 -0.000968 0.017098
v 0.061049 -0.000919 0.013118
v 0.055299 -0.000782 0.016598
v 0.059468 -0.001248 -0.002517
v 0.081617 0.003414 0.009698
v 0.084264 0.005556 0.012483
v 0.069056 -0.010263 -0.022900
v 0.077654 0.001441 0.008866
v 0.089288 0.015980 0.064145
v 0.064946 -0.000931 0.008092
v 0.064351 -0.001423 -0.001053
v 0.090362 0.002575 0.006652
v 0.098112 0.014400 0.051863
v 0.100777 0.015673 0.046059
v 0.077674 -0.002540 0.023066
v 0.078746 -0.003364 0.017738
v 0.085757 0.001311 0.018448
v 0.096275 0.017849 -0.026438
v 0.017725 0.017984 0.104307
v 0.076360 0.001064 0.017572
v 0.103685 0.017013 0.033978
v 0.102240 0.017934 0.025608
v 0.106930 0.012188 0.005070
v 0.100933 0.009392 0.023898
v 0.109079 0.014568 0.015913
v 0.106433 0.013278 0.024030
v 0.092434 0.015917 0.059901
v 0.091075 0.003972 0.023952
v 0.093821 0.015665 0.058255
v 0.087836 0.017829 0.050907
v 0.098717 0.018189 0.012762
v -0.070730 0.012921 0.084242
v 0.071676 0.003618 -0.033781
v 0.075694 0.005731 -0.035124
v 0.108663 0.014909 -0.015878
v 0.077222 -0.004491 -0.027549
v 0.095380 0.008884 -0.035439
v 0.094951 0.008651 -0.039074
v 0.079749 -0.000205 -0.042517
v 0.077273 0.000811 -0.015025
v 0.079731 0.002042 -0.008543
v 0.069639 -0.012436 -0.004513
v 0.073308 0.000193 -0.018985
v 0.071713 -0.000554 0.004530
v 0.070032 -0.001036 -0.001733
v 0.071962 -0.000083 0.010573
v 0.074234 0.000290 0.007747
v 0.057645 -0.000886 0.005342
v 0.070622 -0.000335 0.014696
v 0.068377 -0.001029 0.003983
v 0.083916 0.006308 0.040709
v 0.086696 0.006527 0.039838
v 0.083486 0.004733 0.035817
v 0.084788 0.003826 0.032553
v 0.087297 0.005617 0.036282
v 0.056683 -0.000949 0.025405
v 0.065039 -0.001131 0.040613
v 0.062858 -0.000883 0.040747
v 0.062451 0.000018 0.045467
v 0.057065 -0.000400 0.044106
v -0.071859 0.013763 0.084674
v 0.048235 -0.001004 0.026447
v 0.077232 -0.006033 -0.014396
v 0.071378 -0.010688 -0.010561
v 0.077026 -0.006791 -0.005817
v 0.051075 -0.000596 0.003216
v 0.060301 -0.001051 -0.024849
v 0.074147 0.003134 -0.026873
v 0.069060 0.000465 -0.022959
v 0.068956 0.001522 -0.028156
v 0.074430 -0.006933 -0.021353
v 0.065126 -0.013602 -0.021376
v 0.067552 -0.001399 0.035067
v 0.047995 -0.000453 0.011006
v 0.095060 0.015205 0.057166
v 0.027399 -0.000803 0.020897
v 0.044315 -0.000936 -0.004372
v 0.105272 0.016068 0.033734
v 0.039216 -0.000818 0.005326
v 0.087074 0.008502 0.014934
v 0.108365 0.014954 0.023506
v 0.041460 -0.000983 -0.000941
v 0.107681 0.014858 0.026101
v 0.048992 -0.000859 -0.022146
v 0.099879 0.015245 0.048213
v 0.056200 -0.001149 -0.016927
v 0.042685 -0.000708 -0.021003
v 0.043855 -0.001037 -0.012948
v 0.099461 0.015759 0.049240
v 0.037164 -0.001288 -0.005374
v 0.029095 -0.000576 -0.038319
v 0.038942 -0.000325 -0.026805
v 0.035819 -0.001132 -0.017456
v 0.031318 -0.000591 -0.028053
v 0.035948 -0.000230 -0.034076
v 0.106830 0.015642 0.029213
v 0.027428 -0.000917 -0.012247
v 0.026925 -0.000650 0.004100
v 0.069934 -0.010712 -0.016721
v 0.010312 -0.000466 0.006456
v 0.101960 0.014656 0.043595
v 0.016349 -0.000457 0.015120
v 0.060687 -0.001209 -0.009220
v 0.066515 -0.001224 -0.008761
v 0.045953 -0.000525 -0.043296
v 0.046279 -0.000674 -0.050673
v 0.071295 -0.008143 -0.026941
v 0.076609 0.007303 -0.038990
v 0.058067 -0.007859 -0.052945
v 0.051512 -0.012449 -0.050052
v 0.050565 -0.000422 -0.052630
v 0.058922 0.000171 -0.048006
v 0.043042 -0.000116 -0.033235
v 0.049742 -0.000675 -0.033781
v 0.097039 0.015066 0.053855
v 0.096438 0.016014 -0.007963
v 0.098810 0.015296 0.050728
v 0.094739 0.014609 -0.009938
v 0.056956 -0.000706 -0.039443
v 0.070793 -0.004155 -0.045207
v 0.080285 -0.001143 -0.037254
v 0.064855 0.002852 -0.048136
v 0.070047 -0.000361 -0.018464
v 0.064619 -0.000279 -0.022660
v 0.072340 0.001369 -0.023598
v 0.066027 0.000293 -0.026303
v 0.055927 -0.000510 -0.047055
v 0.051765 -0.000777 -0.045787
v 0.061437 0.000912 -0.046642
v 0.063815 0.001610 -0.043145
v 0.056449 -0.001093 -0.034102
v 0.068296 0.003683 -0.041345
v 0.095310 0.017160 -0.045184
v 0.096857 0.016604 -0.043516
v 0.088931 0.018188 -0.047442
v 0.092775 0.014449 -0.019475
v 0.055250 -0.013207 -0.044059
v 0.104363 0.016271 0.036153
v 0.053040 -0.000860 -0.037925
v 0.061669 -0.000398 -0.034530
v 0.074766 -0.000156 -0.001178
v 0.103410 0.015957 0.039722
v 0.102837 0.016218 0.040413
v 0.095046 0.015476 0.007722
v 0.065448 0.001155 -0.036426
v 0.061905 -0.000939 -0.018014
v 0.105783 0.014182 0.032545
v 0.064664 0.000268 -0.030648
v 0.074425 -0.001373 -0.048767
v 0.105196 0.017744 -0.005947
v 0.090014 0.008741 -0.054117
v 0.060836 -0.009218 -0.045722
v 0.056447 -0.010554 -0.048465
v 0.106906 0.015985 0.027340
v 0.055732 -0.001322 -0.027592
v 0.083517 0.002805 -0.046733
v 0.067526 -0.001916 -0.057263
v 0.066498 -0.005143 -0.048816
v 0.070320 0.006284 -0.047289
v 0.057475 0.001952 -0.056645
v 0.082123 0.010620 0.039063
v 0.106572 0.014660 0.030378
v 0.037158 -0.000305 -0.042588
v 0.049242 -0.009722 -0.057363
v 0.106322 0.015701 0.031362
v 0.055997 0.003021 -0.081929
v 0.079113 0.003221 -0.056055
v 0.061236 0.002853 -0.076553
v 0.106340 0.014882 0.032130
v 0.091083 0.016631 0.033413
v 0.069297 0.009433 -0.079519
v 0.103833 0.014299 0.038225
v 0.102880 0.013945 0.038761
v 0.104340 0.013699 0.035586
v 0.102189 0.011048 0.032471
v 0.105246 0.013208 0.031299
v 0.097797 0.018191 0.019761
v 0.099030 0.017456 -0.003122
v 0.086572 0.013249 -0.065734
v 0.107372 0.015099 0.028130
v 0.096717 0.010573 -0.041461
v 0.098391 0.012711 -0.040247
v 0.094986 0.012678 -0.051823
v 0.079564 0.007783 -0.065124
v 0.087260 0.011042 -0.062508
v 0.084522 0.013966 -0.069183
v 0.108749 0.014759 0.020893
v 0.099459 0.018099 -0.032261
v 0.087015 0.018009 -0.052343
v 0.093990 0.017315 -0.049306
v 0.099003 0.018017 -0.022312
v 0.110047 0.015293 0.010947
v 0.093834 0.018283 -0.039929
v 0.103182 0.013683 -0.029480
v 0.090098 0.018147 -0.051786
v 0.091359 0.018087 -0.042437
v 0.081623 0.017888 -0.058759
v 0.088432 0.017974 -0.057864
v 0.085447 0.018030 -0.057099
v 0.080004 0.011238 -0.070138
v 0.084099 0.018229 -0.062531
v 0.078593 0.018389 -0.067294
v 0.106434 0.012962 0.019739
v 0.072674 0.017509 -0.066120
v 0.075736 0.017842 -0.063027
v 0.073090 0.017933 -0.070448
v 0.107309 0.016515 0.024610
v 0.089116 0.017880 -0.043433
v 0.067955 0.017498 -0.073042
v 0.061913 0.018371 -0.081851
v 0.101822 0.016473 0.042702
v 0.048810 0.017960 -0.095940
v 0.057783 0.018348 -0.083873
v 0.049316 0.018072 -0.088306
v 0.057067 0.018015 -0.092048
v 0.060252 0.018179 -0.079701
v 0.055060 0.018276 -0.088799
v 0.048992 0.018231 -0.091371
v 0.046093 0.015192 -0.101052
v 0.105890 0.014871 0.033732
v 0.060382 0.018383 -0.086276
v 0.065998 0.013574 -0.088095
v 0.060499 0.012341 -0.091962
v 0.042781 0.014874 -0.102224
v 0.053079 0.014267 -0.097389
v 0.052417 0.011243 -0.095975
v 0.074722 0.009178 -0.072461
v 0.107730 0.016662 0.022190
v 0.075804 0.011863 -0.075836
v 0.074610 0.013785 -0.079825
v 0.078006 0.014293 -0.076519
v 0.052591 0.018145 -0.092628
v 0.048840 0.017670 -0.086303
v 0.108436 0.015993 0.022565
v 0.061442 0.018026 -0.088908
v 0.061020 0.017526 -0.091291
v 0.046044 0.018220 -0.089722
v 0.042899 0.018424 -0.093146
v 0.040315 0.018584 -0.095724
v 0.031267 0.018697 -0.100597
v 0.094767 0.014551 0.004055
v 0.013289 -0.000237 -0.000935
v 0.033898 0.012468 -0.104408
v 0.040540 0.014200 -0.102768
v 0.049225 0.014973 -0.099174
v 0.022705 0.014392 -0.108421
v 0.030657 0.018652 -0.096991
v 0.031032 0.018467 -0.102986
v 0.027184 0.018606 -0.103330
v 0.025672 0.018927 -0.100982
v 0.108376 0.016983 0.012905
v 0.026116 0.017451 -0.106731
v 0.027450 0.017108 -0.107177
v 0.027548 0.017382 -0.106492
v 0.105285 0.015148 0.035515
v 0.023071 0.018836 -0.098674
v -0.015271 0.019722 -0.101108
v -0.011327 0.019679 -0.102437
v -0.060386 0.015007 -0.091598
v -0.018013 0.019211 -0.098361
v -0.020208 0.012774 -0.104219
v 0.099731 0.017003 0.045243
v -0.034630 0.014870 -0.102955
v -0.039857 0.014664 -0.100852
v 0.010458 0.012474 -0.108774
v -0.012545 0.016061 -0.109846
v -0.006301 0.014598 -0.109587
v 0.033344 0.017955 -0.103788
v 0.108618 0.016206 0.020522
v 0.031062 0.018067 -0.104129
v 0.017982 0.012603 -0.107185
v 0.012788 0.014270 -0.109655
v 0.029185 0.013116 -0.106362
v 0.025040 0.013159 -0.106918
v 0.089400 0.010259 -0.017278
v 0.077503 0.010867 0.048902
v -0.055337 0.014896 -0.094023
v -0.006702 0.015744 -0.110641
v -0.015458 0.013730 -0.106472
v -0.010928 0.011165 -0.103720
v 0.000653 0.013864 -0.109967
v -0.004110 0.012773 -0.107906
v -0.003119 0.007596 -0.100914
v -0.025579 0.007144 -0.091514
v 0.097118 0.017368 0.011251
v -0.015576 0.005733 -0.091759
v -0.012592 -0.000002 -0.080170
v -0.013980 -0.002107 -0.076351
v -0.004690 -0.006055 -0.073930
v 0.011270 0.006031 -0.100591
v 0.003289 0.001551 -0.090981
v -0.010977 0.007980 -0.097915
v -0.035169 0.006514 -0.086154
v 0.096996 0.016604 -0.001668
v -0.050727 0.009936 -0.087754
v -0.033247 0.002355 -0.077044
v -0.030316 -0.002507 -0.070870
v -0.025976 -0.008594 -0.064251
v -0.009529 -0.000350 -0.067511
v -0.011856 -0.000385 -0.060915
v 0.000816 -0.001424 -0.083669
v -0.000929 -0.004539 -0.077385
v 0.006100 0.000761 -0.074237
v 0.003260 -0.000363 -0.062328
v -0.004088 -0.000480 -0.064775
v 0.003695 -0.003766 -0.079944
v 0.007960 -0.004775 -0.078196
v 0.001476 -0.000239 -0.071108
v 0.011534 -0.006379 -0.074574
v 0.019322 0.002013 -0.073268
v 0.007260 -0.007050 -0.072746
v 0.003602 -0.008982 -0.068959
v -0.000546 -0.010889 -0.066591
v -0.008592 -0.001115 -0.079982
v -0.002912 -0.000967 -0.082879
v -0.002462 0.002046 -0.090004
v 0.090776 0.015597 0.030648
v 0.027664 0.010384 -0.103596
v 0.033949 0.005166 -0.094718
v 0.021171 0.000302 -0.087420
v 0.022138 -0.002692 -0.080779
v 0.018408 0.008665 -0.102688
v 0.033451 0.007689 -0.099071
v 0.036890 0.010055 -0.100640
v 0.109423 0.015813 0.016909
v 0.092062 0.016576 0.030596
v 0.042236 0.007001 -0.095116
v 0.041715 0.004228 -0.090732
v 0.040850 -0.002157 -0.077754
v 0.042326 -0.004421 -0.072834
v 0.045547 0.010345 -0.097724
v 0.049969 0.004375 -0.088005
v 0.055175 -0.001015 -0.073339
v -0.053414 0.019961 -0.089461
v 0.109728 0.015303 0.015349
v 0.056830 0.006638 -0.087776
v 0.051019 0.008069 -0.092903
v 0.051134 0.000973 -0.080804
v 0.047519 -0.002344 -0.074870
v 0.064815 0.018135 -0.077804
v 0.060099 0.005237 -0.082525
v 0.059809 0.009004 -0.088906
v 0.035846 0.002738 -0.089469
v 0.037083 0.000305 -0.083648
v 0.032280 -0.002364 -0.078933
v 0.110566 0.014745 0.006344
v 0.109026 0.016202 0.015185
v 0.015093 0.000075 -0.067628
v 0.000499 -0.000464 -0.068031
v 0.010717 -0.013847 -0.062734
v 0.083672 0.008026 0.029122
v 0.020257 0.000655 -0.069752
v 0.017477 -0.000713 -0.050459
v 0.010696 0.000490 -0.070432
v 0.006806 -0.000346 -0.054362
v 0.014310 -0.000478 -0.061760
v 0.041307 0.000225 -0.063858
v 0.096967 0.016548 0.001177
v 0.043938 -0.000364 -0.025951
v 0.043509 -0.000558 -0.056168
v 0.039228 -0.000799 -0.052226
v 0.046507 -0.000066 -0.058005
v 0.041333 -0.000280 -0.060780
v 0.051512 0.000477 -0.057139
v 0.084648 0.010697 0.033552
v 0.044323 0.000233 -0.061476
v 0.032781 -0.001338 -0.057862
v 0.041675 -0.013641 -0.056739
v 0.022038 -0.000791 -0.041839
v 0.087692 0.011842 0.029261
v 0.026344 -0.001229 -0.056567
v 0.028919 -0.000806 -0.048894
v 0.021839 -0.000935 -0.059071
v 0.094672 0.015341 -0.015060
v 0.049782 -0.005640 -0.065918
v 0.056919 -0.005023 -0.061042
v 0.029234 -0.009753 -0.065702
v 0.024399 -0.012327 -0.062383
v 0.089990 0.014533 0.028307
v 0.014167 0.001148 -0.071654
v 0.091857 0.016229 0.028285
v 0.013422 0.002458 -0.075485
v 0.081140 0.014029 -0.073042
v 0.094032 0.012933 -0.007282
v 0.078863 0.015635 -0.077146
v 0.109875 0.015572 0.012697
v 0.092602 0.012143 0.004230
v 0.092318 0.012404 0.007625
v 0.089240 0.013253 0.026379
v 0.018866 -0.000331 -0.064889
v 0.022386 -0.000687 -0.063555
v 0.110224 0.014898 0.010029
v 0.014506 0.003416 -0.095357
v 0.009834 0.001674 -0.092136
v -0.003025 -0.009065 -0.069298
v 0.002534 -0.012664 -0.064274
v 0.093364 0.012019 0.000771
v 0.007529 -0.000073 -0.068096
v 0.090930 0.015386 0.024672
v -0.015282 -0.010932 -0.065259
v -0.005379 -0.002842 -0.079190
v -0.004852 -0.012464 -0.064865
v -0.013380 -0.005880 -0.072112
v 0.096487 0.015828 -0.002895
v 0.110225 0.015906 0.007485
v -0.020954 -0.012349 -0.061461
v 0.091644 0.014998 0.019929
v -0.021243 -0.006709 -0.068697
v -0.084689 0.002788 0.025015
v -0.027527 -0.012343 -0.058074
v 0.096506 0.016630 0.009103
v -0.062385 -0.001210 -0.044462
v -0.056222 0.000641 -0.057015
v -0.046666 -0.001930 -0.059298
v 0.094459 0.013077 -0.001710
v -0.030240 -0.006343 -0.065852
v -0.071978 0.002689 -0.044797
v -0.042700 0.010887 -0.093827
v -0.045368 0.007704 -0.085177
v -0.053536 0.007188 -0.078010
v -0.031576 -0.012348 -0.055535
v 0.095570 0.015024 -0.000817
v -0.038344 -0.010066 -0.052050
v -0.038377 -0.008015 -0.055817
v -0.033600 -0.008997 -0.058777
v -0.033966 -0.005690 -0.064618
v -0.027924 -0.005032 -0.068666
v -0.044034 -0.002752 -0.060788
v -0.043808 -0.004861 -0.056233
v -0.052802 -0.002660 -0.052163
v -0.043787 -0.010859 -0.044043
v -0.053355 -0.005231 -0.045472
v -0.058456 -0.003585 -0.043437
v -0.069936 0.008628 -0.068127
v 0.095314 0.016682 -0.019136
v -0.066530 0.011332 -0.078540
v -0.078347 0.015484 -0.075833
v -0.071904 0.014539 0.084518
v -0.072491 0.014523 0.084085
v -0.072479 0.013649 0.083479
v -0.085838 0.014591 -0.064006
v -0.047168 0.002593 -0.069241
v -0.062074 0.006533 -0.069836
v -0.075363 0.012734 -0.072653
v -0.087132 0.012229 -0.055555
v -0.080114 0.007256 -0.048901
v -0.072311 0.005318 -0.054310
v -0.086083 0.013796 -0.061331
v -0.079428 0.010828 -0.062685
v 0.110499 0.015802 0.005354
v -0.059393 0.012362 -0.086945
v -0.071392 0.006889 -0.061079
v -0.064110 0.003866 -0.059362
v 0.022167 -0.000943 -0.029986
v 0.028200 -0.001503 -0.061696
v 0.027765 -0.001135 -0.066327
v 0.109460 0.016400 -0.007076
v 0.110852 0.015468 0.003246
v -0.003857 -0.000256 -0.054710
v 0.088962 0.010972 -0.021061
v -0.024773 -0.000734 -0.054892
v -0.034460 -0.000368 -0.071113
v -0.023597 0.000353 -0.065916
v 0.090839 0.016651 -0.032693
v 0.004212 -0.000352 -0.039721
v 0.095614 0.014536 -0.004266
v -0.016990 -0.000728 -0.049535
v -0.079351 0.016547 -0.076922
v -0.077228 0.016060 -0.078703
v -0.025649 -0.000329 -0.060669
v 0.013396 -0.000672 -0.026768
v -0.032867 -0.000229 -0.037944
v -0.019329 -0.000578 -0.059293
v -0.031936 -0.000603 -0.046854
v 0.090959 0.014151 -0.023830
v 0.110703 0.015959 0.001188
v -0.009158 -0.000211 -0.011424
v -0.051753 -0.009683 -0.033795
v -0.054021 -0.000186 -0.042097
v -0.055501 0.015985 -0.095543
v -0.054035 0.017262 -0.096284
v -0.057219 0.016637 -0.095210
v 0.004418 -0.000089 -0.016956
v -0.006445 -0.000369 -0.044354
v -0.018775 -0.000104 -0.017701
v -0.025982 -0.000039 -0.012248
v -0.038724 -0.000001 -0.032215
v -0.029659 0.000293 -0.030005
v -0.014271 -0.000158 0.003733
v 0.000916 -0.000357 0.000786
v 0.093682 0.016994 -0.026913
v -0.040815 -0.000609 -0.040257
v -0.046653 -0.011756 -0.038215
v -0.043397 -0.013765 -0.039482
v -0.010680 -0.000231 -0.030732
v -0.020675 0.000008 -0.027444
v 0.095605 0.016009 -0.010375
v -0.023155 -0.000301 -0.037875
v 0.088466 0.011937 -0.026109
v -0.049585 -0.000489 -0.039248
v 0.027072 -0.000860 -0.021552
v -0.000238 -0.000774 0.011700
v 0.099303 0.015254 -0.040408
v -0.006105 -0.000447 0.006684
v 0.097740 0.014503 -0.045927
v -0.002881 -0.000580 0.021574
v -0.013754 0.000265 0.032160
v 0.091899 0.015641 -0.025640
v -0.009297 -0.000373 0.023923
v -0.033949 -0.000371 -0.005824
v -0.029177 -0.000514 0.004403
v 0.092912 0.016365 -0.025482
v -0.043957 -0.000119 -0.026066
v 0.017677 -0.000347 -0.011420
v -0.048228 -0.000501 -0.021086
v -0.010948 -0.000415 0.014907
v -0.036988 -0.000561 0.026243
v -0.037888 -0.000967 0.034960
v -0.010644 -0.000448 0.048113
v -0.004623 -0.000411 0.031307
v 0.013312 -0.000702 0.031532
v -0.021618 0.000337 0.038621
v 0.006453 -0.000611 0.020201
v 0.097534 0.016574 -0.004137
v 0.090656 0.009872 -0.006852
v -0.021870 -0.000303 -0.006079
v -0.030950 -0.000282 0.020867
v -0.037331 -0.001095 0.040223
v -0.043635 -0.001347 0.032458
v -0.064772 -0.000851 -0.002405
v -0.056502 -0.000806 -0.000692
v 0.093374 0.016362 -0.023054
v -0.032891 0.000226 -0.014875
v -0.043352 -0.000514 0.003801
v -0.062762 -0.000972 0.002532
v -0.053432 -0.000536 0.014670
v -0.066578 -0.000846 0.004196
v -0.062688 -0.001069 0.009744
v -0.055597 -0.011826 0.019032
v -0.059119 -0.008703 0.024981
v -0.034925 -0.000405 0.014863
v -0.059763 -0.010214 -0.001059
v 0.091548 0.012121 -0.016698
v -0.047732 -0.000824 0.024457
v -0.068048 -0.000512 0.000171
v -0.069171 -0.000289 -0.003688
v -0.043799 -0.000411 0.016425
v 0.049499 0.014536 0.099751
v 0.049730 0.013560 0.098290
v 0.047964 0.013687 0.099549
v 0.085972 0.010726 -0.030131
v -0.001526 0.013424 0.111265
v -0.003198 0.013496 0.111305
v -0.005832 0.010981 0.108358
v -0.066315 -0.000307 -0.041410
v -0.041627 -0.008727 -0.050863
v -0.046034 -0.000239 -0.033471
v -0.066472 -0.000634 -0.017626
v -0.060788 -0.000287 -0.027590
v -0.053760 -0.013054 -0.008080
v -0.051600 -0.011981 -0.015786
v -0.051980 -0.013516 -0.011111
v -0.055522 -0.010809 -0.010579
v -0.026612 0.000293 -0.020459
v -0.014160 0.000119 0.042147
v -0.048039 -0.012893 -0.025700
v -0.048202 -0.012913 -0.029361
v -0.054072 -0.009661 -0.022882
v -0.048903 -0.013095 -0.018896
v -0.051318 -0.011336 -0.019802
v -0.056341 -0.000228 -0.036799
v -0.058825 0.000058 -0.032366
v 0.096654 0.015411 -0.049696
v -0.062564 -0.001087 -0.010910
v -0.042090 -0.000400 -0.005854
v 0.096887 0.015081 -0.047006
v -0.047625 -0.000558 -0.006386
v -0.059686 -0.000838 -0.020470
v -0.063910 -0.000670 -0.023345
v -0.052751 -0.000944 -0.015094
v -0.067538 -0.000947 -0.008364
v -0.065985 0.001414 -0.048662
v -0.054413 -0.007188 -0.038330
v -0.103140 0.015312 -0.033646
v -0.101332 0.013046 -0.028773
v -0.106716 0.015814 -0.025977
v -0.104232 0.014144 -0.025768
v -0.084460 0.006989 -0.039766
v 0.098345 0.011239 -0.035822
v -0.087433 0.006741 -0.033139
v -0.092336 0.010579 -0.036752
v -0.104689 0.013194 -0.016738
v -0.080345 0.003213 -0.033257
v -0.102066 0.010157 -0.003621
v -0.099565 0.009806 -0.012678
v -0.080018 0.000466 -0.010944
v -0.093567 0.006044 -0.004385
v -0.089920 0.011381 -0.045920
v -0.077247 0.003699 -0.040098
v 0.046939 0.013817 0.100355
v 0.048259 0.014821 0.100346
v -0.023106 -0.000248 0.016701
v -0.015785 -0.000050 0.022167
v -0.026457 -0.001026 0.059410
v -0.004278 -0.000662 0.046637
v 0.000011 -0.000507 0.040535
v -0.033694 0.004570 0.092526
v -0.027018 0.000950 0.087612
v -0.033174 0.001345 0.084620
v -0.030157 -0.001338 0.080316
v -0.036437 -0.003764 0.067656
v -0.037984 0.003688 0.088145
v -0.054959 0.011066 0.093320
v -0.060415 0.010831 0.089420
v -0.031544 -0.001137 0.063340
v -0.034737 -0.001161 0.064642
v -0.016679 -0.008079 0.075798
v -0.024723 -0.002633 0.081697
v -0.014914 -0.013823 0.063244
v 0.095872 0.016089 0.054439
v -0.007958 -0.001508 0.061663
v -0.012222 -0.000871 0.053887
v -0.039177 -0.010771 0.045902
v -0.028117 -0.004057 0.074884
v -0.028430 -0.006599 0.067896
v -0.018658 0.000611 0.072524
v -0.003968 -0.001607 0.062624
v -0.020740 0.001997 0.075899
v -0.020518 -0.001733 0.086451
v 0.096090 0.015294 0.055539
v 0.081476 0.007669 0.034039
v -0.042407 0.005511 0.090919
v -0.036106 -0.008346 0.056055
v -0.040869 -0.004452 0.061458
v -0.046346 -0.002242 0.062869
v -0.034468 -0.001316 0.049469
v -0.042896 -0.001756 0.056388
v -0.057279 0.001055 0.063966
v -0.038140 -0.009195 0.051341
v -0.038061 -0.001509 0.045640
v -0.041846 -0.001902 0.042889
v -0.046687 -0.004526 0.052323
v -0.043864 -0.009975 0.041963
v -0.039949 -0.001853 0.051462
v -0.055797 -0.009213 0.031289
v 0.086132 0.009492 -0.025626
v -0.020315 -0.009452 0.068763
v -0.032814 -0.003620 0.071365
v -0.022434 -0.011164 0.063052
v -0.040184 -0.013903 0.039328
v -0.046722 -0.009718 0.039092
v -0.051460 -0.007369 0.038897
v -0.034414 -0.000572 0.067389
v -0.052749 -0.012986 0.023055
v -0.054463 -0.001145 0.037521
v -0.057643 -0.000278 0.034702
v -0.050894 -0.001320 0.032533
v -0.058512 0.000183 0.036800
v -0.050650 -0.001854 0.037241
v -0.066854 -0.006533 -0.001226
v -0.060183 -0.010205 0.003393
v -0.054105 -0.004739 0.041443
v -0.056381 -0.004975 0.040807
v -0.050165 -0.013266 0.029403
v -0.052563 -0.012408 0.026791
v -0.059395 -0.006248 0.035360
v -0.056944 -0.000766 0.026434
v -0.041656 -0.001610 0.038057
v -0.061813 -0.000693 0.019574
v -0.068100 -0.000974 0.010215
v -0.078658 -0.001079 0.011573
v -0.071121 -0.004747 0.009339
v -0.084756 0.001650 0.005181
v -0.091589 0.004887 0.009173
v -0.079122 -0.000428 0.018407
v -0.055449 -0.012580 -0.003578
v -0.062124 -0.000711 0.025210
v -0.063376 -0.000494 0.028270
v -0.094755 0.009120 0.042187
v -0.088259 0.007514 0.048136
v -0.081431 0.004655 0.047562
v -0.079969 0.006703 0.059347
v -0.091452 0.006018 0.031978
v -0.038292 0.003614 0.074331
v -0.064921 0.002591 0.062413
v -0.051450 -0.002389 0.040210
v -0.045134 -0.002405 0.041438
v -0.071759 0.005487 0.065249
v -0.061597 0.002300 0.051351
v -0.058617 -0.005198 0.039437
v -0.064693 -0.003094 0.038131
v -0.089978 0.006591 0.041488
v 0.094631 0.015211 0.011485
v -0.062259 -0.001704 0.048287
v -0.070136 0.000052 0.044837
v -0.077101 0.001900 0.040370
v -0.067005 -0.000455 0.023771
v -0.055849 -0.000795 0.032600
v -0.064097 -0.008103 0.008023
v -0.063403 -0.008091 0.015991
v -0.083930 0.003586 0.037036
v -0.070589 -0.001691 0.032739
v -0.067820 -0.002541 0.035244
v -0.035111 -0.001695 0.057075
v -0.037472 -0.001106 0.074600
v -0.049060 0.005658 0.069938
v -0.071458 0.007797 0.072583
v -0.058103 0.005043 0.076463
v -0.052636 0.004585 0.080120
v 0.073041 0.000064 0.030745
v -0.064853 0.007517 0.076809
v -0.092303 0.011768 0.057401
v -0.097960 0.010642 0.040139
v -0.092419 0.009222 0.047504
v -0.097104 0.011685 0.046508
v -0.108816 0.014373 0.003499
v -0.104551 0.012302 0.017387
v -0.102214 0.011527 0.025899
v -0.106938 0.014456 0.024265
v -0.107038 0.014340 -0.010869
v -0.110155 0.015633 -0.000579
v -0.099078 0.008590 0.011822
v -0.106213 0.012710 0.009191
v -0.108469 0.014488 0.011843
v -0.077081 0.010868 0.073896
v -0.085215 0.009788 0.063237
v -0.053084 0.006266 0.067923
v -0.032137 -0.000305 0.039135
v -0.078840 0.008735 0.067239
v -0.042929 0.009750 0.098735
v -0.044776 0.011923 0.100600
v -0.050751 0.017441 0.091032
v -0.056190 0.012618 0.094459
v -0.055663 0.013142 0.095628
v -0.052142 0.012797 0.097327
v -0.051172 0.011325 0.096339
v -0.059464 0.012715 0.092642
v -0.047843 0.008674 0.094490
v -0.047946 0.006302 0.089201
v 0.068739 -0.011747 0.011352
v -0.043354 0.002960 0.083054
v -0.039620 0.011393 0.102032
v -0.057660 0.017791 0.086500
v -0.033280 0.017141 0.098804
v -0.016414 0.011382 0.108396
v -0.021237 0.009483 0.105614
v -0.010419 0.009684 0.106438
v -0.010997 0.012058 0.108675
v 0.070244 0.013614 0.085155
v 0.072116 0.012978 0.081376
v -0.020042 0.005194 0.098835
v -0.017832 -0.000538 0.089799
v -0.018219 0.001957 0.093235
v -0.016091 0.002670 0.094884
v -0.008637 0.006916 0.102543
v -0.012411 0.003506 0.096817
v -0.026964 0.008399 0.102391
v -0.034858 0.011530 0.104098
v -0.023523 0.002364 0.092109
v -0.027828 0.005729 0.097400
v -0.031198 0.010400 0.103866
v -0.027359 0.011167 0.106230
v -0.019399 -0.000316 0.068564
v -0.017862 -0.000807 0.063912
v 0.097162 0.015110 -0.048788
v 0.008517 -0.001450 0.069237
v -0.010155 -0.010181 0.076996
v -0.009009 -0.013117 0.072276
v -0.027776 -0.000761 0.050291
v 0.005638 -0.009636 0.077052
v -0.013321 -0.004268 0.085174
v 0.024059 -0.004833 0.074861
v 0.021189 -0.001525 0.059227
v -0.006028 0.002944 0.095875
v -0.001579 0.006679 0.101724
v 0.011738 -0.013374 0.066705
v 0.009768 -0.005588 0.080005
v -0.019999 0.012340 0.108956
v 0.003662 -0.006869 0.081162
v 0.001577 -0.004134 0.085492
v 0.000053 -0.001529 0.069640
v -0.004373 -0.001289 0.072288
v -0.008980 -0.001433 0.067097
v -0.009257 0.000125 0.092143
v -0.009258 -0.002924 0.088220
v -0.013803 -0.000149 0.091397
v 0.016775 0.002349 0.080288
v 0.002103 -0.000921 0.049853
v -0.004249 -0.009539 0.079959
v 0.008843 -0.001015 0.053978
v 0.000323 -0.011662 0.077029
v 0.003114 -0.001488 0.060164
v -0.005474 0.000863 0.079810
v -0.004410 -0.000800 0.076121
v -0.013089 0.000030 0.074616
v -0.018308 -0.000576 0.053052
v -0.007374 -0.000154 0.039842
v 0.024034 -0.001488 0.065169
v 0.016492 -0.001416 0.066392
v 0.012535 -0.001361 0.060795
v 0.009231 0.002004 0.079974
v 0.007603 -0.000419 0.076716
v 0.016311 -0.000933 0.051668
v 0.011852 -0.011417 0.070327
v 0.005364 -0.012611 0.072941
v 0.110525 0.015069 -0.003649
v 0.110209 0.016226 -0.001085
v 0.045011 0.012108 0.097908
v 0.023482 -0.000872 0.033097
v 0.037060 -0.000820 0.018625
v 0.052450 -0.000976 -0.006711
v -0.109445 0.016750 0.019028
v 0.003794 -0.000693 0.031159
v 0.007104 -0.000697 0.010159
v 0.030898 0.017452 0.103685
v 0.009020 -0.000504 0.043645
v 0.046297 -0.000618 0.001409
v 0.032153 -0.001077 0.030020
v 0.018111 -0.000737 0.042340
v 0.062196 0.014494 0.092190
v 0.049206 -0.011304 0.048686
v 0.044037 0.014625 0.102695
v 0.036167 -0.001582 0.045426
v 0.053371 0.014292 0.097615
v 0.075464 0.009526 0.050326
v 0.027415 -0.001347 0.049259
v 0.032212 -0.008965 0.063554
v 0.020558 -0.011680 0.065121
v 0.031346 -0.005556 0.069902
v 0.036078 0.000777 0.078051
v 0.032907 0.003289 0.075698
v 0.032293 0.006195 0.079209
v 0.033323 -0.001130 0.066693
v 0.036732 -0.000089 0.068379
v 0.074226 0.007116 0.052172
v 0.077416 0.007214 0.048253
v 0.034230 0.001256 0.072080
v 0.038055 -0.001610 0.072707
v 0.039165 0.003026 0.072879
v 0.045160 -0.000214 0.069955
v 0.039151 0.001010 0.069662
v 0.043372 0.001838 0.069055
v 0.039623 -0.005202 0.065846
v 0.037875 -0.009561 0.059561
v 0.031515 -0.013604 0.056676
v 0.060946 0.015665 0.092708
v 0.053531 0.002052 0.059043
v 0.055616 0.002702 0.057641
v 0.067823 0.005094 0.060486
v 0.061447 0.005874 0.071973
v 0.064210 0.004646 0.064644
v 0.058490 0.001383 0.063135
v 0.060842 0.001494 0.060393
v 0.051492 -0.000118 0.051542
v 0.058313 0.002940 0.055615
v 0.054750 0.001164 0.054288
v 0.086773 0.013445 -0.034805
v 0.039245 -0.001411 0.036207
v 0.052663 -0.007893 0.051706
v 0.060222 0.008121 0.062714
v 0.059471 0.005272 0.058826
v 0.057908 -0.004467 0.052736
v 0.059306 0.002072 0.053239
v 0.062676 0.004732 0.055816
v 0.050338 -0.000056 0.056137
v 0.052928 0.006456 0.067763
v 0.037638 -0.002037 0.054115
v 0.039754 -0.001002 0.064817
v 0.042154 0.000001 0.066358
v 0.047900 0.004575 0.069893
v 0.082354 0.017799 0.061596
v 0.073893 0.008608 0.065164
v 0.071693 0.007339 0.062311
v 0.094807 0.015250 -0.011788
v 0.077000 0.017626 0.068154
v 0.068631 0.008367 0.071443
v 0.070088 0.007568 0.066133
v 0.082334 0.017647 0.058498
v 0.078953 0.017676 0.062740
v 0.071274 0.017235 0.070783
v -0.015286 0.000689 0.074884
v -0.012862 0.000438 0.076171
v 0.013654 -0.001544 0.072177
v 0.016354 -0.008268 0.072870
v 0.023312 -0.001178 0.080943
v 0.007627 -0.001817 0.085779
v 0.013652 0.002110 0.090246
v 0.018508 0.004783 0.094657
v 0.011482 0.005349 0.097603
v 0.029080 -0.001838 0.058279
v 0.028927 -0.000637 0.079049
v 0.023713 0.003491 0.089597
v 0.089146 0.015412 0.065912
v 0.040182 -0.001851 0.060550
v 0.016477 0.012881 0.109162
v 0.018160 0.010664 0.105829
v -0.000052 0.002417 0.094242
v 0.004002 0.004825 0.098005
v -0.001066 0.012007 0.110246
v 0.045596 0.008673 0.090415
v 0.032205 -0.001889 0.062490
v 0.088639 0.016010 0.035850
v -0.053525 -0.002575 0.043348
v -0.051205 -0.005256 0.041780
v -0.053315 -0.003711 0.043750
v -0.090113 0.013996 0.065319
v 0.034586 0.017738 0.100775
v -0.004552 0.014485 0.111219
v -0.002902 0.014407 0.111420
v -0.004697 0.013329 0.111044
v 0.004677 0.011628 0.109460
v 0.012650 0.009126 0.104121
v 0.006270 0.017625 0.106909
v 0.077883 0.012741 0.051084
v -0.064877 0.013616 0.089831
v -0.062829 0.012797 0.090591
v -0.076483 0.016056 0.058187
v -0.035927 0.015187 0.104302
v -0.067159 0.014087 0.088291
v -0.103533 0.017344 -0.038647
v -0.103318 0.017206 -0.039694
v -0.065722 0.017076 0.085435
v -0.086349 0.015762 0.069157
v -0.085727 0.014642 0.070380
v -0.094048 0.016583 0.011034
v -0.095083 0.016973 -0.002984
v -0.108602 0.017796 -0.006092
v -0.091679 0.015704 0.062311
v -0.063078 0.019613 -0.086769
v 0.099761 0.013354 0.045588
v 0.101741 0.012639 0.037510
v 0.062680 -0.000082 -0.067268
v 0.024602 -0.000041 -0.068548
v 0.021744 -0.000172 -0.066754
v -0.086358 0.017920 0.055060
v 0.079094 0.004698 -0.025005
v 0.076484 0.001381 0.031723
v 0.074379 -0.000034 0.030550
v 0.072236 -0.001114 0.031050
v -0.108049 0.017457 -0.022676
v 0.059819 -0.000990 -0.030340
v 0.077699 -0.003398 -0.033885
v 0.102750 0.017865 0.002474
v 0.105255 0.017843 -0.000903
v 0.075173 0.009888 0.069357
v 0.082054 0.011027 0.067265
v 0.079092 0.011816 0.072057
v 0.073970 0.017283 0.067918
v 0.050926 0.002980 0.064977
v 0.063444 0.002897 0.052993
v 0.062504 0.000986 0.050203
v 0.046169 -0.001098 0.049734
v -0.045158 0.015224 0.100873
v 0.060112 -0.011178 0.034082
v 0.060413 0.001228 0.050884
v 0.059665 0.000216 0.047999
v 0.036633 -0.006646 -0.069841
v 0.037718 -0.012539 -0.059472
v 0.042026 -0.009198 -0.062799
v 0.018465 0.005645 -0.098460
v 0.008498 0.003752 -0.096243
v 0.026531 -0.006435 -0.072473
v 0.008572 -0.001285 -0.085284
v 0.015084 -0.000819 -0.037326
v 0.020452 -0.009471 -0.067713
v -0.035114 0.000325 -0.022879
v -0.070225 0.014667 -0.082635
v -0.059352 -0.010709 0.009528
v -0.101220 0.013329 0.041343
v -0.100788 0.014210 0.045841
v 0.016988 0.000946 0.078102
v 0.012002 -0.000335 0.076220
v 0.017195 -0.000573 0.074751
v 0.041865 -0.001523 0.045743
v -0.070937 0.014206 0.085255
v 0.093002 0.013519 0.058650
v 0.088108 0.009030 0.049794
v 0.068943 0.010612 0.078316
v 0.073174 0.012671 0.079171
v 0.074535 0.011498 0.075194
v 0.074197 0.017791 0.073168
v 0.058363 0.011681 0.089643
v 0.051977 0.008468 0.085210
v 0.052010 0.011720 0.093239
v 0.067116 0.017777 0.079776
v 0.027352 0.010570 0.103257
v 0.030484 0.012933 0.105451
v 0.033631 0.010138 0.100249
v 0.031442 -0.002188 0.075100
v 0.042893 0.001420 0.075426
v 0.019453 0.012441 0.107524
v 0.022119 0.010241 0.103936
v 0.044065 -0.001684 0.055596
v 0.061230 -0.012002 -0.037870
v -0.102808 0.012587 0.031206
v 0.102649 0.017307 -0.030782
v -0.031048 -0.000507 -0.055734
v 0.013627 -0.003873 -0.079916
v 0.016012 -0.000983 -0.084948
v 0.015390 0.001063 -0.090396
v -0.042973 -0.000682 -0.046657
v -0.035277 -0.011651 -0.053180
v -0.052199 -0.003199 0.046165
v -0.057031 -0.001972 0.050132
v -0.038573 -0.012160 -0.048254
v -0.053251 -0.000312 -0.028474
v -0.091567 0.005784 -0.013692
v -0.077757 0.000775 -0.022171
v -0.081975 0.002709 -0.025493
v -0.027336 0.000215 0.028450
v -0.020267 0.000354 0.027658
v -0.086844 0.002890 -0.003738
v -0.087653 0.003118 0.000094
v 0.021364 -0.000832 -0.019535
v -0.097939 0.009374 0.030462
v -0.095541 0.008502 0.037105
v -0.030373 -0.008513 0.060934
v -0.022771 -0.013628 0.057717
v -0.030393 -0.012726 0.052309
v -0.035559 0.006068 0.077967
v 0.041775 0.013093 0.100909
v -0.020208 0.017490 0.102102
v 0.035987 0.007151 0.092853
v 0.039374 0.011260 0.099134
v 0.042090 0.004644 0.083020
v -0.110233 0.016502 0.013477
v 0.069013 0.012604 0.082978
v -0.071935 -0.002797 0.025295
v 0.074771 -0.003535 -0.040484
v 0.070620 -0.007425 -0.033799
v -0.088084 0.018970 -0.061049
v 0.085061 -0.000192 0.012198
v 0.085059 -0.000657 0.006764
v 0.088478 0.008966 -0.011390
v 0.086390 0.006821 -0.007236
v 0.088437 0.008083 -0.001449
v 0.089963 0.009995 0.003934
v 0.084436 -0.001585 0.000706
v 0.098926 0.007693 -0.009510
v 0.109468 0.013905 0.001583
v 0.092937 0.011351 -0.002894
v 0.099335 0.007780 0.005939
v 0.091205 0.005707 -0.035342
v 0.092286 0.005169 -0.025016
v 0.098873 0.008208 -0.017461
v 0.099614 0.014056 -0.039131
v 0.091846 0.008647 -0.049382
v -0.107675 0.015456 0.027377
v 0.093957 0.008502 -0.044357
v 0.098193 0.013783 -0.042145
v 0.084860 0.002245 -0.039079
v 0.089638 0.014515 -0.029153
v 0.082605 0.007495 -0.027832
v 0.076119 0.001821 -0.021568
v 0.080276 0.002590 -0.014071
v 0.079721 0.002968 -0.019269
v 0.108233 0.013832 -0.010070
v 0.083779 0.006572 -0.021817
v 0.085035 0.006661 -0.012172
v 0.102227 0.013536 -0.032902
v 0.100547 0.011013 -0.027345
v 0.101028 0.017808 -0.004838
v 0.102157 0.018229 -0.010408
v 0.099786 0.018193 -0.014511
v 0.097152 0.017392 -0.016221
v 0.082908 0.004828 -0.015943
v 0.088965 0.015195 -0.033437
v 0.103349 0.015337 -0.035569
v 0.102818 0.014409 -0.035291
v 0.100705 0.013485 -0.036863
v 0.104452 0.014399 -0.030249
v 0.096965 0.017506 -0.040978
v 0.095865 0.016511 -0.046979
v 0.095517 0.016435 -0.049419
v 0.092759 0.018171 -0.039148
v 0.096017 0.016031 -0.050431
v 0.104383 0.016838 -0.027833
v 0.105062 0.016476 -0.030191
v 0.104578 0.016471 -0.032451
v 0.102271 0.016331 -0.035198
v 0.100592 0.016174 -0.037576
v 0.102528 0.017733 -0.026731
v 0.105980 0.014882 -0.028672
v 0.100148 0.017570 -0.035618
v 0.097713 0.015320 -0.043564
v 0.106446 0.015857 -0.029389
v 0.105140 0.017139 -0.024404
v 0.106066 0.016611 -0.026640
v 0.106340 0.016336 -0.028347
v 0.098617 0.017263 -0.006524
v 0.097849 0.017435 -0.009124
v 0.098079 0.017222 -0.001434
v 0.091001 0.010235 0.000209
v 0.059840 0.015915 0.092698
v 0.096692 0.017277 -0.011809
v 0.102871 0.016578 -0.033127
v 0.101256 0.016820 -0.035870
v 0.106074 0.016971 -0.022207
v 0.103649 0.017946 -0.021595
v 0.105431 0.017411 -0.022068
v 0.108007 0.016600 -0.019879
v 0.106305 0.017321 -0.018909
v 0.103421 0.018177 -0.016027
v 0.105935 0.017732 -0.014829
v 0.109333 0.016642 -0.003299
v 0.108382 0.016952 -0.005821
v 0.107470 0.017181 -0.007850
v -0.091279 0.017491 -0.025956
v 0.108496 0.013314 -0.001511
v 0.107249 0.017517 -0.001512
v 0.109878 0.016406 -0.005522
v 0.110370 0.015471 -0.007062
v 0.110152 0.014408 -0.000837
v 0.109341 0.014367 0.013979
v 0.108406 0.013547 -0.006850
v 0.106339 0.017682 0.014865
v 0.097171 0.016802 0.005815
v 0.107942 0.017271 0.003547
v 0.105029 0.017967 0.006837
v 0.106532 0.017434 -0.012744
v 0.108861 0.013799 0.011281
v 0.107219 0.017493 0.009717
v 0.104652 0.018141 0.012186
v 0.101889 0.018377 0.011117
v 0.109045 0.016600 -0.009316
v 0.109382 0.015069 0.017069
v 0.108683 0.014356 0.018133
v 0.109210 0.016660 0.006546
v 0.097773 0.017327 0.008876
v -0.102466 0.017838 -0.040461
v 0.107451 0.017021 0.020391
v 0.102630 0.017152 0.037359
v 0.101617 0.017623 0.035787
v 0.097853 0.017544 0.046834
v 0.098101 0.018176 0.038890
v 0.103547 0.017566 0.030689
v 0.102510 0.017479 0.033321
v 0.106975 0.017368 0.017785
v 0.095844 0.017738 0.027717
v 0.107728 0.014087 0.022289
v 0.095890 0.017937 0.047386
v 0.101028 0.017779 0.032322
v 0.100896 0.017668 0.038860
v 0.095397 0.017961 0.033821
v 0.106161 0.016166 0.029332
v 0.104724 0.017843 0.021448
v 0.105311 0.016740 0.031147
v 0.105259 0.017053 0.027603
v 0.100214 0.017643 0.041882
v 0.106477 0.017426 0.022365
v 0.104868 0.012387 0.027641
v 0.093539 0.017100 0.025765
v 0.093355 0.017205 0.030655
v 0.106786 0.013707 0.026579
v 0.106713 0.014084 0.028146
v 0.095776 0.010818 0.044646
v 0.094642 0.008368 0.037940
v 0.089105 0.015073 0.033218
v 0.084789 0.014052 0.039619
v 0.107868 0.017019 0.015875
v 0.101962 0.016981 0.039997
v 0.078554 0.009304 0.063806
v 0.063668 -0.003105 0.041434
v 0.090262 0.013387 0.062593
v 0.086324 0.007637 0.044460
v 0.082117 0.013001 0.043590
v 0.085856 0.008945 0.052932
v 0.094983 0.013915 0.056131
v 0.079202 0.007553 0.052020
v 0.083189 0.009742 0.060936
v 0.079863 0.012919 0.047487
v 0.087001 0.011401 0.062114
v 0.074979 0.011141 0.052895
v 0.086597 0.012796 0.066761
v 0.088405 0.017582 0.059820
v 0.090653 0.017465 0.057426
v 0.092233 0.017586 0.055065
v 0.097064 0.018019 0.044562
v 0.098637 0.017870 0.043747
v 0.099022 0.014343 0.049641
v 0.090140 0.017877 0.041676
v 0.093105 0.017684 0.052625
v 0.097665 0.015937 0.051656
v 0.096140 0.016540 0.052434
v 0.096211 0.017361 0.050343
v 0.086620 0.017297 0.047919
v 0.087297 0.010164 0.056411
v 0.083591 0.013238 0.041220
v 0.083123 0.017089 0.053212
v 0.107933 0.016806 -0.013881
v 0.108417 0.016589 -0.017594
v 0.093318 0.017882 0.049436
v 0.094452 0.014217 0.057943
v 0.081618 0.017173 0.056506
v 0.076645 0.013960 0.055093
v 0.080467 0.006246 0.041539
v 0.079049 0.006932 0.044711
v 0.069643 0.005669 0.053841
v 0.077881 0.007274 0.045447
v 0.071857 0.006379 0.053820
v 0.078749 0.006655 0.043140
v 0.078599 0.007222 0.040395
v 0.077221 0.007918 0.045627
v 0.077315 0.007549 0.045644
v 0.086219 0.013878 0.036125
v 0.079378 0.010172 0.044166
v 0.084714 0.015024 0.042749
v 0.077814 0.007398 0.043966
v 0.083209 0.002236 0.029424
v 0.083389 0.001423 0.026397
v 0.078310 0.000026 0.027076
v 0.069108 -0.007658 0.025456
v 0.073174 -0.007668 0.014993
v 0.066393 -0.004672 0.034230
v 0.076938 0.000525 0.030188
v 0.074739 0.000206 0.026986
v 0.078019 0.002265 0.025710
v 0.072716 -0.000279 0.031076
v 0.071115 -0.003640 0.030481
v 0.069990 -0.003039 0.032559
v 0.070899 -0.000851 0.032063
v 0.080033 0.003737 0.034218
v 0.068676 0.005080 0.056145
v 0.063492 0.002297 0.057900
v -0.084439 0.013934 -0.034876
v 0.057932 -0.002588 0.056599
v 0.055289 -0.003899 0.057272
v 0.058590 -0.000769 0.058831
v 0.059755 -0.000291 0.044672
v 0.056437 0.000357 0.049503
v 0.063760 -0.011200 0.027895
v 0.083527 0.007176 0.023226
v 0.075865 0.001586 0.030168
v 0.088861 0.004606 0.031588
v 0.089120 0.014073 0.030752
v 0.096820 0.012960 0.050512
v 0.072978 0.009132 0.052501
v 0.078000 0.008237 0.044378
v 0.083383 0.005936 0.018346
v 0.088239 0.008822 0.009623
v 0.080959 0.004559 0.022446
v 0.086425 0.009163 0.019391
v 0.069191 -0.000565 0.009941
v 0.079627 0.002821 0.017366
v 0.087465 0.013134 0.032633
v 0.093294 0.004668 0.014761
v 0.108526 0.016574 0.018092
v 0.103455 0.010621 0.013782
v 0.105346 0.017778 0.018557
v 0.086631 0.002549 0.025859
v 0.105231 0.017502 0.024430
v 0.106263 0.017491 0.020085
v 0.092939 0.014214 0.014936
v 0.089245 0.016848 -0.038145
v 0.087680 0.017363 -0.042084
v 0.088322 0.015619 -0.036626
v 0.079586 0.009834 -0.041042
v 0.077954 0.005767 -0.030505
v 0.078938 0.006984 -0.034840
v 0.072858 0.005279 -0.038232
v 0.072671 0.006255 -0.042349
v 0.109208 0.016077 -0.015371
v 0.067198 -0.006948 -0.042190
v 0.082495 0.004227 -0.009994
v 0.086712 0.008111 -0.016575
v 0.092655 0.014900 0.016898
v 0.095674 0.017900 0.022505
v 0.079839 0.014667 0.051004
v 0.060362 0.001126 -0.050805
v 0.065357 -0.011968 -0.028598
v 0.056022 0.000134 -0.051922
v 0.060464 0.000172 -0.042316
v 0.063069 -0.000369 -0.029003
v 0.070994 0.008448 -0.051608
v 0.063383 0.013931 -0.067601
v 0.082016 0.017144 -0.053765
v 0.085634 0.017763 -0.050432
v 0.084092 0.017077 -0.049094
v 0.086450 0.017708 -0.046265
v 0.093316 0.017935 -0.044705
v 0.109832 0.015747 -0.012543
v 0.067513 0.009293 -0.058409
v 0.062748 0.003067 -0.053301
v 0.062706 0.005443 -0.057877
v 0.071565 0.002611 -0.063875
v 0.054892 0.003018 -0.060740
v 0.055560 0.009319 -0.068841
v 0.007457 0.016205 -0.111312
v 0.067237 0.006002 -0.053284
v 0.056363 -0.002988 -0.066924
v 0.064545 0.009470 -0.061149
v 0.068459 0.014954 -0.086731
v 0.064122 0.006036 -0.079612
v 0.054951 0.017095 -0.080208
v 0.073241 0.015147 -0.082520
v 0.069949 0.012736 -0.083712
v 0.090699 0.010821 -0.057383
v 0.086014 0.007572 -0.057934
v 0.083912 0.011294 -0.066342
v 0.096294 0.013770 -0.050782
v 0.097245 0.014511 -0.049931
v 0.089263 0.014595 -0.064472
v 0.096180 0.016160 -0.051668
v 0.096317 0.015820 -0.048231
v 0.084487 0.017790 -0.054418
v 0.103554 0.016123 -0.034206
v 0.097975 0.016152 -0.042321
v 0.094418 0.013535 -0.055865
v -0.041892 0.016966 -0.083275
v 0.093151 0.010937 -0.052941
v 0.094859 0.016585 -0.051942
v 0.094055 0.016527 -0.054061
v 0.099116 0.016036 -0.040355
v 0.081508 0.014981 -0.073975
v 0.088301 0.015721 -0.066590
v 0.084849 0.017244 -0.067921
v 0.086662 0.017270 -0.065896
v 0.092251 0.017349 -0.054859
v 0.093289 0.016922 0.021621
v 0.107108 0.016704 -0.023135
v 0.106854 0.014953 -0.025091
v 0.090147 0.017628 -0.058394
v 0.082656 0.017972 -0.067619
v 0.081207 0.018354 -0.062336
v 0.087735 0.017728 -0.062121
v 0.074275 0.017223 -0.063150
v 0.078687 0.017391 -0.059370
v 0.076260 0.017221 -0.060847
v 0.077298 0.017836 -0.071428
v 0.079535 0.016714 -0.056028
v 0.080968 0.016683 -0.073762
v 0.078659 0.017371 -0.072976
v 0.069906 0.017870 -0.075233
v 0.074349 0.017929 -0.072040
v 0.073105 0.017630 -0.076309
v 0.077913 0.016689 -0.075774
v 0.083186 0.017248 -0.070363
v 0.074724 0.016881 -0.079488
v 0.083364 0.014553 -0.071455
v 0.072955 0.017187 -0.079631
v 0.080471 0.015045 -0.075140
v 0.095253 0.016600 -0.053860
v 0.109607 0.016652 0.001355
v 0.075994 0.002499 0.033028
v 0.078888 0.004572 0.036470
v 0.076624 0.018321 -0.064676
v 0.071829 0.015454 -0.084008
v 0.071762 0.017684 -0.068973
v 0.110590 0.014803 0.001293
v 0.085985 0.015434 -0.069401
v 0.110862 0.015408 -0.000788
v 0.108898 0.015535 -0.017798
v 0.108907 0.016101 -0.019179
v 0.070413 0.016934 -0.067073
v 0.058553 0.017299 -0.077569
v 0.076424 0.016544 -0.077926
v 0.075478 0.017030 -0.077131
v 0.062976 0.017620 -0.075947
v 0.071330 0.016114 -0.084463
v 0.064757 0.016839 -0.072731
v 0.067418 0.016979 -0.086311
v 0.071491 0.016786 -0.082776
v 0.067975 0.017327 -0.084290
v 0.063215 0.017061 -0.090763
v 0.063772 0.017567 -0.088843
v 0.070085 0.017418 -0.081617
v 0.056220 0.017889 -0.081699
v 0.038876 0.017089 -0.089448
v 0.044207 0.017811 -0.088364
v 0.041841 0.018168 -0.091033
v 0.037820 0.018525 -0.094093
v 0.051103 0.017517 -0.096846
v 0.043610 0.018267 -0.096795
v 0.052542 0.017211 -0.083119
v 0.054062 0.017544 -0.095351
v 0.049754 0.016971 -0.083711
v 0.063515 0.017984 -0.086525
v 0.056360 0.017117 -0.095317
v 0.040743 0.017240 -0.103212
v 0.058806 0.016388 -0.094412
v 0.056871 0.015387 -0.095562
v 0.066330 0.018052 -0.081666
v 0.036462 0.017901 -0.102473
v 0.039417 0.017826 -0.101845
v 0.064854 0.016888 -0.089706
v 0.068695 0.016892 -0.069487
v 0.063061 0.013900 -0.091411
v 0.052990 0.017097 -0.097135
v 0.033477 0.016987 -0.091607
v 0.040021 0.015110 -0.103665
v 0.046312 0.013250 -0.099774
v 0.062152 0.011023 -0.089425
v 0.050076 0.016024 -0.099210
v 0.034313 0.017906 -0.093249
v 0.070433 0.016598 -0.084513
v 0.059264 0.017334 -0.093341
v 0.068627 0.016853 -0.085760
v 0.069714 0.016806 -0.084049
v 0.057779 0.010189 -0.092076
v 0.058568 0.013395 -0.094127
v 0.043625 0.017081 -0.101783
v 0.047902 0.017169 -0.098960
v 0.053862 0.015965 -0.097249
v 0.052882 0.017993 -0.086127
v 0.042071 0.017320 -0.101870
v 0.073339 0.016801 -0.081861
v 0.004304 0.018346 -0.097709
v 0.024882 0.015205 -0.109402
v 0.036486 0.014127 -0.104612
v 0.027924 0.016528 -0.107690
v 0.020078 0.018759 -0.102566
v 0.018718 0.014805 -0.109138
v 0.019374 0.017322 -0.109261
v 0.021401 0.015567 -0.109818
v 0.026261 0.016853 -0.107745
v 0.022590 0.018651 -0.104277
v 0.018751 0.018073 -0.107843
v 0.016983 0.018916 -0.107422
v 0.019541 0.017081 -0.110087
v 0.016495 0.018206 -0.109224
v 0.018319 0.017033 -0.110090
v 0.024131 0.018032 -0.106387
v 0.019893 0.018420 -0.096268
v 0.038365 0.017348 -0.103809
v 0.030118 0.016709 -0.106900
v 0.035638 0.017257 -0.104612
v 0.043588 0.018110 -0.099284
v 0.030002 0.017670 -0.093696
v 0.037293 0.018644 -0.099012
v 0.028771 0.017199 -0.106581
v 0.047531 0.016936 -0.100379
v 0.020077 0.016919 -0.109839
v 0.050531 0.017063 -0.098187
v 0.032862 0.016994 -0.105732
v 0.034034 0.018347 -0.101592
v 0.046488 0.017106 -0.100568
v 0.026007 0.017553 -0.093586
v 0.026188 0.018378 -0.095715
v 0.023175 0.017185 -0.108490
v 0.021369 0.016835 -0.109545
v 0.103476 0.016149 0.038744
v 0.104574 0.015221 0.037672
v 0.013780 0.018601 -0.108756
v 0.012399 0.019497 -0.107892
v 0.103378 0.015064 0.040348
v 0.013501 0.019355 -0.107229
v 0.010919 0.018722 -0.098963
v 0.024267 0.016508 -0.109730
v 0.024923 0.016516 -0.108630
v 0.013258 0.019181 -0.106641
v 0.015168 0.018210 -0.095744
v 0.011931 0.019211 -0.102842
v 0.011217 0.018520 -0.109305
v 0.026802 0.017036 -0.107050
v 0.015225 0.018981 -0.104611
v 0.030805 0.017533 -0.105353
v 0.007290 0.019347 -0.103993
v 0.018346 0.018770 -0.105784
v 0.016142 0.019046 -0.106463
v 0.002342 0.019364 -0.105589
v -0.006478 0.018195 -0.110406
v -0.007185 0.019586 -0.108925
v -0.004368 0.019578 -0.109301
v 0.010862 0.019205 -0.105884
v -0.009975 0.018884 -0.109152
v -0.010251 0.017709 -0.110128
v -0.003273 0.020086 -0.108312
v -0.002437 0.019634 -0.106412
v 0.007085 0.018063 -0.110085
v 0.011089 0.019316 -0.108680
v 0.004765 0.019451 -0.108675
v 0.003893 0.019598 -0.107889
v 0.009540 0.019619 -0.108319
v -0.000433 0.017752 -0.111075
v 0.002641 0.019087 -0.101618
v 0.005178 0.019376 -0.106087
v -0.006745 0.019498 -0.104000
v -0.003266 0.019579 -0.103100
v -0.011774 0.020042 -0.106584
v -0.014369 0.020133 -0.106568
v 0.001449 0.017852 -0.110815
v -0.008902 0.019408 -0.105077
v -0.007561 0.019319 -0.100855
v 0.004394 0.019024 -0.109346
v -0.006240 0.019675 -0.107012
v 0.000472 0.019728 -0.107925
v -0.004222 0.020040 -0.107590
v -0.013272 0.019761 -0.104568
v -0.001638 0.019836 -0.108261
v 0.016596 0.018720 -0.100560
v -0.000811 0.019555 -0.109110
v 0.008034 0.017840 -0.096813
v -0.006434 0.018836 -0.097822
v -0.014728 0.018978 -0.097122
v -0.011609 0.019549 -0.099704
v -0.032503 0.019080 -0.095903
v -0.035200 0.019681 -0.097433
v -0.035524 0.018839 -0.094145
v -0.032604 0.018226 -0.091802
v -0.009732 0.018787 -0.096932
v -0.041394 0.019601 -0.094330
v -0.038773 0.018465 -0.090267
v -0.050608 0.019080 -0.096343
v -0.058078 0.015628 -0.094151
v -0.051337 0.016131 -0.097692
v 0.007116 0.019383 -0.106899
v -0.047549 0.019137 -0.097648
v -0.048909 0.019555 -0.096174
v -0.051845 0.019722 -0.094167
v -0.050473 0.016973 -0.098402
v -0.039448 0.019821 -0.098409
v -0.021551 0.018193 -0.107489
v -0.029117 0.018924 -0.095362
v -0.025508 0.019076 -0.098420
v -0.024616 0.018391 -0.094665
v -0.021024 0.019327 -0.100970
v -0.021772 0.018867 -0.097385
v -0.000192 0.019522 -0.104259
v -0.030063 0.019367 -0.102900
v -0.019376 0.019630 -0.106430
v -0.016334 0.018044 -0.108880
v -0.011927 0.017120 -0.110450
v -0.030758 0.019478 -0.099552
v -0.016122 0.019415 -0.107632
v -0.029648 0.018745 -0.104801
v -0.036638 0.019536 -0.101952
v -0.023345 0.019038 -0.105968
v -0.047988 0.018329 -0.098299
v -0.038036 0.019449 -0.095339
v -0.042092 0.018036 -0.101444
v -0.035273 0.015775 -0.104184
v -0.039984 0.017721 -0.102507
v -0.037905 0.017382 -0.103333
v -0.038734 0.016088 -0.103191
v -0.003946 0.015461 -0.110648
v -0.025804 0.019231 -0.102283
v -0.018936 0.015174 -0.107623
v -0.021112 0.009558 -0.098317
v -0.021987 0.017245 -0.108168
v 0.109849 0.016334 0.003574
v -0.028810 0.013047 -0.101904
v -0.036035 0.012937 -0.099259
v -0.038996 0.018376 -0.102205
v -0.040377 0.015849 -0.102358
v -0.053177 0.015675 -0.096376
v -0.051163 0.015191 -0.096520
v -0.047276 0.015996 -0.100022
v -0.049138 0.015884 -0.098855
v -0.051713 0.017716 -0.096818
v -0.018621 0.017738 -0.108878
v -0.040967 0.016944 -0.102682
v -0.042520 0.015648 -0.101479
v -0.046046 0.014682 -0.098653
v 0.013723 0.017401 -0.110113
v 0.011129 0.009768 -0.105702
v 0.010869 0.014933 -0.110603
v -0.002115 0.019003 -0.098223
v -0.002314 0.018961 -0.110346
v -0.003067 0.017628 -0.110939
v -0.002972 0.014392 -0.109881
v -0.009293 0.015580 -0.109688
v -0.012507 0.019609 -0.108128
v -0.006954 0.020012 -0.108017
v -0.005404 0.020096 -0.108307
v 0.007211 0.013118 -0.109812
v 0.009205 0.014312 -0.110562
v 0.016566 0.015461 -0.110036
v 0.015641 0.014670 -0.109446
v 0.003350 0.017812 -0.110351
v 0.009955 0.014976 -0.110867
v -0.010560 0.014115 -0.107972
v 0.010731 0.016988 -0.110627
v 0.026541 0.016216 -0.108523
v -0.000696 0.015470 -0.111049
v -0.000340 0.016497 -0.111407
v 0.012940 0.016224 -0.110494
v 0.013612 0.015267 -0.110166
v 0.014667 0.019172 -0.107398
v 0.013564 0.007677 -0.084502
v -0.021897 0.019363 -0.104391
v -0.056793 0.013815 -0.091561
v -0.001809 0.010573 -0.088073
v -0.018751 0.018870 -0.107966
v -0.014055 0.008465 -0.084903
v 0.004143 0.011625 -0.108258
v -0.004256 0.004409 -0.094420
v -0.001873 0.010159 -0.105178
v 0.004370 0.008157 -0.103780
v 0.091123 0.011768 0.012680
v -0.029639 0.015439 -0.105229
v 0.090020 0.012282 0.017442
v -0.004680 0.009408 -0.086979
v -0.009114 0.006371 -0.082963
v -0.006475 -0.000092 -0.082606
v -0.008753 0.002421 -0.087068
v -0.007912 -0.008085 -0.070407
v -0.008773 -0.004954 -0.074768
v -0.000687 -0.006919 -0.072766
v 0.003179 -0.006043 -0.074886
v -0.002153 0.000498 -0.086243
v 0.003600 0.005097 -0.098364
v -0.033079 0.019578 -0.101957
v -0.035039 0.019946 -0.100229
v -0.022757 0.016178 -0.107915
v -0.022004 0.016666 -0.108435
v -0.019999 0.010132 -0.086025
v -0.022151 0.002855 -0.083019
v -0.026576 0.000457 -0.075094
v -0.042736 0.004525 -0.077806
v -0.025944 0.008897 -0.083175
v -0.029010 0.008321 -0.080764
v -0.030803 0.000345 -0.073567
v -0.025471 -0.002654 -0.072027
v -0.016543 0.004475 -0.078241
v -0.028052 0.005267 -0.076871
v -0.024752 0.006494 -0.080965
v -0.023489 0.003078 -0.074206
v -0.022678 0.004777 -0.077686
v -0.022051 0.007675 -0.083422
v -0.020313 0.006009 -0.080986
v -0.017687 0.007576 -0.083551
v -0.016079 0.005871 -0.081022
v -0.015219 0.001115 -0.071884
v -0.011684 0.002950 -0.076871
v -0.012111 0.005243 -0.080197
v -0.013722 0.006696 -0.082546
v -0.015753 0.000572 -0.069997
v -0.004273 0.007084 -0.084836
v -0.017027 -0.000037 -0.066211
v 0.008282 0.005057 -0.082585
v -0.004008 0.004945 -0.082424
v -0.011766 0.001302 -0.074052
v -0.006906 0.003571 -0.079731
v -0.003870 -0.000384 -0.069903
v 0.080633 0.011978 -0.044836
v 0.012064 -0.008892 -0.069389
v -0.005990 0.001469 -0.076485
v 0.008663 0.002847 -0.078510
v 0.013639 0.003781 -0.078207
v -0.001800 0.000140 -0.073724
v 0.000566 0.001281 -0.077258
v 0.007433 0.009169 -0.087617
v 0.001747 0.005393 -0.083825
v 0.018963 0.003958 -0.077272
v 0.004598 0.001850 -0.077873
v -0.010116 0.000097 -0.071410
v 0.004449 0.008427 -0.087232
v 0.007691 0.007300 -0.085748
v 0.025954 0.006669 -0.099002
v 0.023849 0.003027 -0.093080
v 0.039910 0.012434 -0.101675
v 0.029173 0.000549 -0.085936
v 0.017562 0.007027 -0.083112
v 0.020695 0.006219 -0.081499
v 0.024765 0.017323 -0.107814
v 0.003329 0.003004 -0.080368
v 0.044102 0.001162 -0.084128
v 0.062285 0.008192 -0.085436
v 0.038462 0.009360 -0.079880
v 0.037380 0.005759 -0.076781
v 0.043868 -0.005876 -0.069039
v 0.059677 0.015454 -0.094116
v 0.048830 0.008119 -0.073221
v 0.066828 0.014910 -0.088226
v 0.061720 0.016880 -0.074911
v 0.083002 0.011936 -0.039337
v 0.045472 0.017750 -0.098841
v 0.043605 0.017369 -0.100594
v 0.049360 0.016800 -0.099485
v 0.030027 0.006637 -0.079920
v 0.026066 0.008027 -0.082589
v 0.085338 0.014822 -0.040028
v 0.015985 -0.011821 -0.064426
v 0.008792 -0.011266 -0.065646
v -0.001685 0.002965 -0.080124
v 0.024613 0.000954 -0.071157
v 0.024631 0.002832 -0.074500
v 0.028879 0.000943 -0.072286
v 0.017643 -0.006511 -0.073802
v 0.029361 0.003092 -0.075350
v 0.033367 0.001496 -0.073009
v 0.032898 0.004600 -0.076830
v 0.041609 0.004443 -0.073721
v 0.038681 0.001857 -0.071428
v 0.036538 0.003238 -0.074355
v 0.043391 0.001369 -0.065854
v 0.040233 0.001151 -0.068658
v 0.045579 0.003302 -0.068650
v 0.051261 0.006829 -0.069379
v 0.059670 0.007089 -0.062683
v 0.053656 0.004640 -0.064167
v 0.056280 0.007810 -0.066150
v 0.039057 0.000181 -0.066784
v 0.046318 0.005539 -0.071963
v 0.035101 -0.001210 -0.064252
v 0.038388 -0.000841 -0.058683
v 0.045308 0.000814 -0.062959
v 0.047756 0.000610 -0.060260
v 0.035551 -0.010394 -0.063228
v 0.032259 -0.013478 -0.059877
v 0.086939 0.016382 -0.040412
v 0.035734 -0.000119 -0.069328
v 0.050227 0.001790 -0.061884
v 0.083079 0.013877 -0.043128
v 0.031828 -0.000950 -0.067946
v -0.010503 -0.010428 -0.066885
v -0.017526 0.002724 -0.074640
v 0.109726 0.014843 -0.009682
v 0.084162 0.016250 -0.044855
v -0.045707 -0.013889 -0.035395
v -0.052365 -0.009746 -0.028510
v 0.076164 0.013079 -0.053893
v 0.084225 0.010350 -0.034881
v -0.049216 -0.008819 -0.041725
v 0.081409 0.008826 -0.036926
v -0.045071 -0.000826 -0.063445
v 0.075903 0.008754 -0.044944
v -0.050397 -0.000099 -0.060008
v -0.048119 -0.003377 -0.055147
v -0.030115 -0.008495 -0.062210
v -0.047365 -0.006516 -0.049273
v -0.064299 -0.003172 -0.035006
v -0.055750 0.003416 -0.065437
v -0.032472 -0.003769 -0.068513
v -0.036785 -0.002666 -0.067221
v -0.040882 -0.000382 -0.067894
v -0.039867 -0.004040 -0.062457
v -0.060679 -0.003681 -0.039606
v -0.074929 0.009447 -0.045520
v -0.066801 0.014456 -0.085240
v -0.064372 0.014979 -0.088894
v -0.073999 0.015014 -0.079249
v -0.084681 0.015069 -0.066974
v -0.081214 0.014729 -0.070833
v -0.088085 0.015261 -0.062586
v -0.088536 0.015862 -0.064014
v -0.087069 0.016004 -0.065511
v -0.071531 0.009326 -0.050005
v -0.089522 0.015829 -0.062629
v -0.088644 0.017016 -0.065256
v -0.079533 0.017657 -0.076487
v -0.086785 0.017943 -0.067537
v -0.083262 0.019647 -0.062625
v -0.086481 0.019297 -0.057615
v -0.076540 0.020236 -0.070756
v -0.077754 0.020047 -0.063992
v -0.091476 0.013616 -0.052218
v -0.084945 0.018982 -0.053973
v -0.088300 0.019523 -0.048988
v -0.073282 0.020405 -0.069870
v -0.082640 0.018925 -0.058688
v -0.087561 0.019369 -0.051869
v -0.088252 0.017757 -0.066350
v -0.074751 0.020063 -0.073245
v -0.091931 0.015169 -0.056532
v -0.068463 0.017403 -0.086684
v -0.062704 0.017293 -0.091078
v -0.062485 0.017874 -0.090038
v -0.058645 0.018014 -0.092484
v -0.063974 0.015760 -0.090558
v -0.073434 0.017954 -0.081221
v -0.079543 0.020232 -0.067625
v -0.073401 0.017670 -0.082601
v -0.084042 0.018367 -0.069692
v -0.083735 0.018019 -0.071612
v -0.064571 0.018451 -0.087654
v -0.066238 0.017908 -0.087245
v -0.055703 0.018970 -0.093438
v -0.056439 0.017330 -0.095127
v -0.059742 0.018794 -0.091044
v -0.070343 0.015600 -0.085123
v -0.055815 0.017755 -0.094616
v -0.059321 0.019384 -0.090255
v -0.085484 0.017688 -0.069907
v 0.070620 0.011730 -0.059388
v -0.070362 0.020100 -0.075331
v -0.060108 0.020092 -0.081670
v 0.070545 0.009923 -0.055552
v -0.068046 0.020085 -0.073372
v -0.065887 0.020090 -0.077191
v -0.062527 0.019009 -0.088369
v -0.049175 0.018929 -0.084513
v -0.054136 0.019537 -0.084473
v -0.055995 0.019880 -0.086787
v -0.063180 0.019762 -0.075407
v -0.069496 0.020197 -0.070717
v -0.069260 0.020011 -0.068415
v -0.066920 0.019876 -0.071809
v -0.079131 0.017090 -0.076968
v -0.065274 0.019265 -0.070909
v -0.056214 0.019437 -0.078971
v -0.060765 0.018800 -0.073526
v -0.093688 0.016749 -0.057552
v 0.073452 0.009196 -0.049249
v -0.078396 0.018758 -0.059983
v -0.058454 0.009697 -0.062517
v -0.057487 0.007866 -0.059708
v -0.064452 0.008169 -0.055815
v -0.063094 0.006476 -0.053492
v -0.066238 0.003942 -0.042992
v -0.065459 0.002201 -0.039966
v -0.055891 0.006325 -0.057592
v -0.069695 0.006211 -0.045049
v -0.069366 0.004460 -0.040528
v -0.059126 0.005968 -0.055635
v -0.061710 0.007574 -0.057205
v -0.063284 0.005627 -0.049775
v 0.078973 0.015510 -0.053016
v -0.066432 0.006947 -0.049848
v -0.053602 0.010629 -0.068241
v -0.047932 0.017950 -0.082025
v -0.043290 0.018515 -0.086429
v -0.042673 0.008714 -0.074754
v -0.036524 0.005733 -0.070892
v -0.039187 0.007109 -0.072925
v -0.037632 0.007783 -0.074473
v -0.036342 0.008261 -0.076534
v 0.101518 0.015447 -0.036714
v -0.027683 0.001652 -0.067786
v 0.065272 0.011665 -0.063396
v -0.027068 0.003116 -0.072653
v -0.030522 0.003848 -0.071151
v -0.032002 0.005707 -0.075396
v -0.021279 0.001171 -0.070247
v 0.096917 0.015876 -0.045174
v -0.027374 0.000400 -0.063836
v -0.039936 0.005532 -0.070278
v -0.034110 0.005842 -0.072710
v -0.042496 0.006491 -0.072168
v -0.041329 0.007342 -0.073290
v -0.033902 0.001726 -0.064894
v 0.076341 0.014808 -0.056747
v 0.091849 0.016124 -0.027950
v -0.030582 -0.000140 -0.060395
v -0.075867 0.017621 -0.080225
v -0.043404 0.000924 -0.055205
v -0.033891 0.000550 -0.061628
v -0.047322 0.001123 -0.052895
v -0.030941 0.000942 -0.064344
v 0.082108 0.016255 -0.049764
v -0.034964 0.000003 -0.057100
v -0.046665 -0.013746 -0.031966
v -0.048462 -0.011721 -0.033411
v -0.051399 0.000350 -0.047001
v -0.067810 0.002781 -0.036995
v -0.049199 -0.000350 -0.044972
v -0.037505 0.001169 -0.059492
v -0.060693 0.000180 -0.036529
v -0.049998 -0.010089 -0.036821
v -0.040777 0.001394 -0.057227
v -0.042317 -0.000114 -0.052648
v -0.038483 0.000389 -0.055563
v -0.036392 0.001853 -0.063293
v -0.046581 -0.000259 -0.048823
v -0.057111 0.000840 -0.044016
v -0.058267 0.000108 -0.039801
v -0.058525 0.002687 -0.047054
v -0.051963 0.006158 -0.060006
v -0.062339 0.002225 -0.043171
v -0.055023 0.008899 -0.063927
v -0.063458 0.004712 -0.046807
v -0.048718 0.007563 -0.067978
v -0.047815 0.006179 -0.065418
v -0.053147 0.001792 -0.049089
v -0.044966 0.004819 -0.064483
v 0.089880 0.010348 -0.014710
v -0.046193 0.004624 -0.061607
v -0.044138 0.002602 -0.057991
v 0.092509 0.012473 -0.011611
v -0.055572 0.003476 -0.050935
v -0.044371 0.005025 -0.067181
v -0.037068 0.003549 -0.066911
v 0.082247 0.014250 -0.045493
v -0.055266 0.004910 -0.054755
v -0.041184 0.003436 -0.063333
v 0.104919 0.015168 -0.032489
v -0.041838 0.004691 -0.067761
v -0.036936 -0.000294 -0.052234
v -0.049219 -0.010654 0.035877
v -0.045000 -0.013484 0.035243
v -0.047805 -0.013586 0.032415
v 0.107128 0.015840 -0.026515
v 0.093547 0.016684 -0.055669
v -0.078652 0.004376 0.003621
v -0.080915 0.006833 0.000032
v -0.079393 0.006245 -0.006706
v -0.081171 0.007351 -0.003992
v -0.074590 0.001093 -0.013947
v 0.088698 0.016396 -0.065602
v -0.081866 0.005732 -0.018889
v -0.074426 0.002718 -0.003723
v -0.077662 0.002220 -0.017930
v -0.081862 0.006906 -0.009148
v -0.085130 0.008781 -0.010802
v -0.076908 0.004384 0.000174
v -0.083072 0.001025 -0.005329
v -0.077237 0.000105 -0.017104
v -0.071514 -0.003182 -0.012844
v -0.074852 0.001148 -0.019057
v -0.074372 0.002189 0.001607
v -0.078504 0.004969 -0.009206
v -0.070716 0.000248 0.000426
v -0.069427 -0.000391 0.003075
v -0.072649 0.001393 -0.003681
v -0.063457 -0.005292 0.031874
v -0.073429 -0.003201 0.016462
v 0.091626 0.017052 -0.059236
v -0.077555 -0.002006 0.003305
v -0.070151 -0.000598 0.006770
v -0.077367 -0.001835 -0.004561
v 0.092979 0.015586 -0.059934
v 0.091321 0.013497 -0.060637
v 0.091249 0.015283 -0.062439
v -0.082953 0.006580 0.004137
v 0.084592 0.015390 -0.071198
v -0.059694 -0.009481 -0.005706
v -0.056858 -0.012331 0.005353
v -0.085371 0.002340 0.014331
v -0.076153 0.003175 -0.008854
v -0.082266 0.007631 -0.006308
v -0.073039 -0.001608 -0.021274
v -0.078491 0.002913 -0.015194
v -0.072244 0.000442 -0.016837
v 0.082427 0.015298 -0.073300
v -0.058419 -0.006244 -0.033174
v 0.097147 0.015157 -0.052057
v 0.094783 0.016170 -0.056600
v 0.086504 0.016678 -0.067958
v 0.087165 0.014807 -0.067367
v -0.074447 0.000059 -0.027388
v -0.066706 -0.000907 -0.012379
v -0.070192 -0.000464 -0.013312
v -0.055845 -0.009339 -0.017386
v 0.074548 0.015992 -0.060269
v 0.083286 0.015126 -0.072361
v -0.062069 -0.007227 -0.011995
v 0.083581 0.015799 -0.072541
v -0.080545 0.004445 -0.014181
v 0.080939 0.014367 -0.048078
v -0.064390 0.001102 -0.036580
v -0.063356 -0.005251 -0.025334
v -0.061677 0.000740 -0.039930
v 0.066454 0.012753 -0.064302
v -0.059545 0.004729 -0.050987
v 0.073593 0.013006 -0.057357
v -0.065312 0.000204 -0.027785
v 0.073469 0.011092 -0.052905
v -0.063152 0.000654 -0.032429
v -0.042202 -0.000117 -0.014592
v -0.071493 -0.000209 -0.008518
v -0.067252 -0.000517 -0.023125
v -0.070047 -0.000072 -0.017051
v 0.071800 0.016367 -0.064554
v -0.068096 0.001582 -0.029680
v -0.074626 0.001556 -0.022726
v -0.080926 0.006029 -0.021570
v -0.073306 0.001923 -0.026688
v -0.069543 0.000569 -0.026501
v -0.076038 0.002957 -0.025029
v -0.066052 0.001742 -0.034092
v -0.066309 0.001475 -0.031332
v -0.059022 -0.000691 -0.049964
v -0.039745 0.004206 -0.067218
v -0.051622 0.003661 -0.054070
v -0.084375 0.018761 -0.050217
v -0.090279 0.019225 -0.043088
v -0.096153 0.019033 -0.025225
v -0.093143 0.018824 -0.028955
v 0.077684 0.016241 -0.057724
v 0.068148 0.012221 -0.062708
v -0.092982 0.016989 -0.019615
v -0.094441 0.017643 -0.017236
v -0.088757 0.018543 -0.040176
v -0.084317 0.008832 -0.001796
v -0.099633 0.019475 -0.016780
v -0.094366 0.018107 -0.022157
v -0.101351 0.019495 -0.020851
v -0.108094 0.015456 -0.017451
v -0.101357 0.019397 -0.027398
v -0.108252 0.015783 -0.019942
v -0.104744 0.015477 -0.029634
v 0.066654 0.014374 -0.066011
v -0.094206 0.009294 -0.028155
v -0.101218 0.011615 -0.021679
v -0.098861 0.013211 -0.034397
v -0.104567 0.016793 -0.035249
v -0.102744 0.018929 -0.030312
v -0.109019 0.016179 -0.019401
v -0.093053 0.019443 -0.045874
v -0.099083 0.019671 -0.034207
v 0.068685 0.016076 -0.067106
v -0.097040 0.019184 -0.042020
v -0.091420 0.019064 -0.038559
v -0.097875 0.019137 -0.021002
v -0.097004 0.019750 -0.035941
v 0.069648 0.014863 -0.064624
v -0.093955 0.019543 -0.034440
v -0.098327 0.014540 -0.041177
v -0.097946 0.016037 -0.047465
v -0.097782 0.016703 -0.049762
v 0.068857 0.015665 -0.086828
v -0.095295 0.016860 -0.054759
v -0.091437 0.019457 -0.050107
v -0.093402 0.014581 -0.050936
v -0.095596 0.015341 -0.049917
v -0.096430 0.016386 -0.051869
v -0.094417 0.015558 -0.053469
v 0.074256 0.014061 0.082235
v -0.102593 0.015965 -0.037733
v -0.093114 0.013724 -0.048903
v -0.086748 0.005295 -0.028432
v -0.081181 0.010097 -0.033504
v -0.102343 0.019515 -0.014950
v -0.095469 0.008319 -0.019294
v -0.089070 0.005430 -0.021932
v -0.091763 0.016568 -0.022129
v -0.104880 0.019097 -0.012961
v -0.085259 0.009165 -0.006175
v -0.098559 0.019397 -0.025845
v -0.091071 0.004614 0.002732
v 0.085000 0.016550 -0.070128
v -0.084578 0.008259 -0.014221
v -0.084440 0.008577 -0.017487
v -0.086583 0.003186 -0.008811
v -0.082594 0.007543 -0.020543
v -0.082419 0.008420 -0.023693
v -0.080455 0.005278 -0.011703
v -0.084383 0.009711 -0.020774
v -0.085555 0.011915 -0.027182
v -0.093845 0.019434 -0.039937
v -0.096354 0.019777 -0.032818
v -0.078295 0.007143 -0.032414
v -0.072041 0.004950 -0.036395
v -0.072832 0.003839 -0.031727
v -0.078096 0.008651 -0.036044
v 0.075813 0.016516 -0.079739
v -0.080958 0.008067 -0.028821
v 0.075740 0.015388 -0.080583
v -0.076632 0.004691 -0.029093
v -0.075267 0.007368 -0.037890
v 0.077123 0.014879 -0.078696
v -0.078801 0.005103 -0.024285
v -0.075446 0.006079 -0.034138
v 0.081805 0.015805 -0.074327
v 0.082536 0.016190 -0.073208
v -0.066961 -0.000934 0.016140
v 0.072425 0.016321 -0.083374
v 0.071709 0.014267 -0.061949
v 0.031292 0.016784 0.104799
v 0.077143 0.016234 -0.078835
v 0.077881 0.016405 -0.077243
v 0.061470 0.016607 -0.092593
v 0.070718 0.015064 -0.084707
v 0.048047 0.016025 -0.100191
v 0.045837 0.016422 -0.101341
v 0.069688 0.016077 -0.085802
v 0.061479 0.015215 -0.092830
v 0.079300 0.016426 -0.075851
v 0.080453 0.016097 -0.075528
v 0.074713 0.016475 -0.081103
v 0.045456 0.016784 -0.085431
v -0.033546 0.003198 0.075255
v -0.025163 -0.000677 0.067121
v -0.042367 0.007932 0.077482
v -0.039825 0.005841 0.076311
v 0.058812 0.014785 -0.073843
v -0.045963 0.000417 0.062888
v 0.059970 0.016266 -0.075035
v -0.043976 0.005345 0.073806
v -0.032362 0.001447 0.072762
v -0.038396 -0.000126 0.068002
v -0.049855 0.001849 0.063268
v -0.042768 -0.001022 0.060765
v -0.041672 -0.000513 0.064459
v -0.034781 -0.000292 0.079593
v -0.039460 -0.001603 0.059932
v -0.036129 0.001321 0.071796
v 0.051847 0.016241 -0.081127
v -0.034130 0.000390 0.070209
v -0.030433 0.005459 0.079496
v -0.040313 0.007246 0.095676
v -0.054108 0.012479 0.095797
v -0.064425 0.011022 0.086652
v -0.060939 0.008057 0.083753
v -0.028806 0.000405 0.070879
v -0.047467 0.010751 0.097845
v -0.024394 0.001577 0.074693
v -0.017327 -0.005075 0.081831
v -0.005879 -0.001525 0.055900
v -0.014102 -0.011916 0.069203
v -0.028160 0.002476 0.076123
v -0.031103 -0.000647 0.066794
v -0.025067 0.004988 0.080515
v 0.061865 0.015835 -0.072781
v -0.042738 0.000712 0.067169
v -0.012460 -0.001100 0.059259
v -0.048518 0.000466 0.070460
v -0.062739 0.004321 0.069989
v -0.046894 0.002392 0.066551
v -0.036357 -0.001551 0.061869
v 0.043948 0.013582 -0.082207
v -0.047778 -0.007174 0.042063
v -0.045924 -0.003496 0.057826
v -0.048725 -0.002524 0.040306
v -0.045372 -0.001960 0.037490
v -0.048373 -0.000945 0.053722
v -0.048262 -0.001679 0.049657
v -0.057585 0.005950 0.064269
v -0.055102 0.004900 0.065036
v -0.050792 0.000317 0.056713
v -0.038537 -0.001196 0.063818
v -0.050965 0.003865 0.066076
v -0.050769 0.000807 0.059887
v -0.047018 -0.000606 0.058356
v -0.051461 -0.000559 0.050098
v -0.042006 -0.006210 0.054416
v -0.044450 -0.002137 0.047437
v -0.051634 -0.010795 0.033581
v 0.057877 0.010697 -0.068209
v -0.047931 -0.001820 0.035972
v -0.057145 -0.011872 0.014017
v -0.056116 -0.003131 0.044771
v -0.047752 -0.005550 0.045918
v 0.037928 0.015127 -0.104359
v -0.060036 -0.000165 0.031741
v -0.058725 -0.003539 0.043075
v -0.048937 -0.002393 0.047054
v -0.044432 -0.006765 0.048479
v -0.054791 -0.006545 0.038950
v -0.052451 -0.008609 0.036603
v -0.075138 0.001037 0.013500
v -0.073174 0.000180 0.008616
v -0.076999 0.005003 -0.003492
v -0.071545 -0.000420 0.011591
v -0.076671 0.004454 -0.006905
v -0.074554 0.002862 -0.001558
v -0.080870 0.004899 0.006955
v -0.076801 0.002195 0.007732
v -0.075720 0.001157 0.018991
v -0.080531 0.004697 0.011078
v -0.057021 -0.012137 0.001291
v -0.064559 0.000634 0.031320
v -0.078296 0.003114 0.012980
v -0.060627 0.000692 0.034740
v -0.069095 0.001182 0.030166
v 0.041723 0.018155 -0.100019
v -0.091353 0.004971 0.016400
v -0.096055 0.007807 0.022924
v -0.073503 0.002776 0.030819
v -0.060670 -0.000022 0.056435
v 0.028191 0.015960 -0.109158
v -0.052267 0.001646 0.061486
v -0.044940 -0.001825 0.052003
v -0.050829 -0.001945 0.047740
v -0.054676 0.001863 0.060212
v 0.023126 0.017122 -0.092944
v -0.052601 -0.002464 0.041630
v 0.012156 0.016235 -0.093599
v -0.062880 0.002031 0.047171
v -0.059916 0.001010 0.045571
v -0.054823 -0.000216 0.048113
v -0.053095 -0.001769 0.046276
v -0.056711 -0.000455 0.044572
v -0.057522 0.001805 0.053495
v -0.069263 0.005516 0.042358
v -0.054675 0.000822 0.050903
v -0.064954 0.003592 0.039767
v 0.034067 0.015797 -0.089564
v -0.057806 0.004023 0.061518
v -0.065180 0.003170 0.043783
v -0.059800 0.003843 0.057888
v -0.061473 0.003649 0.055000
v -0.072490 0.001624 0.028530
v -0.070791 -0.000679 0.037723
v -0.077195 0.002421 0.022684
v -0.074949 0.002321 0.027353
v -0.066631 0.002248 0.032939
v -0.071782 0.000627 0.025155
v -0.078068 0.004027 0.027354
v -0.062513 0.001578 0.035054
v -0.079809 0.005823 0.030044
v -0.080348 0.005720 0.026419
v -0.082797 0.007287 0.023843
v -0.079929 0.004272 0.022923
v 0.019006 0.017464 -0.093963
v -0.084907 0.011475 0.032726
v -0.082173 0.007794 0.029101
v -0.104248 0.011084 0.003557
v -0.097336 0.007449 0.003175
v -0.078720 0.002855 0.018100
v -0.079576 0.003867 -0.020260
v -0.069897 -0.000679 0.013991
v -0.083774 0.007435 0.013986
v -0.083019 0.006697 0.017035
v -0.084517 0.007365 0.008375
v -0.080967 0.005001 0.015133
v -0.085614 0.009252 0.019104
v -0.070510 0.002433 0.055659
v -0.088332 0.008963 0.054930
v -0.076915 0.004495 0.031994
v -0.073524 0.006180 0.037998
v -0.073295 0.004522 0.034496
v -0.074381 0.001123 0.022722
v 0.034812 0.015822 -0.105687
v -0.080436 0.007924 0.034493
v -0.075682 0.008054 0.042114
v -0.067300 0.004244 0.046748
v 0.031569 0.015970 -0.106752
v -0.057986 0.000045 0.039843
v -0.058147 0.000994 0.048605
v -0.048157 -0.002692 0.044427
v -0.071255 0.006397 0.045732
v -0.061451 0.001527 0.037660
v -0.055266 -0.001423 0.041241
v -0.057404 0.002551 0.058590
v -0.070195 0.006648 0.049953
v 0.005599 0.016273 -0.093963
v -0.071835 -0.000171 0.018199
v -0.071072 0.005106 0.036571
v -0.045122 -0.002477 0.044404
v -0.071304 0.009958 0.054259
v -0.044482 0.002956 0.069854
v -0.062485 0.006361 0.058993
v -0.065397 0.003677 0.050618
v -0.058285 0.002609 0.056354
v -0.061430 0.001483 0.042329
v -0.071965 0.006641 0.043651
v -0.066061 0.005898 0.054455
v -0.070050 0.003580 0.033902
v -0.068133 0.004070 0.035173
v -0.060325 0.007689 0.063300
v -0.076332 0.006993 0.038032
v -0.063650 0.003711 0.052953
v 0.011149 0.017664 -0.095839
v -0.064229 0.010088 0.062869
v -0.053525 0.002690 0.062942
v -0.080570 0.012975 0.074258
v -0.067750 0.011613 0.084629
v -0.053660 0.008559 0.070364
v -0.054175 0.008613 0.089518
v -0.051879 0.006261 0.085441
v -0.093856 0.013429 0.058765
v -0.098832 0.013813 0.048741
v -0.073436 0.006927 0.041299
v -0.088649 0.012738 0.022612
v -0.092354 0.016631 0.026432
v -0.087875 0.013876 0.030056
v -0.081954 0.005524 0.019368
v -0.092831 0.016044 0.020105
v -0.109394 0.016042 -0.011263
v -0.098474 0.018333 -0.007112
v -0.100922 0.018632 -0.007225
v -0.108976 0.016000 -0.012836
v -0.108902 0.015998 -0.014777
v -0.110709 0.016216 -0.004064
v -0.109868 0.015455 -0.003249
v -0.099832 0.019187 -0.011753
v -0.103293 0.019039 -0.009288
v -0.100026 0.018308 -0.003080
v -0.110594 0.016023 0.004587
v -0.105832 0.014285 0.028948
v -0.104489 0.014260 0.033700
v -0.108579 0.014996 0.018796
v -0.104831 0.014066 0.031329
v -0.105563 0.015390 0.034543
v -0.105952 0.015162 0.031803
v -0.107777 0.013728 -0.002537
v -0.108316 0.014714 0.015111
v -0.103635 0.019097 0.014465
v -0.100493 0.019052 0.014069
v -0.102310 0.019121 0.018228
v -0.102445 0.019005 0.007668
v -0.105208 0.018858 0.008471
v -0.036261 0.018457 -0.103276
v -0.034854 0.017772 -0.104443
v -0.109959 0.015573 0.010172
v -0.110682 0.016656 0.009728
v -0.032164 0.017307 -0.088894
v -0.109481 0.015729 -0.009196
v -0.110672 0.016219 -0.002500
v -0.102901 0.018611 -0.003919
v -0.097417 0.017946 -0.003111
v -0.101786 0.018677 0.000598
v -0.097076 0.018404 -0.010836
v -0.097703 0.018223 0.009671
v -0.045635 0.017984 -0.099976
v -0.098473 0.018486 0.002428
v -0.102440 0.018739 0.027093
v -0.099952 0.018975 0.018406
v -0.109850 0.015746 0.012161
v -0.044400 0.019241 -0.099010
v -0.073732 0.007428 0.043910
v -0.091314 0.018335 0.038118
v -0.100509 0.019061 0.024842
v -0.091386 0.017672 0.032205
v -0.088843 0.016247 0.033293
v -0.094035 0.018841 0.035176
v -0.099090 0.018935 0.035597
v -0.096034 0.019067 0.031281
v -0.086750 0.014499 0.034569
v -0.097680 0.018431 0.016271
v -0.094847 0.018304 0.028076
v -0.087428 0.018021 0.044482
v -0.093498 0.018625 0.032785
v -0.093371 0.018932 0.039526
v -0.097854 0.018899 0.027235
v -0.095194 0.017551 0.019638
v -0.094961 0.017627 0.023925
v -0.090640 0.018816 0.050336
v -0.094441 0.018999 0.046255
v -0.097524 0.018595 0.041065
v -0.095439 0.019012 0.040299
v -0.096167 0.013149 0.053575
v -0.093711 0.010934 0.051832
v -0.097815 0.014432 0.052727
v 0.065002 0.015563 -0.069659
v -0.096858 0.014349 0.054580
v -0.087882 0.018419 0.049216
v -0.090538 0.018904 0.044490
v -0.092843 0.019128 0.044139
v -0.077316 0.017800 0.069012
v -0.046581 0.019650 -0.097035
v -0.080509 0.014089 0.075796
v -0.076029 0.012922 0.078854
v -0.088188 0.012523 0.065429
v -0.098522 0.014493 0.050869
v -0.092632 0.014149 0.061564
v -0.091146 0.013198 0.062346
v 0.083495 0.016613 -0.071793
v -0.086495 0.013677 0.068768
v -0.064594 0.013616 0.067666
v -0.083269 0.011748 0.069237
v -0.083294 0.014915 0.043304
v -0.054877 0.001341 0.057038
v -0.081361 0.015206 0.049029
v -0.078575 0.013663 0.050643
v -0.083692 0.016491 0.047985
v -0.099186 0.019004 0.030144
v -0.096160 0.019141 0.035126
v -0.083042 0.017420 0.055861
v -0.084164 0.017280 0.051789
v -0.088286 0.017893 0.057709
v -0.070901 0.017198 0.070383
v -0.074196 0.017630 0.070119
v -0.066133 0.016062 0.071335
v -0.072303 0.017515 0.074714
v -0.065903 0.017712 0.079813
v -0.067507 0.017227 0.075163
v -0.080119 0.017894 0.063146
v -0.013318 0.018032 -0.109601
v -0.068599 0.012814 0.062645
v -0.089080 0.018172 0.054806
v -0.081279 0.017985 0.066853
v -0.074210 0.016127 0.062536
v -0.077464 0.017235 0.061388
v -0.067284 0.016710 0.072909
v -0.080407 0.016806 0.056261
v -0.056403 0.017022 0.081324
v -0.053884 0.016293 0.081700
v -0.047100 0.017248 0.094984
v -0.049436 0.014280 0.081288
v -0.032856 0.016513 0.093847
v -0.024969 0.019062 -0.104734
v -0.039545 0.016670 0.092357
v -0.038558 0.017083 0.096329
v -0.035878 0.016468 0.093291
v -0.054723 0.017454 0.087604
v -0.035200 0.016876 0.095548
v -0.038940 0.007774 0.078553
v -0.058090 0.012089 0.071408
v -0.056256 0.016040 0.078794
v -0.027036 0.007860 0.083216
v -0.050818 0.009643 0.074406
v -0.031546 0.015908 0.092057
v -0.045014 0.016588 0.088310
v -0.072844 0.017349 0.077832
v -0.038059 0.013592 0.104289
v -0.039857 0.012842 0.103308
v -0.061811 0.013577 0.091703
v -0.057859 0.014911 0.094020
v -0.057526 0.015800 0.093395
v -0.065148 0.012536 0.088751
v -0.067397 0.012684 0.087035
v -0.052183 0.015099 0.097207
v -0.042003 0.012657 0.102400
v -0.049663 0.012391 0.098788
v -0.047351 0.013549 0.100506
v -0.042713 0.015105 0.101735
v -0.037359 0.015021 0.104031
v -0.039912 0.015127 0.102982
v -0.034873 0.008678 0.099887
v -0.026968 0.016259 -0.107043
v -0.035977 0.014380 0.104754
v -0.038499 0.014473 0.103809
v -0.044817 0.017254 0.092695
v -0.062215 0.017635 0.078929
v -0.062201 0.017884 0.081812
v -0.064836 0.016872 0.074869
v -0.020321 0.019071 -0.107070
v -0.059896 0.017255 0.088492
v -0.046597 0.015320 0.084723
v -0.062533 0.017336 0.086964
v -0.062296 0.016768 0.088793
v -0.055401 0.015023 0.095282
v -0.061560 0.017832 0.085125
v -0.038031 0.015757 0.103069
v -0.051576 0.017173 0.093340
v -0.054406 0.017009 0.092558
v -0.066691 0.017387 0.082589
v -0.055917 0.017378 0.089617
v -0.041709 0.017142 0.097562
v -0.044501 0.014447 0.101579
v -0.051154 0.013773 0.098306
v -0.025829 0.018822 -0.105444
v -0.027357 0.018321 -0.105664
v -0.026873 0.015226 0.107007
v -0.031981 0.016952 0.101458
v -0.027301 0.018962 -0.104341
v -0.027135 0.017209 0.101387
v -0.036386 0.017106 0.100012
v -0.075814 0.017434 0.066574
v -0.020550 0.015988 0.096146
v -0.020537 0.017459 0.104575
v -0.018759 0.017323 0.106638
v -0.023060 0.017367 0.103668
v -0.010334 0.016558 -0.110359
v -0.016794 0.017684 0.105185
v -0.068783 0.013817 0.086991
v -0.016594 0.017112 0.099413
v -0.023847 0.017022 0.098365
v -0.015221 0.017648 0.102831
v -0.010804 0.017875 0.103760
v -0.007889 0.017883 0.105129
v -0.001697 0.017257 0.103751
v -0.001001 0.016990 0.100354
v -0.000716 0.017353 0.106186
v -0.009861 0.016713 0.109500
v -0.008367 0.015853 0.110355
v -0.013256 0.017719 0.105037
v -0.006761 0.014967 0.110944
v -0.011875 0.017576 0.101101
v -0.005147 0.017505 0.104546
v -0.011064 0.017227 0.108452
v -0.006781 0.017498 0.101791
v -0.024610 0.013867 0.108656
v -0.017042 0.013612 0.109988
v -0.013824 0.014346 0.110183
v -0.010224 0.017037 0.098709
v -0.011763 0.012818 0.109724
v -0.013728 0.012452 0.109526
v -0.015477 0.012689 0.109823
v -0.044981 0.015830 0.100155
v 0.078378 0.015939 0.076998
v -0.013073 0.010742 0.107630
v 0.076654 0.015719 0.079036
v -0.014614 0.007874 0.104159
v -0.022758 0.012990 0.090626
v -0.026628 0.012765 0.108030
v -0.029974 0.012934 0.106978
v -0.084953 0.019121 -0.066716
v -0.032924 0.012811 0.106001
v -0.033500 0.013944 0.105887
v 0.006182 0.019423 -0.108603
v -0.037705 0.012468 0.104109
v -0.029901 0.017121 0.096943
v -0.027182 0.016499 0.094081
v -0.031180 0.011857 0.105632
v -0.031873 0.013586 0.106477
v -0.019481 0.004647 0.080999
v -0.015217 -0.000502 0.069430
v 0.010729 -0.008887 0.075034
v 0.016397 -0.004792 0.078102
v 0.001331 0.018915 -0.109638
v -0.005360 -0.012529 0.076321
v -0.024799 0.018196 -0.106459
v -0.012433 -0.007590 0.079968
v -0.008247 -0.008516 0.080286
v -0.006511 -0.006260 0.083803
v -0.041405 0.016028 0.101511
v 0.007679 -0.013450 0.068928
v -0.024826 0.018810 -0.105655
v -0.003651 -0.002099 0.089127
v -0.000547 -0.001434 0.074389
v 0.000369 -0.000727 0.077870
v 0.003246 0.004182 0.083873
v 0.003414 0.006342 0.085852
v 0.016409 -0.000729 0.083888
v 0.002228 0.001680 0.081411
v 0.010488 -0.001827 0.073426
v -0.029015 0.017958 -0.105933
v 0.014343 0.003351 0.081460
v 0.021502 -0.000335 0.073252
v 0.019064 -0.001161 0.070678
v 0.014248 0.007228 0.085399
v 0.007461 0.008754 0.088204
v 0.007183 0.005141 0.084225
v 0.002292 0.010119 0.089320
v -0.020071 0.013998 0.109803
v -0.001478 -0.007019 0.082463
v 0.002122 -0.000570 0.089218
v 0.005798 0.002214 0.092405
v 0.002917 0.013109 0.092338
v -0.014822 0.016106 0.096886
v 0.013748 0.001480 0.078906
v -0.053499 0.016501 -0.096943
v 0.012079 0.005160 0.083583
v -0.010208 -0.000864 0.073015
v -0.009392 -0.000213 0.076430
v -0.002184 0.006137 0.085886
v -0.013296 0.009235 0.087276
v -0.011873 0.005356 0.083903
v -0.006946 0.003801 0.083277
v 0.005376 0.008211 0.104234
v -0.007521 0.007334 0.086714
v -0.036945 0.015614 -0.103271
v 0.000706 0.003980 0.083968
v -0.040381 0.019096 -0.100847
v -0.018041 0.010549 0.088849
v -0.002420 0.002959 0.082989
v -0.016133 0.006244 0.083764
v -0.011788 0.001036 0.078295
v -0.036188 0.016522 -0.104247
v -0.023237 0.002934 0.077774
v -0.016608 0.001566 0.076446
v -0.015016 0.004294 0.081837
v -0.011150 0.002763 0.081225
v -0.015812 0.002746 0.079414
v -0.034925 0.017673 -0.087531
v -0.040655 0.001864 0.070817
v 0.008410 -0.001856 0.074556
v -0.026914 0.017645 -0.106869
v -0.048183 0.017264 -0.099440
v 0.023278 -0.000890 0.069610
v -0.007429 0.019626 -0.104995
v -0.044937 0.016663 -0.101122
v 0.044671 -0.013551 0.048867
v 0.040096 -0.012752 0.053227
v -0.026261 0.017361 -0.091308
v -0.027132 0.015951 -0.089098
v -0.023864 0.016194 -0.090375
v -0.022925 0.017421 -0.092398
v 0.032115 -0.001436 0.039345
v 0.042432 0.016638 0.088091
v 0.046448 0.016669 0.086264
v -0.029566 0.017205 -0.090031
v 0.056025 0.017137 0.081972
v -0.014785 0.016812 -0.109780
v -0.014280 0.015983 -0.109559
v 0.073617 -0.001909 0.029326
v 0.051662 0.016860 0.084948
v 0.045577 0.017215 0.088830
v 0.059165 0.016974 0.078658
v 0.054488 0.010640 0.072701
v 0.054758 0.013484 0.075836
v 0.039109 0.009052 0.079834
v 0.045755 0.011374 0.078707
v 0.037496 0.005338 0.076579
v 0.026435 -0.000268 0.071240
v 0.027731 -0.001205 0.067243
v 0.030449 0.002126 0.083870
v 0.028239 0.003595 0.077915
v 0.034460 0.009851 0.082353
v 0.023907 0.000369 0.074363
v 0.043526 0.003856 0.071747
v 0.042810 0.009633 0.078923
v 0.043083 0.006714 0.075517
v 0.031268 0.000095 0.070817
v 0.027750 0.001456 0.074841
v 0.004617 -0.000139 0.078276
v 0.051988 0.003833 0.074290
v 0.049511 0.000432 0.068640
v 0.044329 -0.007532 0.059380
v 0.050991 0.007584 0.071110
v 0.055135 0.004405 0.061936
v -0.005963 0.019476 -0.105294
v 0.047199 0.000910 0.065280
v 0.057660 0.009049 0.066881
v 0.052906 0.001143 0.057183
v 0.046097 -0.001318 0.058026
v 0.050642 0.000684 0.060620
v 0.054766 -0.000713 0.062492
v 0.052006 -0.000064 0.065966
v 0.055892 0.002094 0.067346
v 0.045280 -0.000980 0.061997
v 0.048349 -0.000644 0.058794
v 0.065911 0.004883 0.054246
v 0.067638 0.005002 0.053791
v 0.067129 0.007162 0.055795
v 0.071654 0.007958 0.052543
v 0.069034 0.009448 0.056446
v 0.071049 0.014005 0.061954
v 0.066001 0.009452 0.060148
v 0.075282 0.017233 0.065158
v -0.016218 0.017156 -0.092726
v 0.073045 0.017799 0.075699
v 0.067990 0.016043 0.070139
v 0.076715 0.017579 0.073197
v 0.081267 0.017385 0.068585
v -0.015651 0.018075 -0.094821
v 0.071913 0.011918 0.057464
v 0.071738 0.016639 0.067499
v 0.083343 0.013028 0.071197
v 0.062745 0.017066 0.077057
v 0.063668 0.013526 0.089856
v 0.062502 0.010552 0.083203
v 0.062697 0.012626 0.088422
v 0.061344 0.012956 0.090684
v 0.068019 0.012855 0.085306
v 0.059801 0.013273 0.092707
v 0.053258 0.017682 0.092206
v 0.057993 0.017675 0.088033
v 0.063779 0.017650 0.078915
v 0.058005 0.017662 0.083360
v 0.063160 0.017835 0.083411
v 0.051326 0.017584 0.089008
v 0.070287 0.017747 0.075098
v 0.065690 0.013581 0.067420
v 0.070271 0.017649 0.078778
v 0.073868 0.017376 0.077352
v 0.040023 0.017666 0.099072
v 0.036776 0.016885 0.092381
v 0.010027 0.016695 -0.094717
v 0.040483 0.015358 0.103456
v 0.028099 0.017286 0.105333
v 0.023539 0.015254 0.108208
v 0.024539 0.017491 0.105671
v 0.027612 0.017617 0.099731
v 0.029707 0.017181 0.096191
v 0.029668 0.017724 0.101906
v 0.011592 0.017617 0.103975
v 0.011111 0.015222 0.110468
v 0.007282 0.017666 0.103708
v 0.013991 0.015462 0.109719
v 0.009509 0.015972 0.110179
v -0.004526 0.015477 0.110977
v 0.002893 0.017775 0.105277
v 0.008430 0.014881 0.110502
v 0.010612 0.016931 0.099945
v 0.014772 0.016963 0.098684
v 0.018408 0.017818 0.099455
v 0.021256 0.017579 0.097636
v 0.025163 0.017347 0.097299
v 0.022020 0.018246 0.104040
v 0.022539 0.018161 0.100662
v 0.020644 0.017664 0.106478
v -0.019524 0.018221 -0.094732
v 0.017296 0.017737 0.106222
v -0.019391 0.002873 0.078154
v 0.002613 0.017525 0.102463
v 0.019135 0.018261 0.102806
v 0.004502 0.017166 0.099733
v 0.023219 0.001014 0.084743
v 0.019587 0.007807 0.101019
v 0.028109 0.008502 0.083023
v 0.024297 0.003251 0.079506
v 0.022875 0.008319 0.085056
v 0.025308 0.002233 0.077504
v 0.021271 0.010565 0.087475
v 0.027320 0.005281 0.080278
v 0.018320 0.004036 0.082372
v -0.002307 0.019643 -0.109135
v 0.024132 0.013366 0.089785
v 0.022927 0.005205 0.082391
v 0.020350 0.002484 0.080057
v 0.019959 0.008767 0.086093
v 0.015773 0.005932 0.084183
v 0.003413 0.017845 -0.095758
v 0.004447 0.013507 0.111011
v 0.013539 0.012009 0.108427
v 0.009240 0.011361 0.107984
v 0.005103 0.015812 0.110638
v 0.005723 0.014657 0.110994
v -0.017163 0.019762 -0.104762
v 0.022532 0.016820 0.095421
v 0.002291 0.014611 0.110972
v 0.022146 0.016432 0.107512
v 0.022727 0.012374 0.106736
v 0.019000 0.015415 0.108983
v 0.032224 0.015824 0.105261
v 0.014998 0.014280 0.110422
v 0.012977 0.014789 0.110734
v 0.025084 0.013793 0.107951
v 0.014483 0.012741 0.109462
v 0.030314 0.015413 0.106607
v 0.033902 0.012457 0.104151
v 0.033827 0.017240 0.095175
v 0.042998 0.017498 0.092460
v 0.041880 0.014981 0.103750
v 0.030788 0.013754 0.106748
v 0.044000 0.013628 0.101095
v 0.042780 0.017683 0.095852
v 0.047519 0.017717 0.093699
v 0.000627 0.010058 0.107666
v 0.052119 0.013654 0.097219
v 0.037793 0.017655 0.096414
v 0.045303 0.017326 0.097325
v 0.065005 0.012817 0.087574
v 0.008128 0.016910 -0.095302
v -0.007062 0.016829 -0.110918
v -0.008676 0.017136 -0.110822
v 0.041650 0.013803 0.102905
v 0.038379 0.012635 0.102419
v 0.074653 0.013480 0.080528
v 0.009729 0.015444 -0.111150
v 0.007952 0.015092 -0.111208
v 0.001165 0.018218 -0.095827
v 0.072020 0.013867 0.083736
v 0.001992 0.017014 -0.093852
v -0.008529 0.014663 0.110973
v 0.025892 0.016202 -0.109131
v 0.040554 0.016782 0.090183
v 0.011767 0.015528 -0.110652
v 0.014768 0.015943 -0.110385
v -0.000648 0.014873 0.111170
v -0.001405 0.014333 0.111382
v 0.031780 0.014450 -0.106932
v 0.027297 0.014225 -0.108306
v 0.021067 0.017511 -0.108146
v 0.019914 0.016525 -0.110228
v -0.000481 0.015996 0.111009
v 0.005378 0.017451 -0.095624
v -0.013238 0.017606 -0.094613
v 0.095378 0.017085 0.016568
v 0.107677 0.015587 -0.023384
v 0.108518 0.015875 -0.021034
v 0.108743 0.015353 -0.019795
v 0.107479 0.014664 -0.020525
v 0.109437 0.015531 0.018883
v 0.035412 0.015756 0.104480
v 0.098940 0.015738 0.049905
v 0.098984 0.016398 0.048499
v -0.024479 0.014676 -0.088733
v 0.096184 0.014384 0.055241
v 0.091841 0.014583 0.062242
v 0.069757 0.006596 0.053573
v 0.087523 0.015495 0.067290
v 0.095311 0.014809 0.056699
v 0.091196 0.015945 0.061785
v -0.055299 0.016860 -0.096051
v 0.084816 0.017387 0.065922
v 0.076806 0.007778 0.047041
v 0.033022 0.014768 0.106382
v 0.052737 0.017931 -0.094750
v 0.016578 0.009114 0.086765
v -0.008390 0.016330 -0.110485
v -0.002184 0.016525 -0.111168
v 0.066602 0.003518 0.054056
v -0.004938 0.016683 -0.111305
v 0.087436 0.017242 0.063386
v -0.005792 0.016309 -0.093034
v -0.012685 0.015757 -0.091913
v -0.016270 0.014921 -0.089878
v 0.087810 0.011214 0.023679
v 0.099065 0.010991 0.039096
v 0.098965 0.016815 -0.039534
v 0.110052 0.014378 0.004262
v 0.069093 0.005331 -0.072143
v 0.028415 -0.000428 -0.069508
v 0.082217 0.008180 -0.032358
v 0.033694 0.015453 0.105520
v 0.084364 0.017784 0.063140
v 0.078049 0.004874 0.035661
v 0.083620 0.016943 0.068799
v -0.000609 0.017274 0.109572
v 0.047771 -0.000886 0.054013
v 0.057115 -0.010864 0.040171
v 0.031738 -0.000146 -0.070482
v 0.066372 0.016955 -0.088188
v 0.065984 0.017611 -0.086015
v -0.073222 0.020100 -0.065504
v 0.002168 0.015332 -0.111026
v 0.005383 0.014352 -0.110800
v 0.004514 0.016543 -0.111420
v -0.009365 0.019919 -0.107679
v 0.020828 0.018377 -0.106649
v -0.019618 0.016022 -0.108733
v -0.069182 0.002878 -0.032951
v -0.054098 -0.008334 -0.033735
v -0.074594 0.008267 0.046038
v -0.097806 0.018616 0.022623
v -0.073913 0.016714 0.065340
v -0.087361 0.010787 -0.014117
v -0.051231 -0.002063 0.054497
v -0.055058 -0.000612 0.058217
v -0.055248 -0.013581 0.009258
v -0.055502 -0.001285 0.054100
v -0.052612 -0.002539 0.044687
v -0.068171 0.004962 0.038033
v -0.058449 0.015083 0.075177
v -0.061917 0.014924 0.072306
v -0.083145 0.015645 0.046147
v -0.083232 0.017848 0.058773
v -0.085468 0.016511 0.042510
v 0.019569 0.006646 0.084636
v 0.022080 0.001036 0.077009
v 0.063538 0.011676 0.066364
v 0.076210 0.013296 0.078612
v 0.064940 0.014314 0.069388
v 0.079406 0.013327 0.075898
v -0.005987 0.017912 -0.095680
v 0.056516 0.012891 0.093640
v 0.067366 0.017466 0.082689
v 0.068005 0.014525 0.066041
v 0.027590 0.017710 0.104258
v 0.088845 0.013927 0.066253
v -0.016620 0.016901 -0.109394
v -0.005633 0.014290 0.111235
v 0.010950 0.014283 0.110999
v 0.015507 0.017695 0.102902
v 0.008473 0.014603 0.093758
v 0.027551 0.012970 0.106448
v 0.026717 0.015076 0.107667
v 0.026712 0.007123 0.096858
v 0.010897 0.012822 0.110208
v 0.026753 0.016737 0.093991
v -0.009380 0.016792 -0.093818
v -0.005300 0.015009 -0.091416
v 0.027336 0.016150 0.106477
v -0.002416 0.015509 -0.092039
v 0.037114 0.016076 0.089828
v -0.047948 0.003633 -0.057367
v -0.051083 0.008123 -0.066080
v -0.106102 0.016331 -0.028720
v -0.034860 0.008416 -0.078430
v -0.032375 0.003239 -0.068389
v -0.098584 0.019720 -0.031004
v -0.082876 0.000314 -0.000374
v -0.081592 -0.000161 0.002686
v -0.096050 0.019497 -0.029697
v -0.071447 0.006035 0.039490
v -0.077438 0.003268 -0.011833
v -0.049552 -0.003996 0.048593
v -0.053240 -0.002405 0.050223
v -0.100601 0.011514 0.035720
v 0.067272 0.015846 -0.088237
v -0.044107 0.013309 0.101892
v 0.068294 0.016317 -0.087121
v -0.020939 0.008260 0.085053
v -0.100781 0.019092 0.021271
v -0.001367 0.013930 -0.091060
v -0.051671 0.017199 0.087016
v -0.080918 0.017532 0.058875
v -0.084927 0.018103 0.061528
v 0.091154 0.016473 -0.061870
v 0.089431 0.016984 -0.063269
v -0.000152 0.014131 0.111269
v -0.003446 0.012564 0.110460
v 0.015179 0.017382 -0.093988
v -0.076862 0.000843 0.032556
v 0.092033 0.006548 -0.041507
v 0.099718 0.014639 -0.040024
v 0.109667 0.014069 0.006129
v 0.070839 0.006005 0.055013
v 0.080393 -0.000366 0.024460
v 0.072487 -0.000521 0.031343
v -0.044159 0.019925 -0.096082
v 0.087030 0.005924 -0.051983
v 0.104778 0.014014 -0.026160
v -0.015220 0.015507 -0.108928
v -0.051837 0.012868 -0.093169
v -0.010725 -0.002558 -0.077322
v -0.029642 -0.000714 -0.072361
v 0.001538 0.016751 -0.111378
v 0.082476 0.014056 0.074352
v -0.075010 0.016495 -0.081606
v -0.077718 0.016989 -0.078919
v -0.083910 0.002684 -0.017081
v -0.070860 0.000251 -0.035203
v -0.056331 -0.003961 0.042377
v -0.055158 -0.008072 0.035712
v -0.062541 -0.002866 0.042840
v -0.057211 0.013889 0.094687
v 0.090296 0.016099 -0.063928
v 0.047653 -0.002563 0.064756
v 0.048209 -0.009197 0.053935
v 0.065814 0.004050 0.053670
v -0.051905 0.020197 -0.091259
v 0.001428 0.011816 0.109822
v 0.095375 0.017287 -0.022729
v 0.019587 0.013378 0.108831
v -0.055607 0.019901 -0.089344
v 0.063533 0.015994 -0.091285
v -0.009879 0.009377 -0.086820
v -0.021356 0.019078 -0.106300
v -0.073500 0.014657 0.082625
v -0.075022 0.013963 0.081334
v -0.029859 0.016917 -0.106595
v 0.015865 0.010385 -0.087282
v -0.024319 0.015203 -0.106364
v -0.024030 0.016998 -0.107820
v -0.060788 0.019556 -0.088131
v -0.018168 0.016298 -0.109191
v -0.020325 0.017012 -0.108665
v -0.021225 0.015965 -0.108173
v -0.026461 0.006187 -0.079032
v -0.032365 0.010113 -0.095122
v 0.082467 0.015042 0.074725
v -0.011904 0.012861 -0.089463
v 0.034248 0.013441 0.087029
v -0.015683 0.011178 -0.087176
v 0.035611 0.012153 0.085092
v -0.019468 0.013562 -0.088457
v 0.039108 0.015875 0.088357
v 0.055558 0.015362 0.096408
v 0.056313 0.014193 0.095844
v -0.019337 -0.001413 -0.075306
v 0.001584 0.013051 0.110927
v 0.042392 0.016907 0.100279
v 0.037700 0.016770 0.102346
v 0.028664 0.015468 0.090781
v 0.025628 0.010653 0.086369
v 0.028623 0.010721 0.085409
v 0.023448 0.016199 0.093683
v 0.024905 0.015514 0.092127
v -0.034640 0.014705 -0.084439
v 0.031657 0.016869 0.092937
v 0.047159 0.015251 0.100869
v 0.054099 0.015892 0.095869
v 0.035208 0.016463 0.103852
v 0.036115 0.015382 0.104924
v 0.038380 0.015711 0.103428
v 0.007206 0.016950 0.109773
v 0.018054 0.017023 0.096220
v 0.012776 0.016091 0.096318
v 0.017861 0.013147 0.090157
v 0.016143 0.015502 0.093439
v 0.011404 0.015204 0.094397
v 0.002068 0.017502 0.108103
v 0.005524 0.017306 0.108824
v 0.012280 0.013889 0.092249
v 0.004473 0.014878 0.094111
v 0.000492 0.014554 0.094146
v 0.010353 0.010189 0.089327
v 0.011831 0.008255 0.087083
v 0.007244 0.016150 0.096344
v -0.029971 0.013038 -0.085095
v -0.003318 0.017240 0.108100
v 0.021330 0.015197 0.092327
v 0.020219 0.016254 0.094130
v 0.003103 0.017062 0.109898
v -0.004520 0.016824 0.109886
v 0.012812 0.017504 0.108042
v 0.010434 0.017900 0.106984
v 0.015287 0.017005 0.108552
v 0.037429 0.017379 0.101324
v 0.039570 0.017215 0.101024
v -0.028694 0.010830 -0.083270
v 0.040353 0.016571 0.101737
v 0.049044 0.016800 0.097061
v 0.063236 0.015792 0.090774
v 0.045321 0.015382 0.101678
v 0.051377 0.016229 0.096902
v 0.052346 0.015489 0.097830
v 0.042517 0.015771 0.102015
v 0.033392 0.015591 0.089592
v 0.054969 0.016983 0.093865
v 0.058243 0.016871 0.091871
v 0.061356 0.016075 0.091454
v 0.058780 0.015279 0.094683
v 0.073355 0.015360 0.083106
v -0.020014 0.016289 -0.090986
v -0.022268 0.014703 -0.089225
v 0.069734 0.014373 0.086531
v 0.059963 0.015762 0.075313
v 0.073699 0.015787 0.081629
v 0.065956 0.016958 0.074170
v 0.062872 0.016213 0.073923
v 0.069994 0.015715 0.085310
v 0.063681 0.016883 0.087788
v 0.060399 0.015083 0.093639
v 0.056063 0.015359 0.077305
v 0.073897 0.016077 0.062217
v 0.074721 0.016361 0.079384
v 0.074751 0.016770 0.063354
v -0.033333 0.016275 -0.105438
v 0.071029 0.017022 0.081133
v -0.031663 0.017975 -0.105471
v 0.075544 0.015492 0.080950
v 0.062907 0.013516 0.090522
v 0.062034 0.014914 0.072503
v 0.062140 0.016586 0.075889
v 0.060105 0.012366 0.070467
v 0.076890 0.016992 0.076054
v 0.086368 0.016710 0.066414
v -0.065425 0.017088 -0.089416
v 0.074435 0.015217 0.059305
v 0.086095 0.014970 0.070923
v 0.090658 0.014824 0.064878
v 0.070280 0.008469 0.054221
v 0.084715 0.016013 0.069560
v 0.087331 0.014932 0.069238
v 0.080183 0.016542 0.055728
v 0.087503 0.015267 0.068482
v 0.086176 0.015348 0.069640
v 0.082354 0.016417 0.050843
v -0.051289 0.019853 -0.088612
v 0.080985 0.016716 0.072472
v 0.083675 0.015473 0.072652
v 0.071715 0.010123 0.054735
v 0.077355 0.017152 0.060400
v 0.057776 0.013784 0.074050
v 0.074503 0.008122 0.050136
v 0.050602 -0.004313 0.060301
v 0.066532 -0.002913 0.036355
v -0.023436 0.009833 -0.085209
v -0.017012 0.009511 -0.085524
v 0.048987 0.009165 0.074458
v -0.007454 0.011366 -0.088778
v -0.008291 0.014551 -0.091172
v 0.004312 -0.001522 0.074525
v 0.044772 0.013866 0.082093
v 0.049398 0.016556 0.084655
v 0.039653 0.012502 0.083234
v 0.042469 0.011549 0.080894
v 0.047991 0.015884 0.083399
v 0.053972 0.016296 0.080808
v 0.050708 0.013874 0.078552
v 0.051000 0.016273 0.083319
v 0.051166 0.015763 0.081727
v 0.042371 0.015548 0.085719
v -0.023240 0.012190 -0.087394
v -0.107477 0.016922 0.025181
v -0.108425 0.015914 0.024610
v -0.004591 0.011052 -0.088216
v -0.040764 0.008795 -0.075064
v -0.002245 0.017665 -0.094659
v -0.074456 0.001516 -0.008794
v -0.026128 0.011318 -0.085291
v -0.072524 0.015783 -0.083145
v -0.068268 0.016110 -0.087169
v -0.110565 0.016939 -0.001197
v -0.087930 0.014010 -0.024668
v -0.000497 0.008267 -0.086372
v 0.003527 0.015420 -0.092736
v -0.050743 -0.001158 0.061296
v 0.005623 0.014561 -0.092388
v 0.006361 0.011764 -0.089974
v 0.031036 0.010350 -0.083630
v 0.000889 0.014662 -0.091964
v -0.003884 0.013122 -0.089693
v 0.011073 0.010082 -0.087699
v 0.008714 0.015245 -0.093191
v -0.103384 0.014957 0.040354
v 0.045069 0.006867 -0.074527
v 0.045291 0.009286 -0.076704
v 0.041747 0.007206 -0.076736
v -0.105247 0.016720 0.033529
v -0.091301 0.015116 0.022890
v 0.015737 0.015852 -0.092375
v 0.034524 0.012428 -0.084970
v -0.066691 0.015881 0.087428
v -0.057581 0.016796 0.091456
v 0.021129 0.012359 -0.088252
v -0.018864 0.015109 0.109181
v 0.013751 0.013325 -0.090528
v -0.010075 0.012830 0.110097
v -0.011423 0.013956 0.110671
v -0.008338 0.011958 0.092645
v 0.007878 0.012440 0.091427
v -0.008019 0.010008 0.089950
v -0.005195 0.011971 0.092717
v -0.051197 0.012990 0.098192
v -0.025103 0.016879 0.104702
v -0.003422 0.009558 0.089365
v -0.000907 0.012352 0.092296
v -0.003111 0.014404 0.094500
v -0.003344 0.017418 0.105878
v -0.005709 0.017498 0.106270
v 0.000004 0.016187 0.096711
v -0.014612 0.013413 0.110214
v -0.007998 0.012638 0.110299
v 0.000766 0.012227 -0.090308
v 0.003467 0.013748 -0.091568
v -0.064611 0.010065 -0.058357
v -0.051771 0.016716 -0.077493
v -0.063715 0.014095 -0.063563
v -0.069822 0.016926 -0.061405
v -0.068925 0.014690 -0.059678
v -0.083671 0.017520 -0.072450
v -0.059265 0.012391 -0.067002
v -0.071418 0.011860 -0.053398
v -0.074299 0.012571 -0.051584
v 0.077341 0.011895 -0.049640
v -0.072426 0.015723 -0.058217
v -0.074349 0.014423 -0.054692
v -0.077401 0.012667 -0.047255
v -0.062846 0.016456 -0.091508
v -0.084477 0.016191 -0.070476
v -0.090376 0.016803 -0.063354
v -0.087861 0.018338 -0.064880
v -0.019472 0.012549 0.091696
v -0.086940 0.016803 -0.067423
v -0.022025 0.011346 0.088759
v -0.027775 0.011898 0.087016
v -0.032805 0.013685 0.087586
v -0.022430 0.014158 0.092230
v -0.085891 0.019297 -0.064178
v -0.030931 0.014445 0.106459
v -0.023299 0.015358 0.093593
v -0.027748 0.014353 0.107466
v -0.090135 0.018951 -0.056912
v -0.033798 0.014939 0.105316
v -0.035549 0.013126 0.105121
v -0.032074 0.015423 0.105400
v -0.053339 0.016323 0.094791
v -0.034613 0.015803 0.104002
v -0.076417 0.019634 -0.074642
v -0.081890 0.019683 -0.069314
v -0.041509 0.013976 0.085484
v -0.025940 0.014726 0.090823
v 0.058090 0.004142 -0.060157
v -0.046605 0.014761 0.100387
v -0.023692 0.012223 0.108127
v -0.024316 0.012687 0.089316
v -0.059807 0.017039 -0.093092
v -0.029171 0.016598 0.104037
v -0.017205 0.013876 0.093666
v -0.010947 0.012906 0.093192
v -0.017274 0.015245 0.095290
v -0.006111 0.016080 0.096512
v -0.076316 0.019113 -0.076614
v -0.004769 0.016837 0.098758
v -0.026435 0.015869 0.106125
v -0.010988 0.011389 0.091154
v -0.072780 0.019861 -0.077066
v -0.014716 0.011945 0.091769
v -0.089845 0.015629 -0.060406
v -0.076497 0.018103 -0.078350
v -0.079826 0.019245 -0.072817
v 0.047154 0.008749 -0.074910
v -0.012699 0.013332 0.110508
v -0.012630 0.017416 0.107199
v 0.031695 0.011001 0.085131
v -0.009312 0.013713 0.111086
v -0.007694 0.017338 0.108116
v -0.011358 0.015219 0.110018
v -0.071552 0.019243 -0.080844
v -0.008286 0.014185 0.094639
v -0.021832 0.017051 0.105859
v -0.060397 0.015646 -0.069971
v -0.023454 0.016185 0.107050
v -0.022217 0.013379 0.109349
v -0.048068 0.020092 -0.094651
v -0.061689 0.020027 -0.085555
v -0.020274 0.016371 0.107842
v -0.029240 0.015409 0.105988
v -0.025085 0.015023 0.107594
v -0.015746 0.015662 0.109594
v -0.045973 0.019812 -0.091158
v -0.013177 0.014647 0.094768
v -0.056696 0.019765 -0.090441
v -0.066079 0.019260 -0.085492
v -0.010643 0.017810 0.105947
v -0.064259 0.015839 -0.066048
v -0.007408 0.016812 0.109862
v -0.006466 0.016109 0.110570
v -0.067114 0.020054 -0.080118
v -0.066692 0.019752 -0.083131
v -0.054473 0.016712 -0.074854
v -0.016139 0.017250 0.107156
v -0.017272 0.016780 0.108298
v -0.005179 0.017311 0.108785
v -0.053960 0.018036 -0.077283
v -0.010396 0.015820 0.096428
v -0.080890 0.018129 -0.074219
v -0.018027 0.016038 0.108918
v -0.022006 0.014851 0.108692
v -0.060698 0.017232 -0.071390
v -0.064010 0.017628 -0.069282
v -0.069466 0.013197 0.085954
v -0.067042 0.017436 -0.064770
v -0.062342 0.016066 -0.068835
v -0.052013 0.017000 -0.097411
v -0.036295 0.013203 0.086371
v -0.069252 0.012838 -0.057033
v 0.064840 0.015870 0.072143
v -0.033884 0.016579 0.102688
v -0.077090 0.017090 -0.056726
v -0.078236 0.016170 -0.052895
v 0.051619 0.015495 -0.098336
v -0.031669 0.016008 0.104523
v -0.044491 0.016779 0.098689
v -0.080923 0.018130 -0.056529
v -0.081158 0.017790 -0.053496
v -0.048920 0.016830 0.096219
v -0.076429 0.014393 -0.051881
v -0.060733 0.014767 0.092290
v -0.078253 0.020009 -0.071671
v -0.057928 0.017766 0.084110
v -0.038737 0.016792 0.101297
v -0.054226 0.013785 0.096583
v -0.080659 0.019329 -0.061211
v -0.060350 0.016077 0.091284
v -0.074850 0.019470 -0.062503
v -0.065772 0.013006 -0.060551
v 0.088681 0.014990 0.067480
v 0.072359 0.016069 0.064576
v -0.048971 0.014908 0.099080
v 0.045839 0.016187 0.099700
v -0.076269 0.013264 -0.049916
v -0.056058 0.016322 -0.073184
v -0.058733 0.014000 -0.069572
v -0.046959 0.015444 0.099893
v -0.057003 0.017900 -0.074395
v -0.061164 0.016496 0.075944
v -0.048713 0.016047 0.098069
v -0.041032 0.013992 0.102951
v -0.069221 0.015524 0.085721
v -0.069825 0.016208 0.084666
v -0.070729 0.015183 0.085094
v -0.069757 0.016911 0.082460
v -0.070070 0.017398 0.079655
v -0.076701 0.016314 0.078171
v -0.072703 0.016084 0.082313
v -0.074886 0.015284 0.081460
v -0.061700 0.014192 -0.067140
v -0.048159 0.013049 -0.075464
v -0.069124 0.014697 0.086288
v -0.063068 0.015844 0.089920
v -0.074887 0.016303 0.080424
v -0.077059 0.015370 0.079575
v -0.054620 0.014088 -0.072064
v 0.083498 0.014855 0.073865
v -0.056938 0.012347 -0.068730
v -0.057920 0.016106 -0.071776
v -0.074788 0.016690 0.079279
v -0.067492 0.009228 -0.053746
v 0.081021 0.015683 0.075382
v 0.057799 0.009780 -0.067220
v -0.057607 0.010810 -0.065892
v -0.072093 0.015084 0.083841
v 0.072438 0.011857 -0.079756
v -0.060838 0.009417 -0.060289
v 0.060312 0.011807 -0.066993
v -0.071563 0.017070 -0.084734
v -0.039455 0.015461 0.088639
v -0.064491 0.014898 0.089697
v -0.091752 0.017031 -0.060248
v -0.091242 0.018177 -0.059588
v -0.063282 0.014151 0.090696
v -0.051372 0.011669 -0.071190
v 0.077376 0.015976 0.057379
v 0.062453 0.010367 -0.063919
v -0.049647 0.009156 -0.069593
v -0.050282 0.012919 -0.073865
v 0.059433 0.009177 -0.065314
v -0.032927 0.009875 0.083089
v -0.074643 0.016972 0.078159
v -0.046875 0.011366 -0.074510
v -0.079865 0.015374 0.076832
v -0.051271 0.018252 -0.080098
v -0.046506 0.016886 -0.081204
v -0.031257 0.014850 0.089672
v -0.036972 0.009077 0.080723
v -0.072686 0.014572 0.060812
v -0.048542 0.016695 -0.079685
v -0.045341 0.013378 0.082480
v -0.049134 0.014675 -0.077102
v -0.052229 0.015046 -0.075129
v -0.053582 0.013900 0.077558
v -0.046459 0.013083 -0.076357
v -0.070160 0.015604 0.065822
v -0.048473 0.012055 0.078899
v -0.080548 0.014177 -0.045648
v -0.078930 0.015457 -0.049310
v -0.032263 0.012294 0.086011
v -0.028611 0.018089 -0.092497
v 0.048573 0.016067 -0.082638
v -0.040592 0.014364 -0.081750
v -0.040968 0.012856 -0.079991
v 0.065590 0.015493 -0.089472
v -0.040251 0.009956 0.080570
v -0.038152 0.011241 0.083580
v -0.043286 0.015575 0.086934
v -0.037783 0.017696 -0.087290
v -0.038770 0.015956 -0.084026
v -0.029197 0.015713 0.091621
v -0.037338 0.016835 -0.085534
v -0.051126 0.016251 0.084239
v -0.037672 0.013366 -0.082547
v -0.051912 0.015434 0.081557
v -0.060922 0.010604 0.066402
v -0.038095 0.011188 -0.080231
v -0.044196 0.014689 -0.079816
v -0.045415 0.017700 -0.082873
v -0.079956 0.015597 0.052821
v -0.107167 0.018429 -0.000571
v -0.047742 0.008837 -0.071376
v -0.084864 0.016406 0.070297
v -0.044525 0.009345 -0.074534
v -0.087879 0.017290 0.063465
v -0.089582 0.014328 0.026146
v -0.105404 0.018864 0.005329
v -0.040386 0.010769 -0.077534
v 0.071783 0.015951 0.082945
v -0.043492 0.011080 -0.076084
v 0.071536 0.015074 0.084948
v -0.031578 0.011550 -0.082992
v -0.034618 0.010732 -0.081394
v 0.068403 0.016504 0.084932
v -0.039747 0.017894 -0.085905
v 0.060848 0.013904 -0.070596
v 0.065811 0.010924 -0.085497
v 0.068696 0.015532 0.086776
v 0.067199 0.013255 0.087076
v 0.066466 0.013946 0.089049
v 0.029523 0.004790 -0.077859
v -0.030846 0.015773 -0.087267
v 0.064737 0.013606 0.089532
v 0.076013 0.014205 0.080552
v -0.083918 0.016721 0.070260
v -0.082813 0.016331 0.072097
v -0.081816 0.017827 0.068855
v -0.027050 0.013951 -0.087289
v -0.086573 0.017806 0.063499
v -0.076816 0.016891 0.076071
v -0.086105 0.017207 0.066048
v -0.085373 0.016562 0.068510
v 0.034076 0.008009 -0.079757
v -0.039878 0.001838 -0.072514
v -0.043514 0.007605 -0.073732
v -0.089502 0.017442 0.060367
v -0.092705 0.016433 0.059445
v -0.031916 0.007376 -0.078676
v -0.077976 0.017572 -0.078213
v -0.081605 0.016560 -0.074541
v -0.088781 0.017240 0.038147
v 0.057289 0.015873 -0.075949
v 0.025886 0.005330 -0.078617
v -0.066391 0.015404 -0.062562
v 0.042630 0.009875 -0.078814
v -0.044508 0.006801 -0.072112
v -0.091141 0.018156 0.055215
v -0.093067 0.018698 0.051069
v -0.067054 0.018950 -0.067449
v -0.103410 0.017309 0.035536
v -0.046092 0.008500 -0.072861
v -0.048450 0.010364 -0.072365
v -0.094400 0.015622 0.058210
v -0.101517 0.016704 0.043800
v -0.046641 0.006846 -0.069975
v 0.081378 0.014466 0.075928
v 0.054856 0.016108 -0.078127
v -0.043361 0.005551 -0.070217
v -0.061430 0.011745 -0.063083
v -0.081103 0.013992 0.046640
v -0.075449 0.011626 0.051578
v -0.071034 0.012213 0.058618
v -0.074151 0.009433 0.049994
v -0.084738 0.014178 0.038479
v -0.081517 0.012719 0.042361
v 0.018488 0.015984 -0.110046
v 0.016317 0.016791 -0.110463
v 0.018054 0.016555 -0.092710
v 0.064115 0.012779 -0.065299
v -0.084126 0.013490 0.071116
v -0.057045 0.008245 0.067215
v -0.099451 0.015688 0.049570
v -0.092979 0.015557 0.060615
v -0.094075 0.014576 0.060080
v 0.056720 0.016002 0.094364
v -0.095535 0.014306 0.056970
v 0.023174 0.013950 -0.089672
v -0.091425 0.014932 0.063761
v 0.058844 0.015671 0.093967
v -0.092717 0.015071 0.061822
v 0.057354 0.014653 0.095909
v 0.026172 0.013643 -0.088991
v -0.049669 -0.011845 -0.022997
v 0.056376 0.015406 0.095763
v -0.071154 0.000022 -0.021398
v -0.074650 0.002643 -0.005809
v -0.089526 0.015511 0.065700
v 0.065193 0.015420 0.089770
v -0.070649 0.002280 -0.029659
v -0.079770 0.016414 0.074911
v 0.064024 0.014190 0.090784
v 0.028373 0.017970 -0.105177
v -0.089465 0.011302 0.060852
v -0.070686 0.019127 -0.063959
v -0.089513 0.016468 0.063830
v 0.014448 0.005350 -0.080838
v -0.088526 0.014682 0.067519
v -0.083098 0.015493 0.072855
v -0.083965 0.017856 0.066058
v -0.073983 0.017997 -0.060129
v -0.087227 0.014786 0.068979
v -0.091383 0.016353 0.061474
v 0.058138 0.013950 0.094766
v -0.092515 0.015993 -0.016226
v -0.091919 0.013298 -0.003297
v 0.059368 0.014716 0.094549
v 0.057966 0.015244 0.095172
v -0.082665 0.014565 0.073497
v -0.080989 0.016864 0.072453
v -0.106888 0.018438 -0.013197
v -0.072686 0.016997 0.080173
v -0.107094 0.017998 -0.018699
v -0.107802 0.017591 -0.020092
v -0.089910 0.015853 -0.024496
v 0.078069 0.014758 0.078921
v 0.080056 0.014975 0.077036
v -0.073697 0.013140 0.081620
v 0.049349 0.017404 0.095022
v -0.103636 0.019218 -0.023323
v -0.099991 0.014997 0.048523
v -0.076443 0.014148 0.080326
v -0.081710 0.015637 0.074208
v -0.106045 0.018106 -0.022988
v -0.078366 0.013968 0.077936
v -0.109429 0.016514 -0.016949
v -0.108561 0.016327 -0.021019
v -0.108396 0.017087 -0.023489
v -0.084534 0.015731 0.071480
v 0.056994 0.012618 -0.072512
v -0.104087 0.018233 -0.030263
v -0.108072 0.016302 -0.023350
v -0.105472 0.017889 -0.027943
v -0.108656 0.017712 -0.017726
v -0.107038 0.017698 -0.025843
v -0.083194 0.017401 0.069664
v -0.078696 0.017651 0.072299
v -0.075039 0.017368 0.075947
v -0.108032 0.016969 -0.025139
v -0.107059 0.016898 -0.028082
v -0.087725 0.016247 0.066755
v -0.103926 0.018638 -0.027110
v -0.106508 0.017313 -0.029888
v -0.096581 0.017962 0.048795
v -0.108714 0.017397 0.016301
v -0.102867 0.018248 -0.033995
v -0.104375 0.017825 -0.034428
v -0.093783 0.018040 0.053074
v -0.095105 0.018499 0.049514
v -0.097148 0.017279 0.049507
v -0.093236 0.018131 -0.056130
v -0.100510 0.018320 0.037977
v -0.096219 0.017807 0.002904
v 0.036392 0.015081 0.088371
v -0.093708 0.019177 -0.049469
v -0.094773 0.016947 0.002370
v -0.092079 0.019043 -0.053021
v -0.091328 0.017279 -0.061104
v -0.097868 0.017507 0.047168
v -0.099015 0.017001 0.046588
v -0.102692 0.015142 0.043352
v -0.100868 0.019439 -0.032375
v -0.102114 0.017996 -0.038238
v -0.102991 0.016384 0.041210
v -0.100785 0.016281 0.046644
v -0.100069 0.019139 -0.036983
v -0.101048 0.015640 0.046950
v -0.097495 0.015144 0.053639
v -0.100422 0.018054 -0.041884
v -0.097049 0.016775 0.051504
v -0.095639 0.017372 0.051798
v 0.034573 0.017287 0.102991
v -0.100226 0.016181 0.047935
v -0.092751 0.016833 -0.058959
v 0.050695 0.014892 0.099274
v -0.098035 0.018187 -0.046767
v -0.101201 0.017807 -0.043501
v 0.051400 0.014018 0.098473
v -0.094994 0.018451 -0.051407
v -0.081415 0.017516 -0.049701
v -0.099595 0.017959 0.041635
v -0.088847 0.019318 -0.053428
v -0.105306 0.017527 -0.033764
v -0.098612 0.016698 0.049255
v -0.097283 0.018311 0.045344
v -0.102874 0.016868 0.039320
v -0.104537 0.016204 0.038204
v -0.097361 0.017234 -0.051672
v -0.103565 0.014173 0.037511
v -0.097057 0.017977 -0.051016
v -0.101298 0.018455 0.035073
v -0.099354 0.018070 -0.047050
v -0.096263 0.017012 -0.053500
v -0.095246 0.017916 -0.054140
v -0.087280 0.015972 0.037278
v -0.090127 0.018232 -0.062027
v -0.099547 0.017282 -0.047564
v -0.083435 0.019786 -0.065955
v -0.095572 0.019045 -0.047044
v -0.098325 0.017501 -0.050057
v -0.105123 0.015202 0.035786
v -0.098675 0.018032 -0.048714
v -0.107138 0.018260 0.009721
v -0.105161 0.017397 0.031444
v -0.100319 0.018069 -0.045313
v -0.106328 0.017670 -0.028761
v -0.103162 0.017881 -0.038960
v -0.105304 0.016294 0.035143
v -0.078030 0.011306 0.046922
v 0.018832 0.016784 0.107825
v -0.099814 0.016185 -0.044635
v -0.101578 0.017435 0.039213
v -0.096337 0.014664 -0.046007
v -0.105812 0.015714 0.033363
v -0.106516 0.016498 0.031707
v -0.086026 0.016979 -0.038916
v 0.052070 0.016987 0.095126
v -0.082118 0.016622 -0.046696
v 0.037847 0.014143 0.086484
v -0.103814 0.017920 -0.037179
v -0.090103 0.018386 -0.035250
v 0.052155 0.014825 -0.078740
v 0.008411 0.017533 0.108505
v 0.011011 0.016985 0.109076
v -0.094404 0.016719 -0.056140
v -0.108785 0.017026 0.021220
v 0.035245 0.010632 -0.082370
v -0.108656 0.015631 0.022214
v -0.085511 0.018473 -0.045155
v -0.075167 0.011413 -0.048749
v -0.108300 0.016860 0.023236
v -0.100154 0.016717 0.046252
v -0.094080 0.016276 0.000187
v 0.013782 0.017749 0.106310
v -0.109607 0.015743 0.015315
v -0.102460 0.018434 0.031456
v -0.083433 0.016270 -0.043326
v -0.083522 0.014650 -0.038837
v -0.081553 0.013535 -0.041734
v -0.020111 0.014673 0.093888
v -0.007012 0.013352 0.111102
v -0.078538 0.012089 -0.044369
v -0.073347 0.006875 -0.041387
v -0.108127 0.018127 -0.003071
v 0.053573 0.010187 -0.072385
v -0.077589 0.009916 -0.040520
v -0.106940 0.016592 0.029457
v -0.110174 0.016952 -0.011309
v -0.013256 0.016740 0.108795
v -0.110279 0.016690 -0.009834
v -0.080891 0.011882 -0.037741
v -0.101704 0.016668 -0.042138
v -0.102231 0.016383 -0.040446
v -0.109649 0.017380 -0.010303
v -0.095615 0.017698 0.014597
v -0.096615 0.017938 0.005282
v -0.110720 0.016821 -0.004874
v -0.106418 0.014844 -0.021478
v -0.109867 0.017351 -0.005122
v -0.105121 0.016518 -0.032771
v -0.105881 0.017288 -0.032354
v -0.105285 0.017761 -0.031335
v -0.106060 0.016852 -0.030692
v -0.109273 0.017294 -0.015817
v -0.089776 0.017231 -0.030367
v -0.087687 0.016544 -0.034121
v -0.088694 0.015556 -0.027263
v -0.091520 0.015613 -0.019569
v -0.103592 0.019042 0.022735
v -0.086983 0.014670 -0.030818
v -0.083721 0.015546 -0.040796
v 0.049042 0.015575 0.099151
v -0.083903 0.011581 -0.031059
v -0.108012 0.016526 0.026316
v 0.054666 0.014904 0.097117
v 0.054269 0.013526 0.095855
v -0.109245 0.015942 0.020567
v -0.110616 0.016083 0.002220
v -0.107378 0.018518 0.002998
v -0.107637 0.017664 0.019034
v -0.095543 0.017368 0.007347
v -0.093906 0.016188 0.007187
v 0.032230 0.017490 0.098707
v -0.107048 0.018359 0.006598
v 0.049276 0.014712 -0.080639
v -0.110862 0.016882 0.000434
v -0.093623 0.015850 -0.008889
v -0.095926 0.017708 0.000362
v -0.110073 0.017412 -0.003256
v -0.109296 0.017470 0.002812
v -0.094974 0.017096 0.004744
v -0.094388 0.017124 -0.012653
v -0.091146 0.013963 -0.011564
v -0.092287 0.014121 -0.007202
v -0.089647 0.011857 -0.006433
v -0.104661 0.018844 0.000967
v 0.013164 0.011454 0.089737
v -0.089476 0.014158 -0.021464
v 0.029357 0.012900 0.087794
v -0.109669 0.017403 -0.008510
v -0.109768 0.015640 -0.006106
v -0.110229 0.017157 -0.006296
v -0.105912 0.018748 -0.004693
v -0.093927 0.015693 -0.005505
v 0.028910 0.014315 0.107378
v -0.106367 0.018698 -0.009648
v -0.096847 0.018690 -0.015796
v -0.080546 0.003889 -0.017049
v -0.107969 0.017876 -0.015664
v -0.082827 0.006733 -0.012543
v -0.077161 0.002478 -0.021504
v -0.086939 0.011406 -0.019014
v -0.109565 0.017162 -0.014278
v -0.109840 0.016910 -0.012663
v -0.090233 0.013593 -0.017013
v -0.086118 0.011861 -0.022788
v -0.093563 0.015379 -0.002400
v -0.108429 0.017756 -0.010332
v -0.109011 0.016950 -0.019271
v -0.110430 0.016501 -0.007965
v -0.095763 0.017368 -0.007199
v -0.108668 0.017563 0.007592
v -0.110184 0.017163 0.006122
v 0.026329 0.011194 -0.086049
v -0.109963 0.016883 0.015053
v -0.105398 0.018849 0.011578
v 0.002104 0.009986 -0.088352
v -0.110084 0.017092 0.009209
v -0.109263 0.017380 0.010162
v -0.109939 0.015334 0.007721
v -0.109743 0.016306 0.017140
v -0.070138 0.018010 -0.084081
v -0.105054 0.019055 -0.017983
v -0.033231 0.019003 -0.103771
v -0.110109 0.016844 0.011646
v -0.107618 0.018073 0.012984
v -0.105208 0.018958 0.018891
v -0.106384 0.018536 0.015891
v -0.105310 0.017850 0.026823
v -0.109465 0.017268 0.013260
v -0.106777 0.017789 0.022519
v -0.110293 0.017364 0.001996
v -0.110187 0.017213 0.008107
v -0.110397 0.017287 0.003830
v 0.045752 0.013936 0.101121
v 0.051970 0.014611 0.098499
v -0.108855 0.017701 0.004992
v -0.109246 0.017590 -0.000048
v -0.107187 0.016781 0.027080
v -0.106750 0.015585 0.030608
v -0.093175 0.016281 0.016272
v -0.107905 0.015493 0.025810
v -0.109437 0.017471 -0.011584
v 0.016947 0.014402 0.109785
v 0.022064 0.013953 0.108497
v -0.090265 0.013782 0.018289
v -0.108745 0.017707 -0.013069
v -0.092234 0.014018 0.000303
v -0.087906 0.010898 -0.009654
v -0.092859 0.014586 0.004278
v -0.090538 0.012378 -0.000281
v -0.091392 0.014641 0.013461
v -0.091780 0.014383 0.009191
v -0.088083 0.010884 0.012377
v -0.089960 0.015977 0.029619
v -0.093530 0.016649 0.022877
v 0.041565 0.014729 -0.084654
v -0.089924 0.011629 0.003115
v -0.078770 0.009641 0.041051
v -0.099471 0.017343 0.044553
v -0.098510 0.015444 0.051622
v -0.101505 0.016063 0.045581
v -0.101495 0.017086 0.041629
v -0.097476 0.016053 0.052551
v -0.086077 0.010724 0.026199
v -0.096377 0.015686 0.055428
v 0.037627 0.016310 -0.104762
v 0.019279 0.018046 0.105091
v -0.046309 0.009245 0.077001
v -0.070627 0.010931 0.080087
v -0.067552 0.009603 0.058689
v -0.082040 0.011122 0.037914
v 0.038749 0.015636 -0.104075
v -0.075047 0.013763 0.055350
v -0.065025 0.003268 0.035714
v -0.072322 0.000286 0.004614
v 0.046212 0.012094 -0.079749
v 0.049339 0.010546 -0.075868
v -0.082690 0.006058 -0.015835
v 0.045966 0.014967 -0.082620
v -0.084661 0.008513 0.001110
v -0.088025 0.010556 -0.001067
v -0.087939 0.009913 0.007167
v -0.086581 0.008989 0.003946
v -0.090149 0.012128 0.007147
v 0.007692 0.013354 0.110636
v 0.013496 0.013283 0.110405
v -0.063065 0.001172 0.033437
v 0.025410 0.018227 0.103010
v 0.036520 0.014770 -0.086838
v -0.052755 0.000795 0.053646
v -0.050293 -0.004513 0.043511
v 0.037920 0.014236 0.104835
v 0.033436 0.013609 0.105840
v 0.054337 0.013848 -0.075664
v -0.045577 -0.007570 0.044410
v 0.040173 0.016047 -0.103734
v 0.043214 0.016310 -0.102448
v 0.051526 0.016575 -0.098512
v 0.066931 0.015703 0.087970
v 0.041879 0.012127 -0.081479
v 0.029521 0.015936 -0.091038
v 0.057563 0.011517 -0.069999
v 0.024565 0.015627 -0.091047
v 0.038015 0.012538 -0.083478
v 0.045197 0.017030 -0.100728
v 0.044496 0.016791 -0.101979
v 0.020411 0.008876 -0.085057
v 0.021054 0.016361 -0.092112
v -0.041879 0.011984 0.082779
v -0.044135 0.010990 0.079976
v 0.084599 0.014312 0.072415
v 0.086667 0.014059 0.069405
v 0.019732 0.014945 -0.090792
v 0.031557 0.013348 -0.087641
v 0.026025 0.016543 -0.092087
v 0.050274 0.013202 -0.078347
v -0.020934 -0.012275 0.061917
v -0.022595 -0.012339 0.060507
v -0.024543 -0.012436 0.058467
v -0.051858 -0.013048 0.026337
v -0.053413 -0.013284 0.019028
v -0.054116 -0.013520 0.016027
v -0.054634 -0.013895 0.010605
v -0.017024 -0.012116 0.065400
v -0.035658 -0.013250 0.045378
v 0.019275 -0.012586 0.064317
v -0.009562 -0.011699 0.074555
v 0.018481 -0.012463 0.064788
v -0.007212 -0.011622 0.076582
v -0.054545 -0.013678 0.013986
v -0.011096 -0.011746 0.073234
v -0.019445 -0.012221 0.063128
v 0.017382 -0.012290 0.065692
v 0.048179 -0.013160 0.046650
v 0.049371 -0.013329 0.044906
v 0.017669 -0.012770 0.064657
v 0.038369 -0.013841 0.052486
v 0.066304 -0.013841 0.013308
v 0.054651 -0.013841 -0.043552
v 0.020902 -0.013841 -0.061425
v 0.018551 -0.013841 -0.061848
v -0.018820 -0.013841 0.060319
v -0.047422 -0.013841 -0.028166
v -0.047242 -0.013841 -0.029666
v -0.029647 -0.013841 0.051177
v -0.020619 -0.013841 -0.059846
v -0.022343 -0.013841 -0.059061
v -0.009323 -0.013841 -0.062857
v -0.003560 -0.013841 -0.063442
v 0.000790 -0.013841 -0.063210
v 0.066681 -0.013841 -0.014079
v 0.048783 -0.013841 0.044713
v 0.060518 -0.013841 0.029019
v 0.059117 -0.013841 0.031381
v 0.056444 -0.013841 0.035977
v 0.062221 -0.013841 0.025842
v -0.044657 -0.013841 0.035106
v -0.022405 -0.013841 0.057614
v 0.003159 -0.013841 -0.063216
v 0.052118 -0.013841 0.041572
v 0.051654 -0.013841 0.042018
v 0.031603 -0.013841 0.056224
v 0.031367 -0.013841 0.056325
v -0.029652 -0.013841 -0.055028
v -0.018060 -0.013841 -0.060721
v -0.024801 -0.013841 -0.057793
v 0.064566 -0.013841 0.020585
v 0.066798 -0.013841 0.008965
v 0.033070 -0.013841 -0.059247
v 0.037447 -0.013841 -0.058067
v 0.057689 -0.013841 -0.039033
v 0.047594 -0.013841 -0.051610
v 0.050994 -0.013841 -0.047920
v 0.004388 -0.013841 0.070396
v 0.005991 -0.013841 0.069172
v -0.037600 -0.013841 -0.047139
v -0.049170 -0.013841 -0.016333
v -0.053172 -0.013841 -0.007528
v -0.047865 -0.013841 -0.020961
v -0.048336 -0.013841 -0.018689
v -0.054981 -0.013841 0.009266
v -0.054987 -0.013841 0.007692
v -0.036058 -0.013841 -0.049212
v 0.045002 -0.013841 0.048154
v 0.063442 -0.013841 0.023190
v -0.007261 -0.013841 0.072386
v 0.062199 -0.013841 -0.030082
v 0.053682 -0.013841 -0.044689
v 0.031494 -0.013841 -0.059674
v 0.025724 -0.013841 -0.060718
v -0.009558 -0.013841 0.069021
v -0.021791 -0.013841 0.058032
v -0.049678 -0.013841 -0.015194
v -0.032804 -0.013841 -0.052753
v 0.002451 -0.013841 0.072569
v 0.041214 -0.013841 -0.056678
v 0.045882 -0.013841 -0.053394
v 0.042339 -0.013841 -0.055950
v 0.007348 -0.013841 0.068123
v -0.053894 -0.013841 -0.004913
v -0.051994 -0.013841 -0.010280
v -0.054701 -0.013841 0.000986
v -0.054369 -0.013841 -0.002547
v -0.050718 -0.013841 -0.012979
v -0.051661 -0.013841 -0.011117
v -0.051586 -0.013841 0.023338
v -0.051927 -0.013841 0.021386
v -0.003301 -0.013841 0.074929
v -0.005110 -0.013841 0.074140
v 0.055554 -0.013841 -0.042199
v 0.031971 -0.013841 0.056050
v 0.019287 -0.013841 0.062475
v 0.030877 -0.013841 0.056596
v -0.039962 -0.013841 -0.043750
v -0.040517 -0.013841 -0.043070
v -0.044980 -0.013841 0.034736
v -0.047731 -0.013841 -0.022002
v -0.049432 -0.013841 0.029276
v -0.049818 -0.013841 0.028360
v -0.031354 -0.013841 0.049185
v -0.035179 -0.013841 -0.050342
v -0.015259 -0.013841 -0.061751
v -0.011186 -0.013841 -0.062635
v 0.054739 -0.013841 0.038554
v 0.000656 -0.013841 0.073505
v 0.039890 -0.013841 0.051752
v 0.044287 -0.013841 0.048703
v -0.001783 -0.013841 0.074884
v 0.032355 -0.013841 -0.059487
v -0.011176 -0.013841 0.066737
v 0.017495 -0.013841 0.063201
v 0.011842 -0.013841 0.065791
v 0.014828 -0.013841 0.064201
v 0.021997 -0.013841 0.060891
v -0.047577 -0.013841 -0.022814
v -0.052578 -0.013841 0.019026
v -0.053836 -0.013841 0.015458
v -0.047354 -0.013841 -0.026768
v -0.047499 -0.013841 0.032331
v -0.047679 -0.013841 0.032043
v -0.047458 -0.013841 -0.025300
v -0.050985 -0.013841 0.025775
v -0.031484 -0.013841 -0.053882
v -0.010609 -0.013841 -0.062758
v 0.051957 -0.013841 0.041747
v -0.055080 -0.013841 0.002862
v -0.034818 -0.013841 0.045253
v -0.055099 -0.013841 0.004086
v -0.054310 -0.013841 0.013984
v 0.033626 -0.013841 0.055128
v 0.058845 -0.013841 -0.037309
v 0.047802 -0.013841 0.045903
v 0.057288 -0.013841 0.034424
v -0.005452 -0.013841 -0.063333
v 0.041600 -0.013841 -0.056519
v 0.067576 -0.013841 -0.007651
v 0.067944 -0.013841 -0.003316
v 0.067288 -0.013841 0.005217
v 0.064910 -0.013841 -0.021209
v 0.064775 -0.013841 -0.021708
v 0.065063 -0.013841 -0.020448
v 0.049670 -0.013841 -0.049497
v 0.010028 -0.013841 0.066526
v 0.067247 -0.013841 -0.011616
v -0.028753 -0.013841 0.051915
v -0.027542 -0.013841 0.052941
v 0.067597 -0.013841 0.001173
v -0.026867 -0.013841 -0.056792
v 0.060114 -0.013841 -0.034819
v 0.065395 -0.013841 0.017315
v -0.007899 -0.013841 0.070949
v 0.063556 -0.013841 -0.027022
v -0.022692 -0.013841 0.057408
v 0.005587 -0.013841 0.069480
v 0.009028 -0.013841 0.067122
v 0.053087 -0.013841 0.040456
vn 0.5476 -0.8320 -0.0895
vn 0.5586 -0.8247 -0.0887
vn 0.5352 -0.8367 -0.1162
vn 0.6845 -0.6336 0.3607
vn 0.6241 -0.6572 0.4227
vn 0.5986 -0.6566 0.4589
vn -0.1540 0.9848 0.0801
vn -0.1399 0.9780 0.1548
vn -0.3294 0.9242 0.1935
vn -0.0120 0.9998 0.0184
vn -0.0091 0.9996 0.0276
vn -0.0648 0.9979 -0.0027
vn -0.4360 -0.8793 -0.1915
vn -0.4309 -0.8687 -0.2445
vn -0.4295 -0.8882 -0.1633
vn 0.5455 -0.8365 -0.0511
vn 0.5550 -0.8247 -0.1092
vn 0.1815 0.6591 0.7298
vn 0.1712 0.4022 0.8994
vn 0.1928 -0.2074 0.9591
vn 0.2758 0.1705 0.9460
vn 0.1700 0.7943 0.5832
vn 0.8740 -0.4784 -0.0853
vn 0.5941 0.8014 -0.0695
vn 0.9791 -0.1227 -0.1622
vn 0.9889 0.1266 -0.0774
vn 0.5771 -0.8062 -0.1304
vn 0.3114 0.9497 -0.0333
vn 0.1360 0.9907 0.0031
vn 0.2416 0.9700 -0.0265
vn 0.0688 0.9976 -0.0093
vn 0.2945 0.9556 0.0119
vn -0.5579 0.5520 -0.6197
vn -0.5439 0.6084 -0.5779
vn -0.6670 0.2951 -0.6841
vn -0.5786 0.6596 -0.4797
vn -0.5042 0.6921 -0.5165
vn -0.2270 0.8864 -0.4035
vn -0.0955 0.9136 -0.3953
vn -0.1222 0.9713 -0.2039
vn -0.2514 0.7652 -0.5927
vn -0.3266 0.7703 -0.5478
vn 0.2697 -0.9385 -0.2156
vn 0.3830 -0.9231 0.0355
vn 0.3211 -0.7526 -0.5749
vn 0.2285 -0.9691 0.0925
vn 0.0059 -0.4132 -0.9106
vn 0.2264 0.7365 0.6374
vn 0.1826 0.7955 0.5778
vn 0.2883 0.6371 0.7149
vn 0.2287 0.7257 0.6488
vn 0.2174 0.8085 0.5469
vn 0.3027 -0.3279 0.8949
vn 0.1478 -0.4692 0.8707
vn 0.1798 0.3756 0.9092
vn 0.1494 -0.7708 0.6193
vn 0.1444 -0.7711 0.6201
vn 0.3025 0.9531 -0.0085
vn 0.1842 0.9828 0.0133
vn 0.3300 0.9439 -0.0151
vn 0.2949 0.9550 -0.0315
vn 0.1226 0.9925 0.0003
vn 0.1382 0.9900 -0.0268
vn 0.3129 0.9496 0.0200
vn 0.3834 0.9234 -0.0178
vn 0.5794 -0.8124 -0.0653
vn 0.9475 -0.2935 -0.1270
vn 0.5483 -0.8287 -0.1122
vn 0.6823 -0.7237 -0.1038
vn 0.5578 -0.8246 -0.0949
vn 0.5653 -0.8151 -0.1264
vn 0.5758 -0.8093 -0.1163
vn -0.0104 0.9999 -0.0010
vn -0.0100 0.9999 -0.0036
vn -0.0113 0.9999 -0.0010
vn -0.0056 0.9995 0.0326
vn -0.0188 0.9998 -0.0005
vn -0.0123 0.9999 0.0122
vn -0.0145 0.9997 0.0206
vn 0.6011 -0.7947 -0.0850
vn 0.5837 -0.8119 -0.0102
vn 0.6120 -0.7909 -0.0029
vn -0.1816 -0.8272 -0.5318
vn -0.2332 -0.7496 -0.6195
vn -0.1647 -0.8357 -0.5240
vn -0.1625 -0.8474 -0.5056
vn -0.1553 -0.8564 -0.4924
vn -0.1652 -0.8814 -0.4426
vn -0.2475 -0.7311 -0.6358
vn -0.3769 -0.1324 -0.9168
vn -0.3270 -0.7734 -0.5431
vn -0.2944 -0.8338 -0.4671
vn -0.2887 -0.8817 -0.3733
vn -0.2684 -0.8024 -0.5331
vn -0.2571 -0.8412 -0.4757
vn -0.3979 -0.7975 -0.4536
vn -0.3014 -0.7681 -0.5649
vn 0.5439 0.8379 -0.0446
vn 0.6623 0.7423 -0.1020
vn 0.6703 0.7421 0.0042
vn 0.2125 0.7929 0.5711
vn 0.2157 0.8237 0.5244
vn 0.1640 0.9098 0.3812
vn 0.2238 0.8907 0.3956
vn 0.0774 0.9899 0.1188
vn 0.1218 0.9460 0.3004
vn 0.1596 0.3099 0.9373
vn 0.1153 -0.5863 0.8019
vn 0.2854 0.0206 0.9582
vn -0.0015 -0.0907 0.9959
vn 0.0845 -0.8359 0.5424
vn 0.0262 -0.7574 0.6524
vn 0.1127 -0.8343 0.5396
vn 0.2032 -0.7040 0.6805
vn -0.1879 -0.8635 0.4680
vn -0.1137 -0.8638 0.4908
vn -0.1721 -0.8730 0.4563
vn -0.1876 -0.8400 0.5092
vn -0.1636 -0.8394 0.5184
vn -0.2402 -0.8776 0.4149
vn -0.1788 -0.8964 0.4055
vn -0.2542 -0.8546 0.4529
vn -0.1079 -0.8053 0.5830
vn 0.1783 -0.6452 0.7429
vn 0.2169 -0.6897 0.6909
vn 0.1483 -0.7987 0.5832
vn 0.0861 -0.8151 0.5729
vn 0.0800 -0.8600 0.5040
vn 0.0814 -0.8475 0.5246
vn 0.0515 -0.5274 0.8480
vn 0.0464 -0.3789 0.9243
vn 0.0998 -0.7685 0.6320
vn 0.0929 -0.8883 0.4497
vn 0.0677 -0.9886 0.1342
vn -0.0677 -0.9746 0.2136
vn 0.1301 -0.9758 0.1756
vn 0.1143 -0.9582 0.2624
vn -0.1016 -0.9877 0.1190
vn -0.3943 -0.9186 -0.0273
vn 0.1954 -0.9608 0.1965
vn 0.1296 -0.9845 0.1185
vn 0.1830 -0.9708 0.1549
vn 0.1907 -0.9453 0.2647
vn 0.2928 0.9277 -0.2318
vn 0.4157 0.8322 -0.3669
vn 0.4074 0.8452 -0.3459
vn 0.4786 0.8483 -0.2264
vn 0.5151 0.7471 -0.4201
vn 0.3641 0.9278 -0.0814
vn 0.4533 0.8894 0.0591
vn 0.4887 0.8704 -0.0600
vn 0.2584 0.9444 -0.2031
vn 0.2618 0.9499 -0.1704
vn -0.2061 0.9753 -0.0795
vn -0.0662 0.9950 -0.0749
vn -0.1312 0.9909 -0.0294
vn -0.0551 0.9612 -0.2704
vn 0.1364 0.9661 -0.2191
vn 0.2205 0.8323 -0.5086
vn 0.3636 0.7987 -0.4795
vn 0.0818 0.9932 -0.0829
vn -0.0483 0.9988 0.0012
vn -0.1181 0.9921 0.0412
vn -0.1515 0.9882 0.0209
vn 0.1316 0.9596 0.2489
vn 0.2219 0.8735 0.4332
vn 0.3928 0.3439 0.8529
vn 0.2814 0.7719 0.5700
vn 0.0161 0.9997 0.0163
vn 0.0077 0.9995 0.0321
vn 0.1885 0.8919 0.4110
vn -0.0676 0.9907 -0.1182
vn 0.3683 0.5651 0.7382
vn 0.3562 -0.7002 0.6187
vn -0.0569 0.9978 0.0354
vn -0.0142 0.9998 -0.0127
vn 0.0714 0.9969 0.0341
vn 0.1794 0.9832 -0.0331
vn 0.0101 0.9999 -0.0070
vn -0.0092 0.9998 -0.0195
vn 0.0174 0.9998 0.0114
vn 0.0024 0.9998 -0.0195
vn 0.0926 0.9892 -0.1134
vn 0.0224 0.9997 0.0137
vn 0.8272 -0.3601 0.4314
vn 0.6956 -0.5063 0.5097
vn 0.5344 0.1210 0.8365
vn -0.0291 0.9993 -0.0255
vn -0.2947 0.6579 -0.6930
vn -0.1988 0.8789 -0.4335
vn -0.2597 0.6663 -0.6990
vn -0.0343 0.9985 -0.0434
vn -0.1525 0.9181 -0.3659
vn -0.1608 0.8886 -0.4296
vn 0.0397 0.9860 -0.1621
vn 0.0263 0.9993 -0.0264
vn 0.0189 0.9983 -0.0558
vn -0.0934 0.9551 -0.2810
vn -0.2812 0.6526 -0.7036
vn -0.0202 0.9967 -0.0787
vn 0.0768 0.9952 0.0603
vn -0.6643 -0.7099 -0.2339
vn -0.5146 -0.8329 -0.2037
vn -0.5687 -0.7959 -0.2077
vn -0.6227 -0.7415 -0.2498
vn -0.5946 -0.7791 -0.1983
vn -0.9516 -0.1783 -0.2502
vn -0.9479 -0.0085 -0.3186
vn -0.4569 0.8830 -0.1075
vn -0.4447 -0.8697 -0.2144
vn -0.4720 -0.8599 -0.1944
vn -0.5207 -0.8370 -0.1679
vn -0.8143 -0.4996 -0.2954
vn -0.4579 -0.8688 -0.1884
vn 0.6321 -0.7596 -0.1533
vn 0.5735 -0.7968 -0.1903
vn 0.5734 -0.8075 -0.1381
vn 0.5864 -0.7973 -0.1430
vn 0.1921 -0.8203 0.5387
vn 0.2014 -0.8724 0.4454
vn 0.2460 -0.8437 0.4772
vn 0.1620 -0.8965 0.4124
vn 0.2060 -0.8839 0.4199
vn 0.2111 -0.8928 0.3980
vn 0.2523 -0.8573 0.4488
vn 0.1672 -0.8944 0.4148
vn 0.1549 -0.8360 0.5263
vn 0.4353 0.8996 -0.0354
vn 0.8932 0.4394 -0.0953
vn 0.1080 0.9939 -0.0208
vn 0.3166 0.9470 -0.0539
vn 0.5621 0.8230 -0.0815
vn 0.5205 -0.8532 -0.0340
vn 0.5594 -0.8229 -0.0997
vn 0.5616 -0.8265 -0.0386
vn 0.5325 -0.8449 -0.0513
vn 0.9964 -0.0576 -0.0621
vn 0.6590 -0.7502 -0.0532
vn 0.5424 -0.8343 -0.0993
vn 0.5182 -0.8552 0.0003
vn 0.1557 0.9277 0.3392
vn -0.0928 0.9742 0.2057
vn 0.1186 0.9809 0.1545
vn 0.0095 0.9897 0.1431
vn 0.0594 0.9955 0.0734
vn 0.1532 0.9881 -0.0127
vn 0.0355 0.9994 -0.0019
vn -0.2631 0.9630 0.0580
vn 0.3293 0.9117 0.2455
vn 0.2668 0.9594 0.0914
vn -0.0100 0.9986 0.0514
vn 0.1804 0.9701 -0.1621
vn 0.3013 -0.8954 0.3280
vn 0.3230 -0.9085 0.2651
vn 0.2914 -0.9034 0.3146
vn 0.3555 -0.8325 0.4250
vn 0.3564 -0.8608 0.3634
vn 0.3524 -0.9118 0.2109
vn 0.2601 -0.9321 0.2521
vn 0.2605 -0.9446 0.1997
vn 0.2937 -0.9142 0.2794
vn 0.2139 -0.9551 0.2052
vn 0.2542 -0.9474 0.1944
vn 0.2823 -0.9064 0.3142
vn 0.3149 -0.8905 0.3283
vn 0.4010 -0.8770 0.2648
vn 0.3469 -0.9198 0.1833
vn -0.3196 -0.8058 0.4986
vn -0.3701 -0.8564 0.3600
vn -0.4408 -0.8122 0.3821
vn -0.3018 -0.8862 0.3516
vn -0.4009 -0.8749 0.2717
vn -0.2112 -0.8279 0.5195
vn -0.3993 -0.8938 0.2042
vn -0.4154 -0.8861 0.2055
vn -0.3659 -0.9067 0.2096
vn -0.4686 -0.8491 0.2440
vn -0.4041 -0.7622 0.5058
vn -0.4550 -0.8858 0.0916
vn -0.4615 -0.8717 0.1645
vn -0.4071 -0.9005 0.1531
vn -0.4003 -0.8959 0.1929
vn -0.3626 -0.9206 0.1447
vn -0.3436 -0.9272 0.1491
vn -0.3927 -0.9155 0.0871
vn -0.3334 -0.9349 0.1218
vn -0.3241 -0.9362 0.1362
vn -0.3791 -0.9100 0.1680
vn -0.4441 -0.8711 0.2096
vn -0.4753 -0.8562 0.2026
vn -0.3391 -0.9214 0.1896
vn -0.4059 -0.9112 0.0705
vn -0.4715 -0.8745 0.1134
vn -0.5469 -0.8074 0.2215
vn 0.7474 -0.5839 0.3170
vn 0.8854 -0.4162 0.2067
vn 0.0214 0.9979 -0.0607
vn 0.1168 0.9901 -0.0781
vn 0.6641 -0.6398 0.3868
vn 0.6179 -0.6755 0.4024
vn -0.0869 0.9389 -0.3332
vn 0.6505 -0.7039 0.2852
vn 0.9221 0.3396 0.1855
vn 0.2606 -0.9298 0.2598
vn 0.4559 -0.7615 0.4607
vn 0.3703 -0.7946 0.4811
vn 0.2063 -0.9420 0.2647
vn 0.2683 -0.9303 0.2503
vn 0.4860 -0.7411 0.4631
vn 0.3685 -0.8120 0.4527
vn 0.4578 -0.7861 0.4153
vn 0.5195 -0.7620 0.3865
vn 0.5076 -0.7093 0.4890
vn 0.6453 -0.6716 0.3640
vn 0.5900 -0.6997 0.4030
vn 0.2539 -0.9270 0.2761
vn 0.2728 -0.9197 0.2825
vn 0.2992 -0.8063 0.5103
vn 0.5346 -0.8309 -0.1545
vn 0.5688 -0.8077 -0.1552
vn 0.5755 -0.8018 -0.1610
vn 0.4651 -0.8749 -0.1350
vn 0.6232 -0.7690 -0.1423
vn 0.8315 -0.4149 -0.3693
vn 0.6069 -0.7773 -0.1658
vn 0.9706 0.1542 -0.1850
vn 0.9108 0.1234 -0.3940
vn 0.5527 -0.8328 0.0319
vn -0.1308 0.9886 0.0743
vn -0.1068 0.9919 0.0691
vn -0.0473 0.9947 0.0909
vn -0.0707 0.9909 0.1149
vn -0.0572 0.9981 0.0233
vn -0.1211 0.9916 0.0457
vn -0.0885 0.9917 -0.0937
vn -0.0898 0.9879 -0.1265
vn -0.2068 0.9362 -0.2841
vn 0.0653 0.9937 0.0907
vn 0.0399 0.9966 0.0720
vn 0.1051 0.9661 0.2357
vn 0.0829 0.9895 0.1186
vn -0.0468 0.9956 -0.0814
vn 0.1964 0.9033 0.3815
vn -0.1913 0.9586 -0.2109
vn 0.2227 0.9316 0.2872
vn 0.3744 0.8029 0.4638
vn 0.2214 0.9227 0.3155
vn -0.2759 0.8914 -0.3595
vn -0.1499 0.9579 -0.2447
vn 0.2646 -0.8469 0.4613
vn 0.4456 -0.4720 0.7607
vn 0.5289 -0.3193 0.7863
vn 0.2185 -0.8896 0.4010
vn 0.2664 -0.8251 0.4983
vn 0.2806 -0.7237 0.6305
vn 0.2429 -0.8378 0.4890
vn 0.2464 0.8511 0.4635
vn 0.3673 0.6846 0.6296
vn 0.2516 0.8351 0.4891
vn 0.4613 0.0371 0.8865
vn 0.3475 -0.0838 0.9339
vn 0.2789 -0.7298 0.6241
vn 0.2176 -0.8717 0.4391
vn 0.2715 -0.7974 0.5389
vn 0.4371 -0.3345 0.8349
vn 0.4364 -0.1649 0.8845
vn 0.2477 -0.8881 0.3872
vn 0.4568 0.8895 0.0139
vn 0.4104 0.9118 0.0170
vn 0.4425 0.8935 -0.0768
vn 0.4286 0.8929 -0.1382
vn 0.5166 0.8509 -0.0950
vn 0.4507 0.8914 0.0479
vn 0.8460 0.5216 0.1103
vn 0.5049 0.6401 0.5791
vn 0.3363 0.9098 0.2432
vn 0.3916 0.9200 0.0153
vn 0.3453 0.9358 -0.0708
vn 0.2799 0.9550 -0.0979
vn -0.2010 -0.6104 0.7662
vn 0.3375 0.9231 -0.1841
vn -0.3491 0.0490 -0.9358
vn -0.2502 0.5980 -0.7615
vn -0.3035 0.3912 -0.8688
vn -0.2371 -0.6759 -0.6978
vn -0.2845 -0.5217 -0.8043
vn -0.3066 0.4702 -0.8276
vn -0.2766 -0.6822 -0.6769
vn -0.2289 -0.8117 -0.5373
vn 0.4560 -0.8112 0.3661
vn 0.5573 -0.7736 0.3015
vn 0.4218 -0.7931 0.4393
vn 0.5876 -0.7367 0.3347
vn 0.4879 -0.8101 0.3251
vn 0.5330 -0.7501 0.3915
vn 0.5396 -0.8075 0.2383
vn 0.5391 -0.8294 0.1464
vn 0.4315 -0.8863 0.1684
vn 0.6510 -0.7121 0.2629
vn 0.5416 -0.7442 0.3909
vn 0.8612 -0.5012 -0.0845
vn -0.3052 -0.7698 0.5606
vn -0.5526 -0.8174 0.1629
vn -0.4552 -0.7359 0.5013
vn -0.5022 -0.7543 0.4229
vn -0.5089 -0.7408 0.4384
vn -0.5223 -0.7830 0.3377
vn -0.1250 -0.9266 0.3547
vn -0.4208 -0.8916 0.1674
vn -0.5098 -0.8303 0.2250
vn -0.4673 -0.8424 0.2683
vn -0.1569 -0.8456 0.5102
vn -0.4749 -0.7909 0.3860
vn 0.2085 -0.7903 0.5761
vn 0.1444 -0.8787 0.4550
vn 0.1159 -0.8622 0.4932
vn 0.1325 -0.9053 0.4035
vn 0.2026 -0.8356 0.5105
vn 0.2499 -0.8452 0.4724
vn 0.2431 -0.7459 0.6201
vn 0.1992 -0.7542 0.6257
vn 0.3012 -0.7555 0.5818
vn 0.1918 -0.7603 0.6206
vn 0.1986 -0.8381 0.5080
vn 0.2655 -0.7683 0.5825
vn 0.3221 -0.8372 0.4420
vn 0.3077 -0.7855 0.5369
vn 0.2374 -0.8032 0.5463
vn 0.1774 -0.8695 0.4609
vn -0.4739 0.6552 -0.5884
vn -0.3779 0.6660 -0.6431
vn -0.5480 0.5015 -0.6695
vn -0.4606 0.7503 -0.4742
vn -0.5362 0.6921 -0.4831
vn 0.0926 -0.2023 -0.9749
vn -0.1727 0.5352 -0.8269
vn 0.4516 0.4344 -0.7793
vn 0.0937 0.1839 -0.9785
vn 0.5766 -0.7352 -0.3562
vn 0.4866 -0.8500 -0.2020
vn 0.4611 -0.8816 0.1005
vn 0.3457 0.2700 0.8987
vn 0.1086 0.7880 0.6060
vn 0.2527 -0.8061 0.5352
vn 0.2459 -0.8585 0.4500
vn 0.2355 -0.8656 0.4419
vn 0.4573 -0.1973 0.8671
vn 0.2070 -0.8635 0.4600
vn 0.2461 -0.8896 0.3847
vn -0.0059 0.9994 -0.0346
vn 0.0976 0.9949 0.0254
vn 0.1646 0.9864 0.0035
vn 0.1675 0.9848 0.0463
vn 0.2172 0.9758 0.0270
vn -0.1214 0.9925 -0.0151
vn -0.1745 0.9837 -0.0439
vn 0.0166 0.9994 0.0310
vn -0.2516 0.9673 -0.0309
vn -0.5249 0.8432 -0.1163
vn -0.4242 0.9053 -0.0225
vn -0.2346 0.9710 -0.0453
vn -0.0407 0.9985 0.0368
vn 0.1105 0.9926 0.0495
vn -0.4994 0.8528 -0.1528
vn -0.0024 1.0000 -0.0044
vn 0.1271 0.9916 0.0258
vn 0.3334 0.9428 0.0057
vn -0.1768 0.9842 -0.0042
vn -0.7096 0.6762 -0.1983
vn -0.4299 -0.8995 -0.0778
vn -0.4833 -0.8718 -0.0796
vn -0.4540 -0.8827 -0.1210
vn -0.4755 -0.8705 -0.1269
vn -0.4200 -0.9074 -0.0173
vn -0.4408 -0.8976 -0.0088
vn -0.4315 -0.9001 -0.0598
vn -0.4078 -0.9048 -0.1222
vn -0.4177 -0.9048 -0.0828
vn -0.3858 -0.9185 -0.0869
vn -0.4562 -0.8637 -0.2141
vn -0.4633 -0.8574 -0.2240
vn -0.4406 -0.8829 -0.1622
vn -0.4341 -0.8929 -0.1196
vn -0.4887 -0.8687 -0.0800
vn -0.5240 -0.8487 -0.0721
vn -0.5365 -0.8347 -0.1240
vn -0.5613 -0.8230 -0.0876
vn 0.7029 -0.6699 0.2392
vn -0.0190 0.9961 -0.0860
vn -0.0980 0.9933 -0.0610
vn -0.0521 0.9938 -0.0986
vn -0.0863 0.9254 -0.3690
vn -0.0525 0.9774 -0.2047
vn 0.0489 0.9633 -0.2638
vn 0.7529 0.5760 -0.3182
vn 0.9153 -0.4015 0.0312
vn 0.6093 -0.7313 -0.3065
vn 0.5987 -0.7512 -0.2779
vn 0.5630 -0.8084 -0.1719
vn 0.7238 -0.5507 -0.4158
vn 0.7960 -0.5416 -0.2702
vn 0.8232 -0.5083 -0.2530
vn 0.6328 -0.7595 -0.1507
vn 0.8582 -0.3130 -0.4070
vn 0.7331 -0.3943 -0.5542
vn 0.6261 -0.7773 -0.0616
vn 0.7432 -0.6438 -0.1821
vn 0.7709 -0.5929 -0.2326
vn 0.6086 -0.7909 -0.0640
vn 0.5612 -0.8238 -0.0799
vn 0.5794 -0.8040 -0.1337
vn 0.2605 0.0295 0.9650
vn 0.1194 -0.8759 0.4675
vn 0.1276 -0.8177 0.5613
vn 0.1755 -0.7702 0.6131
vn 0.2383 -0.4693 0.8503
vn 0.1638 -0.3647 0.9166
vn 0.1500 -0.8110 0.5655
vn 0.1787 0.3813 0.9070
vn -0.1731 -0.6497 -0.7402
vn -0.3082 -0.5798 -0.7542
vn -0.2122 -0.1496 -0.9657
vn -0.0882 0.9840 -0.1548
vn -0.1721 0.8734 -0.4556
vn -0.1487 0.8825 -0.4461
vn -0.1164 0.9105 -0.3968
vn -0.1641 0.7608 -0.6279
vn -0.2384 0.6722 -0.7010
vn -0.3032 0.1228 -0.9450
vn -0.1081 0.8506 -0.5145
vn -0.1866 0.5567 -0.8095
vn -0.1740 -0.7657 -0.6192
vn -0.0011 0.9994 -0.0355
vn -0.0471 0.9650 -0.2581
vn 0.0183 0.9873 -0.1580
vn -0.0608 0.8853 -0.4611
vn -0.1576 0.5820 -0.7978
vn -0.2316 0.8982 -0.3737
vn -0.0914 0.9941 -0.0575
vn 0.2778 -0.8691 0.4092
vn 0.2724 -0.8819 0.3848
vn 0.4218 -0.8270 0.3716
vn 0.2778 -0.8515 0.4448
vn 0.3076 -0.8389 0.4489
vn 0.2870 -0.8306 0.4773
vn 0.3230 -0.8648 0.3845
vn 0.3790 -0.7993 0.4664
vn 0.3339 -0.8298 0.4471
vn 0.3597 -0.7909 0.4951
vn 0.3205 -0.7967 0.5125
vn 0.0685 0.9847 0.1602
vn -0.0455 0.9964 0.0709
vn 0.0346 0.9932 0.1113
vn -0.0030 0.9843 0.1766
vn 0.0620 0.9636 0.2599
vn 0.0566 0.9803 0.1895
vn 0.0543 0.9821 0.1805
vn 0.0815 0.9808 0.1770
vn 0.0876 0.9742 0.2080
vn 0.0958 0.9670 0.2359
vn 0.1261 0.9745 0.1853
vn 0.2008 0.8868 0.4163
vn -0.0640 0.9979 0.0087
vn 0.1061 0.9858 0.1299
vn 0.1111 0.9848 0.1336
vn -0.0112 0.9998 -0.0148
vn -0.2551 -0.3956 -0.8823
vn -0.1353 0.7404 -0.6584
vn -0.2621 -0.0543 -0.9635
vn -0.2354 0.5981 -0.7661
vn -0.1189 0.8573 -0.5009
vn -0.1834 -0.4915 -0.8513
vn -0.1639 -0.7870 -0.5948
vn -0.1429 -0.8312 -0.5373
vn -0.3678 0.9261 -0.0841
vn -0.2666 0.9621 -0.0576
vn -0.1512 0.9884 -0.0165
vn -0.3744 0.9245 -0.0714
vn -0.3052 0.9494 -0.0746
vn -0.5017 0.8570 -0.1176
vn -0.3631 0.9280 -0.0837
vn -0.0200 0.9998 -0.0071
vn -0.9701 0.1173 -0.2124
vn -0.3849 0.9177 -0.0984
vn -0.3498 0.9314 -0.1007
vn -0.4307 0.8966 -0.1031
vn -0.8168 0.4817 -0.3175
vn -0.8569 0.3603 -0.3687
vn -0.7950 -0.4789 -0.3723
vn -0.5011 0.8465 -0.1798
vn -0.8375 0.5100 -0.1961
vn -0.2523 0.9615 -0.1093
vn -0.6343 0.7689 0.0803
vn -0.5961 0.7796 0.1920
vn -0.5257 0.8248 0.2082
vn -0.1299 0.9914 0.0167
vn -0.1175 0.9931 -0.0069
vn -0.2629 0.9645 -0.0241
vn -0.3906 0.9157 0.0946
vn -0.1995 0.9790 0.0417
vn -0.3604 0.9327 0.0134
vn -0.3789 0.9243 -0.0455
vn -0.4240 0.9056 -0.0144
vn -0.5787 0.8131 0.0634
vn -0.2567 0.9654 -0.0452
vn -0.1812 0.9821 -0.0510
vn -0.3735 0.8837 0.2821
vn -0.2310 0.9556 0.1831
vn -0.5280 0.8483 0.0402
vn -0.6193 0.7818 0.0723
vn -0.6135 0.7828 0.1043
vn -0.5881 0.8082 0.0320
vn -0.6240 0.7778 0.0756
vn -0.5098 0.8587 -0.0519
vn -0.5998 0.7944 0.0953
vn -0.6739 0.7107 0.2019
vn -0.0779 0.9959 -0.0467
vn -0.4553 0.8433 0.2855
vn 0.0267 -0.7457 0.6658
vn -0.0393 -0.7343 0.6777
vn 0.0323 -0.7301 0.6826
vn -0.0071 -0.4713 0.8819
vn -0.0842 -0.7557 0.6495
vn -0.0548 -0.8023 0.5944
vn -0.0392 -0.8310 0.5549
vn -0.0090 -0.7682 0.6402
vn -0.0963 -0.7581 0.6450
vn -0.0039 -0.8228 0.5683
vn -0.0689 0.0363 0.9970
vn -0.0556 0.4180 0.9068
vn -0.0574 0.0577 0.9967
vn -0.0659 -0.7391 0.6704
vn -0.0966 0.2646 0.9595
vn -0.0809 -0.5383 0.8389
vn 0.0190 -0.8418 0.5395
vn -0.1635 0.4815 0.8610
vn -0.1242 0.2937 0.9478
vn -0.1704 -0.2001 0.9648
vn -0.0485 0.1141 0.9923
vn -0.0600 0.5373 0.8412
vn -0.0489 -0.4498 0.8918
vn -0.0191 0.8528 0.5219
vn -0.0786 -0.6973 0.7125
vn -0.0022 -0.8451 0.5345
vn 0.0425 -0.7422 0.6688
vn -0.0264 -0.7387 0.6735
vn 0.0767 -0.4621 0.8835
vn 0.0864 -0.7846 0.6140
vn 0.1864 -0.7841 0.5920
vn 0.1183 -0.8376 0.5333
vn -0.0378 -0.8439 0.5352
vn -0.0101 -0.8026 0.5964
vn 0.0311 -0.8294 0.5578
vn 0.0193 -0.8597 0.5104
vn 0.0704 -0.8810 0.4679
vn 0.0177 -0.4306 0.9024
vn -0.0983 -0.8455 0.5249
vn -0.1098 -0.8189 0.5633
vn -0.7110 -0.6874 -0.1484
vn -0.9078 0.2379 -0.3453
vn -0.8820 -0.4074 -0.2368
vn -0.4588 -0.8881 -0.0295
vn -0.1469 -0.9891 -0.0130
vn -0.8044 -0.5098 -0.3052
vn -0.8701 0.2107 -0.4456
vn -0.2506 -0.5428 -0.8016
vn 0.0342 -0.9844 -0.1725
vn 0.4552 -0.8219 0.3424
vn 0.3894 -0.7987 0.4587
vn 0.0192 -0.9266 0.3756
vn 0.1619 -0.9774 0.1360
vn 0.2667 -0.8364 0.4788
vn 0.4731 -0.8179 0.3274
vn 0.4620 -0.8438 0.2730
vn 0.4888 -0.8261 0.2802
vn 0.3623 -0.8459 0.3913
vn 0.4235 -0.8480 0.3187
vn 0.4802 -0.8354 0.2674
vn 0.4650 -0.8334 0.2986
vn 0.4676 -0.8507 0.2402
vn 0.5141 -0.7944 0.3236
vn 0.6090 -0.7685 0.1960
vn 0.5404 -0.7940 0.2784
vn 0.6389 -0.7329 0.2336
vn -0.7901 0.5306 -0.3070
vn -0.7090 0.5596 -0.4291
vn -0.7388 0.5756 -0.3506
vn -0.8540 0.3685 -0.3674
vn -0.4830 -0.7652 -0.4257
vn -0.7064 0.5715 -0.4176
vn 0.6974 -0.6480 0.3061
vn 0.8492 0.3463 -0.3987
vn -0.6519 0.5679 -0.5025
vn -0.6170 0.5233 -0.5878
vn -0.6932 0.6209 -0.3659
vn -0.6734 0.6459 -0.3597
vn 0.2406 0.9696 -0.0443
vn 0.4447 0.8893 -0.1070
vn 0.4501 0.8927 -0.0237
vn 0.5934 0.8045 -0.0245
vn 0.4274 0.9032 -0.0400
vn 0.4779 0.8782 0.0194
vn 0.6356 0.7720 -0.0060
vn 0.3665 0.9303 0.0153
vn 0.6721 0.7404 0.0115
vn 0.4006 0.9162 0.0049
vn 0.5559 0.8296 -0.0514
vn 0.5931 0.8042 -0.0390
vn 0.6763 0.7337 -0.0653
vn 0.4312 0.9012 -0.0441
vn 0.5456 0.8325 -0.0966
vn 0.2222 0.9712 0.0864
vn 0.0958 0.9909 0.0941
vn 0.1094 0.9940 -0.0059
vn 0.0799 0.9966 0.0182
vn 0.1272 0.9914 -0.0307
vn 0.2805 0.9596 -0.0213
vn 0.2934 0.9559 -0.0135
vn 0.1656 0.9860 -0.0213
vn 0.2766 0.9607 -0.0251
vn -0.0021 1.0000 0.0009
vn 0.1490 0.9888 -0.0088
vn 0.0783 0.9961 -0.0409
vn 0.0502 0.9986 -0.0189
vn 0.0711 0.9974 0.0064
vn 0.5349 0.8196 -0.2052
vn 0.5367 -0.8242 0.1808
vn 0.5262 -0.8441 0.1030
vn 0.4685 -0.8760 0.1151
vn 0.5845 -0.7994 0.1389
vn 0.5423 -0.8323 0.1148
vn 0.4863 -0.8722 0.0525
vn 0.4303 -0.8972 0.0993
vn 0.4250 -0.8811 0.2075
vn 0.5725 -0.7782 0.2581
vn 0.2118 -0.9216 0.3253
vn 0.2018 -0.9371 0.2848
vn 0.1412 -0.9359 0.3227
vn 0.5517 -0.8309 0.0724
vn 0.3254 -0.9155 0.2364
vn 0.4029 -0.8551 0.3262
vn 0.2229 -0.8918 0.3937
vn 0.2854 -0.9290 0.2355
vn 0.3284 -0.9153 0.2333
vn 0.3789 -0.8950 0.2355
vn 0.5461 -0.8347 0.0715
vn 0.3609 -0.9149 0.1808
vn 0.4990 -0.8059 0.3185
vn 0.3994 -0.8380 0.3719
vn 0.5549 -0.7486 0.3630
vn 0.2407 -0.9120 0.3322
vn 0.4410 -0.8839 0.1559
vn 0.5071 -0.8298 0.2329
vn 0.5648 -0.8235 0.0527
vn 0.3790 -0.9057 0.1899
vn 0.3711 -0.9036 0.2138
vn 0.6069 -0.7927 0.0572
vn 0.5754 -0.8140 0.0796
vn 0.6435 -0.7626 0.0665
vn 0.6557 -0.7468 0.1111
vn 0.5996 -0.7328 0.3216
vn 0.6629 -0.7110 0.2346
vn 0.3852 -0.9069 0.1709
vn -0.5846 -0.7873 -0.1959
vn -0.4475 -0.8700 -0.2071
vn -0.4429 -0.8729 -0.2044
vn -0.4572 -0.8613 -0.2216
vn -0.4616 -0.8569 -0.2294
vn -0.4789 -0.8467 -0.2318
vn -0.5244 -0.8065 -0.2732
vn -0.4744 -0.8553 -0.2082
vn -0.4622 -0.8597 -0.2175
vn -0.4672 0.8582 -0.2125
vn -0.8360 -0.3841 -0.3919
vn -0.6038 -0.7224 -0.3371
vn -0.5492 0.6758 -0.4916
vn -0.4308 -0.8438 -0.3200
vn -0.4641 -0.8310 -0.3068
vn -0.3976 -0.8719 -0.2859
vn -0.5309 -0.7967 -0.2887
vn -0.4508 -0.8430 -0.2933
vn -0.4253 -0.8681 -0.2560
vn -0.4726 -0.8244 -0.3113
vn -0.9376 -0.3359 -0.0898
vn -0.7935 -0.4677 -0.3894
vn -0.4422 -0.8670 -0.2297
vn -0.4997 -0.8239 -0.2675
vn -0.6303 -0.7228 -0.2834
vn -0.4060 -0.8507 -0.3339
vn -0.6766 0.7180 -0.1634
vn -0.6847 0.7151 -0.1404
vn -0.6717 0.7369 -0.0759
vn -0.6483 0.7561 -0.0896
vn -0.7085 0.6945 -0.1257
vn -0.5933 0.7988 -0.0998
vn -0.6860 0.6939 -0.2188
vn -0.6656 0.6913 -0.2812
vn -0.7016 0.7079 -0.0821
vn -0.6949 0.7114 -0.1050
vn -0.2342 0.9690 -0.0788
vn -0.5091 0.8540 -0.1074
vn -0.6166 0.7870 -0.0219
vn -0.6389 0.7674 -0.0536
vn -0.6790 0.7199 -0.1440
vn -0.5179 0.8525 -0.0706
vn -0.4131 0.9053 -0.0984
vn -0.5871 0.8069 -0.0653
vn -0.6269 0.7722 -0.1031
vn -0.7312 0.6756 -0.0944
vn -0.5234 0.8492 -0.0701
vn -0.6822 0.7266 -0.0820
vn -0.7086 0.6741 -0.2082
vn -0.1777 -0.8360 0.5192
vn -0.0536 -0.8118 0.5815
vn -0.1852 -0.7994 0.5715
vn -0.0122 -0.7657 0.6430
vn -0.1935 -0.7995 0.5687
vn 0.1138 -0.7632 0.6361
vn 0.0879 -0.9121 0.4005
vn 0.1384 -0.9484 0.2851
vn -0.2753 -0.8408 0.4662
vn -0.3403 -0.8592 0.3821
vn -0.3197 -0.8166 0.4805
vn -0.0482 -0.7950 0.6047
vn -0.3440 -0.8699 0.3534
vn -0.3673 -0.8714 0.3251
vn -0.2694 -0.8591 0.4351
vn -0.1843 -0.8322 0.5229
vn -0.2955 -0.8749 0.3837
vn -0.1489 -0.8439 0.5154
vn -0.3699 -0.8679 0.3316
vn -0.3417 -0.8356 0.4301
vn -0.3771 -0.8399 0.3904
vn -0.1813 -0.9447 0.2734
vn -0.0410 -0.9267 0.3736
vn -0.3216 -0.8068 0.4957
vn 0.4207 0.5377 0.7307
vn 0.3024 0.6364 0.7096
vn 0.2212 0.8887 0.4016
vn 0.5897 0.1437 0.7947
vn 0.6430 -0.1806 0.7442
vn 0.3791 -0.7899 0.4821
vn 0.3015 -0.5795 0.7571
vn 0.5874 -0.2120 0.7811
vn 0.5186 0.6699 0.5313
vn 0.2505 0.8476 0.4678
vn 0.3997 -0.6771 0.6179
vn 0.3351 0.8227 0.4593
vn 0.2087 -0.8788 0.4292
vn 0.2302 -0.9137 0.3349
vn 0.2791 0.8400 0.4653
vn 0.3870 0.5072 0.7701
vn 0.2476 -0.8972 0.3658
vn 0.4275 -0.0976 0.8988
vn 0.5006 0.6343 0.5891
vn 0.5498 0.8348 -0.0282
vn 0.8746 0.4776 -0.0835
vn 0.4698 0.8756 -0.1120
vn 0.9561 -0.2061 -0.2081
vn 0.3479 0.9317 -0.1045
vn 0.3310 0.9382 -0.1011
vn 0.3076 0.9440 -0.1190
vn 0.3608 0.9146 -0.1826
vn 0.1610 0.9831 -0.0876
vn 0.1557 0.9868 -0.0442
vn 0.2218 0.9725 -0.0713
vn 0.0479 0.9985 -0.0255
vn 0.1671 0.9844 -0.0547
vn 0.9356 0.0263 -0.3522
vn 0.3456 0.9304 -0.1226
vn -0.0729 0.9964 0.0445
vn 0.3163 0.9427 -0.1056
vn 0.3489 0.9302 -0.1141
vn 0.4980 0.8563 -0.1369
vn 0.9321 -0.3591 -0.0484
vn 0.7699 -0.6189 -0.1554
vn 0.0236 0.9996 0.0123
vn 0.4191 0.8854 -0.2011
vn 0.2711 0.9503 -0.1533
vn 0.3198 0.8946 -0.3120
vn -0.2849 -0.9292 0.2353
vn -0.0863 -0.9577 0.2745
vn -0.1062 -0.8523 0.5121
vn 0.2904 0.9500 -0.1146
vn 0.2513 0.9382 -0.2379
vn -0.2129 -0.9495 0.2306
vn -0.0981 -0.9275 0.3606
vn 0.4869 0.7841 -0.3849
vn 0.3274 0.8885 -0.3216
vn -0.0838 -0.9013 0.4250
vn 0.3345 0.9369 -0.1019
vn -0.4015 -0.9048 -0.1420
vn -0.4364 -0.8902 -0.1310
vn -0.6375 -0.7703 -0.0162
vn -0.3881 -0.8589 -0.3342
vn -0.1519 -0.9701 -0.1895
vn -0.4224 -0.8889 -0.1773
vn -0.3418 -0.9373 -0.0677
vn -0.1197 -0.9722 0.2012
vn -0.2150 -0.9604 0.1772
vn -0.4212 -0.9067 0.0229
vn -0.4241 -0.9019 0.0820
vn -0.4321 -0.9005 0.0482
vn -0.4197 -0.9038 0.0834
vn -0.3955 -0.9134 -0.0967
vn -0.4401 -0.8901 -0.1187
vn -0.4546 -0.8905 -0.0181
vn -0.4528 -0.8885 -0.0736
vn -0.4511 -0.8918 -0.0336
vn -0.3998 -0.9098 -0.1120
vn -0.4249 -0.9025 -0.0704
vn -0.4035 -0.9148 0.0199
vn -0.4376 -0.8966 0.0676
vn -0.4428 -0.8960 0.0338
vn -0.4184 -0.9069 0.0501
vn -0.4195 -0.9059 0.0589
vn -0.4589 -0.8865 0.0600
vn -0.4200 -0.9072 0.0240
vn -0.4611 -0.8873 0.0081
vn -0.4034 -0.9092 -0.1032
vn -0.4069 -0.9044 -0.1285
vn -0.4111 -0.9036 -0.1204
vn -0.4099 -0.9053 -0.1118
vn -0.0454 0.9926 -0.1127
vn -0.0126 0.9993 -0.0358
vn -0.0425 0.9991 -0.0033
vn 0.1097 -0.0318 0.9935
vn 0.0657 0.3939 0.9168
vn 0.0605 0.7566 0.6510
vn 0.0183 0.8385 0.5446
vn 0.0122 0.5084 0.8610
vn -0.0342 0.9249 0.3786
vn -0.0218 0.9935 0.1113
vn -0.0048 0.9955 0.0948
vn 0.0829 0.1106 0.9904
vn 0.0335 0.2247 0.9739
vn 0.0478 0.0673 0.9966
vn 0.0827 0.1758 0.9809
vn 0.0578 0.0308 0.9979
vn -0.0533 0.9985 0.0118
vn 0.0973 0.5075 0.8561
vn 0.0631 0.9941 0.0880
vn 0.0434 0.9989 0.0198
vn 0.0839 0.9963 -0.0180
vn -0.0044 0.9723 0.2337
vn 0.0379 0.5758 0.8167
vn -0.0238 0.9963 0.0826
vn 0.0228 0.9702 0.2412
vn 0.3278 0.7818 -0.5303
vn 0.4018 0.7117 -0.5762
vn 0.4095 0.7537 -0.5140
vn 0.5057 0.7414 -0.4411
vn 0.5213 0.7322 -0.4383
vn 0.5392 0.6606 -0.5224
vn 0.2385 0.9406 -0.2417
vn 0.2925 0.9056 -0.3071
vn 0.2402 0.9517 -0.1913
vn 0.2867 0.9515 -0.1121
vn 0.2753 0.9553 -0.1078
vn 0.4791 0.7237 -0.4968
vn 0.4808 0.7127 -0.5108
vn 0.3337 0.8966 -0.2913
vn 0.2270 0.9072 -0.3542
vn 0.4007 0.8983 -0.1801
vn 0.5210 0.7946 -0.3117
vn 0.4266 0.8698 -0.2481
vn 0.3724 0.8160 -0.4420
vn 0.2637 0.8705 -0.4155
vn 0.5226 0.7267 -0.4459
vn 0.3277 0.8116 -0.4837
vn 0.4020 0.7173 -0.5691
vn 0.4316 0.7732 -0.4647
vn 0.4931 0.7410 -0.4559
vn 0.5282 0.6469 -0.5500
vn 0.4880 0.6708 -0.5585
vn 0.5045 -0.8629 0.0307
vn 0.5399 0.8404 0.0482
vn 0.4830 0.8748 0.0381
vn 0.8297 0.5577 0.0245
vn 0.5738 -0.8189 0.0067
vn 0.9465 -0.3202 0.0397
vn 0.7924 -0.5985 0.1175
vn 0.5157 -0.8554 0.0480
vn 0.7102 -0.7038 0.0179
vn 0.5219 -0.8527 0.0217
vn 0.4829 0.8753 0.0259
vn 0.9242 0.3786 0.0503
vn 0.7487 0.6623 0.0294
vn 0.9635 -0.2011 0.1768
vn 0.9619 -0.2616 0.0789
vn 0.8996 0.4002 0.1747
vn 0.6064 -0.7892 0.0973
vn 0.9926 0.0762 0.0942
vn 0.8429 -0.5380 0.0119
vn 0.5761 -0.8173 0.0024
vn 0.5288 -0.8472 0.0512
vn 0.9864 0.1544 0.0567
vn 0.4711 0.8812 0.0394
vn 0.5202 0.8532 0.0373
vn 0.2654 0.9638 0.0250
vn 0.9010 0.3762 0.2160
vn 0.7966 0.5875 0.1425
vn 0.5731 0.8105 0.1210
vn 0.5826 0.8110 0.0535
vn 0.6828 0.7297 0.0350
vn 0.5161 -0.8549 0.0523
vn 0.5264 -0.8328 0.1714
vn 0.5851 -0.8060 0.0901
vn 0.9010 -0.3252 0.2872
vn 0.6574 0.7149 0.2382
vn 0.9668 -0.2287 0.1142
vn 0.6173 -0.7834 0.0723
vn 0.8420 -0.5237 0.1298
vn 0.9791 0.0770 0.1883
vn 0.8569 0.5128 0.0524
vn 0.6935 -0.7183 0.0551
vn 0.5539 -0.8287 0.0798
vn 0.6291 -0.7736 0.0757
vn 0.8897 -0.4440 0.1060
vn 0.6220 -0.7776 0.0922
vn 0.5697 -0.8204 0.0484
vn 0.9965 -0.0546 0.0632
vn 0.6857 -0.7217 0.0947
vn 0.6417 -0.7623 0.0844
vn -0.0736 0.9950 0.0672
vn -0.0593 0.9978 0.0306
vn 0.0134 0.9998 0.0161
vn -0.0405 0.9988 0.0271
vn -0.2705 0.9213 0.2794
vn -0.0043 0.9998 -0.0185
vn 0.0376 0.9991 -0.0200
vn -0.0171 0.9996 -0.0243
vn -0.1260 0.9919 0.0172
vn -0.1678 0.9818 0.0887
vn -0.0205 0.9993 -0.0305
vn 0.0011 0.9999 0.0127
vn 0.0311 0.9993 -0.0216
vn 0.0438 0.9990 -0.0130
vn -0.2687 0.9577 0.1031
vn -0.1857 0.9613 0.2035
vn -0.0463 0.9983 -0.0365
vn -0.0175 0.9995 -0.0246
vn -0.0022 0.9998 0.0202
vn 0.0288 0.9996 -0.0049
vn 0.0098 0.9999 -0.0123
vn -0.1218 0.9837 0.1320
vn 0.0221 0.9996 -0.0151
vn -0.0295 0.9992 -0.0267
vn -0.0174 0.9997 0.0143
vn 0.0204 0.9998 0.0015
vn 0.0132 0.9999 -0.0048
vn -0.3267 0.9308 0.1639
vn 0.0474 0.9987 0.0211
vn 0.0132 0.9999 0.0066
vn 0.1025 -0.9275 -0.3595
vn 0.1206 -0.9148 -0.3854
vn 0.1475 -0.7565 -0.6371
vn 0.4482 -0.8216 -0.3522
vn 0.4846 -0.7958 -0.3632
vn 0.4409 -0.8032 -0.4007
vn 0.2757 -0.9432 -0.1853
vn 0.5201 -0.8039 -0.2886
vn 0.2786 -0.9423 -0.1858
vn 0.1921 -0.7799 -0.5957
vn 0.2220 -0.8474 -0.4822
vn 0.3096 -0.7676 -0.5612
vn 0.1167 -0.9265 -0.3578
vn 0.4066 -0.8454 -0.3464
vn 0.4610 -0.8272 -0.3212
vn 0.1611 -0.8360 -0.5245
vn 0.2738 -0.8855 -0.3755
vn 0.1911 -0.8942 -0.4049
vn 0.2324 -0.9452 -0.2294
vn 0.2549 -0.9386 -0.2327
vn 0.1188 -0.8844 -0.4514
vn 0.0932 -0.8540 -0.5118
vn 0.3571 -0.8269 -0.4345
vn 0.3570 -0.8658 -0.3507
vn 0.3433 -0.8776 -0.3347
vn 0.2000 -0.8929 -0.4034
vn 0.1518 -0.8890 -0.4319
vn 0.3105 -0.8810 -0.3570
vn 0.1115 -0.8930 -0.4360
vn 0.0766 -0.9190 -0.3868
vn 0.0897 -0.7868 -0.6106
vn 0.0800 -0.9156 -0.3941
vn 0.2200 -0.8863 -0.4075
vn 0.1397 -0.8931 -0.4277
vn 0.0977 -0.8907 -0.4440
vn 0.0852 -0.9059 -0.4148
vn 0.2558 -0.9439 -0.2090
vn 0.2955 0.7205 0.6274
vn 0.2992 0.6332 0.7138
vn 0.2244 0.7352 0.6397
vn 0.1224 0.6328 0.7645
vn 0.0611 0.6124 0.7882
vn 0.0638 0.6552 0.7527
vn 0.1734 0.6138 0.7702
vn 0.1007 0.6313 0.7690
vn 0.2203 0.6184 0.7543
vn 0.3178 0.6628 0.6780
vn 0.3409 0.6461 0.6829
vn 0.1023 0.8430 0.5282
vn 0.0860 0.7892 0.6081
vn 0.1494 0.6784 0.7194
vn 0.1455 0.7509 0.6441
vn 0.1395 0.8793 0.4554
vn 0.1297 0.7616 0.6350
vn 0.0504 0.7796 0.6242
vn 0.2259 0.6700 0.7072
vn 0.1402 0.7578 0.6372
vn 0.1002 0.8643 0.4929
vn 0.0387 0.8198 0.5713
vn 0.0466 0.9323 0.3586
vn 0.0163 0.9661 0.2578
vn 0.0255 0.9956 0.0900
vn 0.0422 0.9867 0.1571
vn 0.1608 0.8813 0.4443
vn 0.0211 0.9553 0.2948
vn 0.0814 0.9107 0.4050
vn -0.0243 0.9958 0.0886
vn -0.0360 0.9822 0.1844
vn 0.2555 0.8884 0.3813
vn 0.0251 0.9342 0.3559
vn 0.0978 0.8880 0.4493
vn 0.0913 0.9436 0.3183
vn -0.6152 0.7155 -0.3310
vn -0.5937 0.7370 -0.3230
vn -0.5170 0.7512 -0.4103
vn -0.5173 0.7507 -0.4110
vn -0.4722 0.8226 -0.3166
vn -0.6588 0.6434 -0.3898
vn -0.2097 0.9760 -0.0587
vn -0.2386 0.9615 -0.1366
vn -0.3937 0.8982 -0.1954
vn -0.4643 0.8553 -0.2300
vn -0.4361 0.8676 -0.2389
vn -0.7108 0.6462 -0.2777
vn -0.6077 0.7528 -0.2529
vn -0.6843 0.6440 -0.3419
vn -0.6953 0.6557 -0.2944
vn -0.6374 0.7179 -0.2798
vn -0.4948 0.8361 -0.2368
vn -0.5762 0.7536 -0.3163
vn -0.7106 0.6322 -0.3087
vn -0.6327 0.7070 -0.3160
vn -0.2941 0.9276 -0.2305
vn -0.4670 0.7950 -0.3872
vn -0.0951 0.9935 -0.0633
vn -0.0645 0.9975 -0.0280
vn 0.0853 0.9963 0.0021
vn -0.3497 0.9318 -0.0969
vn -0.5232 0.8398 -0.1449
vn -0.4692 0.8681 -0.1620
vn -0.2501 0.9626 -0.1042
vn -0.5282 0.7826 -0.3295
vn -0.5712 0.7000 -0.4287
vn -0.6386 0.7492 -0.1759
vn -0.5193 0.7209 -0.4590
vn -0.3575 0.8984 -0.2552
vn -0.4170 0.8634 -0.2838
vn -0.4515 0.7917 -0.4115
vn -0.1356 0.0952 0.9862
vn -0.2272 -0.1828 0.9565
vn -0.0866 -0.6547 0.7509
vn -0.2511 -0.3869 0.8873
vn -0.1814 -0.7570 0.6277
vn -0.1562 -0.6515 0.7424
vn -0.2555 0.1436 0.9561
vn -0.1003 0.8389 0.5349
vn -0.1131 0.9495 0.2925
vn -0.2194 0.7569 0.6156
vn -0.1163 0.2629 0.9578
vn -0.0707 -0.4621 0.8840
vn -0.1011 0.0260 0.9945
vn -0.0842 -0.3265 0.9414
vn -0.1498 -0.1589 0.9759
vn -0.1042 -0.6104 0.7852
vn -0.1718 0.4951 0.8517
vn -0.0511 0.9697 0.2388
vn -0.0377 0.9534 0.2993
vn -0.0916 0.7956 0.5988
vn -0.0937 0.4747 0.8752
vn -0.2042 0.6022 0.7718
vn -0.1308 0.4526 0.8821
vn -0.1143 0.7460 0.6561
vn -0.0399 0.9970 0.0663
vn -0.0345 0.9965 0.0764
vn -0.2127 0.5851 0.7825
vn -0.0327 0.9964 -0.0786
vn -0.0075 0.9746 0.2237
vn 0.0610 0.9976 0.0317
vn -0.0572 0.9335 0.3539
vn -0.0248 0.9897 0.1410
vn -0.0780 0.8327 0.5482
vn -0.3649 -0.9046 -0.2204
vn -0.3401 -0.9054 -0.2541
vn -0.3997 -0.8849 -0.2391
vn -0.2741 -0.9073 -0.3190
vn -0.2531 -0.9140 -0.3170
vn -0.3000 -0.9112 -0.2822
vn -0.3763 -0.9043 -0.2013
vn -0.3795 -0.9129 -0.1506
vn -0.3764 -0.8992 -0.2233
vn -0.4058 -0.8836 -0.2338
vn -0.3797 -0.9043 -0.1950
vn -0.3843 -0.9181 -0.0971
vn -0.3225 -0.8790 -0.3513
vn -0.2476 -0.9114 -0.3288
vn -0.3479 -0.8965 -0.2745
vn -0.3603 -0.8985 -0.2508
vn -0.3408 -0.8865 -0.3129
vn -0.3805 -0.9177 -0.1145
vn -0.2420 -0.8955 -0.3735
vn -0.3811 -0.8583 -0.3437
vn -0.3819 -0.8528 -0.3562
vn -0.3575 -0.8687 -0.3428
vn -0.4030 -0.8427 -0.3571
vn -0.3955 -0.8722 -0.2878
vn -0.3354 -0.8592 -0.3864
vn -0.2623 -0.8968 -0.3564
vn -0.1972 -0.9170 -0.3469
vn -0.3629 -0.8803 -0.3055
vn -0.1822 -0.9187 -0.3505
vn -0.3098 -0.8776 -0.3659
vn -0.4156 -0.8557 -0.3083
vn -0.3016 -0.8974 -0.3219
vn -0.7179 0.6576 0.2285
vn -0.7220 0.6556 0.2212
vn -0.7021 0.6755 0.2253
vn -0.6723 0.7060 0.2227
vn -0.6960 0.6545 0.2953
vn -0.1989 0.9774 0.0715
vn -0.3122 0.9426 0.1182
vn -0.6754 0.7043 0.2188
vn -0.6368 0.7436 0.2039
vn -0.5399 0.7749 0.3286
vn -0.6576 0.6646 0.3547
vn -0.6231 0.7242 0.2953
vn -0.5259 0.8338 0.1680
vn -0.5248 0.7825 0.3351
vn -0.4095 0.8858 0.2184
vn -0.3653 0.8919 0.2666
vn -0.6767 0.6784 0.2860
vn -0.5277 0.8203 0.2207
vn -0.6695 0.6536 0.3529
vn -0.2753 0.9528 0.1283
vn -0.5430 0.8174 0.1925
vn -0.4840 0.8386 0.2502
vn -0.0823 0.9965 0.0142
vn -0.4195 0.8982 0.1315
vn -0.5397 0.8321 0.1278
vn -0.5858 0.7897 0.1822
vn -0.5905 0.7810 0.2035
vn -0.6559 0.7314 0.1866
vn -0.4155 0.8864 0.2039
vn -0.1713 0.9802 0.0998
vn -0.0781 0.9967 0.0241
vn -0.3745 0.9027 0.2119
vn -0.3647 0.9252 0.1055
vn -0.2782 0.9580 0.0698
vn -0.3937 0.8913 0.2248
vn -0.1707 0.9837 0.0568
vn -0.4300 0.8584 0.2798
vn 0.0149 0.9992 -0.0374
vn -0.4063 0.8934 0.1916
vn 0.1581 0.9673 0.1984
vn 0.3062 -0.8902 0.3373
vn 0.5262 -0.5659 0.6347
vn 0.4510 -0.7354 0.5057
vn 0.2776 -0.8904 0.3607
vn 0.3934 -0.7400 0.5456
vn 0.2707 -0.8657 0.4211
vn 0.6291 -0.4341 0.6449
vn 0.2416 -0.9016 0.3588
vn 0.6670 0.1871 0.7212
vn 0.5056 -0.3180 0.8020
vn 0.4351 -0.7954 0.4220
vn 0.0267 0.9993 0.0245
vn 0.4295 -0.7435 0.5126
vn 0.5867 0.5005 0.6366
vn 0.3285 -0.8524 0.4069
vn 0.3061 -0.8969 0.3192
vn 0.4258 0.6709 0.6071
vn 0.3163 -0.8315 0.4568
vn 0.2651 -0.9027 0.3390
vn 0.2959 0.8927 0.3400
vn 0.4500 0.4124 0.7921
vn 0.3025 -0.8934 0.3322
vn 0.3101 -0.8898 0.3348
vn 0.5984 0.3826 0.7039
vn 0.5444 0.4582 0.7026
vn 0.3444 0.8599 0.3769
vn 0.2928 0.8910 0.3470
vn 0.6085 -0.5467 0.5752
vn 0.3160 -0.8875 0.3353
vn 0.5920 -0.2931 0.7507
vn 0.4380 0.7380 0.5133
vn 0.5677 0.5761 0.5880
vn 0.2628 0.9203 0.2898
vn -0.4601 0.2211 -0.8599
vn -0.4131 0.4209 -0.8076
vn -0.3838 -0.5712 -0.7256
vn -0.1689 0.9258 -0.3381
vn -0.3745 -0.1415 -0.9164
vn -0.3312 -0.5152 -0.7905
vn -0.3845 -0.4994 -0.7764
vn -0.5358 0.3364 -0.7744
vn -0.3454 0.7415 -0.5752
vn -0.5291 -0.0704 -0.8456
vn -0.3077 0.6595 -0.6858
vn -0.3002 0.6774 -0.6716
vn -0.4196 0.1150 -0.9004
vn -0.4844 -0.1619 -0.8597
vn -0.5135 -0.5832 -0.6294
vn -0.3810 0.7104 -0.5918
vn -0.3285 0.6928 -0.6419
vn -0.3289 0.7585 -0.5626
vn -0.3634 0.6588 -0.6588
vn -0.4296 -0.6556 -0.6211
vn -0.3984 0.6903 -0.6040
vn -0.3646 0.7792 -0.5098
vn -0.3983 0.7330 -0.5514
vn -0.1745 0.9489 -0.2630
vn -0.6165 0.2758 -0.7375
vn -0.2856 -0.7560 -0.5891
vn -0.4121 -0.1914 -0.8908
vn -0.3117 0.7962 -0.5186
vn -0.3251 0.7483 -0.5782
vn -0.1391 0.9692 -0.2033
vn -0.2432 0.8154 -0.5254
vn -0.3986 0.3824 -0.8336
vn -0.3238 -0.6465 -0.6907
vn -0.2329 0.9175 -0.3224
vn 0.1670 0.9819 -0.0892
vn 0.3886 0.8913 -0.2337
vn 0.4388 0.8821 -0.1713
vn 0.3635 0.9267 -0.0957
vn 0.1116 0.9928 -0.0435
vn 0.5695 0.7464 -0.3443
vn 0.6075 0.7076 -0.3610
vn 0.6036 0.7439 -0.2868
vn 0.7419 0.6618 -0.1079
vn 0.5532 0.8320 0.0410
vn 0.6558 0.7535 0.0465
vn 0.5679 0.6884 -0.4512
vn 0.6024 0.7430 -0.2915
vn 0.6053 0.6585 -0.4472
vn 0.3990 0.8855 -0.2383
vn 0.8038 0.4099 -0.4311
vn 0.7578 0.4383 -0.4834
vn 0.7426 0.6638 -0.0891
vn -0.0564 0.9982 0.0218
vn 0.3544 0.9338 -0.0492
vn 0.3116 0.9460 -0.0896
vn 0.7875 0.4687 -0.4003
vn 0.7936 0.5560 -0.2472
vn 0.7567 0.5284 -0.3849
vn 0.7640 0.5574 -0.3251
vn 0.5981 0.7863 -0.1548
vn -0.0927 0.9955 0.0204
vn 0.5318 0.8326 -0.1547
vn 0.9607 -0.1988 -0.1935
vn 0.6587 0.5115 -0.5518
vn -0.0349 0.9985 0.0423
vn 0.5509 0.8344 0.0124
vn 0.5523 0.8301 -0.0770
vn 0.7969 0.1603 -0.5825
vn -0.2169 0.9738 0.0683
vn -0.1220 0.9921 -0.0302
vn -0.1544 0.9877 0.0228
vn -0.1808 0.9831 -0.0304
vn -0.0269 0.9996 -0.0119
vn -0.1347 0.9900 0.0425
vn -0.0522 0.9985 0.0137
vn 0.5804 -0.7216 0.3775
vn 0.5528 -0.6628 0.5051
vn 0.6328 -0.4303 0.6437
vn 0.6569 -0.0830 0.7494
vn 0.6114 -0.5739 0.5448
vn 0.5791 -0.6890 0.4358
vn 0.4515 -0.1368 0.8817
vn 0.3157 -0.6865 0.6550
vn 0.1001 -0.5641 0.8197
vn -0.5598 0.8264 -0.0608
vn -0.3966 0.9179 0.0100
vn -0.4801 0.8771 -0.0138
vn 0.5548 -0.6990 0.4512
vn -0.2942 0.9552 0.0324
vn -0.2438 0.9696 0.0194
vn 0.3442 -0.8164 0.4638
vn -0.2997 0.6681 0.6811
vn 0.1734 0.8158 0.5517
vn -0.1903 0.7839 0.5910
vn -0.6171 0.7790 -0.1112
vn -0.4349 0.8967 -0.0826
vn 0.2088 -0.7836 0.5851
vn 0.4630 -0.6200 0.6334
vn -0.1665 0.9856 -0.0293
vn -0.4403 0.8693 -0.2245
vn -0.5631 0.8039 -0.1917
vn -0.1106 0.9228 0.3689
vn -0.5030 0.5845 -0.6367
vn -0.6454 0.7364 -0.2031
vn -0.6754 0.7272 -0.1221
vn -0.7079 0.6673 -0.2314
vn -0.7390 0.6681 -0.0861
vn -0.7825 0.6181 -0.0747
vn -0.7251 0.6791 -0.1139
vn -0.6976 0.6932 -0.1812
vn -0.1160 -0.8715 0.4765
vn 0.0821 -0.9462 0.3131
vn 0.1277 -0.9009 0.4149
vn 0.1440 -0.8516 0.5039
vn -0.6503 0.5061 -0.5666
vn -0.7026 0.7050 -0.0966
vn -0.6971 0.6681 -0.2602
vn -0.6863 0.7092 -0.1616
vn -0.6856 0.7187 -0.1158
vn -0.4525 -0.8896 0.0623
vn -0.6544 0.7409 -0.1513
vn -0.6680 0.7373 -0.1007
vn -0.5671 0.8078 -0.1611
vn -0.5798 0.8122 -0.0640
vn -0.4675 -0.2089 0.8590
vn 0.2422 -0.8336 0.4965
vn -0.6803 0.7127 -0.1709
vn -0.6755 0.6603 -0.3283
vn -0.6883 0.6741 -0.2682
vn -0.6813 0.6651 -0.3058
vn 0.0006 0.8887 0.4585
vn 0.1423 0.6382 0.7566
vn 0.1036 0.7172 0.6892
vn 0.0053 0.6214 0.7835
vn -0.0343 0.8009 0.5979
vn 0.0784 0.8434 0.5316
vn 0.0229 0.7742 0.6325
vn 0.1230 0.7828 0.6100
vn 0.0236 0.6477 0.7615
vn 0.0027 0.9018 0.4321
vn 0.0059 0.8071 0.5904
vn -0.1270 0.8747 0.4678
vn 0.0933 0.7445 0.6611
vn 0.1348 0.8051 0.5776
vn -0.0178 0.9816 0.1902
vn -0.0263 0.8658 0.4998
vn 0.0234 0.9772 0.2111
vn 0.0026 0.6894 0.7243
vn 0.0648 0.7035 0.7078
vn -0.0149 0.7193 0.6946
vn 0.1278 0.6297 0.7663
vn 0.0854 0.6617 0.7449
vn 0.1105 0.6447 0.7564
vn 0.0634 0.6209 0.7813
vn 0.0949 0.6721 0.7344
vn 0.0894 0.7330 0.6743
vn 0.0583 0.6919 0.7196
vn 0.0674 0.8387 0.5404
vn 0.1288 0.7425 0.6574
vn 0.1047 0.6211 0.7767
vn 0.0734 0.6514 0.7551
vn -0.0174 0.5923 0.8056
vn 0.1454 0.9050 0.3999
vn 0.0641 0.9592 0.2754
vn 0.0506 0.9343 0.3530
vn 0.1760 0.8238 0.5389
vn 0.1054 0.5732 0.8126
vn 0.0497 0.6079 0.7924
vn 0.1830 0.5914 0.7853
vn 0.0859 0.7583 0.6462
vn 0.0196 0.6959 0.7179
vn 0.0339 0.9935 0.1091
vn 0.1287 0.8421 0.5238
vn 0.1166 0.8789 0.4625
vn -0.0385 0.6629 0.7477
vn -0.0438 0.7334 0.6784
vn 0.0099 0.9977 0.0673
vn -0.6686 0.7417 -0.0534
vn -0.2853 0.9576 -0.0410
vn -0.3659 0.9267 -0.0857
vn -0.0193 0.9973 0.0706
vn -0.0551 0.9981 0.0288
vn -0.1904 0.9814 0.0234
vn -0.5426 0.8345 -0.0962
vn -0.8851 0.4649 -0.0236
vn -0.3872 0.9215 -0.0295
vn -0.3640 0.9314 -0.0065
vn -0.3611 0.9324 -0.0144
vn -0.4345 0.8998 -0.0391
vn -0.8265 0.5564 -0.0854
vn -0.4422 0.8954 -0.0523
vn -0.3553 0.9344 -0.0243
vn -0.5346 0.8449 -0.0207
vn -0.5128 0.8584 0.0113
vn -0.9918 -0.1070 -0.0704
vn -0.9737 0.1916 -0.1235
vn -0.2718 0.9623 0.0134
vn -0.4069 0.9090 -0.0897
vn -0.4554 0.8878 -0.0660
vn -0.1550 0.9879 0.0008
vn -0.7929 -0.5403 -0.2817
vn -0.5352 -0.8341 -0.1338
vn -0.9546 -0.2787 -0.1054
vn -0.9714 0.2133 -0.1046
vn -0.5992 -0.7989 -0.0520
vn -0.7744 -0.6230 -0.1102
vn 0.1382 0.9901 0.0229
vn -0.7050 -0.7010 -0.1077
vn 0.1373 0.9863 0.0914
vn -0.9801 0.1364 -0.1439
vn -0.8438 -0.5363 -0.0207
vn -0.9530 0.2621 -0.1518
vn -0.7813 -0.6241 -0.0070
vn -0.9995 0.0276 -0.0122
vn -0.9683 0.0143 -0.2494
vn -0.6832 -0.7206 -0.1181
vn -0.6446 -0.7495 -0.1510
vn -0.9844 -0.1759 -0.0096
vn -0.6137 -0.7819 -0.1097
vn -0.5657 -0.8222 -0.0622
vn -0.5875 0.8091 0.0122
vn -0.7936 0.6049 -0.0652
vn -0.0249 0.9993 -0.0265
vn -0.6125 0.7887 -0.0525
vn -0.3093 0.9504 -0.0325
vn -0.4220 0.9024 0.0875
vn -0.6092 0.7870 0.0969
vn -0.6163 0.7815 0.0968
vn -0.7044 0.6999 0.1184
vn -0.4349 0.8989 0.0526
vn -0.1399 0.9902 0.0042
vn -0.1831 0.9830 0.0119
vn -0.0112 0.9997 -0.0201
vn -0.6905 0.7037 0.1676
vn -0.4850 0.8560 0.1788
vn -0.0973 0.9947 0.0332
vn -0.5173 0.8552 0.0322
vn -0.2367 0.9716 0.0034
vn 0.0371 0.9987 0.0357
vn -0.1941 0.9787 0.0672
vn -0.6570 0.7520 -0.0533
vn -0.7407 0.6590 -0.1306
vn -0.7181 0.6852 0.1219
vn -0.7637 0.6127 0.2034
vn -0.6271 0.7612 0.1653
vn -0.6417 0.7639 0.0676
vn -0.7158 0.6803 0.1572
vn -0.6555 0.7548 0.0246
vn -0.7017 0.6764 0.2239
vn -0.3925 0.9195 -0.0209
vn -0.7071 0.7006 0.0957
vn -0.5423 0.8234 0.1669
vn -0.7297 0.6599 0.1793
vn -0.7624 0.6415 0.0851
vn -0.7965 0.6021 -0.0550
vn -0.7698 0.6383 0.0006
vn -0.1950 -0.9713 0.1359
vn -0.1737 -0.9735 0.1490
vn -0.3472 -0.8678 0.3555
vn -0.1766 -0.9666 0.1855
vn 0.6750 -0.2705 -0.6864
vn 0.6730 -0.1951 -0.7135
vn 0.5570 -0.6518 -0.5147
vn 0.4416 -0.7314 -0.5197
vn 0.4834 -0.7398 -0.4679
vn 0.3390 -0.7963 -0.5010
vn 0.2884 0.9115 -0.2932
vn 0.3791 0.8762 -0.2976
vn 0.2498 0.9500 -0.1876
vn 0.5331 0.5737 -0.6218
vn 0.5764 0.5090 -0.6392
vn 0.4393 0.7631 -0.4740
vn 0.3348 0.9051 -0.2622
vn 0.5353 -0.7033 -0.4678
vn 0.5399 -0.6927 -0.4781
vn 0.5782 0.4604 -0.6736
vn 0.6405 0.4881 -0.5929
vn 0.6708 -0.1386 -0.7285
vn 0.4178 -0.7992 -0.4322
vn 0.6410 -0.3658 -0.6748
vn 0.6308 0.4494 -0.6325
vn 0.5962 -0.3674 -0.7138
vn 0.6701 -0.1280 -0.7312
vn 0.2681 -0.7660 -0.5843
vn 0.3800 -0.6850 -0.6216
vn 0.2819 0.8831 -0.3751
vn 0.6503 0.0727 -0.7562
vn 0.6002 -0.3808 -0.7034
vn 0.2442 0.9554 -0.1658
vn 0.6471 -0.0541 -0.7605
vn 0.4828 -0.7734 -0.4109
vn 0.6277 0.1394 -0.7659
vn 0.5435 0.6035 -0.5835
vn 0.5914 -0.5136 -0.6217
vn 0.3170 -0.8508 -0.4192
vn 0.2270 -0.8411 -0.4909
vn 0.5895 -0.4142 -0.6934
vn 0.4859 -0.5735 -0.6596
vn 0.5280 -0.6388 -0.5596
vn 0.2387 0.9417 -0.2370
vn 0.5094 -0.7391 -0.4407
vn 0.5531 -0.6147 -0.5623
vn 0.4619 -0.7950 -0.3932
vn 0.4127 -0.8371 -0.3590
vn 0.4972 -0.7467 -0.4418
vn 0.3896 0.7708 -0.5040
vn 0.5369 -0.6649 -0.5193
vn 0.3956 0.8119 -0.4293
vn 0.1679 0.9744 -0.1495
vn 0.2510 0.9550 -0.1580
vn 0.1195 0.9907 -0.0655
vn 0.1990 0.9619 -0.1874
vn 0.3939 -0.8522 -0.3442
vn 0.4676 0.7918 -0.3931
vn 0.2699 0.9455 -0.1823
vn 0.6334 0.5273 -0.5663
vn 0.2365 0.9504 -0.2021
vn 0.2198 0.9342 -0.2811
vn 0.4496 -0.4327 -0.7814
vn 0.5685 -0.1113 -0.8151
vn 0.1266 0.9847 -0.1196
vn 0.6508 -0.5033 -0.5685
vn 0.0022 0.9999 0.0171
vn -0.2043 0.8660 -0.4564
vn -0.1888 0.8509 -0.4903
vn -0.1268 0.9139 -0.3857
vn -0.2508 0.6972 -0.6716
vn -0.2601 0.6814 -0.6842
vn -0.2376 0.6422 -0.7288
vn -0.1460 0.9105 -0.3870
vn -0.0719 0.9671 -0.2440
vn -0.1109 0.6967 -0.7088
vn -0.0253 0.6782 -0.7345
vn -0.0648 0.7429 -0.6663
vn -0.1060 0.9466 -0.3044
vn -0.0184 0.9994 0.0276
vn 0.0065 0.9999 -0.0099
vn 0.0003 0.9996 0.0281
vn -0.0795 0.9885 -0.1289
vn -0.0733 0.9802 -0.1840
vn 0.0070 0.9978 -0.0652
vn -0.0004 0.9880 -0.1544
vn 0.0459 0.9934 -0.1047
vn 0.0174 0.9166 -0.3995
vn -0.0093 0.9996 0.0270
vn -0.0034 0.9974 -0.0722
vn -0.0598 0.9935 -0.0966
vn 0.0228 0.9993 0.0292
vn -0.0773 0.7278 -0.6814
vn 0.0011 0.7631 -0.6463
vn -0.0174 0.8114 -0.5842
vn 0.0033 0.9995 0.0306
vn -0.0500 0.9986 0.0190
vn -0.0715 0.9917 -0.1071
vn -0.1042 0.9457 -0.3077
vn -0.0049 0.9782 -0.2075
vn -0.0705 0.8559 -0.5124
vn -0.0914 0.8799 -0.4662
vn 0.0314 0.9992 0.0234
vn -0.2623 0.7665 -0.5862
vn -0.1674 0.8871 -0.4302
vn -0.1605 0.8059 -0.5699
vn -0.0093 0.9986 0.0528
vn -0.2647 0.8180 -0.5107
vn -0.1223 0.8715 -0.4750
vn -0.1217 0.9582 -0.2588
vn -0.0728 0.7934 -0.6044
vn -0.0093 0.8242 -0.5663
vn -0.0692 0.8757 -0.4779
vn -0.1014 0.8003 -0.5910
vn -0.1030 0.7399 -0.6648
vn 0.0162 0.9995 0.0268
vn 0.0401 0.9991 0.0151
vn -0.3021 0.6914 -0.6563
vn -0.2401 0.7088 -0.6633
vn -0.2748 0.7653 -0.5821
vn -0.0236 0.9828 -0.1830
vn -0.2185 0.7812 -0.5848
vn 0.0289 0.9987 0.0427
vn -0.1773 0.9227 -0.3424
vn 0.0450 0.9985 0.0299
vn -0.1298 0.7179 -0.6840
vn -0.0052 1.0000 -0.0081
vn 0.0318 0.9992 0.0237
vn -0.1244 0.6414 -0.7570
vn 0.0355 0.9993 0.0111
vn 0.0318 0.9994 0.0162
vn -0.1062 0.9888 -0.1048
vn -0.0311 0.7024 -0.7111
vn -0.2147 0.7203 -0.6596
vn -0.0574 0.6902 -0.7213
vn -0.1587 0.6597 -0.7346
vn -0.1142 0.6616 -0.7412
vn 0.1287 0.8125 0.5686
vn 0.1504 0.5954 0.7893
vn -0.0530 0.8040 -0.5923
vn -0.0262 0.8024 -0.5962
vn -0.0888 0.9503 -0.2985
vn -0.0822 0.8689 -0.4880
vn -0.0039 0.9305 -0.3663
vn -0.1266 0.7533 -0.6454
vn -0.1127 0.6568 -0.7456
vn -0.1610 0.8157 -0.5557
vn -0.1410 0.7349 -0.6633
vn -0.1326 0.8250 -0.5494
vn -0.1824 0.7299 -0.6588
vn -0.0003 0.9962 0.0869
vn 0.0112 0.9952 -0.0967
vn 0.0075 0.9588 0.2840
vn -0.1369 0.9875 0.0776
vn -0.0721 0.9968 -0.0359
vn -0.1022 0.9926 -0.0660
vn -0.0069 0.9939 -0.1101
vn 0.0451 0.9960 0.0777
vn 0.0677 0.9422 0.3281
vn -0.0394 0.9740 0.2231
vn 0.0910 0.7925 0.6030
vn -0.1122 0.7140 -0.6911
vn -0.1289 0.6702 -0.7309
vn -0.1321 0.6185 -0.7746
vn -0.0192 0.9146 -0.4040
vn 0.0007 0.9771 -0.2127
vn 0.1149 0.7785 0.6170
vn -0.0068 0.9807 -0.1952
vn 0.1617 0.6937 0.7019
vn -0.0310 0.9866 0.1601
vn -0.1381 0.9720 -0.1899
vn 0.0815 0.8913 0.4461
vn -0.1739 0.7463 -0.6425
vn 0.0419 0.9909 0.1278
vn -0.1230 0.8502 -0.5119
vn 0.0229 0.9916 -0.1271
vn 0.0133 0.9799 -0.1992
vn -0.0075 0.9695 -0.2451
vn -0.1143 0.9427 -0.3134
vn -0.1170 0.9805 -0.1581
vn -0.0826 0.8882 -0.4520
vn -0.0343 0.9481 -0.3160
vn -0.0715 0.9462 -0.3157
vn -0.0807 0.8038 -0.5894
vn -0.0618 0.8933 -0.4453
vn 0.5564 -0.6180 -0.5554
vn 0.5216 -0.6963 -0.4930
vn 0.6241 -0.4569 -0.6338
vn 0.7141 -0.0504 -0.6983
vn 0.5068 -0.7211 -0.4724
vn -0.2983 0.9107 0.2857
vn -0.1216 0.9879 0.0965
vn 0.5609 -0.6522 -0.5100
vn 0.5761 -0.5505 -0.6042
vn 0.7904 -0.2622 -0.5537
vn 0.5284 -0.7105 -0.4647
vn -0.4978 0.7427 0.4479
vn -0.5706 0.6689 0.4764
vn -0.5421 0.7069 0.4544
vn -0.0879 0.9961 0.0116
vn 0.0187 0.9968 -0.0781
vn -0.3346 0.9109 0.2414
vn -0.4498 0.8201 0.3538
vn -0.2546 0.9370 0.2392
vn -0.3730 0.8410 0.3919
vn 0.0927 0.9843 -0.1502
vn 0.1790 0.9550 -0.2366
vn 0.7036 0.1468 -0.6953
vn 0.5846 -0.6077 -0.5376
vn -0.3161 0.9126 0.2592
vn -0.2175 0.9686 0.1200
vn -0.1403 0.9748 0.1734
vn -0.4184 0.8033 0.4239
vn -0.3502 0.7639 0.5421
vn -0.4546 0.6978 0.5536
vn -0.0184 0.9981 0.0584
vn 0.0843 0.9958 -0.0355
vn -0.4227 0.7358 0.5290
vn 0.0224 0.9978 -0.0630
vn 0.2918 0.9280 -0.2315
vn 0.2497 0.9352 -0.2512
vn 0.1507 0.9767 -0.1526
vn 0.2146 0.9672 -0.1360
vn 0.3105 0.9194 -0.2413
vn -0.4481 0.8212 0.3532
vn 0.6114 0.6160 -0.4967
vn -0.3909 0.8565 0.3370
vn -0.4298 0.8603 0.2740
vn 0.5121 -0.7031 -0.4932
vn 0.5473 -0.6853 -0.4804
vn 0.7224 0.1111 -0.6825
vn 0.5314 0.7145 -0.4551
vn 0.5926 0.4744 -0.6510
vn 0.2934 0.8896 -0.3501
vn 0.6308 0.4324 -0.6443
vn 0.7994 -0.2120 -0.5621
vn 0.6795 -0.4451 -0.5832
vn 0.5706 -0.6472 -0.5055
vn 0.2242 0.9380 -0.2645
vn 0.3290 0.8526 -0.4061
vn 0.4612 -0.7779 -0.4269
vn 0.6298 0.5913 -0.5037
vn 0.3557 0.8813 -0.3112
vn 0.1472 -0.9523 0.2674
vn 0.2576 -0.8221 0.5077
vn 0.1129 -0.9588 0.2605
vn 0.2998 -0.8107 0.5028
vn 0.2748 -0.8178 0.5057
vn 0.3107 -0.8072 0.5020
vn 0.2509 -0.8259 0.5050
vn 0.2664 -0.8226 0.5023
vn 0.2641 -0.8266 0.4970
vn 0.2633 -0.8918 0.3679
vn 0.2898 -0.8315 0.4739
vn 0.2590 -0.8263 0.5001
vn 0.2630 -0.8161 0.5145
vn 0.2472 -0.8243 0.5093
vn 0.1549 -0.9512 0.2671
vn 0.1397 -0.9469 0.2895
vn 0.2136 -0.8000 0.5607
vn 0.1123 -0.9502 0.2907
vn 0.1276 -0.9583 0.2555
vn 0.2266 -0.8283 0.5124
vn 0.2431 -0.8574 0.4537
vn 0.1273 -0.9584 0.2556
vn 0.1382 -0.9546 0.2637
vn 0.1150 -0.9633 0.2425
vn 0.1266 -0.9558 0.2652
vn 0.2507 -0.8559 0.4522
vn -0.0088 0.9775 0.2109
vn -0.0481 0.9986 -0.0229
vn -0.0385 0.9931 -0.1112
vn 0.0629 0.9973 0.0375
vn -0.0678 0.8470 -0.5273
vn -0.1337 -0.3806 -0.9150
vn -0.1964 0.4324 -0.8800
vn -0.1250 0.0192 -0.9920
vn 0.0557 0.9959 0.0711
vn -0.0260 0.9983 0.0514
vn -0.1655 0.5317 -0.8306
vn -0.1955 0.1054 -0.9750
vn -0.1138 -0.4873 -0.8658
vn -0.1897 -0.4917 -0.8498
vn -0.1837 -0.0048 -0.9830
vn 0.0876 0.9910 -0.1013
vn 0.0254 0.9933 0.1131
vn 0.0919 0.9947 -0.0457
vn -0.2095 0.1963 -0.9579
vn -0.1204 0.5535 -0.8241
vn -0.1411 -0.7076 -0.6924
vn 0.1219 0.9071 -0.4029
vn 0.0559 0.9030 -0.4260
vn -0.0768 0.9931 -0.0884
vn -0.0571 0.8064 -0.5885
vn -0.0578 0.9894 -0.1330
vn -0.1186 -0.8035 -0.5833
vn -0.1305 -0.7715 -0.6227
vn 0.0089 0.6870 -0.7266
vn 0.0118 0.9973 0.0730
vn -0.1168 -0.3108 -0.9433
vn -0.1670 -0.4762 -0.8633
vn -0.1522 -0.6521 -0.7427
vn -0.1091 0.5016 -0.8582
vn -0.1464 0.1949 -0.9698
vn -0.0178 0.9996 0.0196
vn -0.1099 0.8704 -0.4798
vn -0.1539 0.7266 -0.6696
vn -0.1326 -0.7936 -0.5938
vn 0.0596 0.9981 0.0158
vn -0.0446 0.3657 -0.9297
vn -0.0965 0.5856 -0.8048
vn -0.0967 0.7363 -0.6698
vn 0.0434 0.9957 0.0823
vn -0.0649 0.0034 -0.9979
vn -0.1185 0.0109 -0.9929
vn -0.0254 0.9991 -0.0327
vn 0.0274 0.9972 0.0701
vn 0.0604 0.9969 0.0499
vn -0.1206 0.7963 -0.5928
vn -0.1959 -0.5918 -0.7819
vn -0.0967 0.9758 -0.1961
vn -0.0181 0.9646 0.2632
vn 0.0807 0.9942 -0.0705
vn -0.2736 0.8036 -0.5285
vn -0.0139 0.9969 -0.0780
vn 0.0110 0.9984 0.0546
vn 0.1925 0.9636 0.1856
vn 0.2890 0.9144 0.2836
vn 0.4217 0.8376 0.3474
vn -0.1619 0.9551 -0.2483
vn -0.1684 0.9783 -0.1204
vn -0.0411 0.9988 -0.0276
vn -0.2328 0.9654 -0.1175
vn 0.3183 0.8799 0.3527
vn 0.8647 0.0260 0.5017
vn 0.7929 0.2218 0.5676
vn 0.5793 -0.7119 0.3969
vn 0.2843 0.9147 0.2870
vn 0.3871 0.8186 0.4244
vn 0.3041 0.9142 0.2679
vn 0.1189 0.9838 0.1341
vn 0.7467 0.2663 0.6095
vn 0.5742 -0.6909 0.4393
vn 0.4234 0.8383 0.3434
vn 0.4235 -0.8490 0.3161
vn 0.3806 -0.8575 0.3461
vn -0.2728 0.8767 -0.3962
vn -0.3334 0.8320 -0.4435
vn -0.2220 0.9241 -0.3111
vn -0.3288 0.9123 -0.2442
vn -0.2001 0.9609 -0.1911
vn -0.1870 0.9460 -0.2647
vn 0.2122 0.9483 0.2360
vn -0.3330 0.8084 -0.4855
vn 0.5110 -0.7929 0.3319
vn 0.7176 -0.1170 0.6866
vn 0.6305 0.0586 0.7740
vn -0.0719 0.9945 -0.0765
vn 0.1547 0.9827 0.1017
vn 0.5171 -0.6858 0.5121
vn 0.7493 0.1417 0.6468
vn 0.6517 0.3419 0.6771
vn -0.3298 0.8786 -0.3455
vn -0.4207 0.7843 -0.4559
vn -0.2948 0.8496 -0.4374
vn 0.0228 0.9997 -0.0110
vn 0.3829 -0.8864 0.2602
vn 0.4623 0.8130 0.3540
vn 0.4319 0.8402 0.3279
vn 0.2888 0.9321 0.2185
vn 0.3767 0.8794 0.2911
vn 0.0929 0.9890 0.1155
vn 0.4111 0.8469 0.3372
vn 0.6771 -0.4583 0.5758
vn 0.3782 0.8789 0.2906
vn 0.4300 0.7821 0.4510
vn 0.7221 0.2599 0.6411
vn 0.6034 -0.2548 0.7556
vn 0.4747 0.7906 0.3868
vn 0.4399 0.8011 0.4060
vn -0.0347 0.9994 -0.0096
vn 0.0664 0.9948 0.0768
vn -0.1143 0.9915 -0.0623
vn 0.0634 0.9950 0.0767
vn -0.3793 0.7647 -0.5209
vn -0.0437 0.9988 -0.0210
vn -0.2651 0.9642 -0.0032
vn -0.0815 0.9966 -0.0111
vn -0.3385 0.9406 0.0254
vn -0.2667 0.9627 0.0456
vn -0.1334 0.9911 0.0038
vn -0.3422 0.9384 0.0477
vn -0.1780 0.9840 0.0081
vn -0.4743 -0.8789 0.0513
vn -0.5476 -0.8351 0.0513
vn -0.5156 -0.8568 0.0049
vn -0.6138 -0.7894 0.0003
vn -0.3753 0.9267 0.0176
vn -0.4053 0.9135 0.0343
vn -0.4925 0.8698 0.0307
vn -0.4773 0.8744 0.0878
vn -0.8583 0.4882 0.1581
vn -0.9806 0.0497 0.1895
vn -0.9616 -0.2700 -0.0499
vn -0.6412 -0.7665 -0.0365
vn -0.9868 -0.1606 0.0224
vn -0.3536 0.9354 0.0019
vn -0.2000 0.9798 -0.0032
vn -0.7760 -0.6307 -0.0036
vn -0.9210 -0.3845 0.0618
vn -0.6564 -0.7513 0.0684
vn -0.9104 0.4055 0.0823
vn -0.5261 -0.8479 0.0653
vn -0.8611 0.5037 0.0692
vn -0.9920 0.1073 0.0665
vn -0.7344 -0.6742 0.0774
vn -0.7857 -0.6143 0.0733
vn -0.3474 0.9375 0.0216
vn -0.5929 -0.8020 0.0718
vn -0.3062 0.9520 0.0003
vn -0.4439 0.8935 0.0687
vn -0.4139 0.9019 0.1238
vn -0.7574 -0.6529 -0.0083
vn -0.7977 -0.5975 0.0816
vn -0.7911 0.6015 0.1111
vn -0.7248 0.6747 -0.1393
vn -0.5906 -0.8055 0.0485
vn -0.9531 -0.2670 0.1425
vn -0.6992 0.6889 0.1912
vn -0.9231 0.3804 -0.0566
vn -0.9294 -0.3672 0.0369
vn -0.5783 0.8157 0.0157
vn -0.4850 0.8619 0.1479
vn -0.9972 0.0504 0.0548
vn -0.9024 -0.3819 0.1995
vn -0.3641 0.9301 0.0483
vn -0.3251 0.9456 -0.0093
vn -0.3936 0.9193 0.0005
vn -0.6186 0.7857 0.0017
vn -0.7153 0.6970 0.0506
vn -0.3461 0.9382 0.0086
vn -0.9032 0.4291 -0.0085
vn -0.4263 0.8923 0.1487
vn -0.8783 0.3505 0.3252
vn -0.6453 0.7111 0.2791
vn -0.7573 0.5670 0.3240
vn -0.8994 -0.2709 0.3431
vn -0.5753 0.7817 0.2408
vn -0.3512 0.9284 0.1213
vn -0.4475 0.8771 0.1744
vn -0.3435 0.9263 0.1551
vn -0.4316 0.8849 0.1754
vn -0.4102 0.8964 0.1681
vn -0.3738 0.9128 0.1642
vn -0.8755 -0.4587 0.1522
vn -0.9384 -0.2443 0.2442
vn -0.6459 -0.7514 0.1346
vn 0.1888 0.9813 -0.0389
vn 0.1260 0.9894 -0.0725
vn 0.0134 0.9999 0.0023
vn -0.7957 0.5572 0.2375
vn -0.5040 -0.8609 0.0691
vn -0.5656 -0.8145 0.1287
vn -0.5598 -0.8211 0.1115
vn -0.7565 0.6247 0.1936
vn -0.6477 -0.7503 0.1324
vn -0.5815 -0.8086 0.0898
vn -0.5232 -0.8487 0.0774
vn -0.8273 -0.4533 0.3319
vn -0.1456 0.9876 0.0579
vn -0.0675 0.9974 0.0247
vn -0.4345 0.8846 0.1694
vn -0.9058 0.2773 0.3205
vn -0.6056 -0.7780 0.1672
vn -0.7504 -0.6172 0.2367
vn -0.6746 -0.7081 0.2084
vn -0.8368 -0.4785 0.2659
vn -0.5985 -0.7749 0.2033
vn 0.3452 0.9258 -0.1542
vn 0.3022 0.9472 -0.1075
vn 0.4574 0.8712 -0.1782
vn -0.6987 -0.6538 0.2905
vn -0.9743 -0.1772 0.1391
vn -0.8212 -0.5555 0.1307
vn -0.8862 0.3823 0.2618
vn -0.2303 0.9682 0.0977
vn -0.1857 0.9798 0.0739
vn -0.1899 0.9783 0.0832
vn 0.0257 0.9997 0.0032
vn -0.4074 0.8885 0.2112
vn -0.8973 -0.4251 0.1187
vn -0.5546 0.8210 0.1354
vn -0.4022 0.9083 0.1149
vn -0.9135 0.3735 0.1611
vn -0.6182 0.7473 0.2436
vn 0.1253 0.9902 -0.0617
vn -0.0742 0.9971 0.0143
vn -0.2854 0.9546 0.0856
vn -0.8135 -0.5095 0.2803
vn -0.5489 -0.8142 0.1893
vn 0.1304 0.9901 -0.0512
vn 0.3036 0.9467 -0.1073
vn -0.8982 0.2928 0.3280
vn -0.1032 -0.9347 -0.3401
vn -0.0731 -0.9399 -0.3335
vn -0.0577 -0.9343 -0.3517
vn -0.0384 -0.9392 -0.3412
vn -0.0480 -0.9286 -0.3681
vn 0.0016 -0.9250 -0.3800
vn 0.0036 -0.9219 -0.3873
vn 0.0061 -0.9069 -0.4213
vn 0.0267 -0.9285 -0.3704
vn 0.0590 -0.9219 -0.3829
vn 0.0529 -0.9290 -0.3662
vn 0.1221 -0.9321 -0.3410
vn 0.1870 -0.9257 -0.3289
vn 0.1938 -0.9414 -0.2762
vn 0.2303 -0.9382 -0.2584
vn 0.2531 -0.9441 -0.2114
vn 0.2762 -0.9383 -0.2083
vn 0.2857 -0.9418 -0.1770
vn 0.3028 -0.9423 -0.1427
vn 0.3072 -0.9421 -0.1345
vn 0.3477 -0.9314 -0.1075
vn 0.3536 -0.9314 -0.0866
vn 0.3752 -0.9228 -0.0878
vn 0.3359 -0.9379 -0.0868
vn 0.3330 -0.9391 -0.0846
vn 0.3402 -0.9386 -0.0572
vn 0.3303 -0.9432 -0.0358
vn 0.3662 -0.9305 0.0016
vn 0.3480 -0.9371 0.0272
vn 0.3630 -0.9307 0.0441
vn 0.3623 -0.9308 0.0480
vn 0.3912 -0.9172 0.0750
vn 0.3848 -0.9183 0.0927
vn 0.3885 -0.9100 0.1450
vn 0.3625 -0.9066 0.2161
vn 0.3622 -0.9093 0.2049
vn 0.3577 -0.9117 0.2020
vn 0.3190 -0.9170 0.2395
vn 0.2971 -0.9207 0.2530
vn 0.2964 -0.9202 0.2555
vn 0.1995 -0.9386 0.2814
vn 0.1822 -0.9385 0.2933
vn 0.1512 -0.9494 0.2753
vn 0.1156 -0.9760 0.1848
vn 0.1079 -0.9785 0.1757
vn 0.1204 -0.9777 0.1719
vn 0.1332 -0.9766 0.1689
vn 0.1328 -0.9769 0.1672
vn 0.1520 -0.9719 0.1800
vn 0.1869 -0.9457 0.2659
vn -0.2051 -0.9536 0.2205
vn -0.1616 -0.9807 0.1103
vn -0.1678 -0.9616 0.2171
vn -0.1688 -0.9598 0.2241
vn -0.1785 -0.9485 0.2618
vn -0.2089 -0.9443 0.2541
vn -0.2121 -0.9479 0.2378
vn -0.2122 -0.9428 0.2571
vn -0.2492 -0.9361 0.2481
vn -0.2524 -0.9423 0.2200
vn -0.2439 -0.9417 0.2316
vn -0.2608 -0.9350 0.2403
vn -0.2914 -0.9162 0.2751
vn -0.2605 -0.9292 0.2622
vn -0.2814 -0.9267 0.2489
vn -0.2869 -0.9414 0.1772
vn -0.3043 -0.9392 0.1591
vn -0.2866 -0.9490 0.1314
vn -0.3343 -0.9354 0.1150
vn -0.3176 -0.9453 0.0746
vn -0.2875 -0.9555 0.0660
vn -0.2753 -0.9567 0.0941
vn -0.2913 -0.9511 0.1024
vn -0.3215 -0.9440 0.0739
vn -0.2945 -0.9545 0.0475
vn -0.3841 -0.9223 0.0429
vn -0.3282 -0.9445 0.0149
vn -0.3451 -0.9386 -0.0043
vn -0.3516 -0.9359 -0.0222
vn -0.3248 -0.9443 -0.0536
vn -0.3953 -0.9173 -0.0472
vn -0.3860 -0.9171 -0.1002
vn -0.3873 -0.9128 -0.1299
vn -0.3679 -0.9176 -0.1502
vn -0.3864 -0.9043 -0.1813
vn -0.3394 -0.9276 -0.1563
vn -0.3229 -0.9341 -0.1522
vn -0.3559 -0.9235 -0.1428
vn -0.4273 -0.8983 -0.1025
vn -0.3965 -0.9170 -0.0448
vn -0.4007 -0.9144 -0.0571
vn -0.3691 -0.9288 -0.0325
vn -0.5004 -0.8658 0.0023
vn -0.4437 -0.8952 0.0431
vn -0.4408 -0.8975 0.0155
vn -0.4066 -0.9099 -0.0827
vn -0.3789 -0.9215 -0.0845
vn -0.3786 -0.9123 -0.1562
vn -0.3231 -0.9192 -0.2252
vn -0.2951 -0.9274 -0.2300
vn -0.2982 -0.9264 -0.2298
vn -0.3447 -0.9079 -0.2387
vn -0.3370 -0.9069 -0.2529
vn -0.3338 -0.9007 -0.2779
vn -0.2797 -0.9075 -0.3132
vn -0.2590 -0.9093 -0.3256
vn -0.2110 -0.9199 -0.3305
vn -0.2016 -0.9140 -0.3521
vn -0.1778 -0.9223 -0.3431
vn -0.1749 -0.9243 -0.3393
vn -0.1471 -0.9265 -0.3464
vn -0.1232 -0.9363 -0.3288
vn 0.5584 0.8294 0.0174
vn 0.9483 0.0296 -0.3161
vn 0.4244 0.8973 -0.1216
vn 0.4002 -0.8598 -0.3171
vn 0.4241 -0.8273 -0.3684
vn 0.4278 -0.8475 -0.3141
vn 0.8698 0.0485 -0.4909
vn 0.6775 0.6321 -0.3760
vn 0.4038 0.8928 -0.1998
vn 0.1214 0.9916 -0.0455
vn 0.8088 -0.2225 -0.5444
vn 0.7623 0.2666 -0.5897
vn 0.6788 -0.5057 -0.5324
vn 0.2911 0.9534 -0.0793
vn 0.2623 0.9627 -0.0670
vn 0.7720 -0.0397 -0.6344
vn 0.5490 -0.8277 -0.1164
vn 0.5175 -0.8483 -0.1119
vn 0.5061 -0.8498 -0.1474
vn 0.6633 -0.5890 -0.4617
vn 0.5998 -0.7025 -0.3831
vn 0.7419 -0.5502 -0.3833
vn 0.6682 -0.6960 -0.2629
vn 0.4297 -0.8647 -0.2601
vn 0.4273 -0.8589 -0.2823
vn 0.4357 -0.8618 -0.2597
vn 0.5395 -0.7032 -0.4631
vn 0.4540 -0.8688 -0.1978
vn 0.5194 -0.8418 -0.1470
vn 0.4869 -0.8487 -0.2066
vn 0.4758 -0.8735 -0.1034
vn 0.5114 -0.8348 -0.2039
vn 0.5513 -0.8294 -0.0904
vn 0.6232 -0.7391 -0.2558
vn 0.4838 -0.8353 -0.2612
vn 0.7360 -0.6324 -0.2416
vn 0.5205 -0.8363 -0.1725
vn 0.5000 -0.8453 -0.1881
vn 0.4620 -0.8581 -0.2239
vn 0.6535 -0.7264 -0.2130
vn 0.6943 0.5060 -0.5118
vn 0.5742 -0.7633 -0.2960
vn 0.3871 0.8833 -0.2644
vn 0.8014 0.3999 -0.4448
vn 0.7804 -0.6093 -0.1405
vn 0.5394 -0.8327 -0.1254
vn 0.2373 0.9666 -0.0970
vn 0.4622 -0.8446 -0.2702
vn 0.7451 -0.6360 -0.2009
vn 0.4749 -0.7943 -0.3789
vn -0.1408 0.9888 0.0493
vn -0.0873 0.9952 0.0433
vn 0.0091 0.9999 0.0090
vn -0.0210 0.9993 0.0297
vn 0.0046 0.9999 0.0120
vn 0.0514 0.9956 0.0782
vn 0.0227 0.9978 0.0626
vn 0.0310 0.9970 0.0704
vn 0.0057 0.9999 0.0150
vn 0.0005 1.0000 0.0044
vn 0.0003 1.0000 0.0033
vn -0.0051 0.9999 0.0142
vn 0.0122 0.9999 0.0082
vn 0.0281 0.9992 0.0278
vn 0.0290 0.9996 -0.0024
vn -0.0110 0.9800 -0.1987
vn -0.0163 0.9869 -0.1606
vn 0.0300 0.9638 -0.2650
vn -0.0248 0.9990 0.0382
vn 0.0457 0.9989 -0.0120
vn 0.0014 0.9996 -0.0279
vn 0.0251 0.9996 0.0134
vn 0.0033 0.9999 -0.0129
vn 0.0329 0.9993 -0.0154
vn -0.0152 0.9999 -0.0054
vn -0.0142 0.9999 -0.0090
vn -0.0179 0.9969 -0.0770
vn 0.0546 0.9952 -0.0811
vn 0.1007 0.9759 -0.1938
vn 0.0255 0.9996 0.0109
vn 0.0195 0.9988 0.0442
vn 0.0309 0.9991 -0.0299
vn -0.0098 0.9901 -0.1399
vn 0.0199 0.9868 -0.1607
vn 0.0884 0.9928 -0.0810
vn -0.0600 0.9982 0.0025
vn 0.0024 1.0000 -0.0033
vn 0.0643 0.9971 -0.0394
vn 0.0051 0.9985 0.0539
vn 0.0261 0.9986 0.0459
vn -0.0971 0.9937 0.0552
vn 0.0040 0.9997 0.0244
vn -0.0161 0.9997 0.0161
vn 0.0227 0.9996 0.0150
vn -0.0137 0.9982 0.0576
vn 0.0519 0.9983 0.0249
vn 0.0075 1.0000 0.0028
vn 0.1991 0.9615 -0.1893
vn 0.0567 0.9984 0.0075
vn 0.0115 0.9999 -0.0057
vn 0.0731 0.9971 0.0227
vn 0.0604 0.9958 0.0681
vn -0.0476 0.9989 -0.0011
vn -0.0641 0.9963 0.0579
vn 0.0495 0.9985 -0.0254
vn 0.0336 0.9985 -0.0421
vn -0.0515 0.9958 -0.0756
vn 0.0147 0.9990 -0.0413
vn 0.1183 0.9848 -0.1270
vn 0.0204 0.9998 -0.0012
vn 0.0493 0.9987 -0.0151
vn -0.0487 0.9987 -0.0136
vn -0.0059 1.0000 -0.0002
vn 0.2340 0.9387 -0.2530
vn -0.0389 0.9990 -0.0239
vn -0.0084 0.9996 -0.0277
vn 0.1581 0.9235 -0.3495
vn 0.3256 0.8656 -0.3804
vn 0.2775 0.8179 -0.5040
vn 0.0203 0.9998 -0.0082
vn 0.0178 0.9997 0.0140
vn 0.0088 1.0000 -0.0047
vn 0.0560 0.9954 -0.0773
vn -0.1151 0.7182 -0.6863
vn -0.0391 0.7579 -0.6512
vn -0.0556 0.7355 -0.6753
vn 0.0896 0.9648 -0.2471
vn 0.2441 0.7866 -0.5672
vn 0.1119 0.8364 -0.5365
vn 0.1450 0.7549 -0.6396
vn 0.0628 0.9241 -0.3770
vn 0.1614 0.8511 -0.4997
vn 0.1865 0.7605 -0.6220
vn 0.2077 0.8400 -0.5012
vn 0.1434 0.7942 -0.5906
vn 0.0995 0.7275 -0.6789
vn 0.0904 0.8487 -0.5211
vn 0.1610 0.7868 -0.5958
vn 0.1254 0.9399 -0.3175
vn 0.0491 0.7443 -0.6661
vn 0.1910 0.8678 -0.4586
vn -0.0735 0.7129 -0.6974
vn 0.0703 0.8096 -0.5827
vn 0.1889 0.7900 -0.5833
vn 0.0098 0.6908 -0.7230
vn -0.0614 0.7173 -0.6941
vn 0.0744 0.7576 -0.6485
vn 0.0781 0.7377 -0.6707
vn -0.0048 0.9873 -0.1590
vn 0.0559 0.9905 -0.1257
vn 0.1324 0.8624 -0.4886
vn 0.0453 0.9274 -0.3712
vn 0.0327 0.9458 -0.3231
vn 0.0693 0.8180 -0.5710
vn 0.0918 0.7505 -0.6545
vn 0.1894 0.7921 -0.5803
vn 0.1217 0.9839 -0.1310
vn -0.0435 0.6829 -0.7293
vn -0.0435 0.6987 -0.7141
vn -0.0953 0.7579 -0.6453
vn -0.0051 0.9982 -0.0594
vn 0.1566 0.7058 -0.6909
vn -0.0120 0.8419 -0.5394
vn 0.1012 0.7239 -0.6825
vn 0.2268 0.9167 -0.3290
vn 0.1058 0.9514 -0.2891
vn -0.0072 0.9692 -0.2462
vn 0.0052 0.9492 -0.3147
vn 0.0187 0.8807 -0.4733
vn 0.1952 0.7935 -0.5764
vn 0.2310 0.7657 -0.6003
vn 0.2399 0.7187 -0.6526
vn 0.2083 0.7336 -0.6469
vn 0.2313 0.7434 -0.6276
vn 0.2315 0.9171 -0.3244
vn 0.1967 0.9472 -0.2530
vn 0.1191 0.7804 -0.6139
vn 0.0314 0.9700 -0.2412
vn 0.1047 0.8227 -0.5588
vn 0.0440 0.7632 -0.6447
vn -0.0036 0.9869 -0.1611
vn 0.1390 0.7780 -0.6128
vn 0.2030 0.7047 -0.6799
vn 0.1147 0.9005 -0.4194
vn 0.0885 0.8094 -0.5805
vn 0.2934 0.7224 -0.6262
vn 0.3229 0.7442 -0.5848
vn -0.0004 0.8200 -0.5724
vn 0.3054 0.7565 -0.5782
vn 0.2182 0.7338 -0.6434
vn 0.1556 0.7251 -0.6708
vn -0.0333 0.6882 -0.7247
vn -0.0971 0.6993 -0.7082
vn 0.2259 0.8017 -0.5534
vn 0.0086 0.6815 -0.7317
vn 0.2095 0.9081 -0.3627
vn 0.1313 0.8777 -0.4609
vn 0.0786 0.9219 -0.3793
vn 0.0761 0.8701 -0.4870
vn 0.2351 0.8534 -0.4652
vn 0.0975 0.8879 -0.4496
vn -0.2264 0.8682 -0.4416
vn -0.1511 0.9388 -0.3095
vn -0.1194 0.9428 -0.3113
vn -0.2783 0.8180 -0.5035
vn -0.1825 0.9320 -0.3131
vn -0.1294 0.9916 -0.0035
vn -0.2274 0.9738 -0.0002
vn -0.1982 0.9765 -0.0846
vn -0.1525 0.9574 -0.2453
vn -0.2471 0.8672 -0.4324
vn -0.0426 0.9954 -0.0864
vn -0.1732 0.9393 -0.2964
vn 0.0711 0.9964 0.0456
vn 0.0437 0.9913 -0.1241
vn -0.3315 0.7391 -0.5864
vn 0.1776 0.6914 0.7003
vn 0.1037 0.8848 0.4543
vn -0.2535 0.7831 -0.5680
vn -0.3462 0.7075 -0.6161
vn -0.3299 0.7464 -0.5779
vn -0.0884 0.9802 -0.1770
vn -0.2612 0.7015 -0.6631
vn -0.2537 0.7284 -0.6365
vn -0.3093 0.7338 -0.6048
vn -0.2903 0.7695 -0.5689
vn -0.2732 0.7660 -0.5819
vn -0.2465 0.7464 -0.6182
vn -0.3394 0.6696 -0.6606
vn -0.1482 0.9119 -0.3828
vn -0.1858 0.7968 -0.5750
vn -0.1449 0.8415 -0.5204
vn -0.0690 0.9566 -0.2832
vn -0.3064 0.9176 -0.2532
vn -0.1200 0.9536 -0.2760
vn -0.4130 0.7277 -0.5477
vn -0.3411 0.7513 -0.5650
vn -0.3725 0.7089 -0.5990
vn -0.1042 0.9943 0.0213
vn -0.4047 0.7891 -0.4622
vn -0.4243 0.8367 -0.3462
vn -0.5007 0.7601 -0.4143
vn -0.3280 0.8428 -0.4267
vn -0.4445 0.7716 -0.4550
vn -0.4257 0.7808 -0.4573
vn -0.3317 0.9331 -0.1391
vn -0.3275 0.9402 -0.0931
vn -0.1965 0.9792 -0.0512
vn -0.1941 0.7595 -0.6209
vn -0.0834 0.9665 -0.2426
vn 0.1009 0.9718 0.2131
vn 0.1055 0.9628 0.2488
vn 0.0521 0.9986 0.0016
vn -0.5110 0.8016 -0.3104
vn -0.4451 0.8475 -0.2893
vn -0.2078 0.8523 -0.4801
vn -0.5022 0.7355 -0.4549
vn -0.4904 0.7257 -0.4825
vn -0.2438 0.8723 -0.4239
vn -0.3630 0.8210 -0.4406
vn -0.2976 0.8003 -0.5206
vn -0.0439 0.9912 -0.1252
vn 0.1577 0.8169 0.5548
vn -0.4310 0.7864 -0.4425
vn -0.2013 0.7339 -0.6487
vn -0.3468 0.6774 -0.6488
vn -0.3858 0.6700 -0.6342
vn -0.4158 0.7188 -0.5571
vn -0.0317 0.9955 -0.0895
vn 0.2068 0.7366 0.6439
vn 0.1999 0.7356 0.6473
vn -0.0221 0.9917 -0.1265
vn -0.4308 0.8763 -0.2157
vn 0.1497 0.9104 0.3858
vn 0.0198 0.9983 0.0547
vn -0.3889 0.6884 -0.6123
vn -0.4124 0.7618 -0.4995
vn -0.2097 0.8898 -0.4053
vn -0.5095 0.7513 -0.4194
vn -0.4035 0.7235 -0.5601
vn -0.4305 0.7197 -0.5446
vn -0.2244 0.9411 -0.2530
vn 0.2711 0.9464 -0.1753
vn 0.1104 0.9921 -0.0590
vn 0.1706 0.9786 -0.1150
vn 0.1899 0.9695 -0.1547
vn -0.7196 -0.4230 0.5506
vn -0.6785 0.5149 0.5239
vn -0.7738 0.1268 0.6206
vn -0.5724 0.7032 0.4217
vn -0.7795 0.3193 0.5390
vn -0.3006 0.8823 0.3621
vn -0.3037 0.9086 0.2867
vn -0.4058 0.7926 0.4552
vn -0.3766 -0.9033 0.2055
vn -0.7784 -0.0774 0.6230
vn 0.0643 0.9956 0.0676
vn 0.1946 0.9794 -0.0533
vn 0.0286 0.9996 0.0019
vn -0.1330 0.9893 0.0604
vn -0.3642 0.9212 0.1368
vn -0.4985 0.7605 0.4160
vn -0.4400 0.8384 0.3217
vn -0.3644 0.8868 0.2844
vn -0.4661 0.7983 0.3815
vn -0.6548 0.4017 0.6402
vn 0.5031 0.8453 -0.1799
vn 0.6174 0.7528 -0.2284
vn 0.5626 0.7916 -0.2385
vn 0.3837 0.9144 -0.1289
vn 0.3289 0.9394 -0.0968
vn 0.4827 0.8551 -0.1890
vn -0.4410 -0.7947 0.4171
vn -0.5623 -0.6361 0.5284
vn -0.5643 -0.6393 0.5224
vn -0.1129 0.9853 0.1278
vn 0.0084 0.9995 0.0292
vn -0.1640 0.9781 0.1283
vn -0.5036 -0.7500 0.4288
vn -0.0362 0.9993 0.0101
vn -0.5965 -0.6962 0.3995
vn -0.6842 -0.5107 0.5206
vn -0.4821 -0.8230 0.3004
vn -0.3913 -0.8680 0.3058
vn -0.8734 -0.0124 0.4869
vn -0.6309 0.6675 0.3956
vn -0.6886 0.6031 0.4026
vn -0.6071 -0.7113 0.3542
vn -0.3944 -0.8926 0.2185
vn -0.3364 -0.9124 0.2333
vn -0.5016 -0.8184 0.2805
vn -0.8532 -0.2599 0.4522
vn -0.7091 0.5182 0.4782
vn -0.8032 -0.3774 0.4609
vn -0.8676 0.1587 0.4713
vn -0.6006 -0.7525 0.2703
vn 0.1050 0.9929 -0.0552
vn 0.2052 0.9634 -0.1722
vn -0.8385 0.2565 0.4807
vn -0.6939 0.5621 0.4501
vn -0.8323 -0.3432 0.4353
vn -0.8757 0.2504 0.4129
vn -0.8047 -0.4757 0.3553
vn -0.4896 -0.8418 0.2275
vn -0.7119 -0.1620 0.6834
vn -0.8069 -0.4825 0.3409
vn -0.6496 -0.7046 0.2858
vn -0.3754 0.8893 0.2612
vn -0.2816 0.9409 0.1882
vn -0.4628 0.8232 0.3288
vn 0.5173 0.7716 -0.3701
vn 0.5594 0.7235 -0.4045
vn 0.4018 0.8742 -0.2725
vn 0.4322 0.8480 -0.3068
vn 0.5510 0.7345 -0.3962
vn 0.2977 0.9286 -0.2213
vn 0.4684 0.8341 -0.2913
vn -0.9028 -0.1111 0.4154
vn 0.5768 0.7302 -0.3661
vn 0.5888 0.7564 -0.2850
vn 0.6409 0.7124 -0.2859
vn 0.6572 0.7032 -0.2714
vn 0.3030 0.9275 -0.2188
vn -0.3562 0.8902 0.2839
vn -0.4211 0.8565 0.2984
vn -0.1459 0.9699 0.1950
vn -0.4861 0.8394 0.2432
vn -0.4642 0.8397 0.2819
vn -0.3318 0.9241 0.1897
vn -0.4639 0.8343 0.2978
vn -0.6267 0.7173 0.3044
vn -0.4742 0.8273 0.3013
vn -0.6504 0.6721 0.3539
vn -0.1122 0.9837 0.1407
vn -0.4963 0.8178 0.2912
vn -0.3890 0.9004 0.1947
vn -0.4104 0.8868 0.2125
vn 0.0525 0.9928 0.1074
vn -0.4577 0.8455 0.2751
vn -0.4533 0.8342 0.3140
vn -0.4557 0.8531 0.2541
vn -0.4833 0.8487 0.2148
vn -0.1137 0.9761 0.1850
vn 0.1318 0.9913 -0.0060
vn -0.0275 0.9975 0.0657
vn 0.3957 0.8495 -0.3489
vn 0.1945 0.9724 -0.1289
vn 0.1117 0.9897 -0.0891
vn 0.2417 0.9703 -0.0065
vn -0.2101 0.9672 0.1430
vn -0.7131 -0.0799 0.6965
vn -0.6332 0.5865 0.5051
vn -0.7184 -0.2185 0.6605
vn -0.3869 0.8605 0.3316
vn 0.0557 0.9984 -0.0066
vn -0.4541 0.4462 0.7711
vn -0.4033 0.5557 0.7270
vn -0.3317 0.7502 0.5721
vn 0.0961 0.8999 -0.4253
vn 0.0416 0.9357 -0.3504
vn 0.1078 0.9515 -0.2881
vn -0.3690 -0.6141 0.6977
vn -0.4955 0.0578 0.8667
vn -0.5211 -0.2813 0.8058
vn -0.4143 0.5816 0.7001
vn -0.2565 0.8530 0.4545
vn 0.3702 0.7230 -0.5833
vn 0.3563 0.7048 -0.6134
vn 0.4294 0.7210 -0.5439
vn 0.3273 0.7664 -0.5528
vn 0.3083 0.7697 -0.5591
vn 0.3165 0.7343 -0.6005
vn -0.4512 -0.1024 0.8866
vn 0.3994 0.7822 -0.4781
vn -0.2843 0.8170 0.5016
vn -0.1702 0.7447 0.6453
vn -0.1614 0.7802 0.6043
vn -0.1216 0.8713 0.4755
vn -0.4396 0.4564 0.7736
vn -0.2895 0.5715 0.7679
vn -0.3319 0.5247 0.7839
vn -0.2461 0.7768 0.5797
vn -0.2884 0.6019 0.7446
vn -0.4224 0.3644 0.8299
vn -0.3520 0.3107 0.8829
vn 0.0232 0.9724 -0.2320
vn 0.0889 0.9404 -0.3283
vn 0.0710 0.9738 -0.2160
vn 0.2758 0.8405 -0.4663
vn 0.3298 0.8426 -0.4257
vn 0.2532 0.9037 -0.3454
vn -0.3674 -0.2563 0.8941
vn -0.3642 0.1456 0.9199
vn -0.3500 0.6689 0.6558
vn -0.0556 0.9875 0.1475
vn -0.1433 0.9533 0.2658
vn -0.1063 0.9736 0.2018
vn -0.2264 0.8040 0.5498
vn -0.1066 0.9381 0.3296
vn -0.2059 0.7609 0.6153
vn -0.1636 0.8209 0.5472
vn -0.3418 0.3228 0.8826
vn -0.3609 0.0128 0.9325
vn -0.3179 0.3180 0.8932
vn -0.2747 0.5343 0.7994
vn 0.0120 0.9999 0.0102
vn -0.1469 0.9387 0.3120
vn -0.2622 0.5813 0.7703
vn 0.0585 0.9982 0.0109
vn 0.1320 0.9802 -0.1477
vn -0.1867 -0.8693 0.4577
vn -0.0916 0.9370 0.3372
vn 0.2745 0.7748 -0.5696
vn -0.2336 0.6418 0.7304
vn -0.0331 0.9941 0.1029
vn -0.1657 0.9409 0.2955
vn -0.3353 0.1895 0.9228
vn -0.3172 -0.2830 0.9052
vn 0.2606 0.7648 -0.5893
vn 0.1916 0.8764 -0.4418
vn 0.1050 0.9725 -0.2078
vn 0.3497 0.7801 -0.5188
vn 0.0659 0.9952 -0.0725
vn -0.2195 0.4458 0.8678
vn -0.2766 0.0689 0.9585
vn 0.2843 0.7079 -0.6465
vn 0.0165 0.9940 -0.1080
vn -0.2427 -0.3206 0.9156
vn -0.2736 0.4090 0.8706
vn 0.2546 0.7168 -0.6492
vn -0.4931 -0.0207 0.8697
vn -0.0208 0.9973 0.0699
vn 0.0347 0.9976 -0.0604
vn 0.3595 0.7423 -0.5655
vn -0.0191 0.9954 0.0942
vn 0.2309 0.7597 -0.6079
vn 0.2372 0.7116 -0.6613
vn 0.1578 0.7874 -0.5958
vn 0.1138 0.8520 -0.5110
vn 0.1218 0.8422 -0.5252
vn 0.2104 0.7797 -0.5898
vn 0.0273 0.9893 -0.1431
vn -0.2191 -0.7071 0.6723
vn -0.2030 -0.7983 0.5670
vn -0.2258 -0.7512 0.6202
vn -0.2932 -0.5829 0.7578
vn -0.2396 -0.7540 0.6116
vn -0.3012 -0.6770 0.6715
vn -0.2266 -0.8061 0.5466
vn 0.1635 0.7505 -0.6403
vn -0.3016 -0.7749 0.5555
vn -0.2880 -0.8451 0.4505
vn -0.3661 -0.7574 0.5407
vn -0.4879 -0.5344 0.6902
vn -0.3914 -0.6757 0.6246
vn 0.0379 0.9855 -0.1655
vn -0.0253 0.9972 -0.0707
vn 0.2448 0.8442 -0.4768
vn -0.2056 0.6760 0.7076
vn -0.2139 0.7998 0.5609
vn 0.1641 0.9457 -0.2806
vn 0.1508 0.7753 -0.6133
vn -0.0880 0.9907 0.1042
vn -0.0439 0.9978 0.0489
vn -0.1538 0.9420 0.2984
vn -0.1799 0.8298 0.5282
vn -0.1837 0.7355 0.6521
vn -0.5639 -0.0902 0.8209
vn -0.3047 -0.4758 0.8251
vn -0.3696 -0.4394 0.8188
vn -0.3048 -0.4933 0.8147
vn -0.0791 0.9428 0.3237
vn -0.0375 0.9872 0.1553
vn -0.4837 -0.4971 0.7203
vn -0.4328 -0.6670 0.6064
vn -0.0069 0.9999 -0.0092
vn -0.1844 0.9245 0.3336
vn -0.1552 0.9358 0.3164
vn -0.0814 0.9925 0.0915
vn 0.0178 0.9996 0.0222
vn -0.1574 0.9840 -0.0835
vn -0.1216 0.9881 -0.0945
vn -0.3577 0.9141 -0.1909
vn -0.2794 0.9486 -0.1489
vn -0.2378 0.9539 -0.1830
vn 0.2662 -0.9461 0.1846
vn 0.3850 -0.8967 0.2184
vn 0.3153 -0.9257 0.2090
vn 0.6165 -0.7138 0.3324
vn 0.6004 -0.7157 0.3568
vn 0.4859 -0.8277 0.2807
vn 0.5375 -0.7749 0.3326
vn 0.4242 -0.8648 0.2688
vn 0.4287 -0.8732 0.2319
vn 0.5047 -0.8268 0.2485
vn 0.2129 -0.9622 0.1696
vn 0.2511 -0.9502 0.1845
vn 0.1829 -0.9720 0.1477
vn -0.1193 0.9910 -0.0614
vn 0.5926 -0.7581 0.2724
vn 0.6331 -0.7409 0.2239
vn 0.6283 -0.7283 0.2737
vn 0.7673 -0.5628 0.3076
vn 0.3681 -0.9237 0.1066
vn 0.2339 -0.9610 0.1476
vn -0.0849 0.9964 -0.0039
vn 0.0105 0.9991 0.0401
vn 0.7371 -0.6551 0.1663
vn 0.8458 0.4905 0.2099
vn 0.5322 0.8362 0.1323
vn 0.7100 0.6662 0.2282
vn 0.4254 0.8956 0.1301
vn 0.9319 -0.0757 0.3547
vn 0.9616 -0.1801 0.2070
vn 0.7564 -0.6196 0.2097
vn 0.9104 -0.3564 0.2103
vn 0.6544 -0.7080 0.2655
vn 0.9454 0.0472 0.3226
vn 0.6614 -0.7324 0.1618
vn 0.6615 0.7199 0.2104
vn 0.6283 0.7694 0.1151
vn 0.8622 0.4569 0.2188
vn 0.1561 0.9827 0.0999
vn 0.2019 0.9656 0.1636
vn 0.2089 0.9670 0.1461
vn 0.1696 0.9783 0.1189
vn 0.9782 -0.0113 0.2072
vn 0.7189 0.6797 0.1457
vn 0.0699 0.9948 0.0740
vn 0.1337 0.9831 0.1252
vn 0.4750 0.8782 0.0561
vn 0.3597 0.9274 0.1029
vn 0.6285 -0.6667 0.4007
vn 0.7266 -0.5292 0.4382
vn 0.5147 0.8163 0.2621
vn 0.3438 0.9171 0.2019
vn 0.5682 0.7746 0.2778
vn 0.4062 0.9089 0.0942
vn 0.2575 0.9646 0.0577
vn 0.7148 0.6276 0.3085
vn 0.7168 0.6179 0.3230
vn 0.8780 -0.2200 0.4250
vn 0.2858 0.9580 0.0249
vn 0.4647 0.8744 0.1396
vn 0.5241 0.8342 0.1715
vn 0.7123 0.6616 0.2344
vn 0.8529 -0.3429 0.3936
vn 0.8970 0.1482 0.4163
vn 0.3413 0.9308 0.1306
vn 0.2538 0.9607 0.1123
vn 0.1391 0.9872 0.0778
vn 0.2408 0.9697 0.0404
vn 0.2813 0.9566 0.0768
vn 0.3617 0.9316 0.0365
vn 0.8054 0.5124 0.2979
vn 0.9608 -0.0770 0.2662
vn 0.9439 -0.0099 0.3302
vn 0.4377 0.8497 0.2940
vn 0.3825 0.8900 0.2481
vn 0.8329 0.3882 0.3943
vn 0.7959 0.2756 0.5390
vn 0.8581 -0.1291 0.4969
vn 0.3341 0.9171 0.2173
vn 0.5004 0.8142 0.2943
vn 0.7985 -0.3102 0.5160
vn 0.8467 -0.0170 0.5317
vn 0.7068 0.5472 0.4483
vn 0.5869 0.6980 0.4103
vn 0.5803 0.7322 0.3565
vn 0.5046 0.7824 0.3649
vn 0.3761 0.8867 0.2690
vn 0.6359 0.6435 0.4260
vn 0.7786 -0.4417 0.4457
vn 0.7962 0.3689 0.4796
vn 0.6775 0.6037 0.4202
vn 0.8657 0.3883 0.3159
vn 0.7995 -0.4012 0.4470
vn 0.6281 0.6664 0.4019
vn 0.6933 -0.6434 0.3245
vn 0.5904 -0.7512 0.2950
vn 0.5587 0.7604 0.3312
vn 0.8913 0.1101 0.4399
vn 0.6328 0.6627 0.4005
vn 0.8521 0.1007 0.5136
vn 0.9019 -0.0459 0.4295
vn 0.2693 0.9538 0.1335
vn 0.2316 0.9698 0.0768
vn -0.3014 -0.9124 0.2767
vn -0.3553 -0.8756 0.3272
vn -0.1595 -0.9688 0.1898
vn -0.2057 -0.9530 0.2224
vn -0.1963 -0.9642 0.1782
vn -0.3026 -0.9372 0.1734
vn -0.2756 -0.9415 0.1938
vn -0.3115 -0.9231 0.2254
vn -0.2605 -0.9258 0.2739
vn -0.3556 -0.9103 0.2120
vn -0.2812 -0.8936 0.3498
vn -0.2476 -0.9084 0.3368
vn -0.3162 -0.8888 0.3317
vn -0.2848 -0.9012 0.3266
vn -0.3083 -0.8964 0.3186
vn -0.2612 -0.9197 0.2931
vn -0.3292 -0.9036 0.2741
vn -0.2339 -0.9004 0.3669
vn -0.3284 -0.9280 0.1762
vn -0.4336 -0.8452 0.3126
vn -0.4244 -0.8071 0.4104
vn -0.2327 -0.9230 0.3064
vn -0.5923 -0.0064 0.8057
vn -0.5169 0.3993 0.7572
vn -0.4173 0.6968 0.5833
vn -0.1082 0.9827 0.1503
vn 0.0183 0.9998 0.0065
vn -0.6476 0.4162 0.6383
vn -0.3879 0.8056 0.4478
vn -0.3625 0.8724 0.3278
vn -0.2201 0.9373 0.2703
vn -0.2064 0.9467 0.2472
vn -0.3615 0.8238 0.4367
vn -0.4930 0.5202 0.6974
vn -0.5875 0.2601 0.7663
vn -0.5729 0.3306 0.7500
vn -0.1582 0.9564 0.2456
vn -0.2488 0.8908 0.3802
vn -0.6604 0.4037 0.6331
vn 0.0341 0.9977 0.0577
vn -0.0763 0.9916 0.1048
vn -0.2551 -0.9208 0.2950
vn 0.4343 0.7237 -0.5363
vn -0.3117 -0.8848 0.3463
vn -0.2662 -0.9165 0.2986
vn -0.3103 -0.8968 0.3155
vn -0.6646 0.5229 0.5338
vn -0.4084 0.7496 0.5209
vn -0.0955 0.9892 0.1113
vn -0.0384 0.9992 -0.0120
vn -0.3891 0.6965 0.6029
vn 0.4563 0.7227 -0.5191
vn 0.3782 0.7975 -0.4701
vn 0.3923 0.7778 -0.4911
vn 0.2909 0.8920 -0.3460
vn 0.2102 0.9538 -0.2148
vn 0.2631 0.8972 -0.3548
vn 0.3540 0.8390 -0.4133
vn 0.2271 0.9418 -0.2479
vn 0.1140 0.9762 -0.1844
vn 0.1458 0.9539 -0.2623
vn 0.3288 0.8795 -0.3439
vn 0.0954 0.9835 -0.1538
vn -0.2621 -0.9063 0.3316
vn -0.2697 -0.8982 0.3472
vn -0.3012 -0.8597 0.4125
vn -0.6453 0.0219 0.7636
vn -0.6957 -0.5787 0.4255
vn -0.3421 -0.8736 0.3460
vn -0.2337 -0.9426 0.2386
vn -0.3259 0.7744 0.5423
vn 0.4173 0.7439 -0.5220
vn -0.2590 -0.9303 0.2597
vn -0.1838 0.9490 0.2560
vn -0.4271 -0.7180 0.5496
vn -0.3285 -0.8124 0.4817
vn -0.4318 -0.6035 0.6703
vn -0.4264 -0.5812 0.6931
vn -0.5422 -0.0329 0.8396
vn -0.5020 -0.1929 0.8431
vn -0.5385 -0.1955 0.8196
vn -0.5058 0.2935 0.8112
vn -0.3523 -0.7806 0.5162
vn -0.2063 -0.9063 0.3689
vn -0.1355 0.9819 0.1320
vn 0.0110 0.9994 -0.0328
vn 0.1021 0.9917 -0.0786
vn -0.3129 -0.8887 0.3350
vn -0.3692 -0.8254 0.4272
vn -0.1822 -0.9217 0.3424
vn -0.2805 -0.9176 0.2816
vn -0.6699 0.1568 0.7257
vn -0.9141 0.1509 0.3764
vn -0.3446 0.8675 0.3588
vn -0.5597 -0.5166 0.6479
vn -0.4372 -0.7824 0.4436
vn -0.4391 -0.7210 0.5360
vn -0.3988 -0.8284 0.3934
vn -0.1157 0.9631 0.2429
vn -0.3452 -0.8535 0.3903
vn -0.3147 -0.8622 0.3970
vn -0.3551 -0.8595 0.3676
vn -0.2796 0.9285 0.2442
vn -0.2352 0.9486 0.2116
vn -0.0944 0.9896 0.1087
vn -0.3016 -0.9277 0.2203
vn -0.4496 -0.7218 0.5262
vn -0.5622 -0.4581 0.6885
vn -0.4414 -0.7828 0.4386
vn -0.6550 -0.3533 0.6680
vn -0.6454 -0.4586 0.6109
vn -0.3809 -0.8405 0.3854
vn -0.5574 -0.5790 0.5950
vn -0.5089 -0.2089 0.8351
vn -0.6312 -0.2719 0.7264
vn -0.6741 -0.4391 0.5940
vn -0.5082 -0.7246 0.4655
vn -0.3955 -0.8285 0.3964
vn -0.3824 -0.8587 0.3412
vn -0.4110 -0.8709 0.2694
vn -0.4146 -0.8824 0.2224
vn -0.5067 0.4995 0.7027
vn -0.6086 0.4613 0.6456
vn -0.6089 0.5701 0.5516
vn -0.2576 0.9243 0.2816
vn 0.5043 0.8613 0.0612
vn 0.6764 0.7275 0.1153
vn 0.5837 0.8061 0.0975
vn 0.2540 0.8281 -0.4998
vn 0.2226 0.9041 -0.3647
vn 0.2167 0.9179 -0.3324
vn 0.6622 0.6889 -0.2948
vn 0.6257 0.7381 -0.2525
vn 0.6679 0.6776 -0.3078
vn 0.0770 0.9966 0.0292
vn 0.2169 0.9729 0.0797
vn 0.2002 0.9780 0.0595
vn 0.6104 0.7908 -0.0453
vn 0.6140 0.7883 0.0400
vn 0.4885 0.8717 -0.0375
vn 0.6861 0.7248 -0.0621
vn 0.6184 0.7777 -0.1127
vn 0.6879 0.7178 -0.1075
vn 0.6960 0.7142 -0.0746
vn 0.6156 0.7701 -0.1674
vn 0.5310 0.8026 -0.2719
vn 0.4854 0.8636 -0.1362
vn 0.7221 0.6911 0.0307
vn 0.6771 0.7266 0.1163
vn 0.6717 0.7335 0.1040
vn 0.5788 0.8116 0.0792
vn 0.3218 0.8708 -0.3717
vn 0.2358 0.9696 -0.0659
vn 0.0448 0.9978 -0.0478
vn 0.1431 0.9892 -0.0326
vn 0.1235 0.9882 -0.0906
vn 0.2440 0.9559 -0.1633
vn 0.6634 0.7481 0.0145
vn 0.3020 0.9181 -0.2567
vn 0.6343 0.7384 -0.2289
vn 0.6245 0.7384 -0.2546
vn 0.7190 0.6881 -0.0979
vn 0.6618 0.7495 0.0168
vn 0.7324 0.6799 -0.0378
vn 0.6363 0.7696 -0.0541
vn 0.6349 0.7681 0.0828
vn 0.5552 0.8289 -0.0681
vn 0.7369 0.6755 -0.0249
vn 0.7602 0.6477 -0.0507
vn 0.7249 0.6887 -0.0142
vn 0.5791 0.7587 -0.2985
vn 0.6199 0.7181 -0.3163
vn -0.0224 0.9997 -0.0085
vn -0.0027 0.9998 -0.0193
vn 0.6593 0.6771 -0.3270
vn 0.6901 0.6736 -0.2648
vn 0.3555 0.9316 -0.0752
vn 0.2635 0.9632 -0.0532
vn 0.1039 0.9942 -0.0273
vn 0.2682 0.9634 -0.0007
vn 0.0757 0.9971 0.0093
vn 0.5086 0.8428 0.1763
vn 0.5365 0.8397 0.0843
vn 0.4990 0.8348 0.2324
vn 0.5927 0.8043 -0.0419
vn 0.5167 0.8502 0.1008
vn 0.5826 0.8126 -0.0153
vn 0.4907 0.8522 -0.1819
vn 0.4318 0.8918 -0.1349
vn 0.5694 0.7315 -0.3751
vn 0.5321 0.8114 -0.2420
vn 0.4492 0.8594 -0.2441
vn 0.3965 0.8812 -0.2574
vn 0.3466 0.9270 -0.1433
vn 0.6720 0.7236 -0.1576
vn 0.6611 0.7042 -0.2589
vn 0.3911 0.9176 0.0718
vn 0.4114 0.9009 0.1383
vn 0.3953 0.9169 0.0560
vn -0.0236 0.9997 -0.0062
vn 0.6358 0.7718 0.0030
vn 0.5608 0.8234 0.0868
vn 0.5973 0.8011 -0.0385
vn 0.5240 0.8494 0.0630
vn 0.0352 0.9992 -0.0165
vn 0.1188 0.9812 -0.1522
vn -0.0424 0.9991 0.0060
vn 0.7114 0.6945 -0.1072
vn 0.4058 0.9129 -0.0434
vn 0.5463 0.8222 0.1596
vn 0.4437 0.8960 0.0194
vn 0.4580 0.8673 0.1949
vn 0.6456 0.7616 -0.0567
vn 0.4562 0.8899 0.0034
vn 0.6903 0.7059 -0.1587
vn 0.6803 0.7178 -0.1483
vn 0.6232 0.7674 -0.1507
vn 0.4885 0.8590 -0.1534
vn 0.5684 0.8228 0.0030
vn 0.6895 0.7177 -0.0978
vn 0.6391 0.7680 -0.0416
vn 0.0043 0.9998 0.0172
vn 0.0507 0.9987 -0.0064
vn 0.4070 0.8879 -0.2144
vn 0.5820 0.7987 -0.1529
vn 0.3137 0.9384 -0.1445
vn 0.5427 0.8190 0.1863
vn 0.4070 0.9134 -0.0028
vn 0.5288 0.7948 -0.2976
vn 0.5628 0.7085 -0.4257
vn 0.6867 0.7265 0.0257
vn 0.4812 0.8571 0.1840
vn 0.4371 0.8977 0.0556
vn 0.5648 0.8250 0.0195
vn 0.6753 0.7358 -0.0513
vn 0.6699 0.7148 -0.2008
vn 0.6928 0.7177 -0.0696
vn 0.5398 0.8192 -0.1938
vn 0.6081 0.7658 -0.2092
vn 0.4291 0.8429 -0.3247
vn 0.4437 0.8918 -0.0882
vn 0.4272 0.8954 -0.1257
vn 0.3712 0.9258 -0.0719
vn 0.3258 0.9290 -0.1754
vn 0.2649 0.9494 -0.1687
vn 0.4410 0.8714 -0.2148
vn 0.1701 0.9172 -0.3604
vn 0.6476 0.7438 -0.1653
vn 0.2239 0.9240 -0.3101
vn 0.2252 0.8757 -0.4270
vn 0.3870 0.8610 -0.3300
vn 0.5997 0.7375 -0.3105
vn 0.2158 0.8858 -0.4109
vn 0.3121 0.8823 -0.3523
vn 0.1516 0.8541 -0.4975
vn 0.6401 0.7670 0.0447
vn 0.6676 0.7211 -0.1852
vn 0.5540 0.7995 -0.2321
vn 0.5884 0.6878 -0.4252
vn 0.7155 0.6549 -0.2434
vn 0.5738 0.8178 0.0437
vn -0.0000 1.0000 0.0064
vn 0.6619 0.7451 0.0822
vn 0.3590 0.9290 0.0897
vn 0.1850 0.9822 0.0322
vn 0.7060 0.6530 -0.2740
vn -0.4473 0.7433 0.4974
vn -0.4574 0.7092 0.5365
vn -0.4235 0.7063 0.5673
vn -0.0419 0.9991 -0.0032
vn -0.0365 0.9988 0.0331
vn -0.0355 0.9993 0.0064
vn -0.3907 0.9059 0.1634
vn -0.0059 1.0000 0.0014
vn -0.0280 0.9994 0.0192
vn 0.0031 1.0000 -0.0075
vn 0.0007 0.9981 0.0623
vn 0.0302 0.9983 0.0492
vn -0.0272 0.9983 0.0512
vn -0.5937 0.7514 0.2881
vn -0.3038 0.9443 0.1262
vn -0.4663 0.8215 0.3282
vn -0.5036 0.8429 0.1892
vn -0.5508 0.7632 0.3378
vn 0.0870 0.9700 0.2268
vn 0.0216 0.9965 0.0809
vn 0.0155 0.9675 0.2525
vn -0.7161 0.5930 0.3683
vn -0.6092 0.7177 0.3373
vn -0.7173 0.6133 0.3308
vn -0.3900 0.9098 0.1422
vn -0.2772 0.9567 0.0888
vn -0.2450 0.9648 0.0954
vn -0.5319 0.7696 0.3532
vn -0.5768 0.7338 0.3589
vn -0.5646 0.7243 0.3959
vn 0.1008 0.9353 0.3392
vn 0.0591 0.8501 0.5233
vn 0.0809 0.9042 0.4193
vn -0.1222 0.9901 0.0687
vn -0.2540 0.9605 0.1139
vn -0.1992 0.9585 0.2041
vn -0.0111 0.8210 0.5708
vn -0.0716 0.7931 0.6049
vn -0.0615 0.8374 0.5431
vn 0.0316 0.9993 -0.0175
vn 0.0382 0.9991 -0.0167
vn 0.0387 0.9992 -0.0090
vn -0.2478 0.9672 0.0557
vn -0.3229 0.9418 0.0932
vn -0.1341 0.9902 0.0395
vn 0.0287 0.9993 0.0254
vn -0.0348 0.9982 0.0483
vn -0.5411 0.7747 0.3272
vn -0.0131 0.9998 0.0133
vn 0.0341 0.9992 -0.0211
vn -0.0070 0.9997 0.0217
vn -0.0977 0.9950 0.0200
vn -0.1140 0.9901 0.0823
vn -0.0352 0.9987 -0.0377
vn -0.2902 0.8267 0.4821
vn -0.3264 0.8796 0.3460
vn -0.3687 0.8205 0.4368
vn -0.5196 0.7723 0.3656
vn -0.5902 0.7391 0.3247
vn -0.5207 0.8140 0.2575
vn -0.5234 0.7438 0.4157
vn -0.0123 0.9994 -0.0331
vn -0.0079 1.0000 0.0044
vn 0.0021 0.9999 0.0120
vn -0.0817 0.9912 0.1038
vn -0.2988 0.8714 0.3891
vn -0.2024 0.9458 0.2540
vn -0.1982 0.9498 0.2421
vn -0.1994 0.9229 0.3293
vn -0.1197 0.8173 0.5636
vn -0.0440 0.9943 0.0975
vn 0.0102 0.8629 0.5053
vn -0.0355 0.9124 0.4077
vn -0.0100 1.0000 -0.0002
vn -0.0059 0.9993 0.0356
vn -0.5248 0.8118 0.2561
vn -0.5707 0.7407 0.3546
vn -0.5630 0.7349 0.3781
vn -0.3966 0.9105 0.1169
vn -0.4247 0.8954 0.1338
vn -0.3706 0.8987 0.2346
vn -0.3437 0.8695 0.3548
vn -0.4835 0.7374 0.4716
vn -0.0469 0.9034 0.4262
vn -0.1170 0.9145 0.3874
vn 0.0001 0.9271 0.3749
vn -0.1083 0.9590 0.2620
vn -0.2140 0.7580 0.6161
vn -0.4160 0.7581 0.5022
vn -0.0227 0.9994 -0.0270
vn 0.0776 0.9969 0.0091
vn 0.0377 0.9993 -0.0008
vn -0.5183 0.6373 0.5703
vn -0.4660 0.6917 0.5518
vn -0.4946 0.6317 0.5969
vn -0.4810 0.7085 0.5164
vn -0.4723 0.6453 0.6004
vn -0.1019 0.9929 0.0613
vn -0.5057 0.8069 0.3052
vn -0.1653 0.8873 0.4306
vn -0.0645 0.8496 0.5235
vn -0.0076 0.9844 0.1757
vn -0.0726 0.9771 0.2001
vn -0.0599 0.9963 0.0619
vn -0.6632 0.6436 0.3820
vn -0.5700 0.7483 0.3394
vn -0.4707 0.8612 0.1918
vn -0.0459 0.9795 0.1960
vn 0.0744 0.9889 0.1285
vn -0.1257 0.9795 0.1575
vn -0.5837 0.7029 0.4064
vn -0.3460 0.8140 0.4665
vn -0.4220 0.7583 0.4969
vn -0.4044 0.7549 0.5163
vn 0.0307 0.9986 -0.0426
vn 0.0727 0.9972 0.0183
vn 0.0299 0.9996 -0.0000
vn -0.4928 0.7433 0.4523
vn -0.0088 0.9999 0.0048
vn -0.0101 0.9992 -0.0396
vn -0.1601 0.9674 0.1964
vn -0.1496 0.9814 0.1206
vn -0.0841 0.8864 0.4553
vn -0.1131 0.8469 0.5195
vn -0.0545 0.9893 0.1350
vn 0.0269 0.9996 0.0051
vn 0.1212 0.9478 0.2948
vn 0.0418 0.9990 -0.0177
vn -0.2191 0.9519 0.2141
vn 0.0212 0.9520 0.3055
vn -0.4674 0.6867 0.5567
vn 0.0183 0.9998 0.0027
vn -0.2244 0.9282 0.2969
vn -0.4381 0.7010 0.5628
vn 0.0385 0.9989 0.0257
vn -0.0806 0.9520 0.2954
vn -0.2632 0.9411 0.2125
vn -0.2775 0.9071 0.3165
vn -0.3000 0.6759 0.6732
vn -0.3144 0.7672 0.5590
vn -0.3945 0.6780 0.6203
vn 0.0857 0.9911 0.1020
vn -0.5461 0.6887 0.4769
vn -0.5115 0.7064 0.4893
vn 0.0269 0.9988 0.0419
vn -0.1276 0.8543 0.5038
vn -0.1390 0.8245 0.5485
vn 0.1199 0.8984 0.4225
vn -0.4522 0.8606 0.2341
vn -0.3401 0.7184 0.6068
vn -0.3790 0.7215 0.5795
vn -0.0004 0.9998 0.0200
vn -0.1489 0.8817 0.4477
vn 0.1666 0.8429 0.5116
vn -0.1282 0.9120 0.3897
vn 0.1588 0.8960 0.4147
vn 0.0380 0.9923 0.1175
vn -0.1639 0.7403 0.6520
vn 0.0731 0.9793 0.1889
vn -0.2162 0.6942 0.6866
vn -0.4306 0.8737 0.2264
vn 0.0377 0.9983 0.0448
vn -0.1637 0.7400 0.6523
vn 0.1063 0.9343 -0.3401
vn 0.2053 0.8348 -0.5108
vn 0.1968 0.8461 -0.4954
vn 0.1139 0.0422 -0.9926
vn 0.0523 -0.2300 -0.9718
vn 0.1352 -0.4405 -0.8875
vn 0.1637 0.7443 -0.6474
vn 0.0694 -0.4286 -0.9008
vn 0.1610 -0.0070 -0.9869
vn 0.0995 0.5488 -0.8300
vn 0.3909 0.1859 -0.9015
vn 0.0799 -0.5365 -0.8401
vn 0.2629 0.8543 -0.4483
vn 0.1583 0.9856 -0.0592
vn -0.0633 -0.8293 -0.5552
vn -0.1535 -0.7990 -0.5814
vn -0.0552 -0.7645 -0.6423
vn 0.0143 0.9985 0.0532
vn 0.1220 -0.7140 -0.6894
vn 0.0899 -0.7735 -0.6274
vn 0.0056 -0.8496 -0.5274
vn 0.0133 -0.8265 -0.5628
vn -0.0252 -0.8781 -0.4778
vn 0.1132 0.9067 -0.4063
vn 0.1821 0.8299 -0.5273
vn 0.1146 0.8539 -0.5076
vn 0.1127 0.9877 -0.1081
vn 0.2122 0.9088 -0.3593
vn 0.2179 0.9397 -0.2637
vn 0.0545 0.9979 0.0348
vn 0.0075 0.9999 -0.0115
vn -0.2446 -0.7846 -0.5696
vn -0.2414 -0.7028 -0.6692
vn -0.2362 -0.6809 -0.6932
vn -0.1425 -0.8746 -0.4635
vn -0.0810 -0.8527 -0.5160
vn -0.1604 -0.8964 -0.4132
vn -0.1752 -0.8696 -0.4617
vn -0.1879 -0.8838 -0.4284
vn -0.2257 -0.8365 -0.4993
vn -0.1980 -0.8240 -0.5309
vn -0.2244 -0.8564 -0.4651
vn 0.0454 -0.8436 -0.5351
vn -0.0978 -0.8789 -0.4668
vn 0.1247 -0.7142 -0.6887
vn 0.3541 -0.4326 -0.8291
vn 0.1074 0.9431 -0.3147
vn 0.0538 0.9890 -0.1376
vn 0.0514 0.2337 -0.9710
vn 0.0510 0.5372 -0.8419
vn 0.1254 0.8257 -0.5500
vn 0.0400 0.9968 0.0686
vn 0.0411 0.9971 0.0643
vn 0.0636 -0.7550 -0.6527
vn 0.1509 -0.7488 -0.6454
vn 0.0330 -0.7246 -0.6884
vn 0.0989 -0.9079 -0.4073
vn 0.0948 -0.8901 -0.4459
vn 0.1034 -0.9001 -0.4231
vn 0.0996 0.8092 -0.5790
vn -0.1501 -0.5591 -0.8154
vn -0.1795 -0.9047 -0.3863
vn -0.2073 -0.7145 -0.6682
vn 0.0150 0.9983 0.0556
vn 0.1041 -0.7827 -0.6136
vn 0.1136 -0.6974 -0.7076
vn -0.1419 -0.7197 -0.6796
vn -0.2222 -0.8570 -0.4650
vn -0.1957 -0.8039 -0.5616
vn -0.1613 -0.9019 -0.4008
vn 0.0932 0.9950 0.0354
vn -0.0918 -0.8105 -0.5785
vn -0.0725 -0.5539 -0.8294
vn -0.1062 -0.6862 -0.7197
vn -0.0560 -0.4722 -0.8797
vn -0.1683 -0.9020 -0.3977
vn -0.0904 -0.6644 -0.7419
vn -0.2351 -0.8818 -0.4089
vn -0.1692 -0.8689 -0.4651
vn -0.1765 -0.8524 -0.4922
vn -0.0500 -0.0583 -0.9970
vn -0.1542 -0.9101 -0.3846
vn -0.2054 -0.8918 -0.4032
vn -0.1899 -0.9038 -0.3835
vn 0.1508 0.9780 -0.1441
vn 0.0250 -0.7995 -0.6001
vn 0.0066 -0.8764 -0.4815
vn 0.0654 -0.8049 -0.5898
vn 0.1014 0.9788 0.1781
vn 0.0904 0.9721 -0.2163
vn 0.0588 0.9897 0.1305
vn 0.0078 0.7751 -0.6318
vn -0.0264 -0.8917 -0.4519
vn -0.0296 0.9607 -0.2759
vn 0.1272 0.7628 -0.6340
vn -0.2001 -0.7619 -0.6160
vn -0.1888 -0.7712 -0.6080
vn 0.2637 0.8117 -0.5212
vn 0.1949 0.8929 -0.4058
vn 0.0305 0.5286 -0.8483
vn 0.1354 0.8007 -0.5836
vn 0.0959 0.8088 -0.5802
vn -0.1051 -0.9034 -0.4158
vn -0.0172 -0.9052 -0.4247
vn -0.1523 -0.8859 -0.4382
vn -0.0559 -0.0051 -0.9984
vn 0.0618 0.1465 -0.9873
vn -0.0350 -0.3869 -0.9215
vn -0.1435 -0.7711 -0.6203
vn 0.0507 0.6563 -0.7528
vn 0.0091 0.2181 -0.9759
vn 0.0515 0.1959 -0.9793
vn -0.0396 -0.9037 -0.4263
vn 0.1138 -0.7631 -0.6362
vn 0.0588 -0.8846 -0.4626
vn -0.1609 -0.8176 -0.5529
vn -0.2346 -0.7761 -0.5853
vn -0.2363 -0.7938 -0.5605
vn -0.2402 -0.7729 -0.5872
vn -0.1350 -0.8790 -0.4573
vn -0.1517 -0.8301 -0.5366
vn -0.1542 -0.9006 -0.4064
vn 0.1377 0.8873 -0.4402
vn 0.0279 -0.7383 -0.6739
vn 0.0336 -0.7945 -0.6064
vn -0.1427 -0.8801 -0.4528
vn 0.0057 0.4811 -0.8766
vn 0.1234 0.8905 -0.4379
vn 0.0916 -0.8834 -0.4595
vn -0.0142 -0.9077 -0.4194
vn -0.0690 -0.8912 -0.4483
vn 0.0552 -0.9069 -0.4176
vn -0.0111 -0.9046 -0.4261
vn 0.0553 -0.9163 -0.3966
vn -0.0493 -0.5114 -0.8579
vn 0.0954 0.4204 -0.9023
vn 0.0940 -0.8425 -0.5304
vn 0.0494 -0.8942 -0.4450
vn 0.0850 -0.8948 -0.4384
vn 0.0564 -0.8960 -0.4404
vn 0.1411 -0.0912 -0.9858
vn -0.0941 -0.8824 -0.4610
vn 0.1366 0.6285 -0.7658
vn 0.0642 0.6359 -0.7691
vn 0.1144 -0.6209 -0.7755
vn 0.0144 -0.3568 -0.9341
vn 0.0653 -0.8703 -0.4882
vn -0.0482 0.9234 -0.3809
vn 0.0734 0.9259 -0.3705
vn 0.0432 -0.3623 -0.9311
vn 0.1278 -0.8640 -0.4870
vn 0.1547 -0.8642 -0.4787
vn 0.0915 0.6858 -0.7220
vn 0.0077 -0.9081 -0.4187
vn -0.0099 -0.9076 -0.4196
vn 0.2360 -0.7067 -0.6670
vn 0.2273 -0.7209 -0.6548
vn 0.0922 -0.4959 -0.8635
vn 0.2140 -0.2062 -0.9548
vn 0.2265 -0.5107 -0.8294
vn 0.1714 -0.5159 -0.8393
vn 0.0922 -0.8320 -0.5471
vn 0.1562 -0.7974 -0.5829
vn 0.0682 -0.6634 -0.7452
vn 0.1076 -0.6247 -0.7734
vn -0.0110 -0.7665 -0.6422
vn 0.1775 -0.5776 -0.7968
vn 0.0351 -0.6877 -0.7251
vn 0.0787 -0.9130 -0.4002
vn -0.0551 0.9945 0.0893
vn -0.2201 0.9713 -0.0897
vn -0.0077 0.9998 0.0183
vn 0.1921 0.9808 0.0345
vn -0.0148 0.9982 -0.0574
vn 0.1368 0.9781 0.1568
vn 0.6811 0.7223 0.1201
vn 0.6706 0.7303 0.1302
vn -0.3409 0.8595 -0.3808
vn -0.4765 0.7102 -0.5182
vn -0.3745 0.8343 -0.4047
vn -0.7226 0.0123 -0.6912
vn -0.6110 -0.4655 -0.6403
vn -0.4461 0.7347 -0.5111
vn 0.5902 0.7968 0.1295
vn 0.5277 0.8430 0.1040
vn 0.6947 0.6983 0.1726
vn 0.6408 0.7417 0.1982
vn -0.3569 0.8213 -0.4451
vn -0.3098 0.8706 -0.3823
vn -0.3538 0.8001 -0.4843
vn 0.6428 0.7288 0.2361
vn -0.3851 0.7528 -0.5339
vn -0.3386 0.8266 -0.4495
vn 0.6906 0.6926 0.2082
vn 0.6629 0.7288 0.1716
vn 0.6980 0.6962 0.1675
vn 0.6065 0.7616 0.2284
vn 0.4024 0.9071 0.1232
vn 0.6519 0.7129 0.2583
vn 0.5274 0.8291 0.1855
vn 0.6984 0.6926 0.1802
vn 0.5893 0.7894 0.1717
vn 0.6889 0.6833 0.2417
vn 0.6112 0.7523 0.2460
vn 0.6542 0.6953 0.2976
vn 0.5650 0.7839 0.2575
vn -0.4223 -0.8748 -0.2376
vn -0.4447 -0.7881 -0.4256
vn 0.6713 0.6883 0.2748
vn 0.6381 0.7029 0.3143
vn 0.4081 0.9016 0.1431
vn 0.3152 0.9379 0.1451
vn 0.6530 0.7160 0.2467
vn 0.6656 0.6924 0.2786
vn 0.6863 0.6796 0.2590
vn 0.5193 0.6760 0.5228
vn 0.5817 0.6937 0.4247
vn 0.5206 0.7248 0.4512
vn 0.3567 0.8533 0.3804
vn 0.2497 0.9463 0.2051
vn 0.3476 0.9287 0.1290
vn 0.6339 0.6745 0.3784
vn 0.6109 0.6959 0.3775
vn -0.7686 -0.3358 -0.5444
vn 0.4864 0.8483 0.2093
vn 0.3774 0.9051 0.1961
vn 0.6028 0.7366 0.3067
vn 0.6010 0.7021 0.3820
vn 0.6064 0.6806 0.4112
vn 0.2874 0.9548 0.0766
vn 0.6229 0.6700 0.4038
vn 0.5899 0.6924 0.4155
vn -0.4767 -0.7583 -0.4448
vn 0.5232 0.8046 0.2808
vn -0.6191 0.2052 -0.7580
vn 0.4781 0.7551 0.4486
vn 0.5840 0.7263 0.3625
vn 0.5444 0.7089 0.4483
vn 0.4908 0.7163 0.4960
vn 0.1375 0.9294 0.3425
vn 0.4163 0.7207 0.5544
vn 0.2816 0.8149 0.5066
vn -0.4637 0.6504 -0.6017
vn -0.4517 0.7706 -0.4496
vn -0.7326 0.0840 -0.6754
vn -0.3816 0.8680 -0.3178
vn 0.4296 0.7160 0.5502
vn 0.4769 0.6631 0.5770
vn 0.6665 0.7039 0.2456
vn -0.4198 -0.7566 -0.5013
vn -0.2880 0.9032 -0.3182
vn 0.3225 0.8566 0.4028
vn 0.4413 0.8255 0.3519
vn 0.1893 0.9664 0.1740
vn 0.6455 0.7138 0.2716
vn -0.5065 -0.5188 -0.6887
vn 0.6074 0.7528 0.2536
vn -0.4885 -0.8413 -0.2315
vn 0.5065 0.7201 0.4742
vn 0.3375 0.8948 0.2921
vn -0.4724 0.8394 -0.2686
vn -0.8577 -0.1597 -0.4887
vn -0.5016 0.8061 -0.3141
vn 0.1332 0.9232 0.3605
vn 0.2963 0.8715 0.3908
vn -0.6659 -0.5674 -0.4843
vn -0.5813 -0.6996 -0.4156
vn 0.4949 0.7002 0.5146
vn -0.4022 0.8601 -0.3138
vn -0.0675 0.9951 -0.0729
vn 0.0295 0.9993 0.0242
vn 0.0577 0.9976 0.0376
vn 0.0400 0.9986 0.0349
vn -0.0156 0.9999 0.0057
vn -0.0650 0.9942 -0.0860
vn 0.1029 0.9803 0.1684
vn -0.7897 0.3257 -0.5199
vn -0.6001 0.6426 -0.4763
vn -0.2750 0.9591 -0.0665
vn -0.3016 0.9428 -0.1420
vn 0.0639 0.9969 0.0465
vn -0.2838 0.9457 -0.1586
vn -0.2240 0.9687 -0.1067
vn -0.2449 0.9634 -0.1091
vn -0.6807 -0.4752 -0.5576
vn -0.0359 0.9988 0.0342
vn -0.1335 0.9784 -0.1576
vn -0.0192 0.9989 -0.0431
vn -0.8039 -0.2777 -0.5259
vn 0.1743 0.9791 0.1047
vn 0.0943 0.9948 0.0379
vn -0.3857 0.8857 -0.2585
vn -0.2864 0.9319 -0.2226
vn -0.1606 0.9714 -0.1746
vn -0.2627 0.9621 -0.0734
vn -0.1847 0.9814 -0.0523
vn -0.7834 -0.2464 -0.5705
vn -0.8192 -0.2939 -0.4925
vn -0.0668 0.9921 -0.1064
vn -0.1582 0.9731 -0.1676
vn -0.0738 0.9973 -0.0016
vn -0.1900 0.9577 -0.2159
vn -0.1948 0.9453 -0.2617
vn -0.5256 0.7516 -0.3985
vn -0.7664 -0.4103 -0.4943
vn -0.6004 -0.6041 -0.5240
vn -0.4459 -0.7898 -0.4213
vn -0.5438 0.6646 -0.5124
vn -0.0524 0.9958 -0.0745
vn 0.0095 0.9999 0.0060
vn -0.7374 0.2091 -0.6422
vn 0.0098 0.9864 0.1638
vn -0.7967 -0.2690 -0.5412
vn -0.5962 0.6215 -0.5082
vn -0.3877 0.8792 -0.2769
vn -0.8443 -0.2349 -0.4816
vn -0.8643 0.0643 -0.4989
vn -0.4338 0.8702 -0.2337
vn 0.0658 0.9978 0.0128
vn 0.1396 0.9809 0.1359
vn -0.5734 -0.7718 -0.2748
vn -0.3176 0.8861 -0.3375
vn -0.8423 -0.4207 -0.3371
vn -0.5960 -0.7505 -0.2857
vn -0.4176 0.8837 -0.2113
vn -0.7702 0.5826 -0.2594
vn -0.1935 0.9396 -0.2824
vn -0.3885 0.9116 -0.1345
vn -0.9283 0.1783 -0.3263
vn -0.1923 0.9766 -0.0967
vn -0.3457 0.8813 -0.3223
vn -0.7902 0.3543 -0.5000
vn -0.7782 -0.3130 -0.5445
vn 0.2023 0.9788 0.0333
vn 0.1061 0.9930 0.0520
vn 0.1427 0.9871 0.0727
vn 0.0438 0.9685 0.2452
vn -0.5145 0.8232 -0.2401
vn 0.0482 0.9987 -0.0140
vn 0.2158 0.9743 0.0648
vn -0.9062 -0.1374 -0.3999
vn 0.1327 0.9870 0.0904
vn -0.4611 0.8354 -0.2990
vn -0.1922 0.9757 -0.1051
vn -0.0479 0.9988 -0.0072
vn -0.1983 0.9704 -0.1380
vn -0.4959 -0.7707 -0.4001
vn 0.0780 0.9954 -0.0555
vn -0.1980 0.9748 -0.1028
vn -0.0675 0.9961 -0.0573
vn 0.1964 0.9797 0.0395
vn 0.3324 0.9351 0.1230
vn 0.3425 0.9373 0.0654
vn 0.2067 0.9731 0.1020
vn -0.0316 0.9975 -0.0637
vn -0.1370 0.9886 -0.0621
vn 0.0613 0.9976 0.0310
vn -0.5133 0.7447 0.4266
vn -0.4577 0.7770 0.4323
vn -0.4589 0.7099 0.5342
vn 0.2099 -0.7960 -0.5677
vn -0.2258 0.7024 0.6750
vn -0.2900 0.7371 0.6104
vn -0.0172 0.9706 0.2401
vn -0.0569 0.9462 0.3185
vn -0.3239 0.7087 0.6267
vn -0.2909 0.7872 0.5437
vn -0.2497 0.8471 0.4690
vn -0.1620 0.7265 0.6678
vn -0.1234 0.6884 0.7148
vn -0.1477 0.6756 0.7223
vn -0.0786 0.7566 0.6491
vn -0.1222 0.8104 0.5730
vn -0.0636 0.7704 0.6343
vn -0.0241 0.8826 0.4695
vn -0.1013 0.6749 0.7310
vn -0.0366 0.8594 0.5100
vn -0.0512 0.7200 0.6921
vn -0.1240 0.7867 0.6048
vn -0.0188 0.8906 0.4543
vn -0.0280 0.8040 0.5939
vn -0.0930 0.7863 0.6109
vn -0.1001 0.7347 0.6710
vn -0.0637 0.6864 0.7244
vn -0.1501 0.7457 0.6492
vn -0.2016 0.7657 0.6108
vn -0.1122 0.6967 0.7086
vn -0.2212 0.7527 0.6201
vn -0.2348 0.6932 0.6814
vn -0.2358 0.7401 0.6298
vn -0.2253 0.7849 0.5772
vn -0.2700 0.7590 0.5925
vn -0.2671 0.7759 0.5715
vn -0.2588 0.7319 0.6303
vn -0.1079 0.7161 0.6896
vn -0.1331 0.6982 0.7034
vn -0.0056 0.9916 0.1295
vn -0.0176 0.9969 0.0770
vn -0.0067 0.9659 0.2587
vn -0.1687 0.8538 0.4925
vn -0.1052 0.9367 0.3339
vn -0.0549 0.9122 0.4060
vn -0.2822 0.7551 0.5917
vn -0.3319 0.8249 0.4576
vn -0.1888 0.9053 0.3805
vn -0.4095 0.7282 0.5496
vn -0.3662 0.7481 0.5533
vn -0.4430 0.6737 0.5916
vn -0.1234 0.7621 0.6356
vn -0.1271 0.7761 0.6177
vn -0.1284 0.7400 0.6602
vn -0.1461 0.9514 0.2712
vn -0.2549 0.9002 0.3532
vn -0.3332 0.7012 0.6303
vn -0.2989 0.6935 0.6555
vn -0.2635 0.7130 0.6497
vn -0.0753 0.8150 0.5746
vn -0.3686 0.8382 0.4019
vn 0.0148 0.9996 -0.0243
vn 0.0415 0.9973 -0.0607
vn -0.0564 0.9851 0.1626
vn -0.1071 0.9701 0.2177
vn 0.0225 0.9992 0.0317
vn -0.4067 0.6993 0.5878
vn -0.3892 0.6787 0.6229
vn -0.2050 0.8739 0.4407
vn -0.1432 0.9401 0.3093
vn -0.2893 0.6904 0.6631
vn -0.1141 0.6649 0.7382
vn 0.0456 0.9952 -0.0866
vn -0.3737 0.8025 0.4651
vn -0.3440 0.7847 0.5157
vn -0.3704 0.6923 0.6192
vn -0.1658 0.7693 0.6170
vn 0.2606 -0.6863 -0.6790
vn -0.3994 0.7766 0.4872
vn -0.2574 0.8965 0.3606
vn -0.3086 0.8931 0.3274
vn -0.4015 0.8100 0.4274
vn -0.2761 0.8609 0.4273
vn 0.3317 -0.6100 -0.7196
vn 0.3357 -0.5210 -0.7848
vn 0.4068 -0.3577 -0.8406
vn 0.3308 -0.5282 -0.7820
vn 0.3028 -0.6183 -0.7253
vn 0.3376 -0.2988 -0.8926
vn 0.3548 -0.4679 -0.8095
vn 0.3770 -0.3654 -0.8511
vn 0.4055 0.2874 -0.8677
vn 0.4534 -0.1100 -0.8845
vn 0.3949 -0.3458 -0.8512
vn 0.4063 -0.3107 -0.8593
vn 0.4236 -0.1630 -0.8911
vn 0.3373 0.1575 -0.9281
vn 0.3559 -0.3416 -0.8698
vn 0.3834 0.0697 -0.9209
vn 0.3644 0.6585 -0.6585
vn 0.3372 0.6528 -0.6784
vn 0.3323 -0.1829 -0.9253
vn 0.4237 -0.1952 -0.8845
vn 0.4592 0.3647 -0.8101
vn 0.5031 0.1050 -0.8578
vn 0.3081 0.2176 -0.9261
vn 0.3361 0.1348 -0.9321
vn 0.1793 0.9442 -0.2764
vn 0.2162 0.9035 -0.3701
vn 0.1747 0.9582 -0.2266
vn 0.2928 0.7890 -0.5401
vn 0.1826 0.8956 -0.4056
vn 0.0839 0.9940 -0.0705
vn 0.0172 0.9999 -0.0008
vn 0.1051 0.9588 -0.2641
vn 0.2807 0.7410 -0.6100
vn 0.1796 0.8044 -0.5663
vn 0.0429 0.9991 -0.0037
vn 0.0226 0.9977 -0.0647
vn 0.0681 0.9852 -0.1572
vn 0.1877 0.9122 -0.3642
vn 0.3323 0.6701 -0.6638
vn 0.1642 0.8758 -0.4539
vn 0.1327 0.9793 -0.1527
vn 0.2324 0.9208 -0.3132
vn 0.1633 0.9390 -0.3028
vn 0.1157 0.9456 -0.3040
vn 0.0828 0.9787 -0.1880
vn 0.1477 0.9470 -0.2853
vn 0.1616 0.7858 -0.5970
vn 0.0528 0.9817 -0.1829
vn -0.0118 0.9999 -0.0115
vn 0.1135 0.9641 -0.2402
vn 0.5068 0.5010 -0.7016
vn 0.0706 0.8823 -0.4654
vn 0.1054 0.9178 -0.3828
vn 0.0765 0.8881 -0.4533
vn 0.3420 0.7227 -0.6007
vn 0.2318 0.8829 -0.4083
vn 0.0930 0.9241 -0.3707
vn 0.1519 0.9821 -0.1115
vn 0.1073 0.9213 -0.3737
vn 0.1367 0.8734 -0.4674
vn 0.0960 0.9820 -0.1625
vn -0.4390 0.7150 0.5441
vn 0.0453 0.9979 -0.0473
vn 0.5235 -0.0623 -0.8497
vn 0.4692 -0.0126 -0.8830
vn -0.4356 0.6860 0.5828
vn -0.0234 0.9924 0.1211
vn -0.3668 0.7007 0.6119
vn 0.0952 0.9767 -0.1922
vn -0.1066 0.9587 0.2638
vn -0.0246 0.9937 0.1093
vn -0.2147 0.9315 0.2936
vn -0.1031 0.9817 0.1603
vn -0.0969 0.9870 0.1283
vn -0.1976 0.9599 0.1987
vn -0.0648 0.9967 0.0480
vn 0.0226 0.9996 0.0197
vn 0.0974 0.9607 -0.2600
vn -0.0009 0.9960 0.0897
vn 0.1331 0.9274 -0.3497
vn 0.2079 0.8040 -0.5571
vn 0.4117 0.3968 -0.8204
vn 0.1556 0.8503 -0.5027
vn 0.0757 0.9768 -0.2005
vn 0.2724 0.8633 -0.4248
vn 0.4542 0.3672 -0.8117
vn 0.2227 0.7206 -0.6567
vn 0.0956 0.8569 -0.5065
vn 0.0494 0.9928 0.1089
vn 0.0026 0.9991 0.0421
vn -0.0004 0.9996 0.0265
vn -0.0132 0.9990 -0.0421
vn -0.0192 0.9992 -0.0337
vn -0.0278 0.9988 -0.0408
vn 0.2591 0.9287 0.2654
vn 0.2101 0.9197 0.3317
vn 0.2692 0.9309 0.2468
vn 0.0887 0.9957 0.0254
vn 0.0633 0.9980 0.0077
vn 0.1612 0.9864 0.0309
vn 0.2863 0.7332 0.6169
vn 0.3337 0.6646 0.6686
vn 0.2538 0.6528 0.7137
vn 0.4954 0.7265 0.4762
vn 0.3903 0.8153 0.4278
vn 0.3859 0.8176 0.4274
vn 0.2244 0.8440 0.4872
vn 0.3333 0.8718 0.3590
vn 0.3940 0.8316 0.3914
vn 0.1090 0.9883 0.1071
vn 0.1408 0.9817 0.1282
vn 0.3466 0.7513 0.5616
vn 0.3778 0.7718 0.5114
vn 0.4126 0.6817 0.6041
vn 0.2929 0.9041 0.3111
vn 0.2113 0.8933 0.3968
vn 0.2095 0.8923 0.3999
vn 0.2414 0.9325 0.2687
vn 0.1655 0.9612 0.2207
vn 0.2489 0.9141 0.3200
vn 0.4109 0.9103 -0.0507
vn 0.2843 0.6398 0.7140
vn 0.0858 0.9958 0.0331
vn 0.4523 0.7076 0.5430
vn 0.0381 0.9959 0.0819
vn 0.5188 0.7872 0.3335
vn 0.5254 0.7037 0.4783
vn 0.4311 0.8218 0.3726
vn 0.1242 0.6078 0.7843
vn 0.2289 0.7094 0.6666
vn -0.0320 0.7998 0.5995
vn 0.4296 0.7079 0.5606
vn 0.5009 0.7505 0.4311
vn 0.4698 0.7752 0.4224
vn 0.2227 0.9705 0.0929
vn 0.2227 0.9400 0.2586
vn 0.2459 0.9176 0.3122
vn 0.0090 0.9994 -0.0337
vn -0.0276 0.9996 -0.0001
vn 0.3851 0.8175 0.4283
vn 0.3354 0.8529 0.4002
vn 0.1920 0.9593 0.2072
vn 0.2341 0.8697 0.4346
vn 0.1635 0.8628 0.4783
vn 0.0683 0.9968 0.0415
vn 0.5697 0.6783 0.4641
vn 0.5503 0.6975 0.4590
vn 0.2829 0.8841 0.3719
vn 0.2656 0.9375 0.2250
vn 0.2996 0.8810 0.3660
vn 0.3252 0.8671 0.3774
vn 0.3124 0.8633 0.3963
vn 0.3155 0.8668 0.3862
vn 0.5322 0.6369 0.5578
vn 0.1680 0.9349 0.3125
vn -0.0007 0.9975 0.0700
vn 0.1287 0.9433 0.3059
vn 0.2097 0.9207 0.3291
vn 0.1100 0.9689 0.2215
vn 0.2787 0.8453 0.4559
vn 0.3575 0.7733 0.5237
vn 0.0710 0.9889 0.1304
vn 0.2148 0.9755 0.0472
vn 0.0416 0.9931 0.1095
vn 0.1060 0.9644 0.2422
vn 0.3220 0.9243 0.2050
vn 0.4700 0.6786 0.5644
vn 0.4868 0.7991 0.3529
vn 0.5806 0.6402 0.5031
vn 0.0894 0.9826 0.1630
vn 0.0498 0.9976 0.0480
vn 0.3151 0.9063 0.2817
vn 0.3361 0.9375 0.0902
vn 0.1481 0.9610 0.2336
vn 0.3642 0.9280 0.0782
vn 0.4449 0.8834 0.1476
vn 0.3396 0.8525 0.3974
vn 0.1215 0.9868 0.1069
vn 0.2736 0.9617 0.0171
vn 0.3161 0.8630 0.3940
vn 0.2850 0.9082 0.3066
vn 0.3444 0.8593 0.3782
vn 0.1060 0.9712 0.2133
vn 0.2162 0.8982 0.3828
vn 0.3372 0.8533 0.3977
vn 0.3192 0.8817 0.3475
vn 0.4018 0.6141 0.6793
vn 0.3046 0.6063 0.7346
vn 0.3123 0.6522 0.6907
vn 0.4002 0.8745 0.2739
vn 0.4378 0.6521 0.6189
vn 0.3975 0.6354 0.6620
vn 0.2751 0.8816 0.3835
vn 0.1880 0.9815 0.0367
vn 0.2321 0.9110 0.3409
vn 0.1292 0.9000 0.4164
vn -0.0048 0.9989 0.0466
vn 0.2405 0.9665 0.0897
vn 0.1607 0.9762 0.1453
vn 0.2077 0.9489 0.2375
vn 0.1530 0.9274 0.3413
vn 0.0292 0.8633 0.5038
vn 0.1913 0.9220 0.3368
vn 0.0352 0.8921 0.4504
vn -0.0120 0.9983 -0.0562
vn 0.0024 1.0000 -0.0092
vn 0.4725 0.7465 0.4686
vn 0.0249 0.9997 -0.0063
vn 0.0936 0.9925 0.0785
vn 0.0801 0.8811 0.4661
vn 0.1238 0.8911 0.4365
vn 0.5155 0.6126 0.5992
vn 0.6449 0.7338 0.2136
vn 0.5782 0.7562 0.3064
vn 0.3737 0.8819 0.2876
vn 0.2855 0.8939 0.3457
vn 0.3808 0.8667 0.3222
vn 0.0567 0.9912 0.1196
vn 0.0125 0.9997 0.0215
vn 0.3999 0.8463 0.3519
vn 0.3829 0.8621 0.3319
vn 0.0178 0.9992 0.0353
vn 0.7467 0.6168 0.2492
vn 0.7057 0.6431 0.2973
vn 0.6964 0.6978 0.1678
vn 0.6911 0.6902 0.2147
vn 0.1171 0.9653 0.2333
vn -0.0100 0.9991 0.0414
vn 0.3182 0.8909 0.3240
vn 0.1440 0.9729 0.1809
vn 0.5748 0.7909 -0.2100
vn 0.6174 0.7861 0.0283
vn 0.7314 0.6820 -0.0011
vn 0.3427 0.9382 0.0482
vn 0.6258 0.7635 -0.1596
vn 0.5276 0.8059 -0.2685
vn 0.1394 0.9485 0.2845
vn 0.2519 0.7774 0.5764
vn 0.4470 0.8938 0.0361
vn 0.3857 0.9035 0.1868
vn 0.1090 0.9904 0.0856
vn 0.1729 0.9639 0.2028
vn 0.4810 0.8609 -0.1659
vn 0.2273 0.9076 0.3531
vn 0.7331 0.6559 0.1801
vn 0.6229 0.7397 0.2546
vn 0.7414 0.6321 0.2255
vn 0.1536 0.9556 0.2517
vn 0.1995 0.9086 0.3669
vn 0.2719 0.7735 0.5726
vn 0.7039 0.7102 0.0119
vn 0.0403 0.8655 0.4992
vn 0.5184 0.6357 0.5720
vn 0.1202 0.9505 0.2865
vn 0.6510 0.7149 0.2550
vn 0.3766 0.8428 0.3846
vn 0.4528 0.8523 0.2620
vn 0.4854 0.8135 0.3203
vn 0.5412 0.8008 0.2565
vn 0.5842 0.7491 0.3123
vn 0.3730 0.7174 0.5883
vn -0.0482 0.9986 0.0225
vn 0.4605 0.8586 0.2253
vn 0.3475 0.9141 0.2089
vn 0.3346 0.9065 0.2575
vn 0.0612 0.8440 0.5329
vn 0.3758 0.8763 0.3015
vn 0.5157 0.8285 0.2181
vn 0.4571 0.6997 0.5490
vn 0.0486 0.9947 0.0908
vn 0.4039 0.8797 0.2509
vn 0.3291 0.9280 0.1744
vn 0.3169 0.9247 0.2109
vn -0.0558 0.9980 0.0303
vn -0.0402 0.9992 0.0050
vn 0.5423 0.7969 0.2664
vn 0.5234 0.6623 0.5362
vn 0.2671 0.8724 0.4094
vn 0.4479 0.6451 0.6190
vn 0.4030 0.6922 0.5987
vn 0.5341 0.7957 0.2859
vn 0.3316 0.8089 0.4856
vn 0.4738 0.7727 0.4224
vn 0.2604 0.8506 0.4568
vn 0.2326 0.8775 0.4193
vn 0.1418 0.9213 0.3621
vn 0.5220 0.8146 0.2530
vn 0.2304 0.8977 0.3755
vn 0.3611 0.7410 0.5661
vn 0.5588 0.7641 0.3222
vn 0.3598 0.7150 0.5993
vn 0.3549 0.8031 0.4786
vn 0.3404 0.8075 0.4817
vn 0.4251 0.5908 0.6857
vn 0.4924 0.6667 0.5595
vn 0.3850 0.7300 0.5647
vn 0.3560 0.7927 0.4949
vn 0.4967 0.6869 0.5305
vn 0.4287 0.6592 0.6178
vn -0.0381 0.9992 0.0113
vn 0.3642 0.7589 0.5398
vn 0.2558 0.6719 0.6951
vn 0.3907 0.5216 0.7585
vn 0.3468 0.6359 0.6895
vn 0.3603 0.7101 0.6049
vn 0.0655 0.8781 0.4739
vn 0.2287 0.8350 0.5004
vn 0.2525 0.7924 0.5553
vn 0.1376 0.7311 0.6683
vn 0.4375 0.6947 0.5710
vn 0.3367 0.6794 0.6519
vn 0.3330 0.8749 0.3517
vn 0.3587 0.7081 0.6082
vn 0.2533 0.8514 0.4593
vn 0.2074 0.8569 0.4720
vn 0.1212 0.8967 0.4258
vn 0.3295 0.7584 0.5624
vn -0.4642 -0.8759 -0.1313
vn -0.4520 -0.8587 -0.2414
vn -0.5084 -0.8517 -0.1269
vn -0.4972 -0.7753 -0.3894
vn -0.4570 -0.8264 -0.3291
vn -0.4120 -0.8276 -0.3812
vn -0.5560 -0.7719 -0.3082
vn -0.4106 -0.8484 -0.3340
vn -0.3755 -0.8500 -0.3694
vn -0.3754 -0.8353 -0.4016
vn -0.4033 -0.8102 -0.4253
vn -0.4570 -0.7893 -0.4102
vn -0.4231 -0.8157 -0.3946
vn -0.4527 -0.7916 -0.4105
vn -0.5544 -0.7047 -0.4427
vn -0.5985 -0.7821 -0.1735
vn -0.3904 -0.8309 -0.3966
vn -0.4312 -0.8175 -0.3819
vn -0.4916 -0.8400 -0.2297
vn -0.3921 -0.8325 -0.3914
vn -0.5020 -0.7529 -0.4257
vn -0.3503 -0.8424 0.4096
vn -0.3164 -0.8506 0.4199
vn -0.3843 -0.8305 0.4032
vn -0.3615 -0.8242 0.4359
vn -0.6645 -0.7122 -0.2263
vn -0.5179 -0.8334 -0.1931
vn -0.6427 -0.7108 -0.2858
vn -0.4773 -0.8645 -0.1576
vn -0.4938 -0.8647 -0.0917
vn -0.5627 -0.7979 -0.2163
vn -0.6225 -0.7707 -0.1362
vn -0.4798 -0.8674 -0.1317
vn -0.5502 -0.8303 -0.0894
vn -0.6677 -0.7246 -0.1708
vn -0.6774 -0.7286 -0.1013
vn -0.6901 -0.7230 -0.0324
vn -0.4799 -0.8711 -0.1048
vn -0.4230 -0.9011 -0.0957
vn -0.5375 -0.8249 0.1752
vn -0.5514 -0.8119 0.1918
vn -0.4227 -0.8977 -0.1243
vn -0.5285 -0.7998 0.2847
vn -0.4925 -0.7697 0.4062
vn -0.5446 -0.8148 0.1991
vn -0.5841 -0.7883 0.1933
vn -0.5900 -0.8074 0.0040
vn -0.6384 -0.7692 0.0276
vn -0.5268 -0.8499 0.0159
vn -0.5710 -0.8117 0.1226
vn -0.4991 -0.8664 -0.0151
vn -0.5759 -0.8146 -0.0691
vn -0.5251 -0.8360 0.1596
vn -0.5388 -0.8366 0.0988
vn -0.5578 -0.8192 0.1335
vn -0.4815 -0.7213 0.4979
vn -0.4827 -0.7673 0.4222
vn -0.3382 -0.7413 -0.5798
vn -0.3103 -0.8124 -0.4938
vn -0.2488 -0.7982 -0.5486
vn -0.5144 -0.7119 -0.4782
vn -0.2018 -0.7750 -0.5989
vn -0.3164 -0.8174 -0.4814
vn -0.3559 -0.8070 -0.4713
vn -0.2642 -0.8127 -0.5193
vn -0.3646 -0.7576 -0.5414
vn -0.3093 -0.7517 -0.5825
vn -0.1748 -0.7664 -0.6182
vn -0.2492 -0.7586 -0.6021
vn -0.3916 -0.7912 -0.4697
vn -0.4056 -0.7207 -0.5622
vn -0.0990 -0.7808 -0.6169
vn 0.2275 -0.8254 0.5167
vt 0.986235 0.899110
vt 0.985885 0.882222
vt 0.997859 0.887214
vt 0.993426 0.349010
vt 0.993353 0.337933
vt 0.999830 0.340789
vt 0.991713 0.905249
vt 0.999524 0.890580
vt 0.999897 0.906483
vt 0.736911 0.028823
vt 0.760443 0.001592
vt 0.772266 0.022367
vt 0.363388 0.063554
vt 0.355542 0.067908
vt 0.355558 0.056895
vt 0.030118 0.985784
vt 0.031236 0.964924
vt 0.047483 0.983023
vt 0.009150 0.977234
vt 0.999174 0.392007
vt 0.998618 0.402116
vt 0.994970 0.396073
vt 0.995091 0.385185
vt 0.999261 0.382363
vt 0.272968 0.065002
vt 0.278426 0.067132
vt 0.271128 0.070788
vt 0.275104 0.057686
vt 0.271825 0.058047
vt 0.995270 0.718635
vt 0.986430 0.713004
vt 0.999936 0.704788
vt 0.994887 0.698521
vt 0.988384 0.722035
vt 0.358864 0.047393
vt 0.359137 0.054641
vt 0.356200 0.052128
vt 0.363300 0.058533
vt 0.363778 0.050275
vt 0.999854 0.730838
vt 0.992763 0.728363
vt 0.998606 0.720077
vt 0.992730 0.738457
vt 0.999928 0.742954
vt 0.001714 0.562110
vt 0.004002 0.562395
vt 0.003380 0.565081
vt 0.001242 0.557623
vt 0.001377 0.565083
vt 0.989700 0.951829
vt 0.999112 0.944375
vt 0.999822 0.947439
vt 0.996110 0.941389
vt 0.987592 0.946121
vt 0.996841 0.953210
vt 0.568046 0.056048
vt 0.565812 0.059589
vt 0.564966 0.052963
vt 0.569157 0.063975
vt 0.572423 0.054522
vt 0.572253 0.062038
vt 0.996455 0.628694
vt 0.989004 0.623344
vt 0.989376 0.615272
vt 0.996838 0.611250
vt 0.991569 0.608930
vt 0.993571 0.603084
vt 0.992994 0.795139
vt 0.997740 0.798047
vt 0.996622 0.806433
vt 0.992551 0.816817
vt 0.986577 0.808307
vt 0.986528 0.796218
vt 0.998078 0.353918
vt 0.998811 0.358548
vt 0.995653 0.357348
vt 0.994372 0.362815
vt 0.994730 0.353574
vt 0.997609 0.349823
vt 0.996400 0.371019
vt 0.999210 0.372821
vt 0.994780 0.377750
vt 0.999976 0.367394
vt 0.999948 0.379977
vt 0.996661 0.365172
vt 0.968371 0.663621
vt 0.941499 0.670394
vt 0.941347 0.642685
vt 0.961792 0.636850
vt 0.971709 0.687219
vt 0.948583 0.687219
vt 0.974227 0.645274
vt 0.643079 0.040281
vt 0.631004 0.045514
vt 0.638624 0.028819
vt 0.990227 0.668949
vt 0.989048 0.662205
vt 0.992325 0.660068
vt 0.999833 0.653973
vt 0.997050 0.665339
vt 0.999063 0.678486
vt 0.989023 0.659014
vt 0.987058 0.660203
vt 0.991118 0.420796
vt 0.995474 0.415336
vt 0.999990 0.424056
vt 0.991925 0.410866
vt 0.998365 0.405858
vt 0.990571 0.429339
vt 0.990774 0.401810
vt 0.998182 0.836563
vt 0.992304 0.829360
vt 0.997868 0.822749
vt 0.991488 0.838861
vt 0.987278 0.834684
vt 0.992729 0.822131
vt 0.986611 0.826003
vt 0.988603 0.817668
vt 0.907409 0.010726
vt 0.912766 0.001337
vt 0.912826 0.018278
vt 0.902641 0.009140
vt 0.904727 0.019890
vt 0.895774 0.013776
vt 0.905449 0.000561
vt 0.900523 0.001253
vt 0.999559 0.334765
vt 0.996605 0.330194
vt 0.999745 0.326925
vt 0.994055 0.335601
vt 0.993629 0.328730
vt 0.993438 0.332848
vt 0.995565 0.328211
vt 0.995058 0.324598
vt 0.970100 0.817886
vt 0.959599 0.809674
vt 0.970072 0.805693
vt 0.975362 0.793982
vt 0.963856 0.799088
vt 0.984137 0.826591
vt 0.983712 0.805759
vt 0.973378 0.831608
vt 0.953986 0.798531
vt 0.999872 0.915209
vt 0.996598 0.916663
vt 0.997734 0.909047
vt 0.995383 0.924425
vt 0.992893 0.923563
vt 0.994512 0.919566
vt 0.992262 0.908821
vt 0.994010 0.916499
vt 0.999776 0.909594
vt 0.992333 0.919988
vt 0.687439 0.973409
vt 0.678059 0.968540
vt 0.689063 0.963523
vt 0.693739 0.970945
vt 0.686827 0.979937
vt 0.678050 0.983564
vt 0.679839 0.978637
vt 0.691478 0.976755
vt 0.681565 0.952461
vt 0.694787 0.978175
vt 0.527438 0.979141
vt 0.519144 0.973403
vt 0.527594 0.972143
vt 0.522005 0.966906
vt 0.522159 0.979788
vt 0.519254 0.977974
vt 0.531312 0.966830
vt 0.534102 0.986799
vt 0.535391 0.977337
vt 0.523254 0.961288
vt 0.336784 0.979527
vt 0.337275 0.974486
vt 0.343807 0.974931
vt 0.330848 0.970585
vt 0.338275 0.969685
vt 0.328645 0.982101
vt 0.322685 0.981288
vt 0.323391 0.970332
vt 0.334149 0.987316
vt 0.343807 0.986062
vt 0.094785 0.987771
vt 0.103554 0.979340
vt 0.102007 0.984929
vt 0.094956 0.980572
vt 0.095228 0.974226
vt 0.091479 0.977883
vt 0.089166 0.981931
vt 0.102379 0.970694
vt 0.114819 0.970694
vt 0.114819 0.985208
vt 0.107281 0.988404
vt 0.672977 0.010862
vt 0.662927 0.030395
vt 0.658086 0.022859
vt 0.662860 0.010861
vt 0.650266 0.019173
vt 0.658083 0.006036
vt 0.659839 0.000019
vt 0.675006 0.022504
vt 0.686388 0.011723
vt 0.668117 0.001165
vt 0.685090 0.024407
vt 0.655361 0.010424
vt 0.653453 0.006841
vt 0.942567 0.957231
vt 0.945611 0.949526
vt 0.957979 0.958819
vt 0.948869 0.961592
vt 0.952629 0.928484
vt 0.940862 0.939218
vt 0.935743 0.928871
vt 0.958061 0.948168
vt 0.952580 0.966437
vt 0.935602 0.914528
vt 0.970009 0.914528
vt 0.948692 0.965675
vt 0.970009 0.945699
vt 0.987957 0.510805
vt 0.992133 0.513733
vt 0.988568 0.517063
vt 0.999611 0.513905
vt 0.991809 0.521847
vt 0.991024 0.504445
vt 0.994726 0.526938
vt 0.999390 0.522630
vt 0.999790 0.503261
vt 0.992811 0.499811
vt 0.987428 0.521786
vt 0.997351 0.496170
vt 0.999987 0.530049
vt 0.492209 0.027628
vt 0.492197 0.032363
vt 0.483843 0.029121
vt 0.483179 0.025590
vt 0.478810 0.023223
vt 0.482435 0.023101
vt 0.477255 0.019239
vt 0.479787 0.017931
vt 0.492331 0.042840
vt 0.481691 0.036674
vt 0.477695 0.029246
vt 0.486873 0.026040
vt 0.478140 0.051812
vt 0.863862 0.972505
vt 0.858466 0.961913
vt 0.869308 0.965413
vt 0.876173 0.973282
vt 0.890476 0.969130
vt 0.883866 0.981360
vt 0.898219 0.982133
vt 0.879929 0.962303
vt 0.289391 0.020331
vt 0.296148 0.021537
vt 0.289721 0.026457
vt 0.321407 0.009905
vt 0.329241 0.029709
vt 0.308301 0.029295
vt 0.293705 0.031393
vt 0.306256 0.011981
vt 0.288196 0.014103
vt 0.293909 0.010068
vt 0.288150 0.008985
vt 0.286748 0.019272
vt 0.285861 0.025629
vt 0.336028 0.017061
vt 0.331899 0.026575
vt 0.331168 0.016224
vt 0.345529 0.023876
vt 0.340402 0.029032
vt 0.345832 0.004222
vt 0.342861 0.011599
vt 0.331367 0.003787
vt 0.340496 0.035830
vt 0.342405 0.034982
vt 0.342119 0.039213
vt 0.345432 0.036593
vt 0.342818 0.016910
vt 0.328484 0.017321
vt 0.346398 0.030354
vt 0.944043 0.009172
vt 0.950242 0.017353
vt 0.936455 0.015383
vt 0.948608 0.005496
vt 0.951469 0.008833
vt 0.941526 0.027131
vt 0.954794 0.004839
vt 0.952929 0.006514
vt 0.928759 0.027185
vt 0.955782 0.002352
vt 0.930197 0.011455
vt 0.923085 0.014987
vt 0.934994 0.009067
vt 0.938542 0.008873
vt 0.954861 0.034880
vt 0.534389 0.027120
vt 0.535133 0.030686
vt 0.530144 0.026075
vt 0.529207 0.030170
vt 0.522467 0.028026
vt 0.523155 0.018373
vt 0.513265 0.012801
vt 0.540105 0.029269
vt 0.536271 0.026392
vt 0.533064 0.017224
vt 0.510096 0.034750
vt 0.496078 0.012215
vt 0.521668 0.012215
vt 0.496078 0.038126
vt 0.969037 0.988276
vt 0.961769 0.978550
vt 0.975553 0.980317
vt 0.982003 0.978469
vt 0.980255 0.982531
vt 0.960865 0.967557
vt 0.970747 0.969997
vt 0.977187 0.951944
vt 0.981419 0.963331
vt 0.971271 0.958464
vt 0.966326 0.964145
vt 0.980261 0.972827
vt 0.949827 0.984421
vt 0.950838 0.969430
vt 0.961795 0.963062
vt 0.134119 0.043565
vt 0.138033 0.040814
vt 0.136096 0.049657
vt 0.134789 0.029939
vt 0.140777 0.033359
vt 0.133773 0.036322
vt 0.148467 0.018204
vt 0.150505 0.029823
vt 0.141133 0.022381
vt 0.144718 0.044483
vt 0.131173 0.049416
vt 0.176640 0.048582
vt 0.158363 0.044625
vt 0.170039 0.022353
vt 0.155739 0.015891
vt 0.670069 0.981291
vt 0.671009 0.987738
vt 0.663702 0.985210
vt 0.675885 0.970071
vt 0.658039 0.973839
vt 0.657279 0.949336
vt 0.643184 0.971760
vt 0.652005 0.982002
vt 0.626693 0.973638
vt 0.612535 0.976701
vt 0.612943 0.967882
vt 0.638398 0.987275
vt 0.634874 0.953914
vt 0.619067 0.956825
vt 0.603087 0.971370
vt 0.260602 0.035410
vt 0.261973 0.039278
vt 0.252290 0.036004
vt 0.268244 0.047836
vt 0.250906 0.049870
vt 0.258239 0.043482
vt 0.266691 0.017920
vt 0.263539 0.028080
vt 0.257021 0.018518
vt 0.249142 0.039536
vt 0.251212 0.030932
vt 0.268949 0.064408
vt 0.249994 0.064408
vt 0.268945 0.029784
vt 0.265153 0.033570
vt 0.921511 0.544549
vt 0.923791 0.545329
vt 0.912451 0.553477
vt 0.912977 0.551863
vt 0.920273 0.541260
vt 0.921605 0.540827
vt 0.933384 0.558119
vt 0.930007 0.547454
vt 0.931508 0.537607
vt 0.919650 0.532236
vt 0.929045 0.524526
vt 0.929026 0.512468
vt 0.929311 0.500853
vt 0.933974 0.503406
vt 0.934440 0.496211
vt 0.919350 0.533086
vt 0.919348 0.532241
vt 0.916468 0.566715
vt 0.014400 0.379360
vt 0.007808 0.369219
vt 0.020848 0.373552
vt 0.019394 0.381441
vt 0.018587 0.384452
vt 0.011412 0.381597
vt 0.004385 0.374842
vt 0.019227 0.388357
vt 0.014968 0.384159
vt 0.013616 0.356085
vt 0.011551 0.384707
vt 0.015102 0.386464
vt 0.021628 0.333971
vt 0.035992 0.358431
vt 0.004771 0.326768
vt 0.019407 0.309598
vt 0.007035 0.344085
vt 0.922607 0.627396
vt 0.928549 0.634571
vt 0.923049 0.635102
vt 0.944147 0.624051
vt 0.931207 0.617845
vt 0.943806 0.604586
vt 0.927333 0.639355
vt 0.931343 0.628240
vt 0.936477 0.627037
vt 0.934936 0.634557
vt 0.931645 0.641036
vt 0.920151 0.603429
vt 0.919936 0.584832
vt 0.944248 0.584832
vt 0.919936 0.619731
vt 0.935666 0.641177
vt 0.957052 0.619112
vt 0.958143 0.633266
vt 0.946565 0.631596
vt 0.965522 0.611873
vt 0.969171 0.632092
vt 0.959180 0.583978
vt 0.963897 0.585767
vt 0.964212 0.596563
vt 0.953908 0.598183
vt 0.966727 0.590214
vt 0.951454 0.618246
vt 0.977209 0.627225
vt 0.950123 0.582780
vt 0.977400 0.612776
vt 0.972549 0.604008
vt 0.946565 0.616612
vt 0.947115 0.603532
vt 0.988679 0.532729
vt 0.990209 0.534523
vt 0.988702 0.535519
vt 0.989557 0.525046
vt 0.992448 0.531186
vt 0.987893 0.534236
vt 0.986404 0.531846
vt 0.989891 0.542399
vt 0.989326 0.539043
vt 0.997586 0.535883
vt 0.998662 0.542648
vt 0.989829 0.548565
vt 0.993950 0.533942
vt 0.986862 0.559379
vt 0.997159 0.550489
vt 0.998913 0.557601
vt 0.986920 0.534674
vt 0.042133 0.023556
vt 0.039338 0.022684
vt 0.040752 0.019205
vt 0.044149 0.023440
vt 0.048022 0.023632
vt 0.046179 0.025520
vt 0.053341 0.014298
vt 0.040715 0.025271
vt 0.043845 0.025585
vt 0.048449 0.026344
vt 0.044542 0.003403
vt 0.043070 0.030286
vt 0.053478 0.033076
vt 0.046998 0.035926
vt 0.048735 0.025311
vt 0.050635 0.029593
vt 0.986006 0.022569
vt 0.974354 0.021503
vt 0.986268 0.015136
vt 0.964436 0.016577
vt 0.966991 0.007356
vt 0.971989 0.008815
vt 0.969093 0.004029
vt 0.977257 0.012093
vt 0.981990 0.009003
vt 0.975642 0.001333
vt 0.983903 0.004980
vt 0.964489 0.002041
vt 0.985345 0.000088
vt 0.990992 0.005044
vt 0.979579 0.027180
vt 0.987823 0.009711
vt 0.296508 0.966933
vt 0.297061 0.970030
vt 0.291592 0.973074
vt 0.293410 0.965855
vt 0.290476 0.969187
vt 0.296878 0.973089
vt 0.290139 0.978232
vt 0.286012 0.979353
vt 0.287804 0.970210
vt 0.286719 0.974776
vt 0.300404 0.970514
vt 0.290190 0.963334
vt 0.296608 0.961699
vt 0.296644 0.951822
vt 0.283692 0.948508
vt 0.297612 0.935172
vt 0.301520 0.942094
vt 0.979879 0.722430
vt 0.964952 0.720522
vt 0.973786 0.710486
vt 0.966959 0.703609
vt 0.977157 0.700850
vt 0.958632 0.711329
vt 0.952370 0.702056
vt 0.950672 0.712890
vt 0.944415 0.712024
vt 0.947809 0.708271
vt 0.945652 0.717389
vt 0.943985 0.721395
vt 0.938317 0.720874
vt 0.954515 0.717540
vt 0.951957 0.709133
vt 0.968339 0.692882
vt 0.950529 0.720374
vt 0.571779 0.980671
vt 0.582068 0.978431
vt 0.580385 0.982805
vt 0.590318 0.972829
vt 0.586034 0.973405
vt 0.587314 0.969588
vt 0.592342 0.966352
vt 0.592484 0.971341
vt 0.573145 0.972658
vt 0.571892 0.964211
vt 0.580778 0.968244
vt 0.580516 0.961664
vt 0.589597 0.963114
vt 0.586474 0.963607
vt 0.584177 0.957232
vt 0.587358 0.977631
vt 0.584604 0.982479
vt 0.582037 0.987256
vt 0.571124 0.952440
vt 0.239446 0.952507
vt 0.222788 0.947747
vt 0.234926 0.939913
vt 0.211795 0.946241
vt 0.208202 0.957618
vt 0.198875 0.947688
vt 0.196741 0.972072
vt 0.218007 0.976629
vt 0.209861 0.981362
vt 0.254638 0.954306
vt 0.248633 0.946845
vt 0.257148 0.965039
vt 0.269960 0.952192
vt 0.226751 0.964455
vt 0.244436 0.966178
vt 0.260869 0.975199
vt 0.249690 0.979433
vt 0.233990 0.981429
vt 0.212960 0.967914
vt 0.190049 0.017376
vt 0.190994 0.010557
vt 0.198133 0.010688
vt 0.184338 0.012852
vt 0.198212 0.024620
vt 0.186263 0.023366
vt 0.187674 0.009564
vt 0.183237 0.016399
vt 0.195352 0.004936
vt 0.190858 0.008372
vt 0.184919 0.011114
vt 0.180918 0.019706
vt 0.189013 0.007313
vt 0.185894 0.009219
vt 0.184515 0.007152
vt 0.187189 0.004698
vt 0.192013 0.003386
vt 0.183464 0.009726
vt 0.181268 0.001599
vt 0.007201 0.047549
vt 0.025166 0.050634
vt 0.018147 0.062163
vt 0.010715 0.069141
vt 0.015305 0.071724
vt 0.008599 0.072078
vt 0.005430 0.069249
vt 0.006375 0.066059
vt 0.011451 0.066770
vt 0.011534 0.064402
vt 0.002541 0.075344
vt 0.000529 0.017996
vt 0.022870 0.017996
vt 0.000923 0.026952
vt 0.006890 0.061150
vt 0.015293 0.067562
vt 0.019342 0.068356
vt 0.015304 0.065364
vt 0.018321 0.066513
vt 0.022560 0.034748
vt 0.937800 0.046610
vt 0.924176 0.030885
vt 0.936930 0.033621
vt 0.918175 0.020618
vt 0.923701 0.024257
vt 0.923091 0.043018
vt 0.913734 0.042305
vt 0.913644 0.035037
vt 0.905032 0.043142
vt 0.904404 0.048844
vt 0.895437 0.045175
vt 0.931270 0.051886
vt 0.903287 0.035316
vt 0.905692 0.022769
vt 0.947418 0.043105
vt 0.920225 0.054819
vt 0.889134 0.028334
vt 0.889848 0.020168
vt 0.945831 0.033652
vt 0.888974 0.037898
vt 0.905927 0.054260
vt 0.073846 0.947964
vt 0.076290 0.965593
vt 0.062818 0.957304
vt 0.045290 0.972453
vt 0.045150 0.955754
vt 0.058778 0.970451
vt 0.108754 0.947998
vt 0.113239 0.966666
vt 0.093396 0.950174
vt 0.077523 0.920959
vt 0.084199 0.936692
vt 0.066069 0.931668
vt 0.028345 0.950153
vt 0.036216 0.943553
vt 0.045808 0.940956
vt 0.058128 0.943044
vt 0.094794 0.968970
vt 0.067914 0.979488
vt 0.058815 0.983975
vt 0.080855 0.983514
vt 0.051289 0.978855
vt 0.050091 0.985176
vt 0.030405 0.961835
vt 0.966954 0.405184
vt 0.970238 0.403741
vt 0.967478 0.409606
vt 0.970932 0.424542
vt 0.968442 0.441261
vt 0.958612 0.423990
vt 0.948148 0.452295
vt 0.948148 0.432154
vt 0.962338 0.418189
vt 0.964380 0.412193
vt 0.948287 0.416088
vt 0.971096 0.462800
vt 0.957845 0.405691
vt 0.956427 0.413792
vt 0.952765 0.408411
vt 0.962432 0.405020
vt 0.966089 0.400165
vt 0.965237 0.405168
vt 0.958879 0.399287
vt 0.953685 0.399753
vt 0.433751 0.970359
vt 0.433402 0.964853
vt 0.437697 0.964212
vt 0.429578 0.973046
vt 0.431042 0.977096
vt 0.427205 0.977923
vt 0.435918 0.959059
vt 0.438695 0.974273
vt 0.427518 0.973135
vt 0.431525 0.968794
vt 0.449359 0.963365
vt 0.439900 0.958306
vt 0.442112 0.959186
vt 0.438203 0.983526
vt 0.431863 0.982127
vt 0.423367 0.987158
vt 0.443291 0.979554
vt 0.448804 0.986969
vt 0.463365 0.974609
vt 0.449051 0.976527
vt 0.942528 0.840453
vt 0.939930 0.843977
vt 0.934510 0.843351
vt 0.954615 0.812125
vt 0.967955 0.820891
vt 0.952243 0.825219
vt 0.947489 0.834591
vt 0.955694 0.839186
vt 0.948326 0.839720
vt 0.948427 0.842418
vt 0.940506 0.826544
vt 0.937961 0.836088
vt 0.948654 0.798441
vt 0.941242 0.812117
vt 0.959484 0.842615
vt 0.953375 0.844987
vt 0.934827 0.798297
vt 0.965189 0.834650
vt 0.954692 0.832958
vt 0.945093 0.848793
vt 0.960301 0.847480
vt 0.964158 0.841904
vt 0.213464 0.004908
vt 0.216675 0.005529
vt 0.214534 0.006613
vt 0.223425 0.016423
vt 0.222446 0.013235
vt 0.224666 0.012954
vt 0.218925 0.014165
vt 0.221620 0.010993
vt 0.213074 0.010988
vt 0.220244 0.006759
vt 0.227749 0.011327
vt 0.214446 0.007969
vt 0.217482 0.002875
vt 0.226007 0.024156
vt 0.228769 0.016349
vt 0.237447 0.016449
vt 0.233527 0.012543
vt 0.225838 0.008311
vt 0.214208 0.014818
vt 0.239470 0.024393
vt 0.216799 0.019100
vt 0.909336 0.442745
vt 0.922091 0.450190
vt 0.907290 0.464413
vt 0.912050 0.495286
vt 0.920626 0.489158
vt 0.920611 0.494286
vt 0.925563 0.467207
vt 0.932472 0.458770
vt 0.922943 0.437063
vt 0.937537 0.439815
vt 0.919377 0.479812
vt 0.904762 0.481435
vt 0.928503 0.484411
vt 0.936640 0.493393
vt 0.927215 0.474443
vt 0.939496 0.480329
vt 0.937870 0.468723
vt 0.910749 0.502667
vt 0.907292 0.503868
vt 0.918854 0.499322
vt 0.926104 0.494318
vt 0.907021 0.507876
vt 0.028202 0.280703
vt 0.021631 0.272234
vt 0.027892 0.269591
vt 0.025139 0.250917
vt 0.016172 0.241276
vt 0.025000 0.241151
vt 0.016089 0.253008
vt 0.011746 0.246037
vt 0.004423 0.252209
vt 0.023328 0.261989
vt 0.015910 0.268025
vt 0.008288 0.261101
vt 0.019158 0.279894
vt 0.014292 0.275747
vt 0.007249 0.270356
vt 0.008643 0.287444
vt 0.002737 0.279573
vt 0.018791 0.231871
vt 0.019958 0.287585
vt 0.010179 0.302840
vt 0.023305 0.307720
vt 0.027874 0.298725
vt 0.027059 0.291387
vt 0.981592 0.899817
vt 0.978863 0.902047
vt 0.976023 0.898757
vt 0.967791 0.890986
vt 0.971706 0.891651
vt 0.969990 0.897331
vt 0.967113 0.903726
vt 0.972853 0.908148
vt 0.969456 0.912422
vt 0.968421 0.885328
vt 0.972103 0.885328
vt 0.961303 0.898000
vt 0.965389 0.894318
vt 0.970642 0.878414
vt 0.962465 0.908994
vt 0.955492 0.903995
vt 0.976164 0.891228
vt 0.975645 0.880901
vt 0.983679 0.888648
vt 0.973435 0.904165
vt 0.965092 0.887447
vt 0.977671 0.904840
vt 0.981144 0.872581
vt 0.554775 0.025928
vt 0.554584 0.036015
vt 0.548702 0.025141
vt 0.562395 0.027229
vt 0.560561 0.037383
vt 0.558293 0.023751
vt 0.560047 0.021678
vt 0.562467 0.022772
vt 0.552015 0.018681
vt 0.548730 0.038191
vt 0.562160 0.014003
vt 0.561278 0.018183
vt 0.560347 0.015326
vt 0.555250 0.018816
vt 0.551710 0.010369
vt 0.558115 0.016851
vt 0.560809 0.019734
vt 0.559888 0.012961
vt 0.560651 0.009868
vt 0.557603 0.011300
vt 0.558267 0.006656
vt 0.555189 0.003236
vt 0.015810 0.093630
vt 0.020376 0.077396
vt 0.026774 0.090451
vt 0.040924 0.122892
vt 0.036564 0.136665
vt 0.024716 0.132630
vt 0.029975 0.103067
vt 0.038160 0.112504
vt 0.024664 0.117393
vt 0.005895 0.149876
vt 0.013877 0.128087
vt 0.021568 0.101018
vt 0.016977 0.149876
vt 0.027092 0.148017
vt 0.038623 0.088385
vt 0.041779 0.098559
vt 0.018390 0.112880
vt 0.004854 0.097993
vt 0.004911 0.088708
vt 0.003227 0.121150
vt 0.012924 0.106224
vt 0.002880 0.136467
vt 0.002794 0.107201
vt 0.006692 0.077182
vt 0.034385 0.148279
vt 0.034404 0.077182
vt 0.966235 0.099184
vt 0.965509 0.093785
vt 0.970009 0.096572
vt 0.963689 0.082712
vt 0.964022 0.086458
vt 0.956476 0.087659
vt 0.960347 0.106580
vt 0.959091 0.097229
vt 0.966706 0.090280
vt 0.968133 0.093087
vt 0.959000 0.077381
vt 0.957598 0.071921
vt 0.962849 0.078930
vt 0.970948 0.102422
vt 0.965262 0.078347
vt 0.958415 0.079843
vt 0.951494 0.100070
vt 0.970911 0.079188
vt 0.968912 0.083060
vt 0.967777 0.086812
vt 0.954235 0.075806
vt 0.965606 0.075048
vt 0.955388 0.078414
vt 0.961835 0.068746
vt 0.954717 0.080923
vt 0.971422 0.114472
vt 0.959615 0.120557
vt 0.937331 0.742371
vt 0.933002 0.740695
vt 0.934677 0.737253
vt 0.930322 0.739471
vt 0.930081 0.744337
vt 0.925077 0.743922
vt 0.978961 0.760815
vt 0.965162 0.767379
vt 0.957325 0.755495
vt 0.966642 0.735869
vt 0.978808 0.747776
vt 0.960723 0.745029
vt 0.948505 0.745648
vt 0.938131 0.749561
vt 0.946713 0.756879
vt 0.953145 0.765614
vt 0.938952 0.764778
vt 0.954761 0.735086
vt 0.959299 0.726627
vt 0.932429 0.734604
vt 0.936253 0.732832
vt 0.971779 0.724436
vt 0.972249 0.775209
vt 0.942706 0.734383
vt 0.957946 0.782643
vt 0.978371 0.730318
vt 0.978861 0.737812
vt 0.125632 0.016259
vt 0.125992 0.016919
vt 0.122978 0.016997
vt 0.124680 0.015445
vt 0.122418 0.015544
vt 0.127959 0.012971
vt 0.120695 0.016580
vt 0.127873 0.015296
vt 0.129122 0.017399
vt 0.141980 0.002485
vt 0.138945 0.006193
vt 0.138744 0.001813
vt 0.136732 0.007573
vt 0.134081 0.007923
vt 0.028380 0.640716
vt 0.022317 0.637109
vt 0.013856 0.639704
vt 0.146354 0.067659
vt 0.143995 0.058199
vt 0.140044 0.052852
vt 0.133703 0.011624
vt 0.124200 0.018992
vt 0.124651 0.023510
vt 0.134526 0.003516
vt 0.136268 0.004188
vt 0.133104 0.021155
vt 0.412734 0.963896
vt 0.411283 0.965668
vt 0.410709 0.962219
vt 0.410814 0.960093
vt 0.127414 0.006630
vt 0.121201 0.012584
vt 0.135795 0.015872
vt 0.139796 0.010578
vt 0.131682 0.029509
vt 0.142545 0.016338
vt 0.121403 0.032272
vt 0.964025 0.395739
vt 0.956336 0.396698
vt 0.956018 0.385254
vt 0.949052 0.376679
vt 0.955928 0.373948
vt 0.954388 0.360035
vt 0.952069 0.354712
vt 0.956438 0.355145
vt 0.951560 0.350280
vt 0.954809 0.350587
vt 0.949158 0.367052
vt 0.949028 0.383586
vt 0.950586 0.359733
vt 0.953169 0.345793
vt 0.950226 0.389733
vt 0.950942 0.328586
vt 0.959995 0.326428
vt 0.958902 0.335348
vt 0.966849 0.331914
vt 0.970075 0.372199
vt 0.961721 0.377602
vt 0.960501 0.364008
vt 0.959870 0.347400
vt 0.950369 0.336814
vt 0.972174 0.380688
vt 0.966843 0.381909
vt 0.968496 0.341564
vt 0.971755 0.357467
vt 0.969610 0.387879
vt 0.948644 0.396698
vt 0.362714 0.949115
vt 0.364303 0.966786
vt 0.353085 0.962318
vt 0.375146 0.943004
vt 0.373540 0.953372
vt 0.350162 0.975334
vt 0.338109 0.964673
vt 0.348965 0.952162
vt 0.365370 0.934634
vt 0.329090 0.945824
vt 0.319976 0.946776
vt 0.324657 0.939877
vt 0.375631 0.965627
vt 0.341877 0.949030
vt 0.348259 0.945881
vt 0.335240 0.939581
vt 0.305383 0.949279
vt 0.327150 0.953915
vt 0.309880 0.958448
vt 0.372828 0.971297
vt 0.339230 0.954399
vt 0.354772 0.941772
vt 0.383144 0.974591
vt 0.312793 0.942694
vt 0.345442 0.939789
vt 0.355668 0.931326
vt 0.336538 0.946208
vt 0.319519 0.967948
vt 0.303912 0.941463
vt 0.303799 0.966083
vt 0.066768 0.201676
vt 0.060010 0.192635
vt 0.078770 0.194299
vt 0.067884 0.258799
vt 0.074004 0.259089
vt 0.069457 0.265162
vt 0.058281 0.204731
vt 0.069890 0.213076
vt 0.054106 0.215832
vt 0.077008 0.228531
vt 0.082792 0.217714
vt 0.062183 0.229011
vt 0.050398 0.203116
vt 0.082023 0.249090
vt 0.083812 0.256528
vt 0.083006 0.238667
vt 0.069680 0.244846
vt 0.074003 0.168959
vt 0.058248 0.178558
vt 0.083769 0.208431
vt 0.066709 0.253466
vt 0.120941 0.066118
vt 0.122699 0.076671
vt 0.112050 0.071359
vt 0.124512 0.094590
vt 0.110569 0.085840
vt 0.129728 0.082741
vt 0.131994 0.090561
vt 0.135981 0.086237
vt 0.133429 0.080327
vt 0.136037 0.091270
vt 0.135892 0.096111
vt 0.121463 0.060377
vt 0.125950 0.060872
vt 0.124849 0.062270
vt 0.124226 0.064803
vt 0.124183 0.068223
vt 0.125975 0.065943
vt 0.159521 0.109471
vt 0.164278 0.115742
vt 0.147926 0.123102
vt 0.153842 0.101019
vt 0.153308 0.108591
vt 0.139076 0.106076
vt 0.148240 0.094576
vt 0.122910 0.062642
vt 0.113544 0.062975
vt 0.118507 0.060835
vt 0.126395 0.070698
vt 0.105614 0.099419
vt 0.096717 0.090466
vt 0.140907 0.090494
vt 0.129312 0.075895
vt 0.164950 0.126148
vt 0.113449 0.058435
vt 0.657833 0.036690
vt 0.668613 0.044107
vt 0.659319 0.050337
vt 0.663895 0.063409
vt 0.673041 0.071117
vt 0.666375 0.072396
vt 0.689214 0.028954
vt 0.675439 0.039697
vt 0.675630 0.035567
vt 0.671241 0.055716
vt 0.679921 0.046863
vt 0.698863 0.049646
vt 0.692052 0.057006
vt 0.691594 0.045235
vt 0.686989 0.047348
vt 0.659201 0.076199
vt 0.643978 0.076387
vt 0.649019 0.059813
vt 0.671509 0.063145
vt 0.685202 0.060159
vt 0.687996 0.053197
vt 0.684749 0.052415
vt 0.648939 0.041166
vt 0.678837 0.063710
vt 0.637504 0.062602
vt 0.640862 0.046402
vt 0.632023 0.050847
vt 0.680381 0.055242
vt 0.667560 0.032152
vt 0.649090 0.087447
vt 0.674161 0.028442
vt 0.021002 0.186816
vt 0.011757 0.191724
vt 0.007596 0.180178
vt 0.035464 0.209122
vt 0.026972 0.209549
vt 0.028203 0.200291
vt 0.031102 0.223889
vt 0.018674 0.227851
vt 0.018906 0.212658
vt 0.037314 0.217192
vt 0.037909 0.222458
vt 0.031061 0.192671
vt 0.041345 0.188222
vt 0.035545 0.199064
vt 0.002902 0.188412
vt 0.019523 0.200753
vt 0.054433 0.188316
vt 0.051115 0.196736
vt 0.031458 0.180457
vt 0.015552 0.173599
vt 0.019144 0.152327
vt 0.026461 0.165698
vt 0.040506 0.164617
vt 0.002451 0.200523
vt 0.009567 0.169302
vt 0.000103 0.163321
vt 0.003864 0.173064
vt 0.043725 0.204377
vt 0.039775 0.201812
vt 0.043077 0.199981
vt 0.009242 0.214798
vt 0.039813 0.210925
vt 0.037907 0.213400
vt 0.035495 0.205237
vt 0.093728 0.072266
vt 0.094866 0.073181
vt 0.089350 0.071397
vt 0.085014 0.086923
vt 0.079286 0.073846
vt 0.088927 0.079667
vt 0.100423 0.085571
vt 0.103693 0.076630
vt 0.100924 0.075296
vt 0.104148 0.072989
vt 0.092988 0.070086
vt 0.095953 0.071252
vt 0.106439 0.077984
vt 0.104055 0.078886
vt 0.094585 0.076256
vt 0.099074 0.073178
vt 0.100390 0.077561
vt 0.099624 0.069889
vt 0.107699 0.067795
vt 0.104782 0.081253
vt 0.102580 0.079009
vt 0.097506 0.075172
vt 0.112130 0.052411
vt 0.095143 0.046987
vt 0.105668 0.032637
vt 0.097513 0.061267
vt 0.125223 0.035716
vt 0.095345 0.067945
vt 0.096559 0.073168
vt 0.099561 0.075967
vt 0.962318 0.469209
vt 0.964867 0.472111
vt 0.962043 0.474161
vt 0.969888 0.487465
vt 0.967135 0.481349
vt 0.970064 0.484055
vt 0.958468 0.482247
vt 0.960032 0.481910
vt 0.959968 0.487352
vt 0.967444 0.517042
vt 0.961309 0.524817
vt 0.957343 0.510537
vt 0.956842 0.495376
vt 0.948300 0.489194
vt 0.950380 0.481410
vt 0.965239 0.476124
vt 0.956303 0.472535
vt 0.948131 0.467333
vt 0.965618 0.504262
vt 0.948131 0.523214
vt 0.963597 0.495097
vt 0.966368 0.490301
vt 0.963461 0.482616
vt 0.964432 0.463574
vt 0.965826 0.469942
vt 0.965995 0.473611
vt 0.968175 0.475988
vt 0.967658 0.466552
vt 0.948295 0.500422
vt 0.969122 0.498361
vt 0.959553 0.462074
vt 0.403830 0.942579
vt 0.409603 0.950016
vt 0.396541 0.944815
vt 0.415578 0.964653
vt 0.416016 0.964202
vt 0.402998 0.954385
vt 0.423169 0.964721
vt 0.423921 0.961796
vt 0.430961 0.962117
vt 0.415343 0.961754
vt 0.419017 0.964193
vt 0.419266 0.966545
vt 0.392279 0.951167
vt 0.397586 0.958553
vt 0.390532 0.958075
vt 0.422767 0.960386
vt 0.419064 0.962012
vt 0.406772 0.962038
vt 0.401102 0.963680
vt 0.417473 0.963098
vt 0.393004 0.966596
vt 0.407258 0.972210
vt 0.390224 0.974564
vt 0.398319 0.973590
vt 0.401741 0.980590
vt 0.408161 0.956374
vt 0.391612 0.982434
vt 0.416725 0.958681
vt 0.413432 0.958578
vt 0.412081 0.958826
vt 0.143322 0.683784
vt 0.129145 0.685075
vt 0.133373 0.670537
vt 0.120762 0.675563
vt 0.163555 0.661452
vt 0.161583 0.649108
vt 0.173746 0.652012
vt 0.147598 0.643379
vt 0.139698 0.637926
vt 0.152437 0.628963
vt 0.139273 0.702448
vt 0.155352 0.642781
vt 0.152610 0.653620
vt 0.181092 0.667621
vt 0.166155 0.639366
vt 0.165052 0.683234
vt 0.149733 0.666865
vt 0.147930 0.657857
vt 0.140102 0.653265
vt 0.114168 0.693984
vt 0.103454 0.668260
vt 0.121858 0.658982
vt 0.112214 0.648789
vt 0.087888 0.632628
vt 0.127156 0.642065
vt 0.151724 0.695914
vt 0.185956 0.653401
vt 0.205515 0.673703
vt 0.185475 0.685610
vt 0.195946 0.661370
vt 0.083945 0.677700
vt 0.951172 0.533931
vt 0.966257 0.533031
vt 0.949090 0.540816
vt 0.962187 0.568589
vt 0.964844 0.571994
vt 0.957307 0.573923
vt 0.945275 0.563150
vt 0.938037 0.558827
vt 0.950223 0.556756
vt 0.961878 0.561680
vt 0.969713 0.566415
vt 0.974693 0.560879
vt 0.970342 0.572835
vt 0.969384 0.569957
vt 0.961499 0.554808
vt 0.952468 0.549644
vt 0.970181 0.549854
vt 0.944385 0.567950
vt 0.940301 0.573713
vt 0.935292 0.568535
vt 0.954581 0.567499
vt 0.962978 0.565772
vt 0.949323 0.572228
vt 0.965253 0.567697
vt 0.928541 0.573944
vt 0.961118 0.542770
vt 0.930957 0.564522
vt 0.976380 0.543561
vt 0.968778 0.542196
vt 0.973494 0.538080
vt 0.942705 0.552728
vt 0.926084 0.568371
vt 0.973907 0.555838
vt 0.935608 0.544485
vt 0.975266 0.552719
vt 0.462342 0.016172
vt 0.455578 0.009636
vt 0.463083 0.008565
vt 0.452541 0.027589
vt 0.443203 0.033551
vt 0.444897 0.023282
vt 0.467012 0.027924
vt 0.474313 0.019199
vt 0.474313 0.029042
vt 0.468388 0.033888
vt 0.460960 0.034873
vt 0.437209 0.025157
vt 0.439182 0.009684
vt 0.459764 0.029024
vt 0.463433 0.025805
vt 0.454268 0.037466
vt 0.450342 0.035044
vt 0.455269 0.032925
vt 0.474313 0.008565
vt 0.466962 0.020421
vt 0.474313 0.038342
vt 0.466442 0.041709
vt 0.428676 0.037962
vt 0.437665 0.043349
vt 0.460143 0.023366
vt 0.455236 0.018872
vt 0.428676 0.008565
vt 0.428676 0.025555
vt 0.450450 0.020422
vt 0.448036 0.011042
vt 0.456938 0.042945
vt 0.448446 0.042096
vt 0.441167 0.060330
vt 0.432485 0.046175
vt 0.450751 0.048990
vt 0.466494 0.056431
vt 0.466995 0.050244
vt 0.475839 0.055867
vt 0.464633 0.053227
vt 0.460144 0.062250
vt 0.461392 0.063222
vt 0.460554 0.066087
vt 0.413221 0.047748
vt 0.424660 0.060291
vt 0.460886 0.059619
vt 0.455893 0.060368
vt 0.466716 0.065059
vt 0.463272 0.060981
vt 0.469008 0.074785
vt 0.462842 0.071074
vt 0.461521 0.071753
vt 0.461484 0.069064
vt 0.463181 0.066639
vt 0.459198 0.070286
vt 0.469812 0.044250
vt 0.463055 0.056779
vt 0.462205 0.054578
vt 0.460365 0.055472
vt 0.459433 0.051291
vt 0.450037 0.072089
vt 0.479804 0.069423
vt 0.429492 0.074538
vt 0.413486 0.070300
vt 0.465084 0.046403
vt 0.461833 0.051454
vt 0.463195 0.050785
vt 0.461122 0.074356
vt 0.415157 0.060020
vt 0.014790 0.952855
vt 0.017050 0.958059
vt 0.007001 0.956441
vt 0.010653 0.934942
vt 0.011762 0.939561
vt 0.008514 0.936486
vt 0.013494 0.966671
vt 0.009573 0.972548
vt 0.013364 0.945479
vt 0.018107 0.950397
vt 0.025187 0.905709
vt 0.042521 0.907834
vt 0.025869 0.923379
vt 0.011618 0.911761
vt 0.013860 0.923337
vt 0.031395 0.941606
vt 0.051837 0.927323
vt 0.006370 0.969472
vt 0.012906 0.932258
vt 0.007797 0.929559
vt 0.011081 0.927492
vt 0.015034 0.930133
vt 0.014007 0.937572
vt 0.015345 0.941835
vt 0.017665 0.945426
vt 0.024394 0.951502
vt 0.024443 0.957870
vt 0.019991 0.967245
vt 0.021424 0.947226
vt 0.022115 0.943374
vt 0.025110 0.948805
vt 0.018090 0.941097
vt 0.008236 0.897404
vt 0.018272 0.943895
vt 0.014397 0.934091
vt 0.019430 0.936112
vt 0.019635 0.947165
vt 0.012482 0.925136
vt 0.020162 0.945094
vt 0.152036 0.250969
vt 0.140407 0.247525
vt 0.154489 0.242781
vt 0.126381 0.243053
vt 0.136455 0.227409
vt 0.146270 0.235725
vt 0.135055 0.267774
vt 0.144494 0.261646
vt 0.144237 0.269917
vt 0.154528 0.221499
vt 0.167983 0.220022
vt 0.163851 0.232998
vt 0.153200 0.201268
vt 0.170232 0.209493
vt 0.115353 0.251852
vt 0.124542 0.254583
vt 0.130531 0.187847
vt 0.147371 0.176088
vt 0.139974 0.193424
vt 0.144629 0.215853
vt 0.169612 0.182469
vt 0.125043 0.261380
vt 0.132778 0.260907
vt 0.118640 0.184342
vt 0.123721 0.167721
vt 0.135394 0.131761
vt 0.101464 0.131761
vt 0.101464 0.181250
vt 0.139294 0.255465
vt 0.127545 0.211097
vt 0.117653 0.193456
vt 0.102189 0.205657
vt 0.171705 0.158106
vt 0.101533 0.251574
vt 0.118780 0.233002
vt 0.126666 0.268815
vt 0.101464 0.228603
vt 0.172051 0.196705
vt 0.173313 0.131761
vt 0.299964 0.109887
vt 0.300908 0.108686
vt 0.301836 0.109038
vt 0.265246 0.147831
vt 0.257651 0.142969
vt 0.270274 0.139056
vt 0.254156 0.143126
vt 0.244677 0.151620
vt 0.247769 0.146040
vt 0.296449 0.119492
vt 0.301322 0.131972
vt 0.288128 0.124350
vt 0.294035 0.117215
vt 0.273255 0.154927
vt 0.259039 0.155310
vt 0.306084 0.119414
vt 0.302873 0.148544
vt 0.313377 0.140762
vt 0.274692 0.131958
vt 0.269578 0.134309
vt 0.317916 0.128549
vt 0.315466 0.110801
vt 0.285845 0.140899
vt 0.289117 0.159575
vt 0.300220 0.162388
vt 0.321280 0.152393
vt 0.321664 0.140730
vt 0.312690 0.165976
vt 0.332071 0.141792
vt 0.308743 0.097911
vt 0.313584 0.098417
vt 0.301951 0.107177
vt 0.329286 0.164209
vt 0.341216 0.154215
vt 0.338116 0.132012
vt 0.345902 0.144810
vt 0.266175 0.136128
vt 0.936257 0.907905
vt 0.934253 0.898673
vt 0.939842 0.898639
vt 0.928781 0.873496
vt 0.935162 0.884244
vt 0.928045 0.886001
vt 0.932708 0.890442
vt 0.938275 0.888559
vt 0.937635 0.892456
vt 0.930198 0.905544
vt 0.924333 0.900871
vt 0.945190 0.876382
vt 0.942715 0.884435
vt 0.938263 0.875912
vt 0.942258 0.891793
vt 0.945481 0.896148
vt 0.917723 0.894001
vt 0.919979 0.885242
vt 0.923017 0.895592
vt 0.940673 0.866909
vt 0.948391 0.869966
vt 0.946116 0.860204
vt 0.954467 0.864305
vt 0.955459 0.859471
vt 0.962325 0.860283
vt 0.964943 0.866581
vt 0.943525 0.902747
vt 0.955408 0.873014
vt 0.949449 0.875422
vt 0.969535 0.873074
vt 0.958839 0.878699
vt 0.942478 0.907770
vt 0.951225 0.883207
vt 0.963063 0.884136
vt 0.948637 0.909111
vt 0.958057 0.888366
vt 0.947195 0.889949
vt 0.953114 0.892980
vt 0.948296 0.900372
vt 0.953971 0.900031
vt 0.941446 0.912422
vt 0.088988 0.873733
vt 0.079912 0.878540
vt 0.080969 0.869173
vt 0.078013 0.901827
vt 0.083728 0.911010
vt 0.075938 0.913534
vt 0.086253 0.881831
vt 0.092430 0.879141
vt 0.070057 0.847584
vt 0.080863 0.835336
vt 0.081310 0.843320
vt 0.076092 0.863840
vt 0.070239 0.875068
vt 0.089253 0.855039
vt 0.085315 0.850148
vt 0.095285 0.848598
vt 0.088734 0.860037
vt 0.083239 0.859636
vt 0.088143 0.835752
vt 0.088104 0.843543
vt 0.095287 0.861978
vt 0.089454 0.866498
vt 0.093053 0.840759
vt 0.069985 0.899441
vt 0.074700 0.893325
vt 0.082682 0.825835
vt 0.069264 0.838017
vt 0.068845 0.826687
vt 0.092475 0.827586
vt 0.094623 0.819292
vt 0.085826 0.813377
vt 0.093040 0.831283
vt 0.076995 0.853623
vt 0.068905 0.863433
vt 0.075325 0.884614
vt 0.081208 0.889529
vt 0.093770 0.834235
vt 0.087813 0.898234
vt 0.070932 0.885941
vt 0.093822 0.887200
vt 0.095287 0.894359
vt 0.081074 0.919188
vt 0.095276 0.899719
vt 0.095287 0.907580
vt 0.092904 0.919188
vt 0.073800 0.813377
vt 0.617292 0.066576
vt 0.623215 0.065663
vt 0.618654 0.071213
vt 0.635246 0.067271
vt 0.636912 0.071087
vt 0.627994 0.069255
vt 0.629484 0.062044
vt 0.606659 0.061615
vt 0.609019 0.055196
vt 0.614097 0.058592
vt 0.603230 0.074639
vt 0.602994 0.078787
vt 0.598944 0.078895
vt 0.606772 0.076667
vt 0.610495 0.071307
vt 0.609441 0.076591
vt 0.613060 0.064908
vt 0.591985 0.061997
vt 0.602355 0.058334
vt 0.596540 0.066852
vt 0.604690 0.068019
vt 0.609847 0.063797
vt 0.596014 0.075476
vt 0.589695 0.073607
vt 0.606863 0.079787
vt 0.624919 0.079025
vt 0.590447 0.054995
vt 0.603881 0.050214
vt 0.621108 0.061244
vt 0.613326 0.078140
vt 0.599888 0.083227
vt 0.603313 0.080991
vt 0.594639 0.047869
vt 0.572036 0.078517
vt 0.574866 0.070815
vt 0.582160 0.071917
vt 0.571115 0.069944
vt 0.576289 0.062568
vt 0.590259 0.069004
vt 0.584528 0.059854
vt 0.637590 0.082612
vt 0.588460 0.078737
vt 0.590812 0.082900
vt 0.576841 0.077431
vt 0.584220 0.077502
vt 0.577064 0.080012
vt 0.583838 0.081045
vt 0.594785 0.082870
vt 0.736046 0.157570
vt 0.726332 0.150148
vt 0.737660 0.146269
vt 0.691027 0.157433
vt 0.694552 0.145058
vt 0.708175 0.153579
vt 0.749627 0.150492
vt 0.772513 0.143728
vt 0.763033 0.149145
vt 0.760202 0.132502
vt 0.746466 0.162624
vt 0.734631 0.174191
vt 0.758474 0.160881
vt 0.772496 0.149705
vt 0.677349 0.170598
vt 0.673212 0.147297
vt 0.711958 0.184855
vt 0.709752 0.168033
vt 0.720604 0.163750
vt 0.697300 0.170767
vt 0.657231 0.162354
vt 0.752653 0.174431
vt 0.770514 0.158032
vt 0.658156 0.146444
vt 0.690842 0.186871
vt 0.697994 0.197023
vt 0.677289 0.189578
vt 0.667073 0.181527
vt 0.685434 0.194146
vt 0.730155 0.141248
vt 0.663276 0.175138
vt 0.683564 0.136302
vt 0.667836 0.134234
vt 0.781243 0.146186
vt 0.746203 0.138430
vt 0.736602 0.135740
vt 0.719325 0.139913
vt 0.785176 0.162116
vt 0.772933 0.164017
vt 0.784786 0.156121
vt 0.747824 0.188967
vt 0.728074 0.192983
vt 0.766255 0.173584
vt 0.655717 0.172566
vt 0.793155 0.145777
vt 0.658691 0.139299
vt 0.698675 0.134021
vt 0.729239 0.133777
vt 0.706775 0.139284
vt 0.751934 0.132290
vt 0.758328 0.988270
vt 0.751258 0.981550
vt 0.758006 0.975650
vt 0.750762 0.968135
vt 0.748287 0.959499
vt 0.753870 0.955314
vt 0.735003 0.977370
vt 0.727280 0.962891
vt 0.735578 0.965489
vt 0.761224 0.964904
vt 0.765643 0.977129
vt 0.747256 0.943691
vt 0.752307 0.942585
vt 0.747868 0.952715
vt 0.769237 0.958292
vt 0.767365 0.946288
vt 0.774860 0.950025
vt 0.791232 0.965194
vt 0.800097 0.954880
vt 0.799610 0.968636
vt 0.762238 0.953711
vt 0.772661 0.969650
vt 0.760422 0.942687
vt 0.739493 0.951794
vt 0.743030 0.962022
vt 0.744091 0.950421
vt 0.732871 0.987890
vt 0.726909 0.978473
vt 0.740821 0.974096
vt 0.744709 0.975971
vt 0.745011 0.971245
vt 0.745987 0.980806
vt 0.747326 0.975676
vt 0.779954 0.959205
vt 0.785364 0.979821
vt 0.739810 0.938840
vt 0.735485 0.942495
vt 0.743913 0.941238
vt 0.742173 0.983056
vt 0.738325 0.988270
vt 0.798110 0.987243
vt 0.782447 0.945753
vt 0.735981 0.950629
vt 0.775965 0.939733
vt 0.733584 0.949322
vt 0.792142 0.945000
vt 0.775990 0.988080
vt 0.726909 0.954119
vt 0.727829 0.988131
vt 0.472468 0.958499
vt 0.465845 0.967401
vt 0.462851 0.953368
vt 0.476891 0.976681
vt 0.475399 0.978636
vt 0.476493 0.975040
vt 0.483901 0.961576
vt 0.481201 0.960869
vt 0.482044 0.959552
vt 0.479348 0.963118
vt 0.482402 0.964192
vt 0.474275 0.973341
vt 0.476521 0.969419
vt 0.477539 0.972085
vt 0.458773 0.966202
vt 0.451698 0.959396
vt 0.479914 0.966273
vt 0.475657 0.964004
vt 0.481615 0.954315
vt 0.483616 0.953206
vt 0.483898 0.957289
vt 0.480512 0.972630
vt 0.477507 0.951371
vt 0.478037 0.955510
vt 0.482641 0.958266
vt 0.487900 0.968209
vt 0.487147 0.956238
vt 0.470459 0.968157
vt 0.474710 0.967675
vt 0.480009 0.969562
vt 0.477337 0.979602
vt 0.476534 0.984129
vt 0.475733 0.983412
vt 0.502112 0.983875
vt 0.516838 0.971204
vt 0.473242 0.978068
vt 0.477810 0.959836
vt 0.470768 0.976337
vt 0.470997 0.980748
vt 0.482871 0.978441
vt 0.473946 0.982479
vt 0.475532 0.980364
vt 0.480780 0.958131
vt 0.472713 0.970805
vt 0.472153 0.983873
vt 0.502436 0.955422
vt 0.466536 0.975474
vt 0.956537 0.050764
vt 0.954337 0.054725
vt 0.952728 0.050619
vt 0.966596 0.060927
vt 0.959844 0.061940
vt 0.962493 0.056949
vt 0.947905 0.058701
vt 0.950413 0.052934
vt 0.955541 0.047781
vt 0.966518 0.034652
vt 0.963724 0.041000
vt 0.962412 0.039044
vt 0.952351 0.060260
vt 0.947512 0.065386
vt 0.961075 0.045126
vt 0.960678 0.042618
vt 0.942485 0.064351
vt 0.941885 0.057905
vt 0.968028 0.028363
vt 0.961407 0.030687
vt 0.965059 0.025125
vt 0.970757 0.029334
vt 0.957292 0.057464
vt 0.965083 0.042499
vt 0.960372 0.049808
vt 0.960803 0.036008
vt 0.954287 0.065939
vt 0.968860 0.037292
vt 0.972662 0.029421
vt 0.972175 0.035500
vt 0.967100 0.051896
vt 0.973138 0.051915
vt 0.972580 0.023778
vt 0.956446 0.043903
vt 0.958533 0.045529
vt 0.968691 0.043642
vt 0.962336 0.053273
vt 0.976835 0.041842
vt 0.959119 0.059668
vt 0.958568 0.048368
vt 0.948093 0.051867
vt 0.953964 0.045863
vt 0.962196 0.023206
vt 0.957007 0.038168
vt 0.958834 0.040564
vt 0.973737 0.036142
vt 0.034237 0.698655
vt 0.031696 0.709965
vt 0.028787 0.700794
vt 0.025267 0.691855
vt 0.028171 0.681448
vt 0.030181 0.723165
vt 0.029016 0.714729
vt 0.034334 0.723444
vt 0.027208 0.705896
vt 0.021172 0.701172
vt 0.017362 0.699696
vt 0.019284 0.696486
vt 0.022599 0.731776
vt 0.026186 0.727635
vt 0.026548 0.731851
vt 0.041839 0.699684
vt 0.041894 0.707188
vt 0.028895 0.724843
vt 0.029412 0.729515
vt 0.026306 0.713725
vt 0.027364 0.719426
vt 0.038826 0.715292
vt 0.021893 0.697646
vt 0.040139 0.688736
vt 0.019568 0.689328
vt 0.019440 0.675940
vt 0.024185 0.714068
vt 0.029703 0.738752
vt 0.024158 0.703677
vt 0.025741 0.709316
vt 0.023016 0.707336
vt 0.024866 0.698836
vt 0.032826 0.734294
vt 0.033678 0.677442
vt 0.029650 0.746094
vt 0.021672 0.746178
vt 0.028487 0.742731
vt 0.019308 0.739799
vt 0.018073 0.703992
vt 0.025345 0.721484
vt 0.022877 0.662494
vt 0.035276 0.670704
vt 0.022922 0.715450
vt 0.019455 0.693987
vt 0.021962 0.694324
vt 0.023828 0.724957
vt 0.023393 0.720848
vt 0.023005 0.724358
vt 0.018744 0.711880
vt 0.040942 0.679893
vt 0.041047 0.670596
vt 0.036726 0.661268
vt 0.031772 0.573153
vt 0.031743 0.585995
vt 0.023224 0.573168
vt 0.044977 0.574171
vt 0.028387 0.597699
vt 0.024188 0.587183
vt 0.036939 0.625252
vt 0.028061 0.613203
vt 0.039324 0.603242
vt 0.032229 0.653117
vt 0.037244 0.650875
vt 0.041629 0.659846
vt 0.021945 0.653172
vt 0.015098 0.651632
vt 0.019479 0.644458
vt 0.022841 0.640869
vt 0.029056 0.643920
vt 0.027417 0.646070
vt 0.023937 0.649074
vt 0.018811 0.661246
vt 0.010008 0.660163
vt 0.011234 0.649052
vt 0.053015 0.609566
vt 0.051762 0.588887
vt 0.061196 0.598307
vt 0.022875 0.639379
vt 0.019500 0.640873
vt 0.019843 0.639174
vt 0.009595 0.605519
vt 0.016319 0.605237
vt 0.015846 0.618712
vt 0.026884 0.651975
vt 0.021891 0.617116
vt 0.021179 0.598576
vt 0.015422 0.643522
vt 0.051855 0.626729
vt 0.048281 0.645835
vt 0.022555 0.638421
vt 0.030547 0.658988
vt 0.009595 0.625392
vt 0.037163 0.646682
vt 0.016718 0.577978
vt 0.024848 0.656370
vt 0.019487 0.627819
vt 0.015810 0.641040
vt 0.009622 0.581288
vt 0.027442 0.628310
vt 0.013758 0.634266
vt 0.034393 0.639304
vt 0.150930 0.090631
vt 0.151522 0.073668
vt 0.159260 0.080420
vt 0.174483 0.056634
vt 0.178203 0.054285
vt 0.179322 0.059478
vt 0.179525 0.064635
vt 0.179487 0.072251
vt 0.172559 0.062748
vt 0.144351 0.066946
vt 0.139945 0.065472
vt 0.140415 0.058418
vt 0.144887 0.074779
vt 0.145001 0.081518
vt 0.140294 0.069199
vt 0.142329 0.073054
vt 0.135429 0.066234
vt 0.134997 0.060290
vt 0.130118 0.060055
vt 0.185764 0.063649
vt 0.149433 0.063170
vt 0.181952 0.083493
vt 0.170030 0.080203
vt 0.193426 0.080044
vt 0.193426 0.071445
vt 0.139769 0.054713
vt 0.174434 0.090606
vt 0.164130 0.087770
vt 0.140387 0.056082
vt 0.184249 0.056204
vt 0.192187 0.057766
vt 0.183307 0.050043
vt 0.172011 0.051131
vt 0.193426 0.065039
vt 0.162274 0.100542
vt 0.134475 0.076170
vt 0.136217 0.072026
vt 0.139729 0.075429
vt 0.139936 0.073786
vt 0.164158 0.069687
vt 0.169424 0.056082
vt 0.192076 0.108077
vt 0.190126 0.099078
vt 0.142185 0.075208
vt 0.193426 0.090698
vt 0.173842 0.112608
vt 0.192363 0.051725
vt 0.180794 0.051983
vt 0.142770 0.049857
vt 0.155196 0.064488
vt 0.153592 0.052976
vt 0.150796 0.046804
vt 0.162719 0.059514
vt 0.164416 0.049468
vt 0.007907 0.859974
vt 0.012075 0.854416
vt 0.015489 0.863746
vt 0.018520 0.843127
vt 0.028346 0.839146
vt 0.027629 0.847373
vt 0.020127 0.859234
vt 0.051840 0.835773
vt 0.051873 0.847865
vt 0.044985 0.836588
vt 0.034673 0.846943
vt 0.035471 0.886617
vt 0.038138 0.881516
vt 0.041216 0.887786
vt 0.025860 0.829816
vt 0.036982 0.831585
vt 0.039940 0.899828
vt 0.022124 0.868274
vt 0.013954 0.875492
vt 0.020152 0.851761
vt 0.027206 0.862345
vt 0.024069 0.856913
vt 0.036761 0.853372
vt 0.045015 0.859669
vt 0.038163 0.861600
vt 0.029850 0.855186
vt 0.043379 0.851315
vt 0.040155 0.842395
vt 0.014582 0.826575
vt 0.019652 0.828457
vt 0.017385 0.833299
vt 0.021066 0.823297
vt 0.029409 0.823475
vt 0.035755 0.876133
vt 0.035948 0.871088
vt 0.040858 0.872780
vt 0.008203 0.835297
vt 0.032582 0.850120
vt 0.029846 0.876694
vt 0.027903 0.883453
vt 0.025090 0.875412
vt 0.009447 0.846113
vt 0.050472 0.823297
vt 0.033605 0.865869
vt 0.039898 0.868310
vt 0.031682 0.860953
vt 0.030189 0.871734
vt 0.051873 0.859518
vt 0.017077 0.888188
vt 0.036570 0.823297
vt 0.033202 0.879061
vt 0.010952 0.866180
vt 0.051873 0.871500
vt 0.042768 0.878452
vt 0.020465 0.899828
vt 0.621457 0.031480
vt 0.616377 0.029744
vt 0.622506 0.028156
vt 0.608169 0.020952
vt 0.619436 0.024454
vt 0.608963 0.026549
vt 0.588478 0.015589
vt 0.601973 0.013005
vt 0.596915 0.019675
vt 0.606356 0.030247
vt 0.602481 0.031970
vt 0.602130 0.028383
vt 0.590472 0.027843
vt 0.597041 0.025398
vt 0.596569 0.029772
vt 0.581989 0.032362
vt 0.579659 0.031766
vt 0.580197 0.028982
vt 0.586636 0.030949
vt 0.590580 0.030583
vt 0.589473 0.032875
vt 0.579430 0.033266
vt 0.588739 0.022870
vt 0.619410 0.008558
vt 0.623258 0.016662
vt 0.611279 0.028906
vt 0.593242 0.030702
vt 0.576546 0.022988
vt 0.576532 0.013423
vt 0.613360 0.034032
vt 0.614775 0.037884
vt 0.610857 0.035490
vt 0.605205 0.033577
vt 0.609606 0.032248
vt 0.606197 0.037093
vt 0.617810 0.032875
vt 0.607105 0.004740
vt 0.581010 0.036292
vt 0.623258 0.034542
vt 0.595792 0.005055
vt 0.583972 0.009800
vt 0.592411 0.032524
vt 0.609841 0.034080
vt 0.599151 0.032486
vt 0.600453 0.035226
vt 0.617863 0.030932
vt 0.595320 0.032565
vt 0.596210 0.035192
vt 0.592870 0.034970
vt 0.584800 0.033466
vt 0.594614 0.042240
vt 0.585126 0.004740
vt 0.588407 0.035947
vt 0.607919 0.047825
vt 0.576532 0.043843
vt 0.581974 0.056089
vt 0.508052 0.063726
vt 0.513787 0.065868
vt 0.498554 0.077166
vt 0.502767 0.043190
vt 0.510288 0.039636
vt 0.503564 0.050088
vt 0.522165 0.058826
vt 0.518992 0.055843
vt 0.525993 0.054251
vt 0.535853 0.083322
vt 0.525942 0.082107
vt 0.537147 0.071211
vt 0.546653 0.055417
vt 0.542596 0.048934
vt 0.550913 0.051502
vt 0.552749 0.046937
vt 0.546126 0.040488
vt 0.529693 0.061130
vt 0.531882 0.057049
vt 0.509242 0.077303
vt 0.562244 0.047883
vt 0.560011 0.052619
vt 0.521035 0.047384
vt 0.556044 0.055798
vt 0.558655 0.041574
vt 0.537662 0.057252
vt 0.522460 0.032075
vt 0.507648 0.057606
vt 0.525076 0.097972
vt 0.532569 0.043552
vt 0.531734 0.051253
vt 0.517465 0.060880
vt 0.519943 0.062379
vt 0.484652 0.053421
vt 0.490243 0.063106
vt 0.528445 0.069872
vt 0.533858 0.065024
vt 0.549745 0.078237
vt 0.543475 0.077864
vt 0.548061 0.072517
vt 0.535588 0.035786
vt 0.542836 0.035969
vt 0.518395 0.076341
vt 0.559646 0.078050
vt 0.554468 0.067376
vt 0.568835 0.069685
vt 0.509808 0.096687
vt 0.516211 0.058660
vt 0.544306 0.062890
vt 0.562652 0.063281
vt 0.552350 0.060543
vt 0.558998 0.059694
vt 0.534959 0.061417
vt 0.537759 0.063319
vt 0.495106 0.069234
vt 0.517171 0.069922
vt 0.493593 0.046128
vt 0.522448 0.065508
vt 0.510429 0.082631
vt 0.538230 0.090967
vt 0.547844 0.085192
vt 0.123936 0.107179
vt 0.130123 0.103864
vt 0.129239 0.111861
vt 0.120932 0.110816
vt 0.126989 0.119885
vt 0.120388 0.120942
vt 0.727750 0.116512
vt 0.728583 0.123015
vt 0.724926 0.122570
vt 0.705203 0.093619
vt 0.705162 0.102988
vt 0.696224 0.093592
vt 0.731292 0.108114
vt 0.729895 0.103746
vt 0.734179 0.103940
vt 0.730466 0.120948
vt 0.726867 0.101869
vt 0.727187 0.096631
vt 0.729737 0.101041
vt 0.722324 0.128670
vt 0.720371 0.120366
vt 0.728572 0.110716
vt 0.730424 0.113587
vt 0.728181 0.112121
vt 0.695098 0.105540
vt 0.724863 0.104256
vt 0.727582 0.106198
vt 0.726313 0.109947
vt 0.726335 0.103796
vt 0.689821 0.069902
vt 0.705012 0.087302
vt 0.729927 0.108776
vt 0.724558 0.099688
vt 0.723127 0.100491
vt 0.733620 0.096597
vt 0.722489 0.096180
vt 0.699588 0.116174
vt 0.720118 0.090418
vt 0.724672 0.091611
vt 0.720057 0.100128
vt 0.685856 0.103080
vt 0.675083 0.100657
vt 0.682815 0.086286
vt 0.716772 0.091895
vt 0.711200 0.088669
vt 0.711476 0.095440
vt 0.728363 0.089432
vt 0.713599 0.118389
vt 0.721214 0.111604
vt 0.702636 0.128285
vt 0.688589 0.117982
vt 0.716215 0.133559
vt 0.722862 0.086287
vt 0.714148 0.105152
vt 0.731310 0.117227
vt 0.737208 0.121878
vt 0.733729 0.124116
vt 0.745640 0.104566
vt 0.738002 0.112742
vt 0.681763 0.132294
vt 0.671869 0.118710
vt 0.730976 0.126010
vt 0.733489 0.131104
vt 0.729203 0.130237
vt 0.736640 0.131610
vt 0.666101 0.087188
vt 0.731935 0.112436
vt 0.708877 0.083200
vt 0.716143 0.086443
vt 0.665518 0.128987
vt 0.746423 0.131747
vt 0.726642 0.127603
vt 0.756611 0.125402
vt 0.924147 0.773464
vt 0.935866 0.783045
vt 0.926991 0.782996
vt 0.936016 0.752695
vt 0.923507 0.755321
vt 0.926592 0.748794
vt 0.933244 0.789922
vt 0.927932 0.793123
vt 0.913062 0.741180
vt 0.913694 0.745903
vt 0.906632 0.742993
vt 0.918367 0.779364
vt 0.870486 0.777706
vt 0.871039 0.757304
vt 0.885912 0.767315
vt 0.905134 0.774739
vt 0.911599 0.780270
vt 0.909103 0.789263
vt 0.884140 0.754122
vt 0.876623 0.750035
vt 0.878581 0.742401
vt 0.930963 0.823609
vt 0.921876 0.801187
vt 0.936016 0.808543
vt 0.873972 0.876240
vt 0.891394 0.861163
vt 0.916735 0.875515
vt 0.915204 0.752173
vt 0.907495 0.749895
vt 0.909887 0.754839
vt 0.885356 0.786028
vt 0.932069 0.844836
vt 0.936016 0.866655
vt 0.897172 0.767480
vt 0.905411 0.765844
vt 0.890528 0.758378
vt 0.890945 0.752486
vt 0.898077 0.758456
vt 0.901023 0.844672
vt 0.922564 0.761837
vt 0.915772 0.765213
vt 0.915839 0.758296
vt 0.871253 0.794815
vt 0.921981 0.766231
vt 0.886540 0.745196
vt 0.911534 0.771843
vt 0.883624 0.732046
vt 0.903698 0.754506
vt 0.908162 0.759360
vt 0.896855 0.747920
vt 0.898902 0.737684
vt 0.915463 0.838107
vt 0.912750 0.806871
vt 0.929499 0.760846
vt 0.936016 0.765978
vt 0.927890 0.767454
vt 0.917746 0.788308
vt 0.935829 0.774894
vt 0.879962 0.805501
vt 0.916606 0.771182
vt 0.899714 0.820850
vt 0.913558 0.735287
vt 0.897040 0.780089
vt 0.898293 0.797341
vt 0.920594 0.747743
vt 0.871341 0.823589
vt 0.871798 0.848479
vt 0.892613 0.762687
vt 0.903650 0.732046
vt 0.214664 0.132359
vt 0.210360 0.142488
vt 0.203640 0.130564
vt 0.212604 0.088643
vt 0.215098 0.103353
vt 0.208205 0.097099
vt 0.277281 0.099883
vt 0.268141 0.090574
vt 0.272929 0.084546
vt 0.221684 0.089858
vt 0.213919 0.078155
vt 0.233713 0.096889
vt 0.227142 0.095736
vt 0.227462 0.085459
vt 0.222091 0.099547
vt 0.199535 0.123738
vt 0.195176 0.115303
vt 0.208202 0.112826
vt 0.232064 0.138269
vt 0.224235 0.126688
vt 0.231832 0.127227
vt 0.223081 0.141910
vt 0.279391 0.092835
vt 0.250678 0.068694
vt 0.257234 0.079318
vt 0.245157 0.076151
vt 0.240403 0.062022
vt 0.254681 0.066598
vt 0.258653 0.072518
vt 0.261710 0.067568
vt 0.257519 0.102707
vt 0.254938 0.107881
vt 0.252444 0.097046
vt 0.201812 0.102438
vt 0.250964 0.085963
vt 0.195935 0.087914
vt 0.259326 0.089274
vt 0.262762 0.085471
vt 0.262641 0.098981
vt 0.272408 0.073343
vt 0.276214 0.074704
vt 0.276690 0.081923
vt 0.264190 0.078829
vt 0.266971 0.073213
vt 0.221048 0.112377
vt 0.213740 0.122084
vt 0.207440 0.121488
vt 0.222458 0.071154
vt 0.232644 0.074976
vt 0.269282 0.101554
vt 0.278164 0.085318
vt 0.240292 0.088655
vt 0.272716 0.111203
vt 0.260264 0.105798
vt 0.241442 0.099275
vt 0.266062 0.108851
vt 0.232896 0.066620
vt 0.215868 0.141104
vt 0.260614 0.115496
vt 0.278319 0.112583
vt 0.229230 0.106696
vt 0.197553 0.109166
vt 0.252540 0.118685
vt 0.246006 0.126341
vt 0.243561 0.115423
vt 0.237939 0.108660
vt 0.246248 0.107556
vt 0.234886 0.122668
vt 0.238984 0.119722
vt 0.238648 0.131333
vt 0.229505 0.118432
vt 0.234046 0.114955
vt 0.948666 0.232985
vt 0.954175 0.231678
vt 0.951696 0.233725
vt 0.967192 0.240758
vt 0.962107 0.237550
vt 0.967568 0.237714
vt 0.966450 0.229106
vt 0.953943 0.224024
vt 0.964185 0.219652
vt 0.922200 0.265439
vt 0.916566 0.258750
vt 0.935714 0.261088
vt 0.963587 0.233878
vt 0.957015 0.234774
vt 0.946073 0.231877
vt 0.949019 0.231030
vt 0.939724 0.274342
vt 0.933024 0.282827
vt 0.927018 0.277238
vt 0.952832 0.263240
vt 0.955457 0.257759
vt 0.970249 0.264204
vt 0.942735 0.269742
vt 0.934320 0.270092
vt 0.933112 0.265857
vt 0.927819 0.269058
vt 0.950650 0.251256
vt 0.952993 0.245872
vt 0.968482 0.254282
vt 0.954415 0.236104
vt 0.955058 0.234376
vt 0.955194 0.277580
vt 0.950569 0.268842
vt 0.965252 0.274075
vt 0.949232 0.279873
vt 0.950226 0.286461
vt 0.942277 0.280216
vt 0.925983 0.253215
vt 0.911479 0.253567
vt 0.921524 0.244161
vt 0.942273 0.288167
vt 0.966534 0.247246
vt 0.940128 0.253588
vt 0.936987 0.237690
vt 0.943366 0.238847
vt 0.936896 0.243499
vt 0.922602 0.234493
vt 0.930816 0.231792
vt 0.920434 0.274446
vt 0.936942 0.234028
vt 0.946957 0.275604
vt 0.916822 0.271545
vt 0.907279 0.266510
vt 0.943849 0.220782
vt 0.944700 0.228564
vt 0.948139 0.233920
vt 0.946449 0.235919
vt 0.972112 0.233969
vt 0.950778 0.235309
vt 0.952968 0.239238
vt 0.957004 0.236719
vt 0.941547 0.230535
vt 0.938914 0.229989
vt 0.939967 0.226187
vt 0.960099 0.243001
vt 0.959280 0.238961
vt 0.950456 0.215242
vt 0.942098 0.234170
vt 0.962595 0.240432
vt 0.966900 0.243528
vt 0.076157 0.750611
vt 0.077775 0.750884
vt 0.076778 0.751183
vt 0.096689 0.719271
vt 0.081132 0.732109
vt 0.078561 0.717434
vt 0.101511 0.766229
vt 0.093410 0.740147
vt 0.109022 0.734153
vt 0.126074 0.792781
vt 0.116395 0.790434
vt 0.118141 0.780648
vt 0.131125 0.706155
vt 0.134883 0.728317
vt 0.123415 0.726273
vt 0.135239 0.764638
vt 0.122143 0.768948
vt 0.122372 0.748263
vt 0.072947 0.747846
vt 0.095777 0.771806
vt 0.100223 0.769843
vt 0.098437 0.774855
vt 0.104479 0.700121
vt 0.089499 0.700189
vt 0.102294 0.779463
vt 0.101906 0.772901
vt 0.109670 0.784111
vt 0.107499 0.784643
vt 0.090791 0.767311
vt 0.063752 0.734796
vt 0.063694 0.716337
vt 0.076906 0.751567
vt 0.116740 0.709562
vt 0.133904 0.781839
vt 0.063649 0.700103
vt 0.076785 0.700103
vt 0.135616 0.744721
vt 0.077765 0.752345
vt 0.104449 0.772669
vt 0.151058 0.964376
vt 0.152952 0.962112
vt 0.158624 0.963584
vt 0.164084 0.967506
vt 0.165971 0.963250
vt 0.178704 0.955735
vt 0.179925 0.959411
vt 0.175422 0.956422
vt 0.156651 0.970427
vt 0.150429 0.978840
vt 0.150439 0.971706
vt 0.168202 0.957424
vt 0.166887 0.954605
vt 0.168836 0.953234
vt 0.172216 0.953429
vt 0.171746 0.955732
vt 0.146619 0.959530
vt 0.141985 0.963386
vt 0.142039 0.958337
vt 0.187549 0.963061
vt 0.183607 0.957555
vt 0.187093 0.959462
vt 0.174455 0.959197
vt 0.174424 0.952855
vt 0.140411 0.956128
vt 0.143363 0.956703
vt 0.170359 0.968303
vt 0.148390 0.956826
vt 0.150725 0.960751
vt 0.177090 0.948318
vt 0.167299 0.947400
vt 0.142993 0.951679
vt 0.140832 0.972329
vt 0.185912 0.954831
vt 0.187149 0.958042
vt 0.164071 0.953416
vt 0.160727 0.950975
vt 0.163323 0.950794
vt 0.163345 0.955795
vt 0.160589 0.952729
vt 0.149396 0.968321
vt 0.174151 0.964899
vt 0.180163 0.963063
vt 0.182038 0.951680
vt 0.161585 0.977873
vt 0.147957 0.948488
vt 0.154202 0.954013
vt 0.133755 0.984177
vt 0.161017 0.958740
vt 0.167703 0.973533
vt 0.153134 0.949229
vt 0.157670 0.950928
vt 0.152983 0.969990
vt 0.130597 0.964025
vt 0.119832 0.977938
vt 0.119810 0.963955
vt 0.133775 0.969231
vt 0.154323 0.959172
vt 0.181846 0.954951
vt 0.182031 0.967602
vt 0.178255 0.973602
vt 0.147937 0.960819
vt 0.159074 0.984178
vt 0.147342 0.984178
vt 0.172539 0.984178
vt 0.186822 0.945031
vt 0.136423 0.957195
vt 0.192198 0.950710
vt 0.184162 0.965084
vt 0.186521 0.966334
vt 0.129138 0.956383
vt 0.188327 0.971874
vt 0.124485 0.961215
vt 0.189745 0.983322
vt 0.382437 0.089932
vt 0.377694 0.094035
vt 0.379977 0.087598
vt 0.369712 0.136450
vt 0.359240 0.143739
vt 0.360992 0.135559
vt 0.385789 0.112203
vt 0.383424 0.106165
vt 0.391482 0.108303
vt 0.361216 0.111119
vt 0.357303 0.112484
vt 0.358998 0.109609
vt 0.376898 0.079599
vt 0.374930 0.084376
vt 0.373534 0.081711
vt 0.366857 0.107320
vt 0.363937 0.103895
vt 0.370357 0.098589
vt 0.379478 0.098221
vt 0.373712 0.087339
vt 0.371498 0.087630
vt 0.375309 0.091976
vt 0.356745 0.083710
vt 0.369876 0.083606
vt 0.363463 0.089764
vt 0.375757 0.135683
vt 0.375196 0.142954
vt 0.371679 0.138360
vt 0.387816 0.117059
vt 0.380933 0.118628
vt 0.374470 0.129473
vt 0.365853 0.113454
vt 0.359372 0.117820
vt 0.370955 0.149280
vt 0.362765 0.154601
vt 0.373535 0.075984
vt 0.361755 0.104646
vt 0.362985 0.100748
vt 0.371535 0.120904
vt 0.372735 0.107291
vt 0.364175 0.095043
vt 0.366435 0.094390
vt 0.365763 0.096476
vt 0.384649 0.126173
vt 0.391368 0.136143
vt 0.380699 0.131900
vt 0.373996 0.112522
vt 0.369164 0.076204
vt 0.356095 0.074555
vt 0.381126 0.080625
vt 0.377422 0.082476
vt 0.384621 0.083464
vt 0.356165 0.093228
vt 0.374454 0.086591
vt 0.356134 0.123904
vt 0.363902 0.121103
vt 0.376791 0.085896
vt 0.367561 0.091956
vt 0.359225 0.128720
vt 0.373657 0.089514
vt 0.359417 0.098722
vt 0.365186 0.098965
vt 0.371224 0.090391
vt 0.394823 0.126212
vt 0.363796 0.098031
vt 0.369671 0.094772
vt 0.358139 0.103434
vt 0.358717 0.107164
vt 0.362119 0.107379
vt 0.394316 0.090828
vt 0.389013 0.087783
vt 0.356095 0.116004
vt 0.393949 0.099718
vt 0.369371 0.115201
vt 0.393473 0.114392
vt 0.379701 0.137033
vt 0.289567 0.048310
vt 0.291393 0.033634
vt 0.295173 0.045532
vt 0.288887 0.078766
vt 0.295165 0.080922
vt 0.293564 0.090921
vt 0.291133 0.057801
vt 0.295892 0.060342
vt 0.290356 0.064314
vt 0.334368 0.071758
vt 0.341026 0.045414
vt 0.352635 0.062787
vt 0.317839 0.065912
vt 0.323878 0.051030
vt 0.282231 0.046573
vt 0.283463 0.034985
vt 0.312012 0.052251
vt 0.287432 0.090476
vt 0.282231 0.081075
vt 0.297378 0.074169
vt 0.300730 0.067618
vt 0.302089 0.074630
vt 0.315041 0.034474
vt 0.300819 0.081469
vt 0.303325 0.079058
vt 0.304614 0.084173
vt 0.304842 0.037138
vt 0.307833 0.037655
vt 0.304867 0.039592
vt 0.295768 0.066878
vt 0.291638 0.071022
vt 0.308261 0.062573
vt 0.282351 0.062675
vt 0.306978 0.055325
vt 0.310689 0.089630
vt 0.304839 0.088056
vt 0.321707 0.092625
vt 0.303903 0.070746
vt 0.346056 0.095339
vt 0.304297 0.066532
vt 0.307295 0.068055
vt 0.306901 0.072524
vt 0.300209 0.062226
vt 0.311721 0.072242
vt 0.307681 0.032086
vt 0.296502 0.053220
vt 0.300114 0.087039
vt 0.300599 0.093524
vt 0.307609 0.043593
vt 0.306784 0.080485
vt 0.304504 0.058900
vt 0.303940 0.063173
vt 0.311223 0.080558
vt 0.307731 0.091324
vt 0.304820 0.093096
vt 0.304233 0.046232
vt 0.306535 0.050150
vt 0.301683 0.036755
vt 0.303475 0.036368
vt 0.301610 0.039931
vt 0.330772 0.032093
vt 0.302894 0.065565
vt 0.304992 0.075764
vt 0.308023 0.095339
vt 0.300734 0.056992
vt 0.296851 0.040165
vt 0.300556 0.046630
vt 0.303920 0.050494
vt 0.304370 0.054120
vt 0.302078 0.052513
vt 0.299194 0.035361
vt 0.353098 0.079517
vt 0.353322 0.034348
vt 0.303079 0.043101
vt 0.917660 0.093163
vt 0.918202 0.097304
vt 0.912639 0.095989
vt 0.891911 0.095497
vt 0.886052 0.098984
vt 0.884267 0.094098
vt 0.906468 0.085508
vt 0.906722 0.091752
vt 0.898801 0.085384
vt 0.896408 0.089613
vt 0.890081 0.091359
vt 0.886758 0.085709
vt 0.910605 0.100008
vt 0.913577 0.099608
vt 0.911828 0.104110
vt 0.901010 0.067291
vt 0.912710 0.070275
vt 0.903402 0.073163
vt 0.908836 0.097210
vt 0.914609 0.124772
vt 0.904131 0.113386
vt 0.916582 0.111088
vt 0.944532 0.094872
vt 0.944217 0.099089
vt 0.940082 0.095093
vt 0.924574 0.103705
vt 0.936205 0.103656
vt 0.928224 0.116645
vt 0.930026 0.098707
vt 0.904014 0.080370
vt 0.886230 0.074932
vt 0.896870 0.093181
vt 0.900922 0.097013
vt 0.917788 0.105644
vt 0.917845 0.101547
vt 0.901463 0.103014
vt 0.894184 0.099644
vt 0.889713 0.105976
vt 0.919939 0.064709
vt 0.907256 0.064263
vt 0.906396 0.057325
vt 0.947948 0.104018
vt 0.947951 0.118242
vt 0.876905 0.102920
vt 0.876905 0.116821
vt 0.937701 0.097773
vt 0.934756 0.099443
vt 0.933029 0.096676
vt 0.885496 0.080346
vt 0.937736 0.081224
vt 0.926403 0.082026
vt 0.930396 0.075333
vt 0.881956 0.089380
vt 0.941682 0.070971
vt 0.903490 0.138795
vt 0.894998 0.128260
vt 0.920926 0.099816
vt 0.941623 0.090258
vt 0.934917 0.094162
vt 0.928759 0.089527
vt 0.924053 0.096690
vt 0.930255 0.094575
vt 0.939180 0.063841
vt 0.923716 0.070972
vt 0.916866 0.076898
vt 0.922511 0.057325
vt 0.933577 0.058445
vt 0.915847 0.085899
vt 0.907365 0.100491
vt 0.891264 0.118150
vt 0.947931 0.084167
vt 0.888398 0.069863
vt 0.935817 0.138055
vt 0.878479 0.132985
vt 0.891669 0.061218
vt 0.880239 0.096316
vt 0.947951 0.074044
vt 0.137406 0.570743
vt 0.135741 0.563325
vt 0.135550 0.562520
vt 0.135142 0.560417
vt 0.133609 0.554284
vt 0.132671 0.550653
vt 0.129430 0.542990
vt 0.128022 0.538761
vt 0.122168 0.525306
vt 0.118805 0.510949
vt 0.755427 0.268937
vt 0.748979 0.275188
vt 0.288387 0.123321
vt 0.287746 0.123929
vt 0.286101 0.124963
vt 0.278862 0.129882
vt 0.259227 0.139811
vt 0.256766 0.141572
vt 0.244187 0.147066
vt 0.239340 0.148620
vt 0.230508 0.151078
vt 0.224783 0.152799
vt 0.862988 0.972507
vt 0.863483 0.973036
vt 0.864476 0.974013
vt 0.872383 0.981640
vt 0.875438 0.984885
vt 0.646588 0.030057
vt 0.640248 0.024267
vt 0.635577 0.016453
vt 0.632728 0.008880
vt 0.055241 0.227979
vt 0.059379 0.235502
vt 0.062657 0.242505
vt 0.064936 0.248342
vt 0.921862 0.509436
vt 0.921691 0.515482
vt 0.921477 0.518626
vt 0.920974 0.524200
vt 0.919950 0.528966
vt 0.919350 0.531763
vt 0.518086 0.950842
vt 0.958125 0.170116
vt 0.954324 0.167805
vt 0.110252 0.787521
vt 0.112006 0.789047
vt 0.114952 0.791609
vt 0.117768 0.793459
vt 0.118627 0.794060
vt 0.121177 0.795845
vt 0.126016 0.798728
vt 0.268662 0.967023
vt 0.043423 0.207749
vt 0.126348 0.104053
vt 0.574949 0.836159
vt 0.565480 0.836035
vt 0.563556 0.836073
vt 0.562948 0.835902
vt 0.552803 0.832340
vt 0.550015 0.831554
vt 0.547333 0.831363
vt 0.542593 0.829600
vt 0.533156 0.828056
vt 0.518075 0.826843
vt 0.503298 0.829450
vt 0.502058 0.829629
vt 0.495227 0.830355
vt 0.494578 0.830362
vt 0.488508 0.830210
vt 0.486298 0.829705
vt 0.479767 0.828828
vt 0.474711 0.827718
vt 0.470109 0.826965
vt 0.464614 0.826003
vt 0.456766 0.826390
vt 0.453551 0.826603
vt 0.446326 0.825445
vt 0.443268 0.825263
vt 0.439864 0.824435
vt 0.432179 0.822917
vt 0.429681 0.822152
vt 0.425437 0.821261
vt 0.417602 0.819801
vt 0.412564 0.818218
vt 0.407292 0.815697
vt 0.401415 0.813067
vt 0.399435 0.812318
vt 0.395244 0.811692
vt 0.390290 0.810966
vt 0.387536 0.810559
vt 0.381720 0.809417
vt 0.376290 0.807859
vt 0.373906 0.807449
vt 0.371909 0.806343
vt 0.365956 0.804186
vt 0.362062 0.803280
vt 0.358920 0.803223
vt 0.355209 0.802161
vt 0.349552 0.799912
vt 0.341194 0.796332
vt 0.333625 0.791756
vt 0.324330 0.784858
vt 0.322481 0.783795
vt 0.306534 0.776010
vt 0.148322 0.613811
vt 0.147619 0.611218
vt 0.146584 0.603926
vt 0.145259 0.601059
vt 0.145222 0.596837
vt 0.143567 0.590904
vt 0.142254 0.586729
vt 0.140877 0.582415
vt 0.140432 0.579553
vt 0.138840 0.575227
vt 0.800143 0.061595
vt 0.804682 0.067602
vt 0.796465 0.064708
vt 0.814651 0.126956
vt 0.797255 0.125176
vt 0.809599 0.106652
vt 0.790437 0.078816
vt 0.785179 0.082983
vt 0.785531 0.075987
vt 0.765197 0.085324
vt 0.769183 0.068518
vt 0.776689 0.072687
vt 0.787120 0.083978
vt 0.782913 0.087577
vt 0.800674 0.059468
vt 0.804507 0.060184
vt 0.781282 0.092951
vt 0.785408 0.087711
vt 0.784451 0.094206
vt 0.792049 0.069189
vt 0.793079 0.062868
vt 0.780195 0.092281
vt 0.867848 0.092352
vt 0.851173 0.091029
vt 0.856296 0.074281
vt 0.859920 0.103282
vt 0.849691 0.103277
vt 0.792538 0.082648
vt 0.799412 0.083659
vt 0.799225 0.074982
vt 0.805844 0.077671
vt 0.833118 0.119891
vt 0.831127 0.127888
vt 0.826201 0.113184
vt 0.791638 0.091775
vt 0.823119 0.095700
vt 0.835774 0.090416
vt 0.832135 0.102592
vt 0.839436 0.077238
vt 0.828503 0.084245
vt 0.819824 0.083507
vt 0.828033 0.077203
vt 0.812442 0.079615
vt 0.812138 0.090285
vt 0.805313 0.073248
vt 0.842233 0.099196
vt 0.852061 0.117627
vt 0.838825 0.111507
vt 0.872741 0.107707
vt 0.800532 0.157830
vt 0.797016 0.144632
vt 0.815118 0.147500
vt 0.828977 0.144842
vt 0.775552 0.097058
vt 0.782384 0.130286
vt 0.808242 0.059797
vt 0.821071 0.074782
vt 0.829048 0.071338
vt 0.790679 0.106219
vt 0.779687 0.091337
vt 0.806139 0.084590
vt 0.779774 0.087922
vt 0.815661 0.064278
vt 0.795385 0.072613
vt 0.807548 0.067253
vt 0.865566 0.116720
vt 0.813538 0.071086
vt 0.788394 0.064084
vt 0.781557 0.057168
vt 0.780930 0.074865
vt 0.840173 0.138110
vt 0.840354 0.126830
vt 0.851662 0.137507
vt 0.806423 0.070072
vt 0.799804 0.058968
vt 0.873502 0.120038
vt 0.863618 0.125023
vt 0.823072 0.068825
vt 0.801315 0.093004
vt 0.785904 0.098416
vt 0.774349 0.085556
vt 0.818041 0.061055
vt 0.773026 0.093544
vt 0.773362 0.115413
vt 0.171429 0.937535
vt 0.161475 0.938189
vt 0.174434 0.927849
vt 0.273375 0.839663
vt 0.253317 0.849705
vt 0.236402 0.837516
vt 0.162500 0.884494
vt 0.149422 0.871180
vt 0.167331 0.871230
vt 0.174625 0.842885
vt 0.151946 0.813298
vt 0.174320 0.814459
vt 0.246413 0.903769
vt 0.279988 0.893208
vt 0.262295 0.920653
vt 0.235621 0.873441
vt 0.244201 0.885933
vt 0.225634 0.892993
vt 0.122307 0.917908
vt 0.126152 0.926372
vt 0.121128 0.924162
vt 0.177674 0.907901
vt 0.192307 0.893995
vt 0.198701 0.907721
vt 0.286417 0.917263
vt 0.314377 0.903300
vt 0.301799 0.929396
vt 0.345447 0.903579
vt 0.345447 0.934766
vt 0.132679 0.931954
vt 0.133763 0.936693
vt 0.126741 0.933532
vt 0.286572 0.936462
vt 0.272897 0.932016
vt 0.258058 0.947496
vt 0.132210 0.893172
vt 0.119581 0.906444
vt 0.122716 0.895147
vt 0.238786 0.935254
vt 0.138601 0.941501
vt 0.141072 0.929299
vt 0.124796 0.858801
vt 0.136967 0.866274
vt 0.122312 0.874421
vt 0.151196 0.941697
vt 0.151250 0.898101
vt 0.173122 0.892885
vt 0.137158 0.844550
vt 0.154949 0.930453
vt 0.259179 0.872134
vt 0.241572 0.858433
vt 0.180545 0.864327
vt 0.161477 0.856859
vt 0.179703 0.879724
vt 0.199903 0.839470
vt 0.194757 0.812835
vt 0.130982 0.951843
vt 0.131147 0.942379
vt 0.138100 0.874498
vt 0.196575 0.942462
vt 0.180741 0.940769
vt 0.199363 0.859534
vt 0.143418 0.946636
vt 0.136420 0.952192
vt 0.141060 0.883548
vt 0.151231 0.885200
vt 0.136424 0.911389
vt 0.154322 0.917062
vt 0.209378 0.887289
vt 0.210525 0.900566
vt 0.129065 0.920439
vt 0.318176 0.937323
vt 0.122061 0.888263
vt 0.165275 0.942794
vt 0.345447 0.868930
vt 0.196994 0.876493
vt 0.195250 0.921138
vt 0.173569 0.945186
vt 0.221236 0.856114
vt 0.125901 0.940075
vt 0.125777 0.948935
vt 0.217633 0.942889
vt 0.208074 0.930435
vt 0.218659 0.916211
vt 0.118445 0.930703
vt 0.119739 0.941928
vt 0.113388 0.935585
vt 0.215688 0.874935
vt 0.226636 0.814429
vt 0.284207 0.800749
vt 0.309658 0.845088
vt 0.232287 0.797153
vt 0.202451 0.797153
vt 0.149319 0.835283
vt 0.441121 0.141951
vt 0.452773 0.146885
vt 0.444465 0.151396
vt 0.486599 0.114229
vt 0.476841 0.115541
vt 0.480453 0.107357
vt 0.449531 0.136849
vt 0.459535 0.143721
vt 0.454355 0.088495
vt 0.458674 0.093832
vt 0.448048 0.095389
vt 0.405643 0.095002
vt 0.398792 0.088227
vt 0.407028 0.087705
vt 0.447833 0.110853
vt 0.442357 0.113501
vt 0.441594 0.104680
vt 0.459569 0.121410
vt 0.454636 0.129802
vt 0.450745 0.118460
vt 0.443236 0.128762
vt 0.464304 0.129208
vt 0.467978 0.140205
vt 0.444665 0.122047
vt 0.501134 0.117770
vt 0.507343 0.132786
vt 0.495127 0.120169
vt 0.467251 0.094887
vt 0.462101 0.087393
vt 0.480654 0.099188
vt 0.488146 0.106707
vt 0.476259 0.102924
vt 0.474404 0.097839
vt 0.507319 0.092163
vt 0.500413 0.099577
vt 0.494821 0.090665
vt 0.422653 0.097721
vt 0.423660 0.106418
vt 0.411018 0.104855
vt 0.470897 0.085059
vt 0.468044 0.087879
vt 0.465435 0.082775
vt 0.414134 0.148198
vt 0.434719 0.132309
vt 0.480356 0.132739
vt 0.487329 0.124393
vt 0.496555 0.138594
vt 0.416517 0.131562
vt 0.493635 0.112730
vt 0.491627 0.077368
vt 0.492355 0.083160
vt 0.486170 0.077363
vt 0.455408 0.112400
vt 0.399358 0.120909
vt 0.400332 0.106701
vt 0.497336 0.107638
vt 0.487518 0.098926
vt 0.398792 0.099014
vt 0.466194 0.113901
vt 0.440011 0.123352
vt 0.423783 0.119380
vt 0.411975 0.125913
vt 0.478362 0.077538
vt 0.485083 0.089929
vt 0.476554 0.085106
vt 0.415908 0.087373
vt 0.409685 0.077851
vt 0.419657 0.077439
vt 0.432719 0.077287
vt 0.426877 0.087764
vt 0.435017 0.120671
vt 0.435548 0.124945
vt 0.400001 0.077319
vt 0.461036 0.103402
vt 0.492823 0.097446
vt 0.470622 0.101201
vt 0.474656 0.091454
vt 0.498883 0.084445
vt 0.500941 0.088073
vt 0.486744 0.084512
vt 0.434555 0.096036
vt 0.438253 0.087865
vt 0.468303 0.077391
vt 0.471808 0.107785
vt 0.453441 0.083267
vt 0.456782 0.083958
vt 0.481176 0.092908
vt 0.460025 0.081881
vt 0.445476 0.077679
vt 0.450573 0.105545
vt 0.470856 0.132022
vt 0.474225 0.135896
vt 0.454637 0.077235
vt 0.471048 0.123613
vt 0.435809 0.116409
vt 0.436276 0.109210
vt 0.429923 0.110574
vt 0.431241 0.103476
vt 0.507343 0.100835
vt 0.482276 0.142757
vt 0.461460 0.078196
vt 0.412585 0.094567
vt 0.507343 0.110200
vt 0.495890 0.081372
vt 0.234344 0.309372
vt 0.240938 0.312949
vt 0.233337 0.313743
vt 0.246790 0.305649
vt 0.250156 0.310689
vt 0.185637 0.238391
vt 0.190759 0.247967
vt 0.179061 0.249704
vt 0.256163 0.311709
vt 0.255893 0.306027
vt 0.260276 0.324189
vt 0.270229 0.319275
vt 0.273120 0.329052
vt 0.228672 0.313061
vt 0.303574 0.299494
vt 0.300307 0.309907
vt 0.291850 0.308801
vt 0.237792 0.301229
vt 0.318296 0.313966
vt 0.324546 0.318057
vt 0.311656 0.318280
vt 0.308670 0.311471
vt 0.306428 0.305490
vt 0.316444 0.307901
vt 0.234748 0.267319
vt 0.231513 0.280943
vt 0.225744 0.272781
vt 0.255353 0.319893
vt 0.245965 0.317045
vt 0.259285 0.268576
vt 0.243922 0.284488
vt 0.243554 0.272620
vt 0.247478 0.294945
vt 0.255043 0.299818
vt 0.256963 0.292063
vt 0.255088 0.283451
vt 0.239898 0.293706
vt 0.261466 0.305820
vt 0.260305 0.301698
vt 0.267990 0.299703
vt 0.283028 0.291184
vt 0.276045 0.302939
vt 0.271994 0.272943
vt 0.179853 0.259479
vt 0.156179 0.253951
vt 0.217937 0.241510
vt 0.236248 0.251408
vt 0.221591 0.251452
vt 0.208992 0.295745
vt 0.222981 0.303497
vt 0.212512 0.304153
vt 0.231550 0.255716
vt 0.200363 0.245270
vt 0.205264 0.233519
vt 0.177507 0.276896
vt 0.187219 0.267989
vt 0.193968 0.275267
vt 0.175909 0.268130
vt 0.195515 0.289865
vt 0.183398 0.286153
vt 0.199236 0.256306
vt 0.191278 0.255643
vt 0.201750 0.251449
vt 0.263856 0.285599
vt 0.265433 0.310419
vt 0.301710 0.314660
vt 0.295101 0.318872
vt 0.292663 0.314947
vt 0.192190 0.266220
vt 0.199182 0.263446
vt 0.243379 0.255570
vt 0.229811 0.261320
vt 0.204755 0.272036
vt 0.205288 0.282501
vt 0.226329 0.310504
vt 0.219940 0.315021
vt 0.210616 0.265093
vt 0.221784 0.266797
vt 0.274902 0.310635
vt 0.188986 0.224259
vt 0.305147 0.316499
vt 0.164799 0.238254
vt 0.152119 0.290743
vt 0.154063 0.272670
vt 0.162179 0.264211
vt 0.183060 0.298050
vt 0.262229 0.294725
vt 0.236698 0.288758
vt 0.231725 0.294357
vt 0.216124 0.276936
vt 0.229004 0.318287
vt 0.282457 0.314962
vt 0.300689 0.319492
vt 0.301708 0.321442
vt 0.283486 0.305867
vt 0.189286 0.261785
vt 0.290232 0.294615
vt 0.294834 0.299237
vt 0.293944 0.323308
vt 0.284918 0.330333
vt 0.288947 0.323009
vt 0.283371 0.321619
vt 0.313771 0.321896
vt 0.309001 0.321214
vt 0.282173 0.328320
vt 0.252510 0.261588
vt 0.220794 0.289969
vt 0.295487 0.323821
vt 0.175129 0.220270
vt 0.185879 0.309272
vt 0.195291 0.301210
vt 0.195055 0.310249
vt 0.301812 0.323652
vt 0.219912 0.258534
vt 0.237937 0.329658
vt 0.181850 0.304292
vt 0.175644 0.306828
vt 0.202190 0.311341
vt 0.204632 0.304997
vt 0.211840 0.311347
vt 0.212932 0.285898
vt 0.270334 0.281587
vt 0.275926 0.286468
vt 0.208972 0.255341
vt 0.084210 0.351373
vt 0.090432 0.346349
vt 0.094872 0.358173
vt 0.081124 0.342187
vt 0.105829 0.320190
vt 0.103292 0.324353
vt 0.101117 0.318072
vt 0.096478 0.317995
vt 0.098003 0.314226
vt 0.116221 0.346443
vt 0.108899 0.341325
vt 0.116113 0.341801
vt 0.108150 0.277253
vt 0.103700 0.262246
vt 0.120358 0.272959
vt 0.108960 0.325690
vt 0.066087 0.316148
vt 0.052879 0.314729
vt 0.052587 0.308754
vt 0.057319 0.305149
vt 0.055258 0.297128
vt 0.043828 0.294663
vt 0.042985 0.300195
vt 0.104941 0.329114
vt 0.107643 0.335046
vt 0.101618 0.332990
vt 0.046200 0.290275
vt 0.112220 0.336165
vt 0.115545 0.336415
vt 0.059063 0.332237
vt 0.054639 0.333987
vt 0.046572 0.327904
vt 0.052262 0.322685
vt 0.067695 0.331691
vt 0.039154 0.318828
vt 0.038442 0.310534
vt 0.129885 0.325124
vt 0.120734 0.331961
vt 0.116072 0.326669
vt 0.105386 0.344468
vt 0.100516 0.345534
vt 0.100173 0.338423
vt 0.111828 0.318593
vt 0.089712 0.334211
vt 0.104131 0.312261
vt 0.099969 0.311906
vt 0.108765 0.305997
vt 0.118521 0.309259
vt 0.095141 0.308597
vt 0.094652 0.313006
vt 0.088266 0.308362
vt 0.095846 0.304164
vt 0.111312 0.291596
vt 0.127599 0.298446
vt 0.100354 0.299085
vt 0.089289 0.301579
vt 0.083049 0.300758
vt 0.083628 0.296262
vt 0.079347 0.295792
vt 0.086196 0.291558
vt 0.106100 0.365626
vt 0.104554 0.377663
vt 0.068006 0.288947
vt 0.063269 0.287158
vt 0.067963 0.284527
vt 0.074734 0.291679
vt 0.075309 0.287966
vt 0.094212 0.285586
vt 0.115672 0.331681
vt 0.079868 0.291568
vt 0.096654 0.274704
vt 0.073824 0.280514
vt 0.077123 0.265019
vt 0.095871 0.327552
vt 0.089552 0.322258
vt 0.098242 0.323854
vt 0.077643 0.363747
vt 0.076572 0.376887
vt 0.067402 0.370618
vt 0.065260 0.277378
vt 0.083914 0.360551
vt 0.075881 0.351917
vt 0.066172 0.356985
vt 0.074652 0.342191
vt 0.066454 0.342676
vt 0.062722 0.283142
vt 0.056754 0.283502
vt 0.058083 0.349323
vt 0.058878 0.339437
vt 0.051107 0.342060
vt 0.048653 0.333430
vt 0.090617 0.362477
vt 0.073676 0.308323
vt 0.082120 0.308505
vt 0.077946 0.315828
vt 0.062722 0.299663
vt 0.071688 0.302189
vt 0.064952 0.304163
vt 0.090009 0.313600
vt 0.059615 0.285152
vt 0.077280 0.300755
vt 0.075575 0.296228
vt 0.068316 0.310137
vt 0.066380 0.292656
vt 0.059287 0.291308
vt 0.058809 0.287963
vt 0.076282 0.320803
vt 0.071715 0.298221
vt 0.093762 0.318235
vt 0.066002 0.297138
vt 0.060539 0.294896
vt 0.117390 0.357405
vt 0.075925 0.327439
vt 0.082777 0.323978
vt 0.094945 0.383271
vt 0.089967 0.372717
vt 0.075780 0.335777
vt 0.082339 0.336743
vt 0.062999 0.322272
vt 0.041314 0.304806
vt 0.095251 0.331022
vt 0.111720 0.329050
vt 0.110912 0.331590
vt 0.122477 0.337363
vt 0.111563 0.338754
vt 0.104874 0.357129
vt 0.053626 0.290995
vt 0.052734 0.284974
vt 0.842256 0.882014
vt 0.849329 0.886253
vt 0.838347 0.885219
vt 0.876703 0.950581
vt 0.875471 0.946069
vt 0.885410 0.952375
vt 0.875274 0.888240
vt 0.866500 0.889120
vt 0.870517 0.887024
vt 0.858422 0.891246
vt 0.848148 0.893546
vt 0.830975 0.938784
vt 0.829437 0.946105
vt 0.815980 0.937105
vt 0.840789 0.938128
vt 0.845435 0.944053
vt 0.837582 0.944171
vt 0.875909 0.894389
vt 0.816218 0.962415
vt 0.814831 0.973061
vt 0.805634 0.961974
vt 0.862744 0.899754
vt 0.909621 0.927317
vt 0.915447 0.932910
vt 0.907263 0.931200
vt 0.867048 0.894784
vt 0.883974 0.904546
vt 0.891345 0.908789
vt 0.883981 0.910076
vt 0.876380 0.901575
vt 0.873923 0.898020
vt 0.880958 0.900458
vt 0.877836 0.941912
vt 0.869096 0.940353
vt 0.872798 0.936782
vt 0.842580 0.932274
vt 0.823325 0.925177
vt 0.830156 0.922726
vt 0.883611 0.896382
vt 0.891710 0.902279
vt 0.869926 0.899144
vt 0.827656 0.901422
vt 0.840062 0.896379
vt 0.845770 0.902211
vt 0.873590 0.904520
vt 0.887255 0.917560
vt 0.893954 0.914873
vt 0.900765 0.923006
vt 0.896995 0.907453
vt 0.900822 0.905416
vt 0.902548 0.913212
vt 0.897981 0.913813
vt 0.842314 0.909997
vt 0.871137 0.908985
vt 0.906034 0.922387
vt 0.829106 0.911336
vt 0.833706 0.917257
vt 0.918858 0.880407
vt 0.908796 0.892369
vt 0.899242 0.883036
vt 0.909712 0.937637
vt 0.851206 0.940204
vt 0.901575 0.917007
vt 0.857646 0.910084
vt 0.857435 0.903118
vt 0.908287 0.917473
vt 0.906139 0.908934
vt 0.844013 0.950760
vt 0.859469 0.938805
vt 0.865727 0.931063
vt 0.833228 0.932963
vt 0.857970 0.919507
vt 0.914655 0.923618
vt 0.913713 0.918763
vt 0.834969 0.952384
vt 0.888599 0.944221
vt 0.918534 0.916479
vt 0.920664 0.930263
vt 0.835097 0.970322
vt 0.835789 0.960646
vt 0.847334 0.970225
vt 0.858609 0.884717
vt 0.873393 0.917649
vt 0.875441 0.926842
vt 0.825179 0.956588
vt 0.824397 0.970660
vt 0.887477 0.925896
vt 0.847363 0.956788
vt 0.841324 0.957740
vt 0.865213 0.951686
vt 0.864683 0.945517
vt 0.870743 0.949637
vt 0.851675 0.949757
vt 0.878416 0.934994
vt 0.868645 0.959576
vt 0.912605 0.909989
vt 0.921463 0.909207
vt 0.914937 0.904324
vt 0.919527 0.900237
vt 0.907941 0.903643
vt 0.900764 0.903310
vt 0.898052 0.895935
vt 0.885573 0.892130
vt 0.891310 0.889487
vt 0.856003 0.959176
vt 0.862612 0.955108
vt 0.881256 0.884935
vt 0.883306 0.878603
vt 0.923697 0.922282
vt 0.872415 0.882895
vt 0.868926 0.885149
vt 0.865504 0.881437
vt 0.878973 0.957089
vt 0.899171 0.954744
vt 0.913777 0.961859
vt 0.907529 0.969713
vt 0.851880 0.934580
vt 0.925801 0.940620
vt 0.932106 0.948691
vt 0.924805 0.949427
vt 0.809795 0.950495
vt 0.895866 0.964275
vt 0.886828 0.962167
vt 0.850574 0.927733
vt 0.859115 0.947402
vt 0.918522 0.977715
vt 0.928642 0.935278
vt 0.802511 0.970507
vt 0.933200 0.956760
vt 0.915801 0.954437
vt 0.904594 0.945283
vt 0.916669 0.947775
vt 0.919809 0.942011
vt 0.922063 0.938588
vt 0.850426 0.880705
vt 0.909831 0.913341
vt 0.897247 0.900425
vt 0.892236 0.896689
vt 0.925130 0.972574
vt 0.898195 0.927616
vt 0.897624 0.934198
vt 0.856567 0.881407
vt 0.861379 0.879987
vt 0.888361 0.935164
vt 0.830907 0.892490
vt 0.924072 0.957598
vt 0.930333 0.966961
vt 0.921625 0.961682
vt 0.922038 0.388491
vt 0.928789 0.393401
vt 0.922334 0.406726
vt 0.930426 0.416934
vt 0.926856 0.425207
vt 0.921630 0.426244
vt 0.932410 0.396580
vt 0.928016 0.404495
vt 0.917653 0.419057
vt 0.891101 0.362004
vt 0.899557 0.361049
vt 0.891036 0.370541
vt 0.910416 0.367908
vt 0.908379 0.374104
vt 0.905188 0.366042
vt 0.904724 0.378686
vt 0.898888 0.372281
vt 0.906236 0.350819
vt 0.909218 0.358863
vt 0.884463 0.378418
vt 0.883467 0.371845
vt 0.886889 0.367462
vt 0.892226 0.379855
vt 0.877495 0.378047
vt 0.900853 0.386717
vt 0.894656 0.350656
vt 0.875965 0.382844
vt 0.941681 0.383039
vt 0.932272 0.384133
vt 0.915733 0.339009
vt 0.917286 0.345189
vt 0.911842 0.343243
vt 0.914055 0.351212
vt 0.913989 0.361078
vt 0.902889 0.343619
vt 0.884181 0.364394
vt 0.887392 0.355092
vt 0.875633 0.369609
vt 0.857991 0.383588
vt 0.864587 0.380206
vt 0.865237 0.384328
vt 0.868338 0.386244
vt 0.870920 0.381626
vt 0.863862 0.378577
vt 0.869967 0.376153
vt 0.860017 0.380483
vt 0.947986 0.353172
vt 0.946716 0.365175
vt 0.935007 0.373345
vt 0.934529 0.361107
vt 0.917787 0.319970
vt 0.919405 0.321613
vt 0.916788 0.323088
vt 0.922640 0.324689
vt 0.924790 0.323901
vt 0.924548 0.329984
vt 0.928401 0.330893
vt 0.921737 0.330038
vt 0.920923 0.327216
vt 0.920249 0.328779
vt 0.920804 0.324144
vt 0.917508 0.313913
vt 0.919368 0.334576
vt 0.921953 0.333356
vt 0.919084 0.327667
vt 0.924828 0.335191
vt 0.922668 0.319407
vt 0.920638 0.320275
vt 0.914335 0.331020
vt 0.919349 0.376666
vt 0.916113 0.380673
vt 0.914311 0.385523
vt 0.913400 0.392852
vt 0.926783 0.431547
vt 0.930631 0.425326
vt 0.919709 0.318106
vt 0.916902 0.306054
vt 0.920712 0.314192
vt 0.926481 0.372665
vt 0.926923 0.365143
vt 0.920664 0.295270
vt 0.922980 0.300652
vt 0.917583 0.299099
vt 0.917758 0.294880
vt 0.903941 0.384656
vt 0.907178 0.378582
vt 0.922340 0.356668
vt 0.924408 0.361543
vt 0.919463 0.362938
vt 0.927585 0.314152
vt 0.944246 0.310841
vt 0.931487 0.322367
vt 0.923549 0.343956
vt 0.921872 0.348759
vt 0.920035 0.342993
vt 0.931080 0.299942
vt 0.923564 0.294816
vt 0.927348 0.291869
vt 0.927484 0.339143
vt 0.924840 0.344494
vt 0.922539 0.340109
vt 0.918583 0.349658
vt 0.918767 0.355205
vt 0.927932 0.349971
vt 0.943123 0.343467
vt 0.927724 0.355300
vt 0.930290 0.358186
vt 0.932550 0.336892
vt 0.930167 0.343881
vt 0.919032 0.286946
vt 0.923727 0.288882
vt 0.916649 0.360768
vt 0.916842 0.359237
vt 0.921340 0.337667
vt 0.912251 0.380696
vt 0.917136 0.375037
vt 0.910051 0.378183
vt 0.908579 0.379284
vt 0.909507 0.376443
vt 0.920439 0.369470
vt 0.916953 0.371984
vt 0.903429 0.387740
vt 0.906041 0.382607
vt 0.905563 0.386143
vt 0.909136 0.381513
vt 0.907732 0.384740
vt 0.906368 0.388419
vt 0.909488 0.387526
vt 0.904321 0.389119
vt 0.902030 0.392084
vt 0.910169 0.373441
vt 0.911483 0.374307
vt 0.917015 0.363814
vt 0.922148 0.342439
vt 0.913392 0.364460
vt 0.905008 0.393180
vt 0.925939 0.282139
vt 0.910967 0.378486
vt 0.919145 0.339291
vt 0.917832 0.339948
vt 0.907805 0.396512
vt 0.914174 0.374840
vt 0.912608 0.371174
vt 0.916032 0.368445
vt 0.915582 0.363643
vt 0.915886 0.361595
vt 0.932008 0.405426
vt 0.908439 0.409087
vt 0.926084 0.306310
vt 0.936326 0.329540
vt 0.931239 0.330008
vt 0.923508 0.282980
vt 0.914313 0.411967
vt 0.938393 0.395905
vt 0.747024 0.614858
vt 0.740987 0.628278
vt 0.728201 0.620889
vt 0.746757 0.578096
vt 0.740290 0.576382
vt 0.743830 0.572388
vt 0.745315 0.585957
vt 0.752741 0.582432
vt 0.750339 0.573818
vt 0.758946 0.578078
vt 0.766102 0.574252
vt 0.775178 0.583894
vt 0.759969 0.570139
vt 0.808276 0.560723
vt 0.801716 0.568738
vt 0.795612 0.551393
vt 0.777040 0.562259
vt 0.786515 0.556220
vt 0.790635 0.567803
vt 0.768221 0.565690
vt 0.811877 0.569602
vt 0.719703 0.577422
vt 0.723788 0.588398
vt 0.713605 0.585278
vt 0.726850 0.578310
vt 0.734139 0.580525
vt 0.756417 0.553455
vt 0.747635 0.548558
vt 0.763123 0.542197
vt 0.800426 0.586587
vt 0.712383 0.578345
vt 0.791081 0.635126
vt 0.798257 0.634127
vt 0.793810 0.640798
vt 0.752547 0.662019
vt 0.765057 0.659055
vt 0.769370 0.666224
vt 0.764877 0.646585
vt 0.770266 0.647778
vt 0.763972 0.650141
vt 0.794530 0.647951
vt 0.780430 0.650907
vt 0.782370 0.644868
vt 0.785243 0.641831
vt 0.785226 0.639175
vt 0.768163 0.643535
vt 0.759910 0.676067
vt 0.767509 0.679891
vt 0.711915 0.608325
vt 0.710056 0.591954
vt 0.804391 0.648053
vt 0.806213 0.641949
vt 0.755835 0.649297
vt 0.825653 0.642902
vt 0.816546 0.654908
vt 0.805466 0.654862
vt 0.788809 0.599838
vt 0.753461 0.670766
vt 0.816587 0.704687
vt 0.807317 0.698207
vt 0.816703 0.691555
vt 0.758336 0.622649
vt 0.761974 0.605434
vt 0.771174 0.616808
vt 0.810708 0.549686
vt 0.775180 0.641862
vt 0.774809 0.646077
vt 0.779548 0.657892
vt 0.789240 0.662298
vt 0.802643 0.637074
vt 0.798094 0.690735
vt 0.791315 0.684475
vt 0.798109 0.681445
vt 0.780121 0.682808
vt 0.780691 0.677121
vt 0.794089 0.676953
vt 0.806785 0.705061
vt 0.796015 0.705061
vt 0.809226 0.675809
vt 0.812818 0.669414
vt 0.767136 0.693146
vt 0.796310 0.668815
vt 0.785008 0.677059
vt 0.818259 0.672533
vt 0.781302 0.671372
vt 0.797909 0.604102
vt 0.809139 0.601385
vt 0.803287 0.612589
vt 0.788043 0.698676
vt 0.771957 0.641162
vt 0.773640 0.639342
vt 0.783152 0.548813
vt 0.756720 0.590717
vt 0.781957 0.691323
vt 0.827145 0.664818
vt 0.812197 0.632881
vt 0.820484 0.635682
vt 0.823790 0.683393
vt 0.813431 0.681215
vt 0.824122 0.673599
vt 0.826835 0.676789
vt 0.749315 0.600327
vt 0.773809 0.652581
vt 0.792813 0.630783
vt 0.797688 0.623399
vt 0.797939 0.628828
vt 0.804122 0.625267
vt 0.800681 0.630004
vt 0.802701 0.628164
vt 0.795858 0.631636
vt 0.808689 0.629941
vt 0.813504 0.621603
vt 0.819569 0.613187
vt 0.814910 0.617605
vt 0.809828 0.616836
vt 0.818287 0.606013
vt 0.814913 0.592564
vt 0.830060 0.595699
vt 0.811113 0.620174
vt 0.789021 0.654465
vt 0.800088 0.662684
vt 0.813220 0.661022
vt 0.786919 0.618314
vt 0.804980 0.532715
vt 0.788119 0.533718
vt 0.789316 0.627568
vt 0.813937 0.581704
vt 0.826288 0.578504
vt 0.777997 0.606013
vt 0.776799 0.640242
vt 0.774755 0.640574
vt 0.753793 0.654469
vt 0.777547 0.638533
vt 0.778135 0.635791
vt 0.787353 0.633153
vt 0.782793 0.630758
vt 0.811529 0.646198
vt 0.827886 0.543997
vt 0.829074 0.559696
vt 0.777391 0.531835
vt 0.778469 0.526674
vt 0.783234 0.524657
vt 0.770503 0.546712
vt 0.769141 0.650697
vt 0.768113 0.653837
vt 0.770755 0.658165
vt 0.735486 0.601319
vt 0.770173 0.637571
vt 0.768274 0.640229
vt 0.763214 0.639412
vt 0.765335 0.642194
vt 0.761340 0.644276
vt 0.771257 0.630366
vt 0.783431 0.635773
vt 0.779538 0.639005
vt 0.785618 0.636429
vt 0.751862 0.646343
vt 0.750489 0.642948
vt 0.745686 0.647459
vt 0.754046 0.634059
vt 0.739083 0.639475
vt 0.726378 0.633410
vt 0.738446 0.646327
vt 0.764674 0.554036
vt 0.757561 0.560669
vt 0.751550 0.566013
vt 0.748093 0.559298
vt 0.745330 0.568042
vt 0.747014 0.657594
vt 0.818582 0.627883
vt 0.780167 0.641565
vt 0.745360 0.650355
vt 0.743407 0.651734
vt 0.825709 0.649855
vt 0.830060 0.656294
vt 0.816812 0.625103
vt 0.743989 0.652464
vt 0.747382 0.650925
vt 0.762030 0.655132
vt 0.829201 0.693349
vt 0.833648 0.698300
vt 0.829175 0.704239
vt 0.908507 0.637182
vt 0.912409 0.642305
vt 0.903605 0.642254
vt 0.874404 0.596874
vt 0.878552 0.610502
vt 0.873254 0.606529
vt 0.864593 0.617548
vt 0.866938 0.603542
vt 0.870390 0.615992
vt 0.897844 0.689460
vt 0.891455 0.690220
vt 0.892500 0.682972
vt 0.852648 0.711779
vt 0.846505 0.704768
vt 0.854182 0.699407
vt 0.851618 0.651310
vt 0.852984 0.642437
vt 0.858693 0.645048
vt 0.864888 0.653239
vt 0.870568 0.704003
vt 0.866203 0.708566
vt 0.865161 0.702430
vt 0.834864 0.691904
vt 0.838210 0.696656
vt 0.836593 0.708392
vt 0.844577 0.696754
vt 0.915221 0.638659
vt 0.922315 0.641130
vt 0.894771 0.662589
vt 0.903710 0.668638
vt 0.896682 0.670734
vt 0.906020 0.655242
vt 0.897485 0.650322
vt 0.841567 0.689209
vt 0.897131 0.643621
vt 0.851722 0.624473
vt 0.858728 0.624198
vt 0.854989 0.630239
vt 0.849932 0.671139
vt 0.849151 0.678831
vt 0.842765 0.674635
vt 0.878014 0.699247
vt 0.878215 0.695252
vt 0.881528 0.701178
vt 0.842169 0.682226
vt 0.837430 0.686319
vt 0.837312 0.680969
vt 0.886430 0.618268
vt 0.885807 0.604185
vt 0.938269 0.670010
vt 0.910253 0.681756
vt 0.916438 0.663492
vt 0.877524 0.620364
vt 0.870330 0.628934
vt 0.837558 0.649626
vt 0.846945 0.645700
vt 0.880204 0.721187
vt 0.888005 0.705302
vt 0.887114 0.725161
vt 0.892255 0.674012
vt 0.898546 0.678159
vt 0.864462 0.681258
vt 0.870375 0.677484
vt 0.873160 0.684279
vt 0.833353 0.686217
vt 0.879607 0.677896
vt 0.872843 0.670282
vt 0.859823 0.709871
vt 0.860672 0.699916
vt 0.895479 0.603754
vt 0.895718 0.612521
vt 0.917053 0.635969
vt 0.911939 0.631615
vt 0.891636 0.653391
vt 0.876110 0.703434
vt 0.872130 0.708008
vt 0.861334 0.615727
vt 0.887374 0.694377
vt 0.886854 0.685536
vt 0.887594 0.678274
vt 0.945733 0.701057
vt 0.913518 0.706238
vt 0.845868 0.684502
vt 0.856835 0.679478
vt 0.863284 0.672830
vt 0.850920 0.687452
vt 0.933273 0.646668
vt 0.917355 0.653200
vt 0.914414 0.648591
vt 0.914904 0.729838
vt 0.833708 0.679467
vt 0.841007 0.668384
vt 0.845869 0.665709
vt 0.887679 0.659284
vt 0.880488 0.689805
vt 0.885885 0.668898
vt 0.836780 0.676520
vt 0.858737 0.685624
vt 0.855384 0.672919
vt 0.863057 0.696030
vt 0.866008 0.640295
vt 0.873228 0.646612
vt 0.880157 0.650197
vt 0.885996 0.652056
vt 0.881042 0.659266
vt 0.837631 0.672251
vt 0.856171 0.663261
vt 0.866793 0.663243
vt 0.903829 0.695734
vt 0.896635 0.705266
vt 0.911747 0.585514
vt 0.900530 0.586434
vt 0.904389 0.581119
vt 0.920232 0.631661
vt 0.914432 0.622617
vt 0.891875 0.644784
vt 0.875030 0.715079
vt 0.905638 0.626451
vt 0.873943 0.691107
vt 0.903063 0.619524
vt 0.914965 0.615475
vt 0.916350 0.594543
vt 0.917131 0.604711
vt 0.903405 0.607676
vt 0.900664 0.595991
vt 0.870209 0.658493
vt 0.848705 0.641656
vt 0.907529 0.612439
vt 0.865623 0.689255
vt 0.857624 0.690986
vt 0.885916 0.579982
vt 0.871666 0.697445
vt 0.874183 0.655210
vt 0.856563 0.637264
vt 0.847125 0.633778
vt 0.845768 0.657662
vt 0.885254 0.643251
vt 0.882090 0.637464
vt 0.888793 0.635571
vt 0.837897 0.660872
vt 0.900591 0.614102
vt 0.896994 0.616832
vt 0.898792 0.617177
vt 0.896524 0.621002
vt 0.899488 0.624265
vt 0.892731 0.618489
vt 0.899245 0.629163
vt 0.879632 0.643486
vt 0.896187 0.626446
vt 0.895672 0.632622
vt 0.890862 0.625079
vt 0.881193 0.628681
vt 0.905212 0.631554
vt 0.895294 0.638984
vt 0.902186 0.633957
vt 0.873970 0.662997
vt 0.876091 0.637579
vt 0.869328 0.712031
vt 0.925250 0.737271
vt 0.890029 0.595022
vt 0.861646 0.631315
vt 0.878726 0.668139
vt 0.920334 0.637498
vt 0.857287 0.614697
vt 0.897087 0.733588
vt 0.845567 0.713703
vt 0.823011 0.689942
vt 0.825064 0.699752
vt 0.820916 0.699471
vt 0.892209 0.697000
vt 0.828940 0.685246
vt 0.865275 0.623526
vt 0.880483 0.590801
vt 0.632905 0.464670
vt 0.623027 0.467418
vt 0.626235 0.457751
vt 0.713651 0.437411
vt 0.732525 0.448849
vt 0.717590 0.454731
vt 0.641883 0.544030
vt 0.637828 0.546792
vt 0.635216 0.536682
vt 0.682358 0.372062
vt 0.670831 0.364991
vt 0.680870 0.354482
vt 0.742561 0.486647
vt 0.731026 0.482461
vt 0.731262 0.467786
vt 0.649127 0.546688
vt 0.648451 0.555403
vt 0.644091 0.550311
vt 0.658611 0.495856
vt 0.667448 0.503687
vt 0.653856 0.505145
vt 0.667287 0.341464
vt 0.669346 0.354923
vt 0.658672 0.358713
vt 0.651715 0.541702
vt 0.656064 0.538139
vt 0.655035 0.545181
vt 0.690782 0.514557
vt 0.683199 0.498865
vt 0.697320 0.506672
vt 0.646796 0.518885
vt 0.641887 0.523671
vt 0.637504 0.515817
vt 0.650640 0.420012
vt 0.643939 0.419468
vt 0.648282 0.411614
vt 0.677357 0.486633
vt 0.673105 0.491802
vt 0.667588 0.483488
vt 0.635803 0.418945
vt 0.629625 0.418697
vt 0.627819 0.409834
vt 0.754476 0.431732
vt 0.771472 0.426309
vt 0.764279 0.454108
vt 0.706700 0.513037
vt 0.707887 0.520206
vt 0.701410 0.516824
vt 0.719492 0.523638
vt 0.706907 0.505248
vt 0.721594 0.512165
vt 0.698665 0.486724
vt 0.717988 0.502142
vt 0.703168 0.496330
vt 0.664014 0.539085
vt 0.673838 0.536596
vt 0.668494 0.545416
vt 0.677839 0.465424
vt 0.692902 0.469528
vt 0.683212 0.479324
vt 0.667189 0.445187
vt 0.658271 0.435586
vt 0.672276 0.434461
vt 0.640642 0.438853
vt 0.645439 0.443192
vt 0.640697 0.453691
vt 0.793334 0.429099
vt 0.793334 0.466815
vt 0.655185 0.520955
vt 0.652886 0.514353
vt 0.663231 0.515827
vt 0.627434 0.509670
vt 0.635575 0.508297
vt 0.699824 0.452084
vt 0.734529 0.426260
vt 0.747340 0.445206
vt 0.670454 0.472468
vt 0.647077 0.560251
vt 0.651477 0.466352
vt 0.656958 0.462380
vt 0.660599 0.471405
vt 0.647514 0.434158
vt 0.640210 0.427819
vt 0.665990 0.379734
vt 0.640034 0.409945
vt 0.646265 0.400312
vt 0.748626 0.357359
vt 0.706372 0.356856
vt 0.743986 0.336134
vt 0.753147 0.473793
vt 0.787185 0.511732
vt 0.764321 0.523180
vt 0.642657 0.539410
vt 0.644575 0.510762
vt 0.649774 0.528550
vt 0.673681 0.497802
vt 0.678680 0.505263
vt 0.666140 0.492632
vt 0.656468 0.483343
vt 0.648154 0.493264
vt 0.644948 0.564234
vt 0.642210 0.555977
vt 0.647038 0.426005
vt 0.645780 0.369208
vt 0.648997 0.361452
vt 0.653218 0.374150
vt 0.635002 0.433395
vt 0.734778 0.378368
vt 0.632333 0.453387
vt 0.679789 0.450426
vt 0.708311 0.538303
vt 0.710246 0.483870
vt 0.715627 0.470660
vt 0.630574 0.479258
vt 0.635084 0.476376
vt 0.633985 0.483210
vt 0.628557 0.484299
vt 0.632781 0.490283
vt 0.691962 0.493433
vt 0.661986 0.528572
vt 0.641764 0.376621
vt 0.639266 0.363616
vt 0.653081 0.555728
vt 0.661895 0.394679
vt 0.658537 0.384868
vt 0.662789 0.550791
vt 0.668924 0.456572
vt 0.647995 0.537458
vt 0.639302 0.530925
vt 0.678042 0.516175
vt 0.652455 0.427343
vt 0.657733 0.420246
vt 0.736708 0.500533
vt 0.662638 0.461138
vt 0.635355 0.522477
vt 0.649786 0.476099
vt 0.648022 0.482782
vt 0.642936 0.471918
vt 0.678767 0.421991
vt 0.676201 0.411758
vt 0.697336 0.406306
vt 0.641011 0.502872
vt 0.792372 0.371352
vt 0.712128 0.419572
vt 0.692506 0.431112
vt 0.656440 0.455002
vt 0.660795 0.449810
vt 0.636960 0.397419
vt 0.624676 0.397733
vt 0.663327 0.365882
vt 0.726958 0.405851
vt 0.654269 0.412868
vt 0.749844 0.405891
vt 0.654494 0.447958
vt 0.653862 0.403775
vt 0.639959 0.484942
vt 0.632286 0.530177
vt 0.698411 0.381195
vt 0.652611 0.456198
vt 0.637047 0.495772
vt 0.628346 0.501222
vt 0.667165 0.423193
vt 0.629522 0.516613
vt 0.631405 0.524838
vt 0.653230 0.391165
vt 0.650333 0.441927
vt 0.648409 0.450862
vt 0.624435 0.442192
vt 0.632707 0.443498
vt 0.626915 0.449752
vt 0.666217 0.410706
vt 0.628017 0.478943
vt 0.629156 0.473959
vt 0.675683 0.395580
vt 0.630520 0.386045
vt 0.631897 0.374856
vt 0.641198 0.354299
vt 0.653446 0.349652
vt 0.644664 0.345489
vt 0.670867 0.524558
vt 0.629764 0.495522
vt 0.626264 0.492608
vt 0.695335 0.336134
vt 0.638335 0.386305
vt 0.654972 0.336134
vt 0.645037 0.387747
vt 0.660753 0.339948
vt 0.655618 0.552111
vt 0.665620 0.403197
vt 0.645871 0.336134
vt 0.629145 0.425733
vt 0.659563 0.408111
vt 0.627782 0.434217
vt 0.691917 0.534753
vt 0.681151 0.534981
vt 0.678970 0.527654
vt 0.676879 0.336974
vt 0.625116 0.417999
vt 0.845242 0.354063
vt 0.842995 0.356354
vt 0.843058 0.351529
vt 0.856656 0.326159
vt 0.854621 0.328739
vt 0.853766 0.325602
vt 0.845471 0.341628
vt 0.844385 0.338790
vt 0.847925 0.338285
vt 0.840920 0.345633
vt 0.834118 0.348068
vt 0.839195 0.342505
vt 0.840594 0.348722
vt 0.838569 0.349779
vt 0.846680 0.299243
vt 0.857341 0.291728
vt 0.856786 0.304899
vt 0.876258 0.326140
vt 0.882193 0.323939
vt 0.882006 0.331257
vt 0.852260 0.316545
vt 0.844240 0.313062
vt 0.790033 0.255160
vt 0.797541 0.246107
vt 0.801243 0.253675
vt 0.839349 0.351664
vt 0.840493 0.353128
vt 0.834056 0.353073
vt 0.880608 0.218131
vt 0.877845 0.200461
vt 0.888792 0.203548
vt 0.855536 0.350588
vt 0.851888 0.344995
vt 0.854383 0.344096
vt 0.864051 0.346451
vt 0.858360 0.359341
vt 0.839722 0.208870
vt 0.835870 0.215876
vt 0.832717 0.211857
vt 0.887469 0.186942
vt 0.838046 0.215841
vt 0.806783 0.249445
vt 0.848727 0.255998
vt 0.854305 0.269882
vt 0.839854 0.273679
vt 0.820408 0.262578
vt 0.816400 0.254609
vt 0.823691 0.257614
vt 0.832299 0.304404
vt 0.837516 0.289835
vt 0.834822 0.345028
vt 0.826271 0.351999
vt 0.850176 0.350874
vt 0.847054 0.361039
vt 0.853888 0.332620
vt 0.857246 0.329794
vt 0.854274 0.337833
vt 0.871716 0.336054
vt 0.875159 0.343808
vt 0.834896 0.340733
vt 0.827322 0.346367
vt 0.841229 0.337947
vt 0.787747 0.313010
vt 0.803919 0.314701
vt 0.782930 0.328713
vt 0.883085 0.306018
vt 0.878478 0.309022
vt 0.880239 0.300121
vt 0.878008 0.286791
vt 0.878523 0.289450
vt 0.876118 0.289913
vt 0.833680 0.259346
vt 0.876808 0.284527
vt 0.828326 0.219643
vt 0.886699 0.348628
vt 0.869775 0.356799
vt 0.829938 0.320686
vt 0.842571 0.328114
vt 0.873139 0.289657
vt 0.836076 0.222895
vt 0.827261 0.231806
vt 0.880493 0.317735
vt 0.883308 0.310672
vt 0.841755 0.236975
vt 0.859006 0.344864
vt 0.804000 0.240478
vt 0.873635 0.294519
vt 0.869819 0.294987
vt 0.871080 0.300442
vt 0.844593 0.216645
vt 0.866086 0.301505
vt 0.845548 0.204078
vt 0.855188 0.203090
vt 0.827364 0.246566
vt 0.850171 0.284380
vt 0.875019 0.298652
vt 0.859833 0.221675
vt 0.824863 0.267433
vt 0.830625 0.270708
vt 0.876884 0.293715
vt 0.859222 0.339921
vt 0.776136 0.257791
vt 0.779797 0.266750
vt 0.766589 0.266049
vt 0.877696 0.297341
vt 0.863779 0.338112
vt 0.863578 0.334364
vt 0.865368 0.338419
vt 0.875909 0.315887
vt 0.851398 0.191556
vt 0.827185 0.294385
vt 0.869010 0.329381
vt 0.863707 0.330704
vt 0.816920 0.220981
vt 0.813443 0.235411
vt 0.847781 0.339924
vt 0.850608 0.339947
vt 0.849864 0.336618
vt 0.848984 0.339271
vt 0.857648 0.335140
vt 0.825288 0.280035
vt 0.792917 0.265030
vt 0.868418 0.206502
vt 0.872960 0.235048
vt 0.883740 0.232730
vt 0.880730 0.245519
vt 0.873199 0.301816
vt 0.872191 0.305875
vt 0.868144 0.305961
vt 0.866516 0.291134
vt 0.874165 0.280796
vt 0.868558 0.320347
vt 0.863682 0.317120
vt 0.868067 0.311399
vt 0.800268 0.260932
vt 0.820513 0.340109
vt 0.819156 0.302647
vt 0.812502 0.245060
vt 0.819363 0.246232
vt 0.821458 0.251611
vt 0.822631 0.240374
vt 0.817403 0.268300
vt 0.865466 0.276085
vt 0.858896 0.240993
vt 0.845002 0.347150
vt 0.782156 0.247842
vt 0.789193 0.245806
vt 0.865899 0.254730
vt 0.877707 0.261438
vt 0.754001 0.275827
vt 0.875962 0.301934
vt 0.848092 0.345033
vt 0.772017 0.309503
vt 0.752064 0.302871
vt 0.767490 0.291176
vt 0.798997 0.271441
vt 0.807341 0.267656
vt 0.800717 0.292095
vt 0.810337 0.281249
vt 0.810543 0.296927
vt 0.862741 0.310594
vt 0.860184 0.324293
vt 0.820301 0.314095
vt 0.794313 0.282180
vt 0.785675 0.296190
vt 0.781296 0.280589
vt 0.859367 0.319890
vt 0.808944 0.258552
vt 0.874835 0.306555
vt 0.873549 0.311175
vt 0.858083 0.317118
vt 0.861642 0.316634
vt 0.774445 0.321599
vt 0.767965 0.331747
vt 0.767733 0.276150
vt 0.877219 0.317899
vt 0.874227 0.321311
vt 0.848163 0.334917
vt 0.794498 0.333424
vt 0.776740 0.339417
vt 0.861765 0.328527
vt 0.753633 0.286378
vt 0.788573 0.272226
vt 0.876733 0.271652
vt 0.819186 0.290669
vt 0.814836 0.356696
vt 0.798891 0.355070
vt 0.851003 0.331277
vt 0.857201 0.323199
vt 0.857730 0.320884
vt 0.858592 0.319255
vt 0.812211 0.327365
vt 0.799260 0.344032
vt 0.845696 0.333225
vt 0.851061 0.328582
vt 0.790919 0.238475
vt 0.852923 0.322973
vt 0.858395 0.312024
vt 0.798544 0.302588
vt 0.398374 0.277516
vt 0.403644 0.268316
vt 0.410033 0.273294
vt 0.416985 0.278076
vt 0.419531 0.270101
vt 0.406410 0.280723
vt 0.504229 0.302465
vt 0.492630 0.292040
vt 0.501508 0.291856
vt 0.487830 0.296474
vt 0.355681 0.283641
vt 0.359156 0.279753
vt 0.363008 0.279566
vt 0.489633 0.305914
vt 0.360638 0.273155
vt 0.355461 0.276233
vt 0.352935 0.281532
vt 0.488098 0.286490
vt 0.494251 0.285786
vt 0.485291 0.290608
vt 0.478559 0.302889
vt 0.348152 0.287236
vt 0.345406 0.298843
vt 0.340357 0.291799
vt 0.478966 0.293778
vt 0.340631 0.299976
vt 0.337497 0.304034
vt 0.471807 0.293505
vt 0.472071 0.300095
vt 0.465057 0.299079
vt 0.481974 0.286689
vt 0.486608 0.280074
vt 0.475358 0.288616
vt 0.475207 0.283646
vt 0.468749 0.289047
vt 0.465372 0.283106
vt 0.461187 0.290329
vt 0.456506 0.284842
vt 0.452242 0.292744
vt 0.446170 0.285108
vt 0.397005 0.257032
vt 0.395647 0.258952
vt 0.391943 0.257071
vt 0.458526 0.298465
vt 0.453546 0.303788
vt 0.456733 0.278240
vt 0.446139 0.277970
vt 0.438696 0.296441
vt 0.436829 0.288750
vt 0.441481 0.290215
vt 0.395557 0.314295
vt 0.387963 0.317442
vt 0.389256 0.309910
vt 0.408470 0.293261
vt 0.410216 0.285359
vt 0.416471 0.286475
vt 0.431497 0.296080
vt 0.430087 0.289235
vt 0.411051 0.247619
vt 0.419010 0.248285
vt 0.415230 0.255795
vt 0.424033 0.288096
vt 0.434395 0.281491
vt 0.432416 0.303970
vt 0.423949 0.294858
vt 0.427270 0.302818
vt 0.424183 0.281052
vt 0.421630 0.300798
vt 0.422888 0.304775
vt 0.350484 0.275443
vt 0.355561 0.267785
vt 0.416535 0.293595
vt 0.348015 0.281546
vt 0.412001 0.301776
vt 0.417913 0.298890
vt 0.418455 0.304986
vt 0.415245 0.310935
vt 0.401859 0.288501
vt 0.404158 0.302392
vt 0.399848 0.297176
vt 0.342122 0.285804
vt 0.372712 0.272335
vt 0.378466 0.268781
vt 0.380008 0.269615
vt 0.396152 0.305313
vt 0.400610 0.309309
vt 0.444821 0.292411
vt 0.335299 0.297576
vt 0.345236 0.278824
vt 0.333472 0.286577
vt 0.348078 0.270629
vt 0.340976 0.271496
vt 0.355808 0.289306
vt 0.390313 0.301603
vt 0.382849 0.308744
vt 0.380859 0.303110
vt 0.446146 0.300631
vt 0.340310 0.281304
vt 0.333299 0.278409
vt 0.440545 0.308516
vt 0.402283 0.250282
vt 0.398611 0.257490
vt 0.333129 0.295239
vt 0.379981 0.317551
vt 0.375574 0.312411
vt 0.395757 0.266844
vt 0.399506 0.260470
vt 0.402252 0.263467
vt 0.394708 0.293970
vt 0.330303 0.306052
vt 0.369298 0.323023
vt 0.388060 0.263227
vt 0.379536 0.259937
vt 0.384175 0.250258
vt 0.406043 0.312328
vt 0.383997 0.270944
vt 0.356382 0.302118
vt 0.362260 0.307656
vt 0.351934 0.320806
vt 0.340361 0.323489
vt 0.335211 0.323829
vt 0.342899 0.310452
vt 0.387716 0.295774
vt 0.384564 0.267526
vt 0.389859 0.266936
vt 0.466799 0.246098
vt 0.471976 0.255326
vt 0.461464 0.254711
vt 0.508506 0.253878
vt 0.488314 0.262445
vt 0.488709 0.251800
vt 0.426519 0.258792
vt 0.438255 0.255207
vt 0.436591 0.260134
vt 0.370377 0.246375
vt 0.371761 0.266804
vt 0.354710 0.245326
vt 0.474629 0.261750
vt 0.363992 0.290122
vt 0.366949 0.297436
vt 0.408324 0.257358
vt 0.373550 0.307821
vt 0.376224 0.301868
vt 0.390645 0.271690
vt 0.383787 0.276234
vt 0.350274 0.299873
vt 0.396317 0.271478
vt 0.391463 0.275392
vt 0.405489 0.258845
vt 0.411995 0.256513
vt 0.331425 0.308977
vt 0.372452 0.288441
vt 0.377213 0.281815
vt 0.386108 0.282135
vt 0.370524 0.283556
vt 0.336980 0.308746
vt 0.328934 0.314923
vt 0.420627 0.256525
vt 0.418728 0.255071
vt 0.366654 0.269889
vt 0.361328 0.267901
vt 0.362671 0.274448
vt 0.378334 0.286151
vt 0.378749 0.293625
vt 0.365982 0.271563
vt 0.392891 0.287611
vt 0.422323 0.253573
vt 0.367497 0.272950
vt 0.428301 0.255005
vt 0.427046 0.253114
vt 0.430933 0.252916
vt 0.434253 0.253390
vt 0.370557 0.304232
vt 0.365001 0.317161
vt 0.424576 0.251856
vt 0.366606 0.282084
vt 0.435990 0.250762
vt 0.425355 0.246510
vt 0.429672 0.250842
vt 0.432974 0.248604
vt 0.437580 0.252248
vt 0.441753 0.250655
vt 0.340766 0.304613
vt 0.450088 0.251858
vt 0.439495 0.247321
vt 0.445570 0.248303
vt 0.448671 0.259486
vt 0.445963 0.245127
vt 0.453254 0.248695
vt 0.395091 0.254240
vt 0.458313 0.248852
vt 0.375421 0.277001
vt 0.393009 0.265319
vt 0.394202 0.263335
vt 0.508504 0.273252
vt 0.496964 0.270155
vt 0.428472 0.273259
vt 0.441654 0.272918
vt 0.400190 0.283353
vt 0.407416 0.261758
vt 0.450890 0.267363
vt 0.451576 0.273220
vt 0.403936 0.260403
vt 0.476731 0.251175
vt 0.474971 0.269468
vt 0.415387 0.259543
vt 0.412703 0.265793
vt 0.437828 0.265663
vt 0.421746 0.263796
vt 0.390940 0.260427
vt 0.422285 0.273404
vt 0.430297 0.262475
vt 0.427786 0.266557
vt 0.462229 0.270568
vt 0.472325 0.276940
vt 0.500340 0.281571
vt 0.485114 0.271394
vt 0.508506 0.293757
vt 0.508506 0.284807
vt 0.461927 0.262801
vt 0.466865 0.259051
vt 0.468475 0.266154
vt 0.341520 0.165082
vt 0.350325 0.167083
vt 0.348532 0.170814
vt 0.356356 0.173908
vt 0.344943 0.176064
vt 0.289917 0.267704
vt 0.307920 0.273333
vt 0.275442 0.281268
vt 0.300291 0.168015
vt 0.289993 0.176346
vt 0.288770 0.164204
vt 0.370067 0.159298
vt 0.376048 0.157345
vt 0.372946 0.161657
vt 0.246419 0.214079
vt 0.214151 0.214142
vt 0.236018 0.207951
vt 0.315285 0.195523
vt 0.321898 0.197908
vt 0.313358 0.203395
vt 0.235084 0.197365
vt 0.240678 0.190883
vt 0.243062 0.198558
vt 0.246900 0.202131
vt 0.238881 0.203354
vt 0.253952 0.202349
vt 0.247558 0.206490
vt 0.252416 0.196984
vt 0.257475 0.206145
vt 0.262524 0.200319
vt 0.225940 0.204064
vt 0.230497 0.197942
vt 0.228250 0.193804
vt 0.263219 0.209620
vt 0.264633 0.205091
vt 0.273252 0.204951
vt 0.225901 0.196880
vt 0.267610 0.195396
vt 0.260537 0.195091
vt 0.269331 0.187263
vt 0.279944 0.196155
vt 0.257055 0.189416
vt 0.280833 0.184733
vt 0.299245 0.180535
vt 0.290906 0.185234
vt 0.284394 0.204669
vt 0.288015 0.191912
vt 0.291674 0.199589
vt 0.296601 0.191070
vt 0.246243 0.182906
vt 0.235008 0.181892
vt 0.271201 0.223164
vt 0.251631 0.222599
vt 0.261702 0.216206
vt 0.220640 0.185512
vt 0.281559 0.210218
vt 0.282193 0.215455
vt 0.272196 0.213419
vt 0.304080 0.197562
vt 0.330578 0.196214
vt 0.324706 0.202054
vt 0.349812 0.180738
vt 0.346274 0.186521
vt 0.338228 0.183079
vt 0.227581 0.174053
vt 0.207855 0.169450
vt 0.231712 0.164134
vt 0.242095 0.174333
vt 0.256989 0.178989
vt 0.374960 0.165872
vt 0.364895 0.162046
vt 0.362857 0.190630
vt 0.367810 0.181986
vt 0.380244 0.184905
vt 0.317028 0.186468
vt 0.310672 0.192243
vt 0.306184 0.188294
vt 0.247103 0.163424
vt 0.251948 0.172158
vt 0.384698 0.176194
vt 0.369048 0.173921
vt 0.255634 0.231047
vt 0.269659 0.233984
vt 0.289634 0.220719
vt 0.301567 0.215970
vt 0.302712 0.222102
vt 0.356356 0.164619
vt 0.326163 0.178383
vt 0.336237 0.171504
vt 0.316189 0.168341
vt 0.325854 0.169375
vt 0.321404 0.173596
vt 0.295444 0.209299
vt 0.308916 0.210596
vt 0.309312 0.180949
vt 0.308617 0.172785
vt 0.225467 0.179309
vt 0.210202 0.180203
vt 0.221618 0.156502
vt 0.208378 0.156486
vt 0.311075 0.283368
vt 0.330784 0.279682
vt 0.285259 0.233737
vt 0.358472 0.180064
vt 0.353174 0.185209
vt 0.316476 0.177074
vt 0.259793 0.168263
vt 0.381593 0.169382
vt 0.270593 0.176699
vt 0.289429 0.289918
vt 0.310567 0.261991
vt 0.281072 0.172111
vt 0.327684 0.266677
vt 0.339598 0.190614
vt 0.349659 0.191849
vt 0.339373 0.196607
vt 0.323640 0.292911
vt 0.364458 0.168248
vt 0.234807 0.233873
vt 0.226451 0.226004
vt 0.274495 0.163610
vt 0.358860 0.186536
vt 0.326319 0.257089
vt 0.308611 0.255840
vt 0.324967 0.249884
vt 0.293437 0.256047
vt 0.293767 0.260570
vt 0.285601 0.255525
vt 0.282172 0.257987
vt 0.298339 0.253554
vt 0.305267 0.247845
vt 0.311323 0.249310
vt 0.306119 0.251215
vt 0.314701 0.250831
vt 0.315297 0.247793
vt 0.298717 0.250116
vt 0.290725 0.254563
vt 0.290187 0.252269
vt 0.310729 0.245936
vt 0.313809 0.245471
vt 0.341136 0.248767
vt 0.287424 0.254126
vt 0.341956 0.257336
vt 0.320166 0.248382
vt 0.320279 0.245985
vt 0.326702 0.245559
vt 0.284537 0.252396
vt 0.278118 0.263314
vt 0.276166 0.254067
vt 0.267998 0.261169
vt 0.305554 0.239322
vt 0.299973 0.243336
vt 0.300741 0.238934
vt 0.324562 0.242471
vt 0.318395 0.243153
vt 0.302070 0.232212
vt 0.319035 0.222233
vt 0.288910 0.243252
vt 0.290901 0.248358
vt 0.285489 0.248323
vt 0.294659 0.227008
vt 0.327242 0.228871
vt 0.315579 0.234439
vt 0.303961 0.244536
vt 0.301876 0.248381
vt 0.299512 0.246693
vt 0.352900 0.226724
vt 0.359147 0.229620
vt 0.349592 0.233079
vt 0.328912 0.238364
vt 0.320193 0.239281
vt 0.326120 0.235114
vt 0.311502 0.242295
vt 0.278581 0.248714
vt 0.241472 0.240620
vt 0.257040 0.239129
vt 0.248183 0.247009
vt 0.335903 0.219965
vt 0.295714 0.239803
vt 0.355466 0.234678
vt 0.349058 0.238415
vt 0.256206 0.249061
vt 0.253381 0.249792
vt 0.258514 0.245449
vt 0.255014 0.250964
vt 0.334665 0.240316
vt 0.295328 0.246039
vt 0.307729 0.245781
vt 0.367310 0.223903
vt 0.360473 0.222181
vt 0.379305 0.212837
vt 0.266002 0.243794
vt 0.264404 0.247057
vt 0.338807 0.230709
vt 0.332133 0.189876
vt 0.352062 0.217914
vt 0.343968 0.243732
vt 0.336105 0.245129
vt 0.327317 0.186374
vt 0.312701 0.215627
vt 0.324138 0.192349
vt 0.275622 0.238921
vt 0.321414 0.208347
vt 0.321597 0.214192
vt 0.332006 0.202368
vt 0.354969 0.199752
vt 0.331771 0.210850
vt 0.342321 0.201507
vt 0.346301 0.208684
vt 0.360980 0.208035
vt 0.281265 0.243000
vt 0.348956 0.242771
vt 0.355625 0.238665
vt 0.368353 0.197818
vt 0.383274 0.192468
vt 0.272477 0.244825
vt 0.262748 0.252718
vt 0.267865 0.255410
vt 0.258536 0.259856
vt 0.256930 0.253608
vt 0.258294 0.249806
vt 0.266959 0.240641
vt 0.343082 0.236298
vt 0.341852 0.241010
vt 0.270460 0.250570
vt 0.256012 0.251555
vt 0.253202 0.252624
vt 0.698731 0.259594
vt 0.712858 0.268415
vt 0.691154 0.272876
vt 0.656564 0.284718
vt 0.674811 0.281478
vt 0.669610 0.296244
vt 0.617068 0.258286
vt 0.627346 0.265921
vt 0.620181 0.269483
vt 0.688140 0.258540
vt 0.677755 0.259015
vt 0.681947 0.251163
vt 0.572895 0.257200
vt 0.567251 0.252493
vt 0.570367 0.247702
vt 0.634440 0.218100
vt 0.633389 0.225393
vt 0.626672 0.223108
vt 0.593157 0.250547
vt 0.592876 0.258957
vt 0.588280 0.250363
vt 0.666193 0.257895
vt 0.674028 0.252425
vt 0.620869 0.220594
vt 0.618937 0.227947
vt 0.612361 0.219988
vt 0.612355 0.266986
vt 0.606901 0.269518
vt 0.606512 0.261281
vt 0.707049 0.244940
vt 0.701470 0.250901
vt 0.700302 0.243635
vt 0.740770 0.240646
vt 0.745938 0.250325
vt 0.734720 0.246064
vt 0.571077 0.238640
vt 0.562691 0.247383
vt 0.558271 0.242627
vt 0.737968 0.271890
vt 0.723248 0.258431
vt 0.611410 0.228146
vt 0.709684 0.257845
vt 0.615438 0.239160
vt 0.613260 0.234665
vt 0.620771 0.236066
vt 0.597748 0.241918
vt 0.600659 0.242492
vt 0.599262 0.246432
vt 0.605566 0.226399
vt 0.656876 0.217422
vt 0.658655 0.206572
vt 0.666326 0.214726
vt 0.691331 0.250188
vt 0.655191 0.257232
vt 0.665478 0.249977
vt 0.664021 0.315124
vt 0.684978 0.311257
vt 0.680847 0.332431
vt 0.601855 0.210986
vt 0.593980 0.213365
vt 0.601129 0.203824
vt 0.598859 0.267517
vt 0.598656 0.256531
vt 0.736343 0.263066
vt 0.747567 0.266997
vt 0.632977 0.203229
vt 0.634823 0.211179
vt 0.627668 0.211818
vt 0.629179 0.258664
vt 0.676752 0.245993
vt 0.641290 0.258541
vt 0.633690 0.251869
vt 0.652905 0.251043
vt 0.642662 0.247948
vt 0.606951 0.233343
vt 0.608709 0.256398
vt 0.578071 0.201879
vt 0.572691 0.201349
vt 0.580784 0.196088
vt 0.583992 0.287537
vt 0.595115 0.277477
vt 0.593705 0.288681
vt 0.637795 0.230834
vt 0.639465 0.223652
vt 0.577951 0.205758
vt 0.554727 0.206826
vt 0.735298 0.255676
vt 0.604454 0.291650
vt 0.601463 0.283224
vt 0.695806 0.245011
vt 0.651188 0.209598
vt 0.604705 0.219622
vt 0.610267 0.241398
vt 0.608345 0.236423
vt 0.610952 0.281558
vt 0.619153 0.286818
vt 0.747533 0.257884
vt 0.624655 0.250641
vt 0.684951 0.243971
vt 0.627871 0.272277
vt 0.690731 0.242753
vt 0.687229 0.236326
vt 0.671547 0.240936
vt 0.712340 0.251977
vt 0.727779 0.248142
vt 0.661252 0.243370
vt 0.655182 0.236562
vt 0.665862 0.233803
vt 0.636978 0.268530
vt 0.633594 0.263543
vt 0.639198 0.207790
vt 0.628001 0.230586
vt 0.632309 0.241027
vt 0.581796 0.234046
vt 0.578022 0.239236
vt 0.575863 0.233618
vt 0.680005 0.238432
vt 0.611491 0.214475
vt 0.615502 0.212699
vt 0.651678 0.244050
vt 0.726430 0.252163
vt 0.585852 0.272703
vt 0.579224 0.277593
vt 0.608723 0.330475
vt 0.579465 0.326544
vt 0.597492 0.308427
vt 0.717978 0.246059
vt 0.621502 0.277276
vt 0.612614 0.273790
vt 0.604750 0.275588
vt 0.602633 0.246178
vt 0.606994 0.247443
vt 0.603476 0.252121
vt 0.651489 0.303342
vt 0.638590 0.327516
vt 0.634930 0.295892
vt 0.625920 0.217927
vt 0.667292 0.269075
vt 0.656735 0.263783
vt 0.564445 0.285087
vt 0.571561 0.288805
vt 0.556156 0.299965
vt 0.604359 0.238327
vt 0.712939 0.210889
vt 0.704513 0.215272
vt 0.703744 0.203198
vt 0.709335 0.237109
vt 0.702189 0.238639
vt 0.700373 0.231764
vt 0.583270 0.303810
vt 0.612736 0.301333
vt 0.674511 0.224091
vt 0.662924 0.224729
vt 0.647770 0.273920
vt 0.727937 0.219871
vt 0.724337 0.222380
vt 0.723249 0.211932
vt 0.730021 0.211295
vt 0.557734 0.313964
vt 0.575731 0.300323
vt 0.700551 0.333848
vt 0.701333 0.321241
vt 0.592013 0.267679
vt 0.647660 0.264596
vt 0.737105 0.231711
vt 0.731989 0.230058
vt 0.736114 0.224327
vt 0.724742 0.240820
vt 0.741921 0.226379
vt 0.741820 0.232831
vt 0.569493 0.230294
vt 0.570974 0.233124
vt 0.556845 0.233245
vt 0.728492 0.235965
vt 0.717641 0.237568
vt 0.587219 0.193926
vt 0.600961 0.193717
vt 0.588659 0.201849
vt 0.583099 0.213497
vt 0.734272 0.236290
vt 0.644738 0.240018
vt 0.735569 0.215988
vt 0.736006 0.206771
vt 0.746644 0.210508
vt 0.725559 0.228806
vt 0.730104 0.224218
vt 0.570113 0.220010
vt 0.745226 0.239067
vt 0.747567 0.231411
vt 0.660333 0.333652
vt 0.554478 0.290722
vt 0.554478 0.224269
vt 0.573595 0.228768
vt 0.580018 0.227924
vt 0.746908 0.222319
vt 0.741216 0.219121
vt 0.618460 0.193712
vt 0.617412 0.201067
vt 0.728457 0.333660
vt 0.731330 0.200539
vt 0.559483 0.281774
vt 0.554478 0.283783
vt 0.642293 0.212321
vt 0.710099 0.199323
vt 0.721627 0.193936
vt 0.609960 0.252396
vt 0.646180 0.206807
vt 0.718045 0.224068
vt 0.675270 0.233208
vt 0.682411 0.229378
vt 0.698904 0.221603
vt 0.692211 0.217461
vt 0.697826 0.212084
vt 0.560889 0.323595
vt 0.598770 0.223746
vt 0.713117 0.307334
vt 0.691995 0.227389
vt 0.695370 0.237522
vt 0.660468 0.230843
vt 0.597757 0.250071
vt 0.653824 0.227451
vt 0.721513 0.233239
vt 0.599738 0.216208
vt 0.631842 0.279129
vt 0.619352 0.243679
vt 0.618523 0.250111
vt 0.613315 0.248629
vt 0.702125 0.289446
vt 0.687645 0.292474
vt 0.714509 0.231672
vt 0.742322 0.322505
vt 0.624453 0.208507
vt 0.588348 0.219031
vt 0.621070 0.211266
vt 0.618704 0.207041
vt 0.708267 0.224927
vt 0.645943 0.226306
vt 0.650764 0.222283
vt 0.582968 0.221640
vt 0.640052 0.236098
vt 0.572464 0.298033
vt 0.684544 0.219655
vt 0.646550 0.232743
vt 0.593297 0.220373
vt 0.561809 0.303045
vt 0.677930 0.212737
vt 0.624677 0.204177
vt 0.600853 0.228580
vt 0.695739 0.202105
vt 0.689374 0.207879
vt 0.604897 0.243291
vt 0.610056 0.208449
vt 0.601447 0.233043
vt 0.685628 0.199994
vt 0.606878 0.214046
vt 0.676116 0.206185
vt 0.671316 0.207686
vt 0.665533 0.206969
vt 0.739563 0.308722
vt 0.583471 0.242024
vt 0.583459 0.250759
vt 0.645921 0.218773
vt 0.620550 0.215482
vt 0.718286 0.286732
vt 0.747567 0.291896
vt 0.555838 0.274878
vt 0.590220 0.241142
vt 0.577590 0.245748
vt 0.599801 0.238451
vt 0.595483 0.237351
vt 0.597509 0.230418
vt 0.563325 0.273281
vt 0.557516 0.266416
vt 0.567732 0.265789
vt 0.580059 0.255814
vt 0.595665 0.244787
vt 0.585997 0.236130
vt 0.559611 0.259481
vt 0.561378 0.253687
vt 0.565560 0.259433
vt 0.585983 0.260224
vt 0.588991 0.229299
vt 0.573209 0.265069
vt 0.579063 0.265443
vt 0.578396 0.193682
vt 0.571929 0.273960
vt 0.588542 0.222770
vt 0.353842 0.825406
vt 0.345516 0.826871
vt 0.353670 0.820933
vt 0.325984 0.799261
vt 0.333458 0.811710
vt 0.319951 0.811549
vt 0.336768 0.802669
vt 0.322733 0.837877
vt 0.332849 0.826211
vt 0.334970 0.835318
vt 0.304414 0.828705
vt 0.320735 0.829405
vt 0.310947 0.836918
vt 0.353440 0.833235
vt 0.308328 0.816528
vt 0.288948 0.806583
vt 0.300106 0.796114
vt 0.305034 0.809849
vt 0.312441 0.799607
vt 0.312651 0.785726
vt 0.349023 0.808179
vt 0.290769 0.816647
vt 0.296162 0.813382
vt 0.342600 0.812512
vt 0.300519 0.816155
vt 0.304493 0.788396
vt 0.341436 0.838065
vt 0.286450 0.830289
vt 0.571542 0.843973
vt 0.567469 0.840470
vt 0.572956 0.840729
vt 0.560660 0.846849
vt 0.562456 0.839011
vt 0.563003 0.836628
vt 0.547987 0.834346
vt 0.583514 0.839389
vt 0.576301 0.842151
vt 0.405783 0.817800
vt 0.399665 0.822526
vt 0.399504 0.813360
vt 0.416410 0.848771
vt 0.409082 0.833376
vt 0.419205 0.832694
vt 0.389443 0.816812
vt 0.414620 0.823727
vt 0.380848 0.819001
vt 0.373124 0.816156
vt 0.381575 0.812073
vt 0.357351 0.806960
vt 0.365598 0.807188
vt 0.363829 0.821944
vt 0.375568 0.825866
vt 0.463905 0.827870
vt 0.457607 0.827403
vt 0.386262 0.826606
vt 0.371283 0.842299
vt 0.395708 0.836417
vt 0.487927 0.832069
vt 0.495011 0.831205
vt 0.494136 0.840146
vt 0.479831 0.834184
vt 0.479802 0.831793
vt 0.515436 0.838921
vt 0.506254 0.841599
vt 0.528925 0.838004
vt 0.433867 0.829467
vt 0.443026 0.826128
vt 0.440734 0.836050
vt 0.453354 0.827160
vt 0.428480 0.836832
vt 0.425464 0.827667
vt 0.470728 0.845870
vt 0.450661 0.848650
vt 0.462051 0.832753
vt 0.451172 0.833320
vt 0.472901 0.830511
vt 0.435106 0.845815
vt 0.484845 0.845870
vt 0.499661 0.839772
vt 0.502861 0.830700
vt 0.532341 0.829973
vt 0.140282 0.591845
vt 0.129748 0.597679
vt 0.128198 0.589455
vt 0.139241 0.615210
vt 0.141775 0.609177
vt 0.145790 0.619442
vt 0.118614 0.593649
vt 0.112975 0.598274
vt 0.113131 0.590980
vt 0.109431 0.616881
vt 0.102554 0.613412
vt 0.109440 0.605902
vt 0.101335 0.626497
vt 0.122773 0.604547
vt 0.123880 0.596763
vt 0.115094 0.610124
vt 0.116639 0.600814
vt 0.130191 0.571649
vt 0.136613 0.580305
vt 0.124366 0.582622
vt 0.134896 0.602870
vt 0.131601 0.614768
vt 0.121579 0.614150
vt 0.140382 0.601181
vt 0.150450 0.618371
vt 0.113389 0.622300
vt 0.130454 0.554349
vt 0.117466 0.574893
vt 0.127414 0.565419
vt 0.120807 0.564246
vt 0.116481 0.532111
vt 0.125412 0.541131
vt 0.112882 0.518112
vt 0.137289 0.118235
vt 0.780104 0.518851
vt 0.101795 0.771025
vt 0.518937 0.953210
vt 0.517596 0.952237
vt 0.975084 0.172028
vt 0.975136 0.172915
vt 0.953547 0.172915
vt 0.629983 0.015638
vt 0.128014 0.102132
vt 0.856619 0.966588
vt 0.652310 0.035239
vt 0.265537 0.973090
vt 0.227381 0.156516
vt 0.051955 0.221539
vt 0.921993 0.504995
vt 0.758633 0.265973
vt 0.063746 0.739923
s 1
usemtl Texture.001
f 21/1/1 204/2/2 212/3/3
f 139/4/4 138/5/5 1355/6/6
f 1446/7/7 338/8/8 1417/9/9
f 203/10/10 999/11/11 111/12/12
f 1863/13/13 1869/14/14 2066/15/15
f 21/16/1 10/17/16 204/18/2
f 21/16/1 1185/19/17 10/17/16
f 2825/20/18 2953/21/19 3731/22/20
f 2883/23/21 2901/24/22 2825/20/18
f 2825/20/18 3731/22/20 2883/23/21
f 1849/25/23 1266/26/24 1253/27/25
f 1422/28/26 1266/26/24 1849/25/23
f 1422/28/26 1849/25/23 45/29/27
f 1247/30/28 291/31/29 1251/32/30
f 1251/32/30 291/31/29 1085/33/31
f 1247/30/28 1248/34/32 291/31/29
f 3130/35/33 1378/36/34 2730/37/35
f 1314/38/36 1378/36/34 3140/39/37
f 3140/39/37 1378/36/34 3130/35/33
f 1004/40/38 1096/41/39 1371/42/40
f 1091/43/41 1004/40/38 1005/44/42
f 1091/43/41 1096/41/39 1004/40/38
f 1341/45/43 2994/46/44 1339/47/45
f 1341/45/43 90/48/46 2994/46/44
f 2876/49/47 1341/45/43 1339/47/45
f 3062/50/48 2870/51/49 3061/52/50
f 3060/53/51 3062/50/48 3050/54/52
f 3829/55/53 3062/50/48 3061/52/50
f 2870/51/49 3062/50/48 3060/53/51
f 2823/56/54 2953/57/19 2766/58/55
f 2823/56/54 3731/59/20 2953/57/19
f 2818/60/56 2952/61/57 2823/56/54
f 3731/59/20 2823/56/54 2952/61/57
f 291/62/29 1248/63/32 41/64/58
f 41/64/58 42/65/59 291/62/29
f 1261/66/60 1245/67/61 42/65/59
f 41/64/58 1261/66/60 42/65/59
f 1251/68/30 1085/69/31 55/70/62
f 1260/71/63 1259/72/64 55/70/62
f 1251/68/30 55/70/62 1259/72/64
f 141/73/65 1251/68/30 1259/72/64
f 1849/74/23 1253/75/25 1256/76/66
f 947/77/67 1256/76/66 1253/75/25
f 1849/74/23 1256/76/66 1198/78/68
f 45/79/27 1849/74/23 1198/78/68
f 176/80/69 40/81/70 2868/82/71
f 45/83/27 40/81/70 176/80/69
f 24/84/72 2868/82/71 40/81/70
f 176/80/69 1422/85/26 45/83/27
f 675/86/73 682/87/74 652/88/75
f 652/88/75 651/89/76 675/86/73
f 675/86/73 677/90/77 688/91/78
f 651/89/76 716/92/79 675/86/73
f 675/86/73 688/91/78 682/87/74
f 205/93/80 206/94/81 183/95/82
f 405/96/83 2656/97/84 404/98/85
f 1682/99/86 1683/100/87 404/98/85
f 1683/100/87 405/96/83 404/98/85
f 1683/100/87 559/101/88 405/96/83
f 1672/102/89 404/98/85 2656/97/84
f 2656/97/84 2663/103/90 1672/102/89
f 400/104/91 1722/105/92 592/106/93
f 400/104/91 418/107/94 1722/105/92
f 3001/108/95 1722/105/92 418/107/94
f 1722/105/92 3001/108/95 592/106/93
f 400/104/91 592/106/93 1872/109/96
f 3001/108/95 418/107/94 1687/110/97
f 1251/111/30 1246/112/98 1247/113/28
f 1246/112/98 1251/111/30 141/114/65
f 141/114/65 948/115/99 1246/112/98
f 1252/116/100 1246/112/98 947/117/67
f 948/115/99 947/117/67 1246/112/98
f 1252/116/100 947/117/67 1253/118/25
f 1246/112/98 1252/116/100 1247/113/28
f 3089/119/101 3062/120/48 3095/121/102
f 3087/122/103 3089/119/101 3049/123/104
f 3049/123/104 2761/124/105 3087/122/103
f 3095/121/102 3049/123/104 3089/119/101
f 3050/125/52 3087/122/103 3086/126/106
f 3050/125/52 3062/120/48 3089/119/101
f 3089/119/101 3087/122/103 3050/125/52
f 2761/124/105 3086/126/106 3087/122/103
f 2822/127/107 3823/128/108 2821/129/109
f 3823/128/108 2822/127/107 2949/130/110
f 2810/131/111 3823/128/108 2955/132/112
f 2824/133/113 3823/128/108 2810/131/111
f 2810/131/111 1036/134/114 2824/133/113
f 1036/134/114 3823/128/108 2824/133/113
f 2955/132/112 3823/128/108 2949/130/110
f 3823/128/108 1036/134/114 2821/129/109
f 900/135/115 892/136/116 901/137/117
f 2532/138/118 901/137/117 898/139/119
f 749/140/120 900/135/115 748/141/121
f 749/140/120 770/142/122 900/135/115
f 901/137/117 748/141/121 900/135/115
f 898/139/119 901/137/117 892/136/116
f 748/141/121 901/137/117 2532/138/118
f 898/139/119 892/136/116 887/143/123
f 2901/144/22 2883/145/21 3061/146/50
f 3731/147/20 2952/148/57 2830/149/124
f 3829/150/53 2883/145/21 3830/151/125
f 2883/145/21 2830/149/124 3830/151/125
f 3061/146/50 2870/152/49 2901/144/22
f 3829/150/53 3061/146/50 2883/145/21
f 2883/145/21 3731/147/20 2830/149/124
f 2830/149/124 1128/153/126 3830/151/125
f 1128/153/126 2830/149/124 2952/148/57
f 2811/154/127 2654/155/128 1053/156/129
f 2810/157/111 2811/154/127 1053/156/129
f 3822/158/130 2809/159/131 1052/160/132
f 1052/160/132 2654/155/128 2811/154/127
f 2811/154/127 2810/157/111 2955/161/112
f 2654/155/128 1030/162/133 1053/156/129
f 2811/154/127 3822/158/130 1052/160/132
f 2811/154/127 2955/161/112 3822/158/130
f 3822/158/130 2955/161/112 2949/163/110
f 94/164/134 1337/165/135 93/166/136
f 93/166/136 1337/165/135 192/167/137
f 94/164/134 1338/168/138 1337/165/135
f 1342/169/139 1337/165/135 1338/168/138
f 192/167/137 1306/170/140 93/166/136
f 1310/171/141 94/164/134 113/172/142
f 93/166/136 1306/170/140 113/172/142
f 94/164/134 93/166/136 113/172/142
f 192/167/137 193/173/143 1306/170/140
f 830/174/144 2374/175/145 2313/176/146
f 2374/175/145 2365/177/147 2369/178/148
f 830/174/144 2300/179/149 2365/177/147
f 2300/179/149 2311/180/150 2348/181/151
f 2374/175/145 830/174/144 2365/177/147
f 2369/178/148 2313/176/146 2374/175/145
f 2300/179/149 830/174/144 2351/182/152
f 2348/181/151 2365/177/147 2300/179/149
f 830/174/144 2313/176/146 2305/183/153
f 830/174/144 2305/183/153 2351/182/152
f 2352/184/154 2258/185/155 2361/186/156
f 2268/187/157 2258/185/155 2352/184/154
f 2248/188/158 2268/187/157 2295/189/159
f 2268/187/157 1144/190/160 2295/189/159
f 2294/191/161 2258/185/155 2248/188/158
f 2258/185/155 785/192/162 781/193/163
f 2258/185/155 781/193/163 782/194/164
f 2248/188/158 2258/185/155 2268/187/157
f 785/192/162 2258/185/155 2294/191/161
f 2268/187/157 2352/184/154 1144/190/160
f 2258/185/155 782/194/164 2361/186/156
f 2837/195/165 2761/196/105 3049/197/104
f 3340/198/166 3049/197/104 3095/199/102
f 3340/198/166 3058/200/167 3698/201/168
f 2832/202/169 2837/195/165 2833/203/170
f 2761/196/105 2837/195/165 2832/202/169
f 3090/204/171 2837/195/165 3340/198/166
f 2832/202/169 2833/203/170 2828/205/172
f 3092/206/173 3771/207/174 3058/200/167
f 3340/198/166 3092/206/173 3058/200/167
f 3698/201/168 3090/204/171 3340/198/166
f 3049/197/104 3340/198/166 2837/195/165
f 3092/206/173 3340/198/166 3095/199/102
f 122/208/175 135/209/176 110/210/177
f 122/208/175 110/210/177 214/211/178
f 197/212/179 124/213/180 136/214/181
f 130/215/182 110/210/177 135/209/176
f 110/210/177 198/216/183 214/211/178
f 144/217/184 203/218/10 197/212/179
f 198/216/185 3145/219/186 214/211/187
f 112/220/188 130/215/182 197/212/179
f 130/215/182 135/209/176 124/213/180
f 197/212/179 203/218/10 112/220/188
f 124/213/180 197/212/179 130/215/182
f 136/214/181 144/217/184 197/212/179
f 1671/221/189 2658/222/190 1684/223/191
f 1652/224/192 1667/225/193 2658/222/190
f 1671/221/189 2432/226/194 2658/222/190
f 2432/226/194 1652/224/192 2658/222/190
f 1743/227/195 1667/225/193 1744/228/196
f 1667/225/193 1652/224/192 1744/228/196
f 1652/224/192 2432/226/194 2997/229/197
f 1684/223/191 2658/222/190 1667/225/193
f 2997/229/197 2432/226/194 2463/230/198
f 1684/223/191 1667/225/193 2415/231/199
f 2997/229/197 2463/230/198 3284/232/200
f 1664/233/201 1743/227/195 1744/228/196
f 3686/234/202 725/235/203 2122/236/204
f 2964/237/205 2122/236/204 727/238/206
f 727/238/206 3566/239/207 2964/237/205
f 3565/240/208 3561/241/209 3566/239/207
f 725/235/203 2126/242/210 726/243/211
f 3566/239/207 727/238/206 3565/240/208
f 728/244/212 727/238/206 2122/236/204
f 2122/236/204 3689/245/213 3686/234/202
f 2964/237/205 3566/239/207 3689/245/213
f 728/244/212 2122/236/204 726/243/211
f 3689/245/213 2122/236/204 2964/237/205
f 726/243/211 2122/236/204 725/235/203
f 2126/242/210 2124/246/214 726/243/211
f 213/247/215 1411/248/216 148/249/217
f 240/250/218 204/251/2 205/252/80
f 206/253/81 205/252/80 204/251/2
f 240/250/218 212/254/3 204/251/2
f 148/249/217 212/254/3 240/250/218
f 240/250/218 213/247/215 148/249/217
f 2826/255/219 1129/256/220 2843/257/221
f 1033/258/222 2701/259/223 1164/260/224
f 1129/256/220 1165/261/225 2843/257/221
f 2954/262/226 1033/258/222 1164/260/224
f 2826/255/219 1128/263/126 1127/264/227
f 2952/265/57 1127/264/227 1128/263/126
f 2826/255/219 3830/266/125 1128/263/126
f 1129/256/220 1127/264/227 2954/262/226
f 3829/267/53 3830/266/125 2826/255/219
f 2954/262/226 1164/260/224 1129/256/220
f 1165/261/225 1129/256/220 1164/260/224
f 2843/257/221 3829/267/53 2826/255/219
f 2826/255/219 1127/264/227 1129/256/220
f 1331/268/228 1422/269/26 1403/270/229
f 1331/268/228 41/271/58 1266/272/24
f 1244/273/230 1245/274/61 1243/275/231
f 1253/276/25 1266/272/24 598/277/232
f 1266/272/24 1422/269/26 1331/268/228
f 1253/276/25 598/277/232 1252/278/100
f 598/277/232 1266/272/24 1247/279/28
f 1245/274/61 1331/268/228 1243/275/231
f 1331/268/228 1245/274/61 1261/280/60
f 598/277/232 1247/279/28 1252/278/100
f 1403/270/229 1422/269/26 176/281/69
f 1266/272/24 1248/282/32 1247/279/28
f 41/271/58 1331/268/228 1261/280/60
f 41/271/58 1248/282/32 1266/272/24
f 1256/283/66 8/284/233 38/285/234
f 1256/283/66 947/286/67 1250/287/235
f 38/285/234 8/284/233 1180/288/236
f 947/286/67 1492/289/237 1254/290/238
f 1180/288/236 1186/291/239 38/285/234
f 1492/289/237 947/286/67 948/292/99
f 40/293/70 38/285/234 24/294/72
f 45/295/27 38/285/234 40/293/70
f 38/285/234 45/295/27 1198/296/68
f 76/297/240 1180/288/236 8/284/233
f 1198/296/68 1256/283/66 38/285/234
f 1250/287/235 947/286/67 1254/290/238
f 38/285/234 1186/291/239 24/294/72
f 1250/287/235 8/284/233 1256/283/66
f 827/298/241 2245/299/242 800/300/243
f 800/300/243 2261/301/244 798/302/245
f 839/303/246 798/302/245 808/304/247
f 3828/305/248 827/298/241 2298/306/249
f 800/300/243 796/307/250 827/298/241
f 685/308/251 677/309/77 808/304/247
f 798/302/245 685/308/251 808/304/247
f 796/307/250 798/302/245 839/303/246
f 796/307/250 2298/306/249 827/298/241
f 2266/310/252 839/303/246 808/304/247
f 2245/299/242 827/298/241 3828/305/248
f 2245/299/242 2261/301/244 800/300/243
f 688/311/78 677/309/77 685/308/251
f 796/307/250 800/300/243 798/302/245
f 1119/312/253 1017/313/254 1121/314/255
f 1121/314/255 2940/315/256 2938/316/257
f 1018/317/258 1086/318/259 1017/313/254
f 1311/319/260 1087/320/261 1303/321/262
f 1086/318/259 1013/322/263 1303/321/262
f 1088/323/264 1121/314/255 1086/318/259
f 1086/318/259 1018/317/258 1013/322/263
f 1088/323/264 1086/318/259 1087/320/261
f 1119/312/253 991/324/265 1017/313/254
f 1121/314/255 1088/323/264 2940/315/256
f 1017/313/254 992/325/266 1018/317/258
f 1303/321/262 1087/320/261 1086/318/259
f 992/325/266 1017/313/254 991/324/265
f 1014/326/267 1013/322/263 1018/317/258
f 1086/318/259 1121/314/255 1017/313/254
f 2271/327/268 3011/328/269 2259/329/270
f 3011/328/269 831/330/271 807/331/272
f 2270/332/273 831/330/271 3011/328/269
f 844/333/274 2046/334/275 832/335/276
f 786/336/277 807/331/272 2046/334/275
f 2259/329/270 2020/337/278 2271/327/268
f 807/331/272 786/336/277 3011/328/269
f 841/338/279 681/339/280 1169/340/281
f 843/341/282 2046/334/275 844/333/274
f 807/331/272 831/330/271 832/335/276
f 681/339/280 2046/334/275 1169/340/281
f 2259/329/270 3011/328/269 786/336/277
f 681/339/280 786/336/277 2046/334/275
f 832/335/276 2046/334/275 807/331/272
f 843/341/282 1169/340/281 2046/334/275
f 843/342/282 844/343/274 2315/344/283
f 1169/345/281 843/342/282 2990/346/284
f 1169/345/281 2990/346/284 550/347/285
f 842/348/286 2990/346/284 837/349/287
f 2990/346/284 2315/344/283 837/349/287
f 833/350/288 855/351/289 820/352/290
f 2990/346/284 843/342/282 2315/344/283
f 842/348/286 837/349/287 822/353/291
f 824/354/292 842/348/286 833/350/288
f 842/348/286 824/354/292 550/347/285
f 842/348/286 822/353/291 833/350/288
f 842/348/286 550/347/285 2990/346/284
f 820/352/290 1157/355/293 833/350/288
f 824/354/292 833/350/288 1157/355/293
f 820/352/290 855/351/289 856/356/294
f 1304/357/295 198/358/185 104/359/296
f 110/360/177 115/361/297 199/362/298
f 1095/363/299 139/364/4 2907/365/300
f 200/366/301 199/362/298 115/361/297
f 117/367/302 1304/357/295 104/359/296
f 115/361/297 130/368/182 112/369/188
f 199/362/298 198/358/183 110/360/177
f 117/367/302 2907/365/300 139/364/4
f 110/360/177 130/368/182 115/361/297
f 138/370/5 139/364/4 1095/363/299
f 139/364/4 3145/371/186 1304/357/295
f 3145/371/186 198/358/185 1304/357/295
f 104/359/296 198/358/185 200/366/303
f 1304/357/295 117/367/302 139/364/4
f 200/366/301 198/358/183 199/362/298
f 3989/372/304 3871/373/305 2677/374/306 3921/375/307
f 3889/376/308 3872/377/309 3871/373/305 3989/372/304
f 3016/378/310 2677/374/306 962/379/311
f 118/380/312 119/381/313 2907/382/300
f 1095/383/299 1372/384/314 138/385/5
f 138/385/5 1372/384/314 98/386/315
f 3898/387/316 3982/388/317 119/381/313
f 118/380/312 3872/377/309 119/381/313
f 2678/389/318 2677/374/306 3016/378/310
f 2999/390/319 24/391/72 1202/392/320
f 2999/390/319 335/393/321 1212/394/322
f 1462/395/323 2868/396/71 2999/390/319
f 2999/390/319 1202/392/320 335/393/321
f 1212/394/322 2017/397/324 1224/398/325
f 1186/399/239 1202/392/320 24/391/72
f 2023/400/326 1224/398/325 1227/401/327
f 1186/399/239 10/402/16 1185/403/17
f 10/402/16 76/404/240 1179/405/328
f 1224/398/325 2999/390/319 1212/394/322
f 1224/398/325 2023/400/326 1462/395/323
f 2017/397/324 1227/401/327 1224/398/325
f 10/402/16 1180/406/236 76/404/240
f 2999/390/319 2868/396/71 24/391/72
f 1186/399/239 1185/403/17 1202/392/320
f 2999/390/319 1224/398/325 1462/395/323
f 1186/399/239 1180/406/236 10/402/16
f 809/407/329 828/408/330 782/409/164
f 798/410/245 670/411/331 685/412/251
f 2361/413/156 782/409/164 828/408/330
f 809/407/329 670/411/331 2246/414/332
f 798/410/245 2261/415/244 670/411/331
f 828/408/330 2245/416/242 2352/417/154
f 670/411/331 658/418/333 685/412/251
f 2261/415/244 2246/414/332 670/411/331
f 682/419/74 688/420/78 658/418/333
f 670/411/331 659/421/334 658/418/333
f 685/412/251 658/418/333 688/420/78
f 2261/415/244 2245/416/242 2246/414/332
f 670/411/331 809/407/329 659/421/334
f 2352/417/154 2361/413/156 828/408/330
f 828/408/330 2246/414/332 2245/416/242
f 809/407/329 2246/414/332 828/408/330
f 3828/422/248 2352/417/154 2245/416/242
f 2754/423/335 2753/424/336 2693/425/337
f 2752/426/338 2755/427/339 2754/423/335
f 2833/428/170 3545/429/340 2751/430/341
f 2756/431/342 2752/426/338 2754/423/335
f 2751/430/341 2752/426/338 2756/431/342
f 2833/428/170 2751/430/341 2756/431/342
f 3643/432/343 2751/430/341 3545/429/340
f 2687/433/344 2754/423/335 2693/425/337
f 2755/427/339 2752/426/338 3110/434/345
f 2828/435/172 2833/428/170 2756/431/342
f 3099/436/346 3110/434/345 3098/437/347
f 2687/433/344 2693/425/337 3157/438/348
f 2687/433/344 3157/438/348 2691/439/349
f 2752/426/338 2751/430/341 3098/437/347
f 2754/423/335 2687/433/344 2691/439/349
f 2754/423/335 2755/427/339 2753/424/336
f 2754/423/335 2691/439/349 2756/431/342
f 3098/437/347 3110/434/345 2752/426/338
f 2835/440/350 965/441/351 3772/442/352
f 1125/443/353 3702/444/354 2835/440/350
f 965/441/351 2835/440/350 3702/444/354
f 2835/440/350 3604/445/355 690/446/356
f 3093/447/357 3094/448/358 3059/449/359
f 3093/447/357 3643/450/343 3090/451/171
f 3701/452/360 965/441/351 3702/444/354
f 3059/449/359 3643/450/343 3093/447/357
f 3701/452/360 3059/449/359 3094/448/358
f 2837/453/165 3090/451/171 3545/454/340
f 3772/442/352 3604/445/355 2835/440/350
f 3094/448/358 3772/442/352 965/441/351
f 3545/454/340 3090/451/171 3643/450/343
f 3545/454/340 2833/455/170 2837/453/165
f 3094/448/358 965/441/351 3701/452/360
f 3772/442/352 3601/456/361 3604/445/355
f 1125/443/353 2835/440/350 690/446/356
f 3094/448/358 3601/456/361 3772/442/352
f 741/457/362 3771/458/174 949/459/363
f 691/460/364 690/461/356 689/462/365
f 691/460/364 949/459/363 690/461/356
f 690/461/356 949/459/363 1125/463/353
f 741/457/362 3058/464/167 3771/458/174
f 742/465/366 3058/464/167 741/457/362
f 949/459/363 691/460/364 741/457/362
f 3601/466/361 689/462/365 690/461/356
f 1125/463/353 949/459/363 1041/467/367
f 742/465/366 741/457/362 691/460/364
f 689/462/365 3601/466/361 3698/468/168
f 3093/469/357 3090/470/171 3698/468/168
f 691/460/364 689/462/365 742/465/366
f 3698/468/168 3058/464/167 742/465/366
f 3604/471/355 3601/466/361 690/461/356
f 3698/468/168 3601/466/361 3094/472/358
f 3698/468/168 3094/472/358 3093/469/357
f 742/465/366 689/462/365 3698/468/168
f 2308/473/368 2367/474/369 2354/475/370
f 2304/476/371 1044/477/372 2355/478/373
f 1044/477/374 2298/479/375 2355/478/376
f 2350/480/377 2354/475/370 2367/474/369
f 799/481/378 2350/480/377 796/482/250
f 797/483/379 799/481/378 796/482/250
f 1045/484/380 2298/479/375 1044/477/374
f 799/481/378 2354/475/370 2350/480/377
f 839/485/246 2266/486/252 797/483/379
f 2298/479/249 796/482/250 2355/478/373
f 2311/487/150 2367/474/369 2308/473/368
f 2285/488/381 799/481/378 797/483/379
f 2350/480/377 2304/476/371 2355/478/373
f 2350/480/377 2367/474/369 2304/476/371
f 2350/480/377 2355/478/373 796/482/250
f 2285/488/381 797/483/379 2266/486/252
f 797/483/379 796/482/250 839/485/246
f 2285/488/381 2354/475/370 799/481/378
f 1692/489/382 1673/490/383 1674/491/384
f 1685/492/385 1692/489/382 1675/493/386
f 1673/490/383 1684/494/191 1674/491/384
f 2415/495/199 2416/496/387 1674/491/384
f 2656/497/84 1675/493/386 2663/498/90
f 1671/499/189 1684/494/191 1673/490/383
f 2663/498/90 1675/493/386 1674/491/384
f 1684/494/191 2415/495/199 1674/491/384
f 1685/492/385 405/500/83 1693/501/388
f 1694/502/389 405/500/83 559/503/88
f 3001/504/95 1687/505/97 1694/502/389
f 405/500/83 1685/492/385 1675/493/386
f 1694/502/389 559/503/88 3001/504/95
f 1694/502/389 1693/501/388 405/500/83
f 1675/493/386 2656/497/84 405/500/83
f 1693/501/388 1692/489/382 1685/492/385
f 2416/496/387 2663/498/90 1674/491/384
f 1673/490/383 1692/489/382 1671/499/189
f 1675/493/386 1692/489/382 1674/491/384
f 2907/506/300 117/507/302 118/508/312
f 1000/509/390 962/510/311 118/508/312
f 1003/511/391 1000/509/390 118/508/312
f 1000/509/390 1003/511/391 1368/512/392
f 116/513/393 994/514/394 1369/515/395
f 1365/516/396 107/517/397 990/518/398
f 116/513/393 1003/511/391 108/519/399
f 1367/520/400 116/513/393 1369/515/395
f 1368/512/392 3016/521/310 1000/509/390
f 1368/512/392 1367/520/400 1369/515/395
f 108/519/399 1365/516/396 116/513/393
f 109/522/401 1365/516/396 108/519/399
f 1365/516/396 109/522/401 107/517/397
f 1003/511/391 116/513/393 1367/520/400
f 118/508/312 117/507/302 1003/511/391
f 1003/511/391 117/507/302 108/519/399
f 1003/511/391 1367/520/400 1368/512/392
f 994/514/394 116/513/393 1365/516/396
f 1000/509/390 3016/521/310 962/510/311
f 2020/523/278 793/524/402 2271/525/268
f 2298/526/375 1045/527/380 3828/528/403
f 3828/528/248 1144/529/160 2352/530/154
f 792/531/404 784/532/405 2243/533/406
f 784/532/405 3832/534/407 2243/533/406
f 793/524/402 2020/523/278 792/531/404
f 1144/529/408 3828/528/403 2973/535/409
f 3828/528/403 2264/536/410 2973/535/409
f 2973/535/409 2264/536/410 2269/537/411
f 793/524/402 1045/527/380 803/538/412
f 2264/536/410 3832/534/407 2269/537/411
f 3832/534/407 3828/528/403 2243/533/406
f 792/531/404 2243/533/406 1045/527/380
f 2271/525/268 2270/539/273 3011/540/269
f 2270/539/273 2271/525/268 793/524/402
f 764/541/413 3832/534/407 784/532/405
f 764/541/413 2269/537/411 3832/534/407
f 793/524/402 792/531/404 1045/527/380
f 3828/528/403 3832/534/407 2264/536/410
f 3828/528/403 1045/527/380 2243/533/406
f 2270/539/273 793/524/402 803/538/412
f 1027/542/414 1028/543/415 2642/544/416
f 1029/545/417 1033/546/222 2954/547/226
f 1033/546/222 1029/545/417 1028/543/415
f 2701/548/223 1026/549/418 1032/550/419
f 920/551/420 1027/542/414 921/552/421
f 911/553/422 920/551/420 932/554/423
f 1028/543/415 2628/555/424 1033/546/222
f 1028/543/415 1027/542/414 2628/555/424
f 920/551/420 918/556/425 1027/542/414
f 911/553/422 946/557/426 2612/558/427
f 911/553/422 2612/558/427 918/556/425
f 2628/555/424 2613/559/428 1026/549/418
f 2628/555/424 1026/549/418 2793/560/429
f 920/551/420 911/553/422 918/556/425
f 1026/549/418 2701/548/223 2793/560/429
f 1033/546/222 2793/560/429 2701/548/223
f 2613/559/428 918/556/425 2612/558/427
f 2793/560/429 1033/546/222 2628/555/424
f 2628/555/424 918/556/425 2613/559/428
f 1027/542/414 918/556/425 2628/555/424
f 932/554/423 946/557/426 911/553/422
f 2729/561/430 2727/562/431 1005/563/42
f 2876/564/432 2727/562/431 2729/561/430
f 2729/561/430 2733/565/433 2731/566/434
f 2729/561/430 1005/563/42 2733/565/433
f 2876/564/47 2728/567/435 2727/562/436
f 3130/568/33 2876/564/432 2729/561/430
f 1091/569/437 2727/562/436 3017/570/438
f 2728/567/435 2876/564/47 1339/571/45
f 2731/566/434 3130/568/33 2729/561/430
f 3140/572/37 3130/568/33 2731/566/434
f 2888/573/439 2728/567/435 89/574/440
f 3017/570/438 2888/573/439 1091/569/437
f 2888/573/439 3017/570/438 2728/567/435
f 2728/567/435 3017/570/438 2727/562/436
f 1364/575/441 2888/573/439 89/574/440
f 2888/573/439 107/576/397 109/577/401
f 1091/569/437 2888/573/439 109/577/401
f 1005/563/42 2727/562/431 1091/569/41
f 89/574/440 1339/571/45 2994/578/44
f 89/574/440 2994/578/44 1364/575/441
f 1339/571/45 89/574/440 2728/567/435
f 1364/575/441 990/579/398 107/576/397
f 107/576/397 2888/573/439 1364/575/441
f 1164/580/224 1041/581/367 949/582/363
f 2829/583/442 3095/584/102 2764/585/443
f 2829/583/442 2764/585/443 3829/586/53
f 2843/587/221 2842/588/444 3829/586/53
f 2843/587/221 1162/589/445 2842/588/444
f 3095/584/102 3062/590/48 2764/585/443
f 1032/591/419 971/592/446 2701/593/223
f 1162/589/445 2843/587/221 1165/594/225
f 963/595/447 3095/584/102 2829/583/442
f 3095/584/102 963/595/447 3092/596/173
f 2842/588/444 1162/589/445 2831/597/448
f 1165/594/225 949/582/363 1162/589/445
f 3771/598/174 963/595/447 2831/597/448
f 2831/597/448 1162/589/445 949/582/363
f 3062/590/48 3829/586/53 2764/585/443
f 1041/581/367 1164/580/224 1166/599/449
f 963/595/447 2842/588/444 2831/597/448
f 971/592/446 1166/599/449 2701/593/223
f 2842/588/444 963/595/447 2829/583/442
f 949/582/363 3771/598/174 2831/597/448
f 3829/586/53 2842/588/444 2829/583/442
f 1164/580/224 949/582/363 1165/594/225
f 3771/598/174 3092/596/173 963/595/447
f 1164/580/224 2701/593/223 1166/599/449
f 1265/600/450 67/601/451 1264/602/452
f 67/601/451 1287/603/453 1390/604/454
f 59/605/455 318/606/456 65/607/457
f 1408/608/458 1460/609/459 1293/610/460
f 1265/600/450 172/611/461 59/605/455
f 318/606/456 1408/608/458 87/612/462
f 67/601/451 65/607/457 163/613/463
f 1265/600/450 1264/602/452 1260/614/63
f 67/601/451 163/613/463 1287/603/453
f 172/611/461 2864/615/464 59/605/455
f 65/607/457 87/612/462 163/613/463
f 69/616/465 163/613/463 87/612/462
f 69/616/465 1283/617/466 163/613/463
f 1263/618/467 1260/614/63 1264/602/452
f 318/606/456 2864/615/464 1408/608/458
f 1408/608/458 1293/610/460 1280/619/468
f 87/612/462 1408/608/458 1280/619/468
f 67/601/451 1265/600/450 59/605/455
f 67/601/451 59/605/455 65/607/457
f 59/605/455 2864/615/464 318/606/456
f 2864/615/464 548/620/469 1460/609/459
f 318/606/456 87/612/462 65/607/457
f 1280/619/468 69/616/465 87/612/462
f 2864/615/464 1460/609/459 1408/608/458
f 1148/621/470 736/622/471 2155/623/472
f 726/624/211 2124/625/214 2125/626/473
f 2161/627/474 2330/628/475 738/629/476
f 737/630/477 2165/631/478 3008/632/479
f 1148/621/470 2165/631/478 738/629/476
f 732/633/480 731/634/481 2124/625/214
f 2152/635/482 2156/636/483 2124/625/214
f 736/622/471 2125/626/473 2155/623/472
f 2330/628/475 735/637/484 738/629/476
f 738/629/476 736/622/471 1148/621/470
f 733/638/485 3684/639/486 2125/626/473
f 2155/623/472 2124/625/214 2156/636/483
f 2125/626/473 736/622/471 733/638/485
f 736/622/471 738/629/476 735/637/484
f 861/640/487 736/622/471 735/637/484
f 2124/625/214 2155/623/472 2125/626/473
f 3684/639/486 728/641/212 2125/626/473
f 2155/623/472 2156/636/483 1148/621/470
f 726/624/211 2125/626/473 728/641/212
f 736/622/471 861/640/487 733/638/485
f 1148/621/470 2156/636/483 3008/632/479
f 727/642/206 728/641/212 3684/639/486
f 3008/632/479 2165/631/478 1148/621/470
f 2124/625/214 2126/643/210 732/633/480
f 2124/625/214 731/634/481 2152/635/482
f 105/644/488 117/645/302 104/646/296
f 115/647/297 112/648/188 201/649/489
f 111/650/12 121/651/490 112/648/188
f 115/647/297 1370/652/491 200/653/301
f 121/651/490 1371/654/40 201/649/489
f 111/650/12 112/648/188 203/655/10
f 1092/656/492 200/653/301 1097/657/493
f 1097/657/493 1370/652/491 201/649/489
f 1097/657/493 1371/654/40 1096/658/39
f 1097/657/493 1096/658/39 1092/656/492
f 1097/657/493 200/653/301 1370/652/491
f 201/649/489 1370/652/491 115/647/297
f 200/653/303 1092/656/494 64/659/495
f 105/644/488 108/660/399 117/645/302
f 201/649/489 1371/654/40 1097/657/493
f 108/660/399 114/661/496 109/662/401
f 200/653/303 114/661/496 104/646/296
f 64/659/495 1092/656/494 109/662/401
f 1091/663/41 1092/656/492 1096/658/39
f 201/649/489 112/648/188 121/651/490
f 114/661/496 108/660/399 105/644/488
f 1091/663/437 109/662/401 1092/656/494
f 104/646/296 114/661/496 105/644/488
f 114/661/496 64/659/495 109/662/401
f 200/653/303 64/659/495 114/661/496
f 1211/664/497 1210/665/498 1201/666/499
f 1187/667/500 323/668/501 1191/669/502
f 1210/665/498 2017/670/324 1201/666/499
f 1201/666/499 730/671/503 1211/664/497
f 2992/672/504 28/673/505 1187/667/500
f 1211/664/497 730/671/503 323/668/501
f 1191/669/502 2992/672/504 1187/667/500
f 1201/666/499 1202/674/320 730/671/503
f 1212/675/322 335/676/321 1201/666/499
f 1210/665/498 1211/664/497 28/673/505
f 179/677/506 322/678/507 730/671/503
f 322/678/507 323/668/501 730/671/503
f 1202/674/320 1201/666/499 335/676/321
f 2017/670/324 1212/675/322 1201/666/499
f 1187/667/500 28/673/505 1211/664/497
f 11/679/508 1191/669/502 323/668/501
f 179/677/506 178/680/509 1184/681/510
f 1185/682/17 1184/681/510 37/683/511
f 323/668/501 1187/667/500 1211/664/497
f 37/683/511 178/680/509 730/671/503
f 323/668/501 322/678/507 11/679/508
f 178/680/509 179/677/506 730/671/503
f 37/683/511 730/671/503 1202/674/320
f 37/683/511 1202/674/320 1185/682/17
f 37/683/511 1184/681/510 178/680/509
f 1036/684/114 3780/685/512 2821/686/109
f 1029/687/417 2954/688/226 2794/689/513
f 1037/690/514 2818/691/56 1132/692/515
f 3021/693/516 3780/685/512 1036/684/114
f 1053/694/129 2794/689/513 1037/690/514
f 2810/695/111 1053/694/129 1037/690/514
f 1028/696/415 1029/687/417 1030/697/133
f 2823/698/54 3781/699/517 2818/691/56
f 1030/697/133 2642/700/416 1028/696/415
f 1030/697/133 2794/689/513 1053/694/129
f 2794/689/513 2954/688/226 1127/701/227
f 2818/691/56 3021/693/516 1132/692/515
f 2818/691/56 1037/690/514 1133/702/518
f 1132/692/515 1036/684/114 1037/690/514
f 1133/702/518 1037/690/514 2794/689/513
f 2819/703/519 3781/699/517 2766/704/55
f 3021/693/516 1036/684/114 1132/692/515
f 1127/701/227 2818/691/56 1133/702/518
f 3781/699/517 3021/693/516 2818/691/56
f 1127/701/227 1133/702/518 2794/689/513
f 3021/693/516 3781/699/517 2819/703/519
f 3780/685/512 3021/693/516 2819/703/519
f 2794/689/513 1030/697/133 1029/687/417
f 1036/684/114 2810/695/111 1037/690/514
f 2952/705/57 2818/691/56 1127/701/227
f 2823/698/54 2766/704/55 3781/699/517
f 3035/706/520 1745/707/521 1746/708/522
f 2504/709/523 2622/710/524 2555/711/525
f 1668/712/526 2622/710/524 2504/709/523
f 2555/711/525 2622/710/524 2616/713/527
f 1653/714/528 3031/715/529 2616/713/527
f 2555/711/525 2616/713/527 2556/716/530
f 3031/715/529 1653/714/528 1680/717/531
f 1745/707/521 3035/706/520 3030/718/532
f 1677/719/533 2559/720/534 1660/721/535
f 1666/722/536 1660/721/535 2559/720/534
f 1653/714/528 2616/713/527 1668/712/526
f 2556/716/530 2616/713/527 2672/723/537
f 2504/709/523 2559/720/534 1677/719/533
f 3030/718/532 3031/715/529 1745/707/521
f 3025/724/538 1653/714/528 1668/712/526
f 1746/708/522 3031/715/529 1680/717/531
f 1745/707/521 3031/715/529 1746/708/522
f 2555/711/525 2559/720/534 2504/709/523
f 1664/725/201 1677/719/533 1660/721/535
f 3031/715/529 2672/723/537 2616/713/527
f 2555/711/525 2556/716/530 2559/720/534
f 1721/726/539 1668/712/526 2504/709/523
f 1721/726/539 3025/724/538 1668/712/526
f 1668/712/526 2616/713/527 2622/710/524
f 2556/716/530 1666/722/536 2559/720/534
f 1721/726/539 2504/709/523 1677/719/533
f 1166/727/449 1131/728/540 2711/729/541
f 992/730/266 993/731/542 994/732/394
f 2712/733/543 2711/729/541 981/734/544
f 971/735/446 979/736/545 1131/728/540
f 2711/729/541 2724/737/546 991/738/265
f 2722/739/547 1368/740/392 993/731/542
f 2722/739/547 2723/741/548 3144/742/549
f 2722/739/547 993/731/542 2724/737/546
f 3144/742/549 2723/741/548 3015/743/550
f 990/744/398 1018/745/258 992/730/266
f 2723/741/548 2711/729/541 2712/733/543
f 994/732/394 1365/746/396 992/730/266
f 1369/747/395 993/731/542 1368/740/392
f 992/730/266 1365/746/396 990/744/398
f 3015/743/550 2712/733/543 981/734/544
f 981/734/544 2711/729/541 1131/728/540
f 1131/728/540 1166/727/449 971/735/446
f 2712/733/543 3015/743/550 2723/741/548
f 2723/741/548 2722/739/547 2724/737/546
f 993/731/542 991/738/265 2724/737/546
f 2724/737/546 2711/729/541 2723/741/548
f 993/731/542 1369/747/395 994/732/394
f 993/731/542 992/730/266 991/738/265
f 979/736/545 981/734/544 1131/728/540
f 3144/742/549 1368/740/392 2722/739/547
f 990/744/398 1014/748/267 1018/745/258
f 1652/749/192 1638/750/551 1744/751/196
f 1677/752/533 1657/753/552 1721/754/539
f 1677/752/533 1655/755/553 1657/753/552
f 1658/756/554 1655/755/553 1656/757/555
f 1664/758/201 1655/755/553 1677/752/533
f 1637/759/556 1654/760/557 1664/758/201
f 1638/750/551 1652/749/192 1670/761/558
f 1637/759/556 1639/762/559 1640/763/560
f 1637/759/556 1664/758/201 1638/750/551
f 1638/750/551 1664/758/201 1744/751/196
f 1637/759/556 1640/763/560 1654/760/557
f 1639/762/559 1670/761/558 1643/764/561
f 2669/765/562 1640/763/560 1643/764/561
f 2814/766/563 1721/754/539 1657/753/552
f 1642/767/564 1670/761/558 1652/749/192
f 1654/760/557 1656/757/555 1655/755/553
f 1670/761/558 1642/767/564 1643/764/561
f 3290/768/565 1643/764/561 1642/767/564
f 3018/769/566 3290/768/565 3284/770/200
f 2997/771/197 3284/770/200 3290/768/565
f 3290/768/565 1642/767/564 2997/771/197
f 2997/771/197 1642/767/564 1652/749/192
f 1655/755/553 1658/756/554 1657/753/552
f 1643/764/561 1640/763/560 1639/762/559
f 1655/755/553 1664/758/201 1654/760/557
f 1639/762/559 1638/750/551 1670/761/558
f 1637/759/556 1638/750/551 1639/762/559
f 404/772/85 1672/773/89 3116/774/567
f 2631/775/568 3028/776/569 3118/777/570
f 3760/778/571 2415/779/199 1667/780/193
f 3028/776/569 2672/781/537 2533/782/572
f 3760/778/571 1660/783/535 1666/784/536
f 2533/782/572 2672/781/537 3031/785/529
f 1743/786/195 1664/787/201 1660/783/535
f 1731/788/573 3030/789/532 1682/790/86
f 1743/786/195 1660/783/535 3760/778/571
f 2416/791/387 3760/778/571 3118/777/570
f 2533/782/572 3030/789/532 1731/788/573
f 3118/777/570 3028/776/569 3116/774/567
f 3118/777/570 3760/778/571 1666/784/536
f 3028/776/569 2533/782/572 1731/788/573
f 2672/781/537 2631/775/568 2556/792/530
f 2663/793/90 2416/791/387 3116/774/567
f 2631/775/568 2672/781/537 3028/776/569
f 2415/779/199 3760/778/571 2416/791/387
f 1682/790/86 3030/789/532 402/794/574
f 2556/792/530 2631/775/568 1666/784/536
f 2416/791/387 3118/777/570 3116/774/567
f 3116/774/567 1731/788/573 404/772/85
f 404/772/85 1731/788/573 1682/790/86
f 1667/780/193 1743/786/195 3760/778/571
f 2631/775/568 3118/777/570 1666/784/536
f 2663/793/90 3116/774/567 1672/773/89
f 2533/782/572 3031/785/529 3030/789/532
f 3116/774/567 3028/776/569 1731/788/573
f 3568/795/575 3546/796/576 2120/797/577
f 3561/798/209 3550/799/578 3559/800/579
f 3632/801/580 3566/802/207 3561/798/209
f 2128/803/581 3568/795/575 2120/797/577
f 3546/796/576 2118/804/582 2120/797/577
f 3632/801/580 3561/798/209 3559/800/579
f 3686/805/202 3689/806/213 3687/807/583
f 3557/808/584 2128/803/581 3572/809/585
f 3557/808/584 3688/810/586 3559/800/579
f 3557/808/584 3568/795/575 2128/803/581
f 3566/802/207 3632/801/580 3569/811/587
f 3686/805/202 3609/812/588 2127/813/589
f 3559/800/579 3550/799/578 3568/795/575
f 3546/796/576 3568/795/575 3550/799/578
f 3609/812/588 3686/805/202 3687/807/583
f 3566/802/207 3569/811/587 3689/806/213
f 3632/801/580 3688/810/586 3569/811/587
f 3573/814/590 3572/809/585 3646/815/591
f 3559/800/579 3568/795/575 3557/808/584
f 3688/810/586 3687/807/583 3689/806/213
f 3688/810/586 3689/806/213 3569/811/587
f 3559/800/579 3688/810/586 3632/801/580
f 3646/815/591 2127/813/589 3573/814/590
f 2127/813/589 3609/812/588 3573/814/590
f 3688/810/586 3609/812/588 3687/807/583
f 3609/812/588 3688/810/586 3573/814/590
f 3688/810/586 3572/809/585 3573/814/590
f 3572/809/585 3688/810/586 3557/808/584
f 3646/815/591 3572/809/585 3589/816/592
f 1207/817/593 1199/818/594 1197/819/595
f 23/820/596 186/821/597 282/822/598
f 181/823/599 46/824/600 48/825/601
f 149/826/602 52/827/603 282/822/598
f 1207/817/593 1197/819/595 1196/828/604
f 188/829/605 282/822/598 185/830/606
f 181/823/599 1195/831/607 184/832/608
f 181/823/599 182/833/609 1196/828/604
f 1207/817/593 1200/834/610 1406/835/611
f 46/824/600 23/820/596 282/822/598
f 182/833/609 181/823/599 48/825/601
f 1197/819/595 1195/831/607 181/823/599
f 16/836/612 1405/837/613 182/833/609
f 1196/828/604 1197/819/595 181/823/599
f 182/833/609 48/825/601 52/827/603
f 149/826/602 53/838/614 52/827/603
f 1405/837/613 1176/839/615 1200/834/610
f 149/826/602 282/822/598 188/829/605
f 182/833/609 52/827/603 16/836/612
f 1200/834/610 1207/817/593 1405/837/613
f 282/822/598 186/821/597 185/830/606
f 1196/828/604 1405/837/613 1207/817/593
f 1406/835/611 1199/818/594 1207/817/593
f 16/836/612 1176/839/615 1405/837/613
f 181/823/599 184/832/608 46/824/600
f 282/822/598 48/825/601 46/824/600
f 601/840/616 1199/818/594 1406/835/611
f 48/825/601 282/822/598 52/827/603
f 191/841/617 185/830/606 186/821/597
f 1195/831/607 1197/819/595 1077/842/618
f 16/836/612 52/827/603 53/838/614
f 182/833/609 1405/837/613 1196/828/604
f 1197/819/595 1199/818/594 1077/842/618
f 2595/843/619 889/844/620 2591/845/621
f 3667/846/622 3212/847/623 695/848/624
f 2597/849/625 888/850/626 2595/843/619
f 889/844/620 3197/851/627 2590/852/628
f 1049/853/629 2776/854/630 2948/855/631
f 2595/843/619 886/856/632 2597/849/625
f 2581/857/633 3667/846/622 2948/855/631
f 3667/846/622 1051/858/634 2948/855/631
f 695/848/624 1051/858/634 3667/846/622
f 896/859/635 695/848/624 888/850/626
f 2579/860/636 2850/861/637 2581/857/633
f 2595/843/619 2591/845/621 886/856/632
f 3212/847/623 3275/862/638 3197/851/627
f 1049/853/629 1050/863/639 2776/854/630
f 3297/864/640 2581/857/633 2776/854/630
f 2581/857/633 3297/864/640 2579/860/636
f 694/865/641 1050/863/639 1051/858/634
f 2776/854/630 3082/866/642 3297/864/640
f 2948/855/631 2776/854/630 2581/857/633
f 1051/858/634 1050/863/639 1049/853/629
f 3212/847/623 3667/846/622 3275/862/638
f 3667/846/622 2581/857/633 2850/861/637
f 3275/862/638 3667/846/622 2850/861/637
f 695/848/624 3197/851/627 889/844/620
f 889/844/620 888/850/626 695/848/624
f 1049/853/629 2948/855/631 1051/858/634
f 2591/845/621 889/844/620 2590/852/628
f 888/850/626 889/844/620 2595/843/619
f 694/865/641 1051/858/634 2988/867/643
f 3212/847/623 3197/851/627 695/848/624
f 887/868/123 892/869/116 2597/849/625
f 2597/849/625 896/859/635 888/850/626
f 886/856/632 887/868/123 2597/849/625
f 1051/858/634 695/848/624 2988/867/643
f 2834/870/644 3019/871/645 1040/872/646
f 3048/873/647 3019/871/645 1052/874/132
f 2809/875/131 3048/873/647 1052/874/132
f 2623/876/648 2641/877/649 1038/878/650
f 897/879/651 925/880/652 915/881/653
f 2834/870/644 916/882/654 2654/883/128
f 1039/884/655 2642/885/416 1030/886/133
f 1038/878/650 916/882/654 915/881/653
f 915/881/653 896/887/635 897/879/651
f 915/881/653 916/882/654 896/887/635
f 2623/876/648 1038/878/650 915/881/653
f 897/879/651 896/887/635 2597/888/625
f 1052/874/132 3019/871/645 2834/870/644
f 1040/872/646 693/889/656 2988/890/643
f 693/889/656 1040/872/646 3048/873/647
f 892/891/116 897/879/651 2597/888/625
f 2623/876/648 915/881/653 925/880/652
f 3019/871/645 3048/873/647 1040/872/646
f 2623/876/648 921/892/421 2641/877/649
f 2642/885/416 1038/878/650 2641/877/649
f 1030/886/133 2654/883/128 1039/884/655
f 896/887/635 916/882/654 695/893/624
f 2834/870/644 695/893/624 916/882/654
f 1039/884/655 916/882/654 1038/878/650
f 1040/872/646 695/893/624 2834/870/644
f 1038/878/650 2642/885/416 1039/884/655
f 2642/885/416 2641/877/649 1027/894/414
f 895/895/657 927/896/658 897/879/651
f 2834/870/644 2654/883/128 1052/874/132
f 927/896/658 925/880/652 897/879/651
f 916/882/654 1039/884/655 2654/883/128
f 2988/890/643 695/893/624 1040/872/646
f 921/892/421 1027/894/414 2641/877/649
f 895/895/657 897/879/651 892/891/116
f 1345/897/659 1344/898/660 1349/899/661
f 1345/897/659 1349/899/661 1340/900/662
f 1340/900/662 1338/901/138 977/902/663
f 1349/899/661 1342/903/139 1340/900/662
f 2882/904/664 5/905/665 1344/898/660
f 3130/906/33 2730/907/35 2876/908/432
f 58/909/666 976/910/667 2876/908/47
f 1362/911/668 851/912/669 1485/913/670 2903/914/671 1343/915/672 1379/916/673 5/905/674 3143/917/675 58/909/676 2730/907/677 2876/908/678 2727/562/679 1091/569/680 1092/656/681 200/653/682 198/358/683 214/211/684
f 2882/904/664 1340/900/662 977/902/663
f 1379/918/685 5/905/686 1347/919/687
f 90/920/46 1341/921/43 976/910/667
f 1379/918/688 1349/899/661 1344/898/660
f 3143/917/689 977/902/663 976/910/667
f 5/905/686 417/922/690 1347/919/687
f 58/909/666 3143/917/689 976/910/667
f 977/902/663 3143/917/689 2882/904/664
f 2876/908/47 976/910/667 1341/921/43
f 1046/923/691 1044/924/374 2928/925/692 1144/926/160
f 976/910/667 1310/927/141 90/920/46
f 976/910/667 977/902/663 1310/927/141
f 977/902/663 1338/901/138 94/928/134
f 1338/901/138 1340/900/662 1342/903/139
f 1310/927/141 977/902/663 94/928/134
f 417/922/690 5/905/686 966/929/693
f 966/929/693 3143/917/694 1378/930/34
f 1340/900/662 2882/904/664 1345/897/659
f 1347/919/687 417/922/690 1312/931/695
f 5/905/665 1379/918/688 1344/898/660
f 1345/897/659 2882/904/664 1344/898/660
f 3143/917/694 966/929/693 5/905/686
f 966/929/693 1378/930/34 1314/932/36
f 966/929/693 1314/932/36 417/922/690
f 1378/930/34 3143/917/694 2730/907/35
f 5/905/665 2882/904/664 3143/917/689
f 1347/919/687 1312/931/695 1307/933/696
f 2921/934/697 2449/935/698 2448/936/699
f 2448/936/699 3777/937/700 3681/938/701
f 3707/939/702 3717/940/703 3682/941/704
f 3582/942/705 3579/943/706 3717/940/703
f 1066/944/707 3681/938/701 3777/937/700
f 2390/945/708 3777/937/700 2448/936/699
f 3682/941/704 3717/940/703 3579/943/706
f 3708/946/709 3717/940/703 3707/939/702
f 3714/947/710 3579/943/706 3582/942/705
f 3792/948/711 2390/945/708 2448/936/699
f 3708/946/709 3707/939/702 1066/944/707
f 2392/949/712 2393/950/713 2400/951/714
f 2422/952/715 2400/951/714 2393/950/713
f 2411/953/716 2442/954/717 2426/955/718
f 3682/941/704 2428/956/719 2426/955/718
f 2428/956/719 3579/943/706 3714/947/710
f 2400/951/714 2423/957/720 2392/949/712
f 2411/953/716 2412/958/721 2430/959/722
f 2400/951/714 2422/952/715 2424/960/723
f 2442/954/717 2448/936/699 3681/938/701
f 3681/938/701 1066/944/707 2426/955/718
f 2400/951/714 2428/956/719 2423/957/720
f 2428/956/719 2400/951/714 2424/960/723
f 2428/956/719 3714/947/710 2423/957/720
f 2424/960/723 2413/961/724 2428/956/719
f 2412/958/721 2980/962/725 2430/959/722
f 3682/941/704 3579/943/706 2428/956/719
f 2449/935/698 3792/948/711 2448/936/699
f 3707/939/702 2426/955/718 1066/944/707
f 2449/935/698 2387/963/726 3792/948/711
f 2426/955/718 2442/954/717 3681/938/701
f 2413/961/724 2426/955/718 2428/956/719
f 2442/954/717 2411/953/716 2430/959/722
f 2921/934/697 2448/936/699 2442/954/717
f 2426/955/718 2413/961/724 2411/953/716
f 2430/959/722 2921/934/697 2442/954/717
f 2921/934/697 2430/959/722 2980/962/725
f 3707/939/702 3682/941/704 2426/955/718
f 157/964/727 1173/965/728 158/966/729
f 157/964/727 1354/967/730 7/968/731
f 1387/969/732 169/970/733 158/966/729
f 97/971/734 158/966/729 169/970/733
f 157/964/727 96/972/735 1354/967/730
f 195/973/736 196/974/737 194/975/738
f 6/976/739 1173/965/728 7/968/731
f 1351/977/740 2995/978/741 97/971/734
f 1173/965/728 157/964/727 7/968/731
f 194/975/738 99/979/742 195/973/736
f 72/980/743 1375/981/744 1298/982/745
f 6/976/739 1174/983/746 1173/965/728
f 97/971/734 157/964/727 158/966/729
f 1351/977/740 1391/984/747 1375/981/744
f 96/972/735 157/964/727 156/985/748
f 1174/983/746 6/976/739 1179/986/328
f 169/970/733 1391/984/747 97/971/734
f 156/985/748 97/971/734 2995/978/741
f 195/973/736 1375/981/744 196/974/737
f 196/974/737 193/987/143 194/975/738
f 97/971/734 1391/984/747 1351/977/740
f 1352/988/749 2995/978/741 1351/977/740
f 156/985/748 2995/978/741 1352/988/749
f 1352/988/749 95/989/750 156/985/748
f 1351/977/740 1350/990/751 1352/988/749
f 1173/965/728 1387/969/732 158/966/729
f 68/991/752 1375/981/744 169/970/733
f 1375/981/744 72/980/743 196/974/737
f 96/972/735 156/985/748 95/989/750
f 1375/981/744 1350/990/751 1351/977/740
f 97/971/734 156/985/748 157/964/727
f 196/974/737 72/980/743 193/987/143
f 195/973/736 1350/990/751 1375/981/744
f 99/979/742 1352/988/749 1350/990/751
f 1306/992/140 193/987/143 72/980/743
f 1298/982/745 68/991/752 2895/993/753
f 99/979/742 1350/990/751 195/973/736
f 1391/984/747 169/970/733 1375/981/744
f 1298/982/745 1375/981/744 68/991/752
f 17/994/754 206/995/81 1179/996/328
f 3893/997/755 1372/998/314 3890/999/756
f 19/1000/757 18/1001/758 20/1002/759
f 1354/1003/730 18/1001/758 7/1004/731
f 881/1005/760 18/1001/758 1354/1003/730
f 206/995/81 19/1000/757 183/1006/82
f 1353/1007/761 98/1008/315 1372/998/314
f 18/1001/758 17/994/754 1179/996/328
f 96/1009/735 1353/1007/761 123/1010/762
f 881/1005/760 1354/1003/730 123/1010/762
f 19/1000/757 17/994/754 18/1001/758
f 96/1009/735 123/1010/762 1354/1003/730
f 10/1011/16 1179/996/328 206/995/81
f 206/995/81 204/1012/2 10/1011/16
f 19/1000/757 206/995/81 17/994/754
f 6/1013/739 18/1001/758 1179/996/328
f 3922/1014/763 123/1010/762 1372/998/314 3893/997/755
f 20/1002/759 183/1006/82 19/1000/757
f 1372/998/314 123/1010/762 1353/1007/761
f 18/1001/758 881/1005/760 20/1002/759
f 7/1004/731 18/1001/758 6/1013/739
f 2150/1015/764 2139/1016/765 2126/1017/210
f 739/1018/766 732/1019/480 2139/1016/765
f 3639/1020/767 739/1018/766 2139/1016/765
f 3639/1020/767 2151/1021/768 739/1018/766
f 2151/1021/768 3639/1020/767 2146/1022/769
f 2140/1023/770 2146/1022/769 3639/1020/767
f 2145/1024/771 1888/1025/772 2151/1021/768
f 3646/1026/591 3589/1027/592 3633/1028/773
f 1888/1025/772 739/1018/766 2151/1021/768
f 1062/1029/774 3679/1030/775 2150/1015/764
f 1271/1031/776 3633/1028/773 3589/1027/592
f 582/1032/777 1874/1033/778 590/1034/779
f 3268/1035/780 589/1036/781 586/1037/782
f 2145/1024/771 2151/1021/768 2146/1022/769
f 586/1037/782 1896/1038/783 3268/1035/780
f 3646/1026/591 1061/1039/784 2150/1015/764
f 2150/1015/764 725/1040/203 2127/1041/589
f 1271/1031/776 3678/1042/785 3679/1030/775
f 582/1032/777 590/1034/779 589/1036/781
f 732/1019/480 729/1043/786 731/1044/481
f 1888/1025/772 2145/1024/771 2148/1045/787
f 3637/1046/788 3639/1020/767 2139/1016/765
f 3679/1030/775 2139/1016/765 2150/1015/764
f 1061/1039/784 1062/1029/774 2150/1015/764
f 1874/1033/778 1875/1047/789 590/1034/779
f 3678/1042/785 3637/1046/788 2139/1016/765
f 2127/1041/589 3646/1026/591 2150/1015/764
f 725/1040/203 3686/1048/202 2127/1041/589
f 1062/1029/774 3633/1028/773 1271/1031/776
f 1061/1039/784 3633/1028/773 1062/1029/774
f 3633/1028/773 1061/1039/784 3646/1026/591
f 1271/1031/776 3679/1030/775 1062/1029/774
f 3679/1030/775 3678/1042/785 2139/1016/765
f 732/1019/480 739/1018/766 729/1043/786
f 3639/1020/767 3637/1046/788 2140/1023/770
f 2148/1045/787 1896/1038/783 1888/1025/772
f 1888/1025/772 1896/1038/783 586/1037/782
f 2148/1045/787 2145/1024/771 2146/1022/769
f 739/1018/766 1888/1025/772 586/1037/782
f 589/1036/781 590/1034/779 586/1037/782
f 725/1040/203 2150/1015/764 2126/1017/210
f 732/1019/480 2126/1017/210 2139/1016/765
f 221/1049/790 1730/1050/791 1381/1051/792
f 1178/1052/793 538/1053/794 1234/1054/795
f 2864/1055/464 1394/1056/796 1407/1057/797
f 529/1058/798 1730/1050/791 834/1059/799
f 1265/1060/450 49/1061/800 172/1062/461
f 1381/1051/792 529/1058/798 1178/1052/793
f 49/1061/800 426/1063/801 172/1062/461
f 1177/1064/802 16/1065/612 25/1066/803
f 834/1059/799 2864/1055/464 426/1063/801
f 834/1059/799 1730/1050/791 1394/1056/796
f 529/1058/798 528/1067/804 1178/1052/793
f 1258/1068/805 1270/1069/806 49/1061/800
f 1258/1068/805 552/1070/807 1270/1069/806
f 1381/1051/792 147/1071/808 221/1049/790
f 528/1067/804 382/1072/809 538/1053/794
f 1177/1064/802 1178/1052/793 1234/1054/795
f 53/1073/614 146/1074/810 25/1066/803
f 146/1074/810 53/1073/614 149/1075/602
f 426/1063/801 49/1061/800 1270/1069/806
f 834/1059/799 426/1063/801 552/1070/807
f 147/1071/808 1381/1051/792 25/1066/803
f 382/1072/809 528/1067/804 529/1058/798
f 172/1062/461 426/1063/801 2864/1055/464
f 1258/1068/805 382/1072/809 285/1076/811
f 538/1053/794 1178/1052/793 528/1067/804
f 221/1049/790 1732/1077/812 1730/1050/791
f 382/1072/809 529/1058/798 285/1076/811
f 1176/1078/615 16/1065/612 1177/1064/802
f 1178/1052/793 25/1066/803 1381/1051/792
f 1270/1069/806 552/1070/807 426/1063/801
f 548/1079/469 1407/1057/797 1732/1077/812
f 1394/1056/796 1732/1077/812 1407/1057/797
f 1178/1052/793 1177/1064/802 25/1066/803
f 53/1073/614 25/1066/803 16/1065/612
f 1732/1077/812 1394/1056/796 1730/1050/791
f 834/1059/799 552/1070/807 285/1076/811
f 1730/1050/791 529/1058/798 1381/1051/792
f 1407/1057/797 548/1079/469 2864/1055/464
f 25/1066/803 146/1074/810 147/1071/808
f 2864/1055/464 834/1059/799 1394/1056/796
f 529/1058/798 834/1059/799 285/1076/811
f 285/1076/811 552/1070/807 1258/1068/805
f 912/1080/813 926/1081/814 927/1082/658
f 2615/1083/815 930/1084/816 2618/1085/817
f 932/1086/423 920/1087/420 2640/1088/818
f 3965/1089/819 3962/1090/820 932/1086/423
f 2617/1091/821 758/1092/822 908/1093/823
f 926/1081/814 925/1094/652 927/1082/658
f 912/1080/813 2619/1095/824 926/1081/814
f 758/1092/822 788/1096/825 2231/1097/826
f 912/1080/813 2229/1098/827 2617/1091/821
f 893/1099/828 900/1100/115 770/1101/122
f 770/1101/122 759/1102/829 2229/1098/827
f 2615/1083/815 932/1086/423 930/1084/816
f 2623/1103/648 925/1094/652 926/1081/814
f 893/1099/828 912/1080/813 927/1082/658
f 893/1099/828 894/1104/830 900/1100/115
f 2229/1098/827 759/1102/829 758/1092/822
f 2617/1091/821 2229/1098/827 758/1092/822
f 892/1105/116 894/1104/830 895/1106/657
f 909/1107/831 3864/1108/832 3868/1109/833
f 2640/1088/818 921/1110/421 2623/1103/648
f 770/1101/122 912/1080/813 893/1099/828
f 909/1107/831 3868/1109/833 2231/1097/826
f 2619/1095/824 912/1080/813 2618/1085/817
f 930/1084/816 2640/1088/818 2619/1095/824
f 893/1099/828 927/1082/658 894/1104/830
f 2229/1098/827 912/1080/813 770/1101/122
f 920/1087/420 921/1110/421 2640/1088/818
f 3946/1111/834 3945/1112/835 2615/1083/815
f 2615/1083/815 3866/1113/836 3864/1108/832 909/1107/831
f 895/1106/657 894/1104/830 927/1082/658
f 892/1105/116 900/1100/115 894/1104/830
f 2618/1085/817 908/1093/823 3866/1113/836 2615/1083/815
f 2619/1095/824 2623/1103/648 926/1081/814
f 932/1086/423 2640/1088/818 930/1084/816
f 2619/1095/824 2640/1088/818 2623/1103/648
f 2619/1095/824 2618/1085/817 930/1084/816
f 2617/1091/821 2618/1085/817 912/1080/813
f 2617/1091/821 908/1093/823 2618/1085/817
f 3045/1114/837 3511/1115/838 3059/1116/359
f 2751/1117/341 3643/1118/343 3097/1119/839
f 3098/1120/347 2751/1117/341 3097/1119/839
f 3111/1121/840 3533/1122/841 2750/1123/842
f 3701/1124/360 3046/1125/843 3045/1114/837
f 961/1126/844 3111/1121/840 2750/1123/842
f 961/1126/844 987/1127/845 3111/1121/840
f 3511/1115/838 3502/1128/846 3059/1116/359
f 3533/1122/841 3530/1129/847 2750/1123/842
f 3098/1120/347 3502/1128/846 3506/1130/848
f 3701/1124/360 3045/1114/837 3059/1116/359
f 2942/1131/849 1123/1132/850 2750/1123/842
f 3099/1133/346 987/1127/845 961/1126/844
f 1235/1134/851 3098/1120/347 3506/1130/848
f 3502/1128/846 3534/1135/852 3506/1130/848
f 3530/1129/847 2942/1131/849 2750/1123/842
f 3530/1129/847 3046/1125/843 2942/1131/849
f 3530/1129/847 3533/1122/841 3534/1135/852
f 1124/1136/853 1041/1137/367 1166/1138/449
f 1124/1136/853 1123/1132/850 1125/1139/353
f 2711/1140/541 1124/1136/853 1166/1138/449
f 3046/1125/843 3702/1141/354 2942/1131/849
f 3533/1122/841 3111/1121/840 3506/1130/848
f 3097/1119/839 3643/1118/343 3059/1116/359
f 3534/1135/852 3508/1142/854 3530/1129/847
f 3508/1142/854 3046/1125/843 3530/1129/847
f 1235/1134/851 987/1127/845 3099/1133/346
f 3046/1125/843 3511/1115/838 3045/1114/837
f 3111/1121/840 1235/1134/851 3506/1130/848
f 3506/1130/848 3100/1143/855 3533/1122/841
f 2942/1131/849 1125/1139/353 1123/1132/850
f 2942/1131/849 3702/1141/354 1125/1139/353
f 1235/1134/851 3111/1121/840 987/1127/845
f 3046/1125/843 3701/1124/360 3702/1141/354
f 1124/1136/853 1125/1139/353 1041/1137/367
f 3046/1125/843 3508/1142/854 3511/1115/838
f 3100/1143/855 3506/1130/848 3534/1135/852
f 1235/1134/851 3099/1133/346 3098/1120/347
f 3502/1128/846 3511/1115/838 3534/1135/852
f 3100/1143/855 3534/1135/852 3533/1122/841
f 3502/1128/846 3098/1120/347 3097/1119/839
f 3502/1128/846 3097/1119/839 3059/1116/359
f 3511/1115/838 3508/1142/854 3534/1135/852
f 1332/1144/856 1494/1145/857 1242/1146/858
f 2023/1147/326 2865/1148/859 1462/1149/323
f 1241/1150/860 1239/1151/861 1228/1152/862
f 1225/1153/863 29/1154/864 329/1155/865
f 1223/1156/866 36/1157/867 1240/1158/868
f 1242/1146/858 1494/1145/857 2866/1159/869
f 1243/1160/231 1240/1158/868 1244/1161/230
f 1137/1162/870 1225/1153/863 329/1155/865
f 33/1163/871 329/1155/865 29/1154/864
f 1228/1152/862 1223/1156/866 1240/1158/868
f 1228/1152/862 1218/1164/872 1223/1156/866
f 1332/1144/856 1242/1146/858 1243/1160/231
f 2023/1147/326 1229/1165/873 1461/1166/874
f 1461/1166/874 1229/1165/873 1228/1152/862
f 1403/1167/229 1493/1168/875 1332/1144/856
f 2866/1159/869 1494/1145/857 2867/1169/876
f 2866/1159/869 2865/1148/859 1461/1166/874
f 2865/1148/859 2023/1147/326 1461/1166/874
f 2865/1148/859 2868/1170/71 1462/1149/323
f 1137/1162/870 329/1155/865 1223/1156/866
f 1461/1166/874 1228/1152/862 1239/1151/861
f 2868/1170/71 1493/1168/875 176/1171/69
f 1461/1166/874 1239/1151/861 1243/1160/231
f 34/1172/877 329/1155/865 33/1163/871
f 1332/1144/856 1493/1168/875 1494/1145/857
f 2868/1170/71 2867/1169/876 1493/1168/875
f 1218/1164/872 1229/1165/873 1219/1173/878
f 2866/1159/869 1461/1166/874 1242/1146/858
f 1223/1156/866 1218/1164/872 1137/1162/870
f 2866/1159/869 2867/1169/876 2868/1170/71
f 1403/1167/229 1332/1144/856 1331/1174/228
f 1332/1144/856 1243/1160/231 1331/1174/228
f 1241/1150/860 1243/1160/231 1239/1151/861
f 34/1172/877 36/1157/867 1223/1156/866
f 1493/1168/875 1403/1167/229 176/1171/69
f 2868/1170/71 2865/1148/859 2866/1159/869
f 1242/1146/858 1461/1166/874 1243/1160/231
f 1243/1160/231 1241/1150/860 1240/1158/868
f 2867/1169/876 1494/1145/857 1493/1168/875
f 1228/1152/862 1240/1158/868 1241/1150/860
f 1228/1152/862 1229/1165/873 1218/1164/872
f 1137/1162/870 1218/1164/872 1219/1173/878
f 329/1155/865 34/1172/877 1223/1156/866
f 2294/1175/161 2248/1176/158 2247/1177/879
f 1045/1178/380 1046/923/691 803/1179/412
f 2248/1176/158 2256/1180/880 2247/1177/879
f 831/1181/271 3012/1182/881 832/1183/276
f 1046/923/691 1144/926/408 2263/1184/882
f 804/1185/883 831/1181/271 2270/1186/273
f 3827/1187/884 2307/1188/885 2305/1189/153
f 835/1190/886 2267/1191/887 2263/1184/882
f 2303/1192/888 2302/1193/889 2256/1180/880
f 2267/1191/887 3010/1194/890 2263/1184/882
f 2307/1188/885 3827/1187/884 2256/1180/880
f 2351/1195/152 2302/1193/889 2304/1196/371
f 2300/1197/149 2301/1198/891 2367/1199/369
f 2355/478/892 2298/479/893 3828/305/894 1144/529/895 1046/923/896 2928/925/897 1044/924/898
f 2303/1192/888 1044/924/372 2304/1196/371
f 2304/1196/371 2302/1193/889 2303/1192/888
f 2295/1200/159 2303/1192/888 2256/1180/880
f 2351/1195/152 2301/1198/891 2300/1197/149
f 2367/1199/369 2301/1198/891 2304/1196/371
f 2367/1199/369 2311/1201/150 2300/1197/149
f 2307/1188/885 2256/1180/880 2302/1193/889
f 2267/1191/887 835/1190/886 3012/1182/881
f 831/1181/271 804/1185/883 2267/1191/887
f 803/1179/412 2263/1184/882 3010/1194/890
f 2263/1184/882 1145/1202/899 835/1190/886
f 2295/1200/159 2256/1180/880 2248/1176/158
f 2267/1191/887 3012/1182/881 831/1181/271
f 2302/1193/889 2351/1195/152 2307/1188/885
f 3010/1194/890 2267/1191/887 804/1185/883
f 2295/1200/159 1144/926/160 2303/1192/888
f 2974/1203/900 1144/926/408 2973/1204/409
f 803/1179/412 1046/923/691 2263/1184/882
f 1144/926/408 1145/1202/899 2263/1184/882
f 2256/1180/880 3827/1187/884 2247/1177/879
f 804/1185/883 803/1179/412 3010/1194/890
f 803/1179/412 804/1185/883 2270/1186/273
f 2928/925/692 1044/924/372 2303/1192/888
f 1046/923/691 1045/1178/380 1044/924/374
f 2303/1192/888 1144/926/160 2928/925/692
f 1145/1202/899 1144/926/408 2974/1203/900
f 2301/1198/891 2351/1195/152 2304/1196/371
f 2305/1189/153 2307/1188/885 2351/1195/152
f 813/1205/901 2047/1206/902 812/1207/903
f 2047/1206/902 816/1208/904 812/1207/903
f 2051/1209/905 2037/1210/906 737/1211/477
f 1154/1212/907 2161/1213/474 738/1214/476
f 841/1215/279 2047/1206/902 813/1205/901
f 1153/1216/908 2037/1210/906 2968/1217/909
f 2039/1218/910 2051/1209/905 737/1211/477
f 2165/1219/478 2037/1210/906 1153/1216/908
f 801/1220/911 813/1205/901 2049/1221/912
f 2968/1217/909 2969/1222/913 814/1223/914
f 1153/1216/908 2968/1217/909 1154/1212/907
f 738/1214/476 2165/1219/478 1153/1216/908
f 2047/1206/902 1169/1224/281 816/1208/904
f 2968/1217/909 2037/1210/906 2051/1209/905
f 816/1208/904 550/1225/285 2059/1226/915
f 814/1223/914 1154/1212/907 2968/1217/909
f 1169/1224/281 550/1225/285 816/1208/904
f 2059/1226/915 550/1225/285 2288/1227/916
f 550/1225/285 2289/1228/917 2288/1227/916
f 814/1223/914 2059/1226/915 815/1229/918
f 1153/1216/908 1154/1212/907 738/1214/476
f 813/1205/901 801/1220/911 840/1230/919
f 2288/1227/916 815/1229/918 2059/1226/915
f 2049/1221/912 2051/1209/905 801/1220/911
f 814/1223/914 812/1207/903 2059/1226/915
f 814/1223/914 2049/1221/912 812/1207/903
f 815/1229/918 2161/1213/474 814/1223/914
f 2039/1218/910 737/1211/477 2038/1231/920
f 2047/1206/902 841/1215/279 1169/1224/281
f 2049/1221/912 814/1223/914 2969/1222/913
f 2039/1218/910 2082/1232/921 2077/1233/922
f 2062/1234/923 2082/1232/921 2039/1218/910
f 2051/1209/905 2049/1221/912 2968/1217/909
f 2039/1218/910 2077/1233/922 801/1220/911
f 2062/1234/923 2039/1218/910 2038/1231/920
f 841/1215/279 813/1205/901 840/1230/919
f 801/1220/911 2051/1209/905 2039/1218/910
f 2289/1228/917 550/1225/285 824/1235/292
f 2049/1221/912 813/1205/901 812/1207/903
f 2161/1213/474 1154/1212/907 814/1223/914
f 2968/1217/909 2049/1221/912 2969/1222/913
f 2165/1219/478 737/1211/477 2037/1210/906
f 812/1207/903 816/1208/904 2059/1226/915
f 2790/1236/924 2575/1237/925 2777/1238/926
f 2987/1239/927 693/1240/656 3048/1241/647
f 2812/1242/928 3063/1243/929 3081/1244/930
f 2812/1242/928 3081/1244/930 2861/1245/931
f 1050/1246/639 2861/1245/931 2776/1247/630
f 2988/1248/643 693/1240/656 694/1249/641
f 2905/1250/932 3069/1251/933 3078/1252/934
f 2813/1253/935 3822/1254/130 2778/1255/936
f 2816/1256/937 2861/1245/931 2855/1257/938
f 2816/1256/937 2809/1258/131 2813/1253/935
f 2855/1257/938 2856/1259/939 2987/1239/927
f 3822/1254/130 2949/1260/110 2778/1255/936
f 3078/1252/934 3069/1251/933 2577/1261/940
f 2816/1256/937 2855/1257/938 2987/1239/927
f 3063/1243/929 2812/1242/928 2775/1262/941
f 3209/1263/942 3208/1264/943 2583/1265/944
f 2575/1237/925 2577/1261/940 2777/1238/926
f 3081/1244/930 3069/1251/933 2905/1250/932
f 3070/1266/945 3081/1244/930 3063/1243/929
f 2816/1256/937 2987/1239/927 3048/1241/647
f 694/1249/641 693/1240/656 1050/1246/639
f 2775/1262/941 2812/1242/928 2778/1255/936
f 2778/1255/936 2812/1242/928 2813/1253/935
f 2855/1257/938 1050/1246/639 2856/1259/939
f 3069/1251/933 3081/1244/930 3070/1266/945
f 2778/1255/936 2949/1260/110 2772/1267/946
f 2855/1257/938 2861/1245/931 1050/1246/639
f 3822/1254/130 2813/1253/935 2809/1258/131
f 2861/1245/931 3082/1268/642 2776/1247/630
f 3208/1264/943 3078/1252/934 2577/1261/940
f 1054/1269/947 3069/1251/933 3070/1266/945
f 3208/1264/943 3209/1263/942 3078/1252/934
f 2905/1250/932 2861/1245/931 3081/1244/930
f 693/1240/656 2856/1259/939 1050/1246/639
f 2575/1237/925 3208/1264/943 2577/1261/940
f 2778/1255/936 2772/1267/946 2775/1262/941
f 3208/1264/943 2575/1237/925 2583/1265/944
f 2812/1242/928 2861/1245/931 2816/1256/937
f 3082/1268/642 3078/1252/934 3303/1270/948
f 3082/1268/642 2861/1245/931 2905/1250/932
f 2816/1256/937 3048/1241/647 2809/1258/131
f 1054/1269/947 2777/1238/926 3069/1251/933
f 2813/1253/935 2812/1242/928 2816/1256/937
f 2577/1261/940 3069/1251/933 2777/1238/926
f 3082/1268/642 2905/1250/932 3078/1252/934
f 2856/1259/939 693/1240/656 2987/1239/927
f 2253/1271/949 868/1272/950 847/1273/951
f 2310/1274/952 2364/1275/953 2372/1276/954
f 2254/1277/955 2208/1278/956 2255/1279/957
f 2254/1277/955 2251/1280/958 2475/1281/959
f 2376/1282/960 3423/1283/961 2372/1276/954
f 2254/1277/955 2296/1284/962 2293/1285/963
f 2366/1286/964 2312/1287/965 2356/1288/966
f 2253/1271/949 2240/1289/967 2213/1290/968
f 2251/1280/958 2247/1291/879 3827/1292/884
f 3807/1293/969 2364/1275/953 2369/1294/148
f 2253/1271/949 2377/1295/970 2250/1296/971
f 2213/1290/968 2240/1289/967 2208/1278/956
f 2254/1277/955 2293/1285/963 2213/1290/968
f 2472/1297/972 2376/1282/960 2492/1298/973
f 2376/1282/960 3807/1293/969 2492/1298/973
f 2377/1295/970 2296/1284/962 2310/1274/952
f 868/1272/950 2253/1271/949 2250/1296/971
f 2249/1299/974 3498/1300/975 2250/1296/971
f 2356/1288/966 2296/1284/962 2475/1281/959
f 2251/1280/958 3827/1292/884 2475/1281/959
f 2305/1301/153 2313/1302/146 2366/1286/964
f 2356/1288/966 2310/1274/952 2296/1284/962
f 3423/1283/961 2376/1282/960 2472/1297/972
f 2249/1299/974 2310/1274/952 2372/1276/954
f 3498/1300/975 2372/1276/954 3423/1283/961
f 2376/1282/960 2372/1276/954 2364/1275/953
f 2213/1290/968 2293/1285/963 2377/1295/970
f 2253/1271/949 2213/1290/968 2377/1295/970
f 2313/1302/146 2312/1287/965 2366/1286/964
f 2377/1295/970 2310/1274/952 2250/1296/971
f 2250/1296/971 2310/1274/952 2249/1299/974
f 2293/1285/963 2296/1284/962 2377/1295/970
f 2251/1280/958 2254/1277/955 2255/1279/957
f 2372/1276/954 3498/1300/975 2249/1299/974
f 2247/1291/879 2251/1280/958 2255/1279/957
f 2240/1289/967 2253/1271/949 847/1273/951
f 2250/1296/971 3498/1300/975 868/1272/950
f 2475/1281/959 3827/1292/884 2305/1301/153
f 2356/1288/966 2312/1287/965 2310/1274/952
f 2364/1275/953 2313/1302/146 2369/1294/148
f 2475/1281/959 2305/1301/153 2366/1286/964
f 3807/1293/969 2376/1282/960 2364/1275/953
f 2296/1284/962 2254/1277/955 2475/1281/959
f 2213/1290/968 2208/1278/956 2254/1277/955
f 2356/1288/966 2475/1281/959 2366/1286/964
f 2310/1274/952 2312/1287/965 2364/1275/953
f 2313/1302/146 2364/1275/953 2312/1287/965
f 1183/1303/976 76/1304/240 8/1305/233
f 1681/1306/977 1484/1307/978 1259/1308/64
f 1681/1306/977 617/1309/979 1484/1307/978
f 2993/1310/980 487/1311/981 9/1312/982
f 1179/1313/328 76/1304/240 153/1314/983
f 2897/1315/984 2993/1310/980 164/1316/985
f 1681/1306/977 1269/1317/986 591/1318/987
f 1263/1319/467 1269/1317/986 1259/1308/64
f 15/1320/988 333/1321/989 533/1322/990
f 487/1311/981 546/1323/991 9/1312/982
f 533/1322/990 333/1321/989 1262/1324/992
f 141/1325/65 1259/1308/64 1484/1307/978
f 599/1326/993 1490/1327/994 617/1309/979
f 599/1326/993 617/1309/979 1681/1306/977
f 2897/1315/984 164/1316/985 1181/1328/995
f 8/1305/233 1250/1329/235 164/1316/985
f 1389/1330/996 1183/1303/976 164/1316/985
f 164/1316/985 2993/1310/980 9/1312/982
f 164/1316/985 1250/1329/235 1181/1328/995
f 15/1320/988 533/1322/990 9/1312/982
f 1181/1328/995 1490/1327/994 2897/1315/984
f 1259/1308/64 1260/1331/63 1263/1319/467
f 487/1311/981 2993/1310/980 2897/1315/984
f 1183/1303/976 1389/1330/996 1387/1332/732
f 9/1312/982 533/1322/990 1262/1324/992
f 546/1323/991 591/1318/987 1269/1317/986
f 591/1318/987 546/1323/991 487/1311/981
f 1387/1332/732 1173/1333/728 153/1314/983
f 1183/1303/976 8/1305/233 164/1316/985
f 1263/1319/467 15/1320/988 1269/1317/986
f 141/1325/65 1484/1307/978 948/1334/99
f 9/1312/982 1262/1324/992 164/1316/985
f 1490/1327/994 1181/1328/995 1254/1335/238
f 1269/1317/986 1681/1306/977 1259/1308/64
f 617/1309/979 1490/1327/994 1492/1336/237
f 527/1337/997 1262/1324/992 333/1321/989
f 1183/1303/976 1387/1332/732 153/1314/983
f 546/1323/991 1269/1317/986 15/1320/988
f 9/1312/982 546/1323/991 15/1320/988
f 1173/1333/728 1174/1338/746 153/1314/983
f 617/1309/979 948/1334/99 1484/1307/978
f 2897/1315/984 599/1326/993 591/1318/987
f 487/1311/981 2897/1315/984 591/1318/987
f 1490/1327/994 599/1326/993 2897/1315/984
f 1389/1330/996 164/1316/985 1262/1324/992
f 1179/1313/328 153/1314/983 1174/1338/746
f 1183/1303/976 153/1314/983 76/1304/240
f 1254/1335/238 1181/1328/995 1250/1329/235
f 1492/1336/237 1490/1327/994 1254/1335/238
f 527/1337/997 333/1321/989 15/1320/988
f 599/1326/993 1681/1306/977 591/1318/987
f 948/1334/99 617/1309/979 1492/1336/237
f 1301/1339/998 392/1340/999 1257/1341/1000
f 375/1342/1001 410/1343/1002 369/1344/1003
f 1257/1341/1000 1264/1345/452 67/1346/451
f 1301/1339/998 1388/1347/1004 488/1348/1005
f 68/1349/752 169/1350/733 165/1351/1006
f 316/1352/1007 165/1351/1006 1292/1353/1008
f 1389/1354/996 165/1351/1006 1387/1355/732
f 67/1346/451 1390/1356/454 1257/1341/1000
f 222/1357/1009 348/1358/1010 224/1359/1011
f 348/1358/1010 222/1357/1009 375/1342/1001
f 167/1360/1012 222/1357/1009 224/1359/1011
f 375/1342/1001 328/1361/1013 410/1343/1002
f 2869/1362/1014 410/1343/1002 328/1361/1013
f 169/1350/733 1387/1355/732 165/1351/1006
f 1388/1347/1004 2869/1362/1014 466/1363/1015
f 392/1340/999 527/1364/997 15/1365/988
f 15/1365/988 1263/1366/467 392/1340/999
f 348/1358/1010 375/1342/1001 369/1344/1003
f 1263/1366/467 1257/1341/1000 392/1340/999
f 1301/1339/998 488/1348/1005 392/1340/999
f 316/1352/1007 68/1349/752 165/1351/1006
f 488/1348/1005 527/1364/997 392/1340/999
f 1264/1345/452 1257/1341/1000 1263/1366/467
f 1255/1367/1016 60/1368/1017 1262/1369/992
f 2869/1362/1014 328/1361/1013 1268/1370/1018
f 316/1352/1007 2895/1371/753 68/1349/752
f 1267/1372/1019 2869/1362/1014 1268/1370/1018
f 1281/1373/1020 167/1360/1012 344/1374/1021
f 167/1360/1012 1292/1353/1008 165/1351/1006
f 466/1363/1015 1267/1372/1019 476/1375/1022
f 1268/1370/1018 344/1374/1021 60/1368/1017
f 167/1360/1012 224/1359/1011 1295/1376/1023
f 476/1375/1022 488/1348/1005 466/1363/1015
f 476/1375/1022 1267/1372/1019 166/1377/1024
f 60/1368/1017 166/1377/1024 1268/1370/1018
f 344/1374/1021 1389/1354/996 60/1368/1017
f 328/1361/1013 344/1374/1021 1268/1370/1018
f 1388/1347/1004 410/1343/1002 2869/1362/1014
f 2869/1362/1014 1267/1372/1019 466/1363/1015
f 1255/1367/1016 476/1375/1022 166/1377/1024
f 344/1374/1021 328/1361/1013 1281/1373/1020
f 527/1364/997 476/1375/1022 1255/1367/1016
f 476/1375/1022 527/1364/997 488/1348/1005
f 1255/1367/1016 166/1377/1024 60/1368/1017
f 328/1361/1013 222/1357/1009 1281/1373/1020
f 1388/1347/1004 466/1363/1015 488/1348/1005
f 1262/1369/992 527/1364/997 1255/1367/1016
f 1295/1376/1023 1292/1353/1008 167/1360/1012
f 1389/1354/996 1262/1369/992 60/1368/1017
f 1389/1354/996 344/1374/1021 165/1351/1006
f 166/1377/1024 1267/1372/1019 1268/1370/1018
f 344/1374/1021 167/1360/1012 165/1351/1006
f 1281/1373/1020 222/1357/1009 167/1360/1012
f 375/1342/1001 222/1357/1009 328/1361/1013
f 46/1378/600 14/1379/1025 23/1380/596
f 287/1381/1026 244/1382/1027 245/1383/1028
f 266/1384/1029 184/1385/608 1195/1386/607
f 152/1387/1030 191/1388/617 186/1389/597
f 189/1390/1031 151/1391/1032 152/1387/1030
f 208/1392/1033 287/1381/1026 265/1393/1034
f 151/1391/1032 191/1388/617 152/1387/1030
f 287/1381/1026 14/1379/1025 265/1393/1034
f 958/1394/1035 215/1395/1036 207/1396/1037
f 152/1387/1030 244/1382/1027 145/1397/1038
f 215/1395/1036 144/1398/184 189/1390/1031
f 267/1399/1039 265/1393/1034 210/1400/1040
f 223/1401/1041 220/1402/1042 958/1394/1035
f 152/1387/1030 186/1389/597 245/1383/1028
f 220/1402/1042 951/1403/1043 215/1395/1036
f 239/1404/1044 220/1402/1042 231/1405/1045
f 184/1385/608 264/1406/1046 46/1378/600
f 245/1383/1028 186/1389/597 23/1380/596
f 958/1394/1035 207/1396/1037 952/1407/1047
f 218/1408/1048 229/1409/1049 231/1405/1045
f 951/1403/1043 220/1402/1042 239/1404/1044
f 958/1394/1035 220/1402/1042 215/1395/1036
f 144/1398/184 215/1395/1036 203/1410/10
f 208/1392/1033 296/1411/1050 287/1381/1026
f 287/1381/1026 245/1383/1028 14/1379/1025
f 189/1390/1031 152/1387/1030 145/1397/1038
f 244/1382/1027 287/1381/1026 227/1412/1051
f 145/1397/1038 244/1382/1027 952/1407/1047
f 267/1399/1039 210/1400/1040 211/1413/1052
f 225/1414/1053 229/1409/1049 952/1407/1047
f 218/1408/1048 958/1394/1035 952/1407/1047
f 265/1393/1034 14/1379/1025 264/1406/1046
f 215/1395/1036 189/1390/1031 207/1396/1037
f 152/1387/1030 245/1383/1028 244/1382/1027
f 218/1408/1048 231/1405/1045 223/1401/1041
f 223/1401/1041 958/1394/1035 218/1408/1048
f 952/1407/1047 227/1412/1051 225/1414/1053
f 143/1415/1054 151/1391/1032 189/1390/1031
f 184/1385/608 266/1384/1029 210/1400/1040
f 145/1397/1038 952/1407/1047 189/1390/1031
f 225/1414/1053 227/1412/1051 296/1411/1050
f 184/1385/608 210/1400/1040 264/1406/1046
f 266/1384/1029 211/1413/1052 210/1400/1040
f 227/1412/1051 952/1407/1047 244/1382/1027
f 264/1406/1046 210/1400/1040 265/1393/1034
f 23/1380/596 14/1379/1025 245/1383/1028
f 952/1407/1047 207/1396/1037 189/1390/1031
f 296/1411/1050 227/1412/1051 287/1381/1026
f 203/1410/10 951/1403/1043 999/1416/11
f 231/1405/1045 220/1402/1042 223/1401/1041
f 951/1403/1043 203/1410/10 215/1395/1036
f 189/1390/1031 144/1398/184 143/1415/1054
f 952/1407/1047 229/1409/1049 218/1408/1048
f 14/1379/1025 46/1378/600 264/1406/1046
f 3906/1417/1055 3966/1418/1056 1841/1419/1057
f 294/1420/1058 278/1421/1059 251/1422/1060
f 3947/1423/1061 278/1421/1059 1135/1424/1062 3908/1425/1063
f 1099/1426/1064 1100/1427/1065 509/1428/1066
f 3906/1417/1055 1841/1419/1057 1099/1426/1064 3907/1429/1067
f 250/1430/1068 294/1420/1058 251/1422/1060
f 278/1421/1059 294/1420/1058 293/1431/1069
f 1099/1426/1064 1841/1419/1057 1840/1432/1070
f 516/1433/1071 1100/1427/1065 1802/1434/1072
f 3909/1435/1073 251/1422/1060 3999/1436/1074
f 293/1431/1069 294/1420/1058 250/1430/1068
f 1840/1432/1070 1098/1437/1075 1100/1427/1065
f 518/1438/1076 1840/1432/1070 1841/1419/1057
f 250/1430/1068 305/1439/1077 517/1440/1078
f 509/1428/1066 1100/1427/1065 305/1439/1077
f 517/1440/1078 516/1433/1071 1431/1441/1079
f 1802/1434/1072 480/1442/1080 516/1433/1071
f 1802/1434/1072 471/1443/1081 480/1442/1080
f 516/1433/1071 480/1442/1080 474/1444/1082
f 470/1445/1083 471/1443/1081 1098/1437/1075
f 3927/1446/1084 519/1447/1085 1841/1419/1057 3926/1448/1086
f 479/1449/1087 474/1444/1082 480/1442/1080
f 1100/1427/1065 1099/1426/1064 1840/1432/1070
f 479/1449/1087 480/1442/1080 1798/1450/1088
f 470/1445/1083 1098/1437/1075 486/1451/1089
f 1840/1432/1070 518/1438/1076 1098/1437/1075
f 1798/1450/1088 470/1445/1083 485/1452/1090
f 486/1451/1089 485/1452/1090 470/1445/1083
f 1135/1424/1062 278/1421/1059 293/1431/1069
f 471/1443/1081 1802/1434/1072 1098/1437/1075
f 471/1443/1081 470/1445/1083 480/1442/1080
f 251/1422/1060 305/1439/1077 250/1430/1068
f 1841/1419/1057 519/1447/1085 518/1438/1076
f 516/1433/1071 474/1444/1082 1431/1441/1079
f 480/1442/1080 470/1445/1083 1798/1450/1088
f 516/1433/1071 305/1439/1077 1100/1427/1065
f 1100/1427/1065 1098/1437/1075 1802/1434/1072
f 3910/1453/1091 3999/1436/1074 251/1422/1060
f 305/1439/1077 516/1433/1071 517/1440/1078
f 3449/1454/1092 3455/1455/1093 2680/1456/1094
f 3041/1457/1095 3043/1458/1096 1747/1459/1097
f 3162/1460/1098 3103/1461/1099 2873/1462/1100
f 3077/1463/1101 3169/1464/1102 3455/1455/1093
f 2735/1465/1103 3102/1466/1104 2893/1467/1105
f 3103/1461/1099 2681/1468/1106 2873/1462/1100
f 2680/1456/1094 2681/1468/1106 2679/1469/1107
f 3455/1455/1093 3162/1460/1098 2873/1462/1100
f 3162/1460/1098 1747/1459/1097 3043/1458/1096
f 3043/1458/1096 3103/1461/1099 3162/1460/1098
f 1747/1459/1097 1760/1470/1108 1762/1471/1109
f 1760/1470/1108 1747/1459/1097 3146/1472/1110
f 2893/1467/1105 3102/1466/1104 3043/1458/1096
f 2873/1462/1100 2681/1468/1106 2680/1456/1094
f 3455/1455/1093 3169/1464/1102 3162/1460/1098
f 2892/1473/1111 2735/1465/1103 2893/1467/1105
f 1747/1459/1097 3162/1460/1098 3146/1472/1110
f 3043/1458/1096 3041/1457/1095 2893/1467/1105
f 3162/1460/1098 3169/1464/1102 3146/1472/1110
f 2863/1474/1112 2892/1473/1111 2957/1475/1113
f 1641/1476/1114 1634/1477/1115 1624/1478/1116
f 2680/1456/1094 3455/1455/1093 2873/1462/1100
f 1624/1478/1116 1636/1479/1117 1641/1476/1114
f 2680/1456/1094 2679/1469/1107 2686/1480/1118
f 2735/1465/1103 2892/1473/1111 2863/1474/1112
f 1635/1481/1119 2863/1474/1112 1641/1476/1114
f 1636/1479/1117 1635/1481/1119 1641/1476/1114
f 2740/1482/1120 2735/1465/1103 2863/1474/1112
f 2863/1474/1112 1635/1481/1119 2740/1482/1120
f 1636/1479/1117 398/1483/1121 1635/1481/1119
f 3077/1463/1101 3455/1455/1093 3449/1454/1092
f 401/1484/1122 1635/1481/1119 398/1483/1121
f 2419/1485/1123 3449/1454/1092 2686/1480/1118
f 2680/1456/1094 2686/1480/1118 3449/1454/1092
f 3102/1466/1104 3103/1461/1099 3043/1458/1096
f 3102/1466/1104 2735/1465/1103 2787/1486/1124
f 2735/1465/1103 2740/1482/1120 2787/1486/1124
f 3103/1461/1099 3102/1466/1104 2681/1468/1106
f 2787/1486/1124 1635/1481/1119 401/1484/1122
f 1657/1487/552 401/1484/1122 398/1483/1121
f 2419/1485/1123 2686/1480/1118 1640/1488/560
f 1658/1489/554 401/1484/1122 1657/1487/552
f 2682/1490/1125 2787/1486/1124 1656/1491/555
f 2787/1486/1124 1658/1489/554 1656/1491/555
f 1658/1489/554 2787/1486/1124 401/1484/1122
f 2682/1490/1125 2679/1469/1107 2681/1468/1106
f 2679/1469/1107 2682/1490/1125 1656/1491/555
f 2679/1469/1107 1656/1491/555 3408/1492/1126
f 2679/1469/1107 3408/1492/1126 2686/1480/1118
f 2787/1486/1124 2682/1490/1125 3102/1466/1104
f 1640/1488/560 3408/1492/1126 1654/1493/557
f 3408/1492/1126 1656/1491/555 1654/1493/557
f 2681/1468/1106 3102/1466/1104 2682/1490/1125
f 3408/1492/1126 1640/1488/560 2686/1480/1118
f 2419/1485/1123 1640/1488/560 2669/1494/562
f 3449/1454/1092 2419/1485/1123 2669/1494/562
f 2740/1482/1120 1635/1481/1119 2787/1486/1124
f 2863/1474/1112 2957/1475/1113 1641/1476/1114
f 1312/1495/695 1409/1496/1127 39/1497/1128
f 3127/1498/1129 2732/1499/1130 3113/1500/1131
f 1055/1501/1132 1312/1495/695 417/1502/690
f 1322/1503/1133 66/1504/1134 79/1505/1135
f 54/1506/1136 39/1497/1128 3136/1507/1137
f 1300/1508/1138 26/1509/1139 1346/1510/1140
f 1329/1511/1141 1348/1512/1142 1300/1508/1138
f 311/1513/1143 1043/1514/1144 79/1505/1135
f 1329/1511/1141 1300/1508/1138 302/1515/1145
f 302/1515/1145 1307/1516/696 1329/1511/1141
f 1307/1516/696 1348/1512/1142 1329/1511/1141
f 311/1513/1143 1299/1517/1146 1043/1514/1144
f 3127/1498/1129 3141/1518/1147 3383/1519/1148
f 1285/1520/1149 63/1521/1150 1276/1522/1151
f 1300/1508/1138 1346/1510/1140 302/1515/1145
f 1294/1523/1152 311/1513/1143 66/1504/1134
f 1409/1496/1127 3136/1507/1137 39/1497/1128
f 1280/1524/468 1285/1520/1149 69/1525/465
f 467/1526/1153 311/1513/1143 1294/1523/1152
f 1322/1503/1133 80/1527/1154 1327/1528/1155
f 1276/1522/1151 69/1525/465 1285/1520/1149
f 1285/1520/1149 1280/1524/468 1294/1523/1152
f 56/1529/1156 1409/1496/1127 1336/1530/1157
f 79/1505/1135 26/1509/1139 80/1527/1154
f 1299/1517/1146 1346/1510/1140 1043/1514/1144
f 79/1505/1135 66/1504/1134 311/1513/1143
f 311/1513/1143 458/1531/1158 1299/1517/1146
f 1285/1520/1149 66/1504/1134 63/1521/1150
f 1294/1523/1152 66/1504/1134 1285/1520/1149
f 3383/1519/1148 56/1529/1156 1336/1530/1157
f 3127/1498/1129 1336/1530/1157 2741/1532/1159
f 3133/1533/1160 3136/1507/1137 56/1529/1156
f 3136/1507/1137 1409/1496/1127 56/1529/1156
f 2741/1532/1159 1314/1534/36 3140/1535/37
f 3338/1536/1161 3113/1500/1131 2732/1499/1130
f 2741/1532/1159 2732/1499/1130 3127/1498/1129
f 80/1527/1154 1348/1512/1142 54/1506/1136
f 2741/1532/1159 1336/1530/1157 1314/1534/36
f 1055/1501/1132 1314/1534/36 1336/1530/1157
f 63/1521/1150 66/1504/1134 1322/1503/1133
f 2731/1537/434 2733/1538/433 2741/1532/1159
f 1348/1512/1142 1307/1516/696 39/1497/1128
f 2741/1532/1159 3140/1535/37 2731/1537/434
f 1312/1495/695 39/1497/1128 1307/1516/696
f 458/1531/1158 311/1513/1143 467/1526/1153
f 1409/1496/1127 1055/1501/1132 1336/1530/1157
f 80/1527/1154 26/1509/1139 1348/1512/1142
f 1312/1495/695 1055/1501/1132 1409/1496/1127
f 1348/1512/1142 26/1509/1139 1300/1508/1138
f 54/1506/1136 1348/1512/1142 39/1497/1128
f 3338/1536/1161 2732/1499/1130 2944/1539/1162
f 3383/1519/1148 1336/1530/1157 3127/1498/1129
f 1322/1503/1133 79/1505/1135 80/1527/1154
f 1314/1534/36 1055/1501/1132 417/1502/690
f 80/1527/1154 54/1506/1136 1327/1528/1155
f 1346/1510/1140 26/1509/1139 1043/1514/1144
f 3141/1518/1147 3133/1533/1160 3383/1519/1148
f 2733/1538/433 2732/1499/1130 2741/1532/1159
f 1283/1540/466 69/1525/465 1276/1522/1151
f 79/1505/1135 1043/1514/1144 26/1509/1139
f 2944/1539/1162 2732/1499/1130 2733/1538/433
f 3133/1533/1160 56/1529/1156 3383/1519/1148
f 1327/1528/1155 54/1506/1136 3136/1507/1137
f 3127/1498/1129 3113/1500/1131 3141/1518/1147
f 2639/1541/1163 3283/1542/1164 919/1543/1165
f 2599/1544/1166 903/1545/1167 3254/1546/1168
f 3254/1546/1168 3283/1542/1164 2586/1547/1169
f 3302/1548/1170 2565/1549/1171 3286/1550/1172
f 2588/1551/1173 3272/1552/1174 3198/1553/1175
f 3211/1554/1176 2587/1555/1177 2592/1556/1178
f 2639/1541/1163 2587/1555/1177 3195/1557/1179
f 3273/1558/1180 3301/1559/1181 3675/1560/1182
f 3289/1561/1183 3302/1548/1170 3307/1562/1184
f 2588/1551/1173 2587/1555/1177 3211/1554/1176
f 3302/1548/1170 3301/1559/1181 2565/1549/1171
f 3286/1550/1172 3195/1557/1179 3307/1562/1184
f 3277/1563/1185 2578/1564/1186 3675/1560/1182
f 3277/1563/1185 3675/1560/1182 3289/1561/1183
f 2591/1565/621 3211/1554/1176 2592/1556/1178
f 919/1543/1165 3254/1546/1168 887/1566/123
f 3273/1558/1180 2580/1567/1187 2568/1568/1188
f 3289/1561/1183 2588/1551/1173 3277/1563/1185
f 3308/1569/1189 3283/1542/1164 2639/1541/1163
f 3211/1554/1176 3272/1552/1174 2588/1551/1173
f 3302/1548/1170 3289/1561/1183 3675/1560/1182
f 2592/1556/1178 886/1570/632 2591/1565/621
f 3283/1542/1164 3308/1569/1189 2586/1547/1169
f 3302/1548/1170 3286/1550/1172 3307/1562/1184
f 3301/1559/1181 3302/1548/1170 3675/1560/1182
f 3254/1546/1168 2586/1547/1169 2599/1544/1166
f 3307/1562/1184 3195/1557/1179 3289/1561/1183
f 3308/1569/1189 2639/1541/1163 3195/1557/1179
f 3197/1571/627 3272/1552/1174 2590/1572/628
f 919/1543/1165 2587/1555/1177 2639/1541/1163
f 886/1570/632 2587/1555/1177 919/1543/1165
f 2587/1555/1177 886/1570/632 2592/1556/1178
f 887/1566/123 886/1570/632 919/1543/1165
f 3211/1554/1176 2591/1565/621 3272/1552/1174
f 2587/1555/1177 2588/1551/1173 3289/1561/1183
f 2568/1568/1188 2580/1567/1187 2572/1573/1190
f 3301/1559/1181 2568/1568/1188 2565/1549/1171
f 3078/1574/934 3209/1575/942 3276/1576/1191
f 3209/1575/942 2583/1577/944 2574/1578/1192
f 3273/1558/1180 3675/1560/1182 2584/1579/1193
f 3273/1558/1180 2584/1579/1193 3276/1576/1191
f 2574/1578/1192 3276/1576/1191 3209/1575/942
f 3276/1576/1191 3294/1580/1194 3273/1558/1180
f 3276/1576/1191 2574/1578/1192 3294/1580/1194
f 2580/1567/1187 3273/1558/1180 3294/1580/1194
f 2568/1568/1188 3301/1559/1181 3273/1558/1180
f 3308/1569/1189 3195/1557/1179 3286/1550/1172
f 903/1545/1167 898/1581/119 887/1566/123
f 3289/1561/1183 3195/1557/1179 2587/1555/1177
f 2591/1565/621 2590/1572/628 3272/1552/1174
f 2579/1582/636 3277/1563/1185 2850/1583/637
f 3078/1574/934 3276/1576/1191 3303/1584/948
f 3197/1571/627 3198/1553/1175 3272/1552/1174
f 2579/1582/636 3296/1585/1195 2578/1564/1186
f 3082/1586/642 3276/1576/1191 3296/1585/1195
f 3297/1587/640 3082/1586/642 3296/1585/1195
f 3296/1585/1195 2579/1582/636 3297/1587/640
f 2578/1564/1186 3296/1585/1195 3276/1576/1191
f 3277/1563/1185 3198/1553/1175 3275/1588/638
f 3303/1584/948 3276/1576/1191 3082/1586/642
f 3198/1553/1175 3197/1571/627 3275/1588/638
f 3277/1563/1185 2588/1551/1173 3198/1553/1175
f 2579/1582/636 2578/1564/1186 3277/1563/1185
f 3275/1588/638 2850/1583/637 3277/1563/1185
f 887/1566/123 3254/1546/1168 903/1545/1167
f 2584/1579/1193 3675/1560/1182 2578/1564/1186
f 2578/1564/1186 3276/1576/1191 2584/1579/1193
f 3283/1542/1164 3254/1546/1168 919/1543/1165
f 558/1589/1196 723/1590/1197 696/1591/1198
f 584/1592/1199 1864/1593/1200 594/1594/1201
f 558/1589/1196 696/1591/1198 3009/1595/1202
f 2062/1596/923 2071/1597/1203 2082/1598/921
f 740/1599/1204 587/1600/1205 558/1589/1196
f 734/1601/1206 740/1599/1204 3009/1595/1202
f 2071/1597/1203 2062/1596/923 1149/1602/1207
f 584/1592/1199 577/1603/1208 561/1604/1209
f 590/1605/779 593/1606/1210 588/1607/1211
f 3009/1595/1202 2071/1597/1203 734/1601/1206
f 590/1605/779 575/1608/1212 593/1606/1210
f 561/1604/1209 577/1603/1208 592/1609/93
f 740/1599/1204 729/1610/786 587/1600/1205
f 1149/1602/1207 1150/1611/1213 2071/1597/1203
f 561/1604/1209 592/1609/93 436/1612/1214
f 585/1613/1215 590/1605/779 1875/1614/789
f 577/1603/1208 1873/1615/1216 1108/1616/1217
f 578/1617/1218 1873/1615/1216 585/1613/1215
f 553/1618/1219 696/1591/1198 723/1590/1197
f 1871/1619/1220 592/1609/93 577/1603/1208
f 594/1594/1201 723/1590/1197 588/1607/1211
f 583/1620/1221 561/1604/1209 1750/1621/1222
f 2038/1622/920 1149/1602/1207 2062/1596/923
f 1863/1623/13 696/1591/1198 1869/1624/14
f 2103/1625/1223 553/1618/1219 723/1590/1197
f 577/1603/1208 575/1608/1212 585/1613/1215
f 561/1604/1209 1864/1593/1200 584/1592/1199
f 729/1610/786 740/1599/1204 734/1601/1206
f 696/1591/1198 553/1618/1219 1869/1624/14
f 1150/1611/1213 2156/1626/483 2152/1627/482
f 2156/1626/483 1150/1611/1213 3008/1628/479
f 587/1600/1205 739/1629/766 586/1630/782
f 587/1600/1205 586/1630/782 590/1605/779
f 729/1610/786 734/1601/1206 731/1631/481
f 585/1613/1215 1873/1615/1216 577/1603/1208
f 588/1607/1211 587/1600/1205 590/1605/779
f 3009/1595/1202 740/1599/1204 558/1589/1196
f 734/1601/1206 1150/1611/1213 2152/1627/482
f 734/1601/1206 2152/1627/482 731/1631/481
f 1150/1611/1213 1149/1602/1207 3008/1628/479
f 739/1629/766 587/1600/1205 729/1610/786
f 2071/1597/1203 3009/1595/1202 2082/1598/921
f 577/1603/1208 1108/1616/1217 1871/1619/1220
f 558/1589/1196 587/1600/1205 588/1607/1211
f 1872/1632/96 592/1609/93 1871/1619/1220
f 737/1633/477 3008/1628/479 2038/1622/920
f 561/1604/1209 436/1612/1214 560/1634/1224
f 594/1594/1201 588/1607/1211 593/1606/1210
f 594/1594/1201 593/1606/1210 575/1608/1212
f 575/1608/1212 590/1605/779 585/1613/1215
f 1864/1593/1200 583/1620/1221 1859/1635/1225
f 588/1607/1211 723/1590/1197 558/1589/1196
f 578/1617/1218 585/1613/1215 1875/1614/789
f 2071/1597/1203 1150/1611/1213 734/1601/1206
f 553/1618/1219 2103/1625/1223 574/1636/1226
f 1864/1593/1200 561/1604/1209 583/1620/1221
f 594/1594/1201 575/1608/1212 584/1592/1199
f 561/1604/1209 560/1634/1224 1750/1621/1222
f 2038/1622/920 3008/1628/479 1149/1602/1207
f 574/1636/1226 1869/1624/14 553/1618/1219
f 1859/1635/1225 554/1637/1227 1864/1593/1200
f 594/1594/1201 554/1637/1227 2103/1625/1223
f 1864/1593/1200 554/1637/1227 594/1594/1201
f 575/1608/1212 577/1603/1208 584/1592/1199
f 723/1590/1197 594/1594/1201 2103/1625/1223
f 2066/1638/15 2082/1598/921 1863/1623/13
f 1863/1623/13 2082/1598/921 3009/1595/1202
f 3009/1595/1202 696/1591/1198 1863/1623/13
f 601/1639/616 616/1640/1228 640/1641/1229
f 1193/1642/1230 1208/1643/1231 998/1644/1232
f 159/1645/1233 33/1646/871 31/1647/1234
f 692/1648/1235 787/1649/1236 640/1641/1229
f 1842/1650/1237 1813/1651/1238 1397/1652/1239
f 2900/1653/1240 1856/1654/1241 1400/1655/1242
f 209/1656/1243 211/1657/1052 266/1658/1029
f 1854/1659/1244 1856/1654/1241 2900/1653/1240
f 692/1648/1235 2900/1653/1240 1194/1660/1245
f 1807/1661/1246 1854/1659/1244 998/1644/1232
f 31/1647/1234 33/1646/871 30/1662/1247
f 605/1663/1248 1395/1664/1249 1397/1652/1239
f 1194/1660/1245 787/1649/1236 692/1648/1235
f 159/1645/1233 332/1665/1250 34/1666/877
f 31/1647/1234 605/1663/1248 632/1667/1251
f 605/1663/1248 1208/1643/1231 1193/1642/1230
f 653/1668/1252 632/1667/1251 1974/1669/1253
f 1974/1669/1253 605/1663/1248 1193/1642/1230
f 616/1640/1228 673/1670/1254 649/1671/1255
f 1194/1660/1245 1399/1672/1256 1077/1673/618
f 1397/1652/1239 1208/1643/1231 605/1663/1248
f 1854/1659/1244 1807/1661/1246 1856/1654/1241
f 1194/1660/1245 2900/1653/1240 1399/1672/1256
f 349/1674/1257 30/1662/1247 337/1675/1258
f 1396/1676/1259 1842/1650/1237 1395/1664/1249
f 159/1645/1233 3020/1677/1260 27/1678/1261
f 159/1645/1233 34/1666/877 33/1646/871
f 1077/1673/618 209/1656/1243 1195/1679/607
f 653/1668/1252 673/1670/1254 632/1667/1251
f 673/1670/1254 3020/1677/1260 632/1667/1251
f 175/1680/1262 1399/1672/1256 1400/1655/1242
f 1395/1664/1249 1842/1650/1237 1397/1652/1239
f 1216/1681/1263 337/1675/1258 30/1662/1247
f 249/1682/1264 1400/1655/1242 1856/1654/1241
f 1397/1652/1239 998/1644/1232 1208/1643/1231
f 31/1647/1234 632/1667/1251 159/1645/1233
f 1193/1642/1230 998/1644/1232 692/1648/1235
f 30/1662/1247 349/1674/1257 1396/1676/1259
f 649/1671/1255 1193/1642/1230 616/1640/1228
f 1216/1681/1263 33/1646/871 334/1683/1265
f 209/1656/1243 1399/1672/1256 174/1684/1266
f 1216/1681/1263 30/1662/1247 33/1646/871
f 1193/1642/1230 640/1641/1229 616/1640/1228
f 649/1671/1255 653/1668/1252 1974/1669/1253
f 692/1648/1235 640/1641/1229 1193/1642/1230
f 640/1641/1229 787/1649/1236 601/1639/616
f 1194/1660/1245 1077/1673/618 1199/1685/594
f 1194/1660/1245 1199/1685/594 787/1649/1236
f 30/1662/1247 1395/1664/1249 605/1663/1248
f 998/1644/1232 1397/1652/1239 1813/1651/1238
f 1400/1655/1242 249/1682/1264 175/1680/1262
f 1399/1672/1256 2900/1653/1240 1400/1655/1242
f 1216/1681/1263 334/1683/1265 337/1675/1258
f 601/1639/616 787/1649/1236 1199/1685/594
f 29/1686/864 334/1683/1265 33/1646/871
f 605/1663/1248 31/1647/1234 30/1662/1247
f 209/1656/1243 1077/1673/618 1399/1672/1256
f 174/1684/1266 211/1657/1052 209/1656/1243
f 632/1667/1251 605/1663/1248 1974/1669/1253
f 1813/1651/1238 1807/1661/1246 998/1644/1232
f 653/1668/1252 649/1671/1255 673/1670/1254
f 1399/1672/1256 175/1680/1262 174/1684/1266
f 1193/1642/1230 649/1671/1255 1974/1669/1253
f 1395/1664/1249 30/1662/1247 1396/1676/1259
f 2900/1653/1240 692/1648/1235 1854/1659/1244
f 692/1648/1235 998/1644/1232 1854/1659/1244
f 632/1667/1251 3020/1677/1260 159/1645/1233
f 27/1678/1261 332/1665/1250 159/1645/1233
f 332/1665/1250 36/1687/867 34/1666/877
f 1195/1679/607 209/1656/1243 266/1658/1029
f 3110/1688/345 2943/1689/1267 2755/1690/339
f 891/1691/1268 2149/1692/1269 2848/1693/1270
f 2747/1694/1271 3450/1695/1272 2745/1696/1273
f 3447/1697/1274 3450/1695/1272 2838/1698/1275
f 3438/1699/1276 3104/1700/1277 890/1701/1278
f 2755/1690/339 1126/1702/1279 2753/1703/336
f 3446/1704/1280 3836/1705/1281 3447/1697/1274
f 961/1706/844 2750/1707/842 2748/1708/1282
f 2848/1693/1270 890/1701/1278 1168/1709/1283
f 3110/1688/345 3099/1710/346 3091/1711/1284
f 2747/1694/1271 2745/1696/1273 3120/1712/1285
f 2838/1698/1275 2747/1694/1271 2746/1713/1286
f 2747/1694/1271 1123/1714/850 2746/1713/1286
f 3110/1688/345 3441/1715/1287 2943/1689/1267
f 3446/1704/1280 3447/1697/1274 2838/1698/1275
f 3446/1704/1280 3445/1716/1288 3836/1705/1281
f 1123/1714/850 2747/1694/1271 2748/1708/1282
f 2749/1717/1289 3446/1704/1280 2746/1713/1286
f 890/1701/1278 2749/1717/1289 1168/1709/1283
f 1120/1718/1290 1121/1719/255 2938/1720/257
f 991/1721/265 2746/1713/1286 2711/1722/541
f 890/1701/1278 2848/1693/1270 3438/1699/1276
f 2848/1693/1270 2149/1692/1269 3101/1723/1291
f 3447/1697/1274 3515/1724/1292 3450/1695/1272
f 2848/1693/1270 1168/1709/1283 891/1691/1268
f 3104/1700/1277 3446/1704/1280 2749/1717/1289
f 3436/1725/1293 3101/1723/1291 3106/1726/1294
f 1119/1727/253 1168/1709/1283 2746/1713/1286
f 2747/1694/1271 2838/1698/1275 3450/1695/1272
f 3451/1728/1295 2149/1692/1269 2844/1729/1296
f 2844/1729/1296 2938/1720/257 3451/1728/1295
f 3518/1730/1297 3120/1712/1285 2745/1696/1273
f 3450/1695/1272 3515/1724/1292 3518/1730/1297
f 3441/1715/1287 3109/1731/1298 3436/1725/1293
f 3101/1723/1291 3436/1725/1293 3438/1699/1276
f 1120/1718/1290 891/1691/1268 1119/1727/253
f 3119/1732/1299 3101/1723/1291 2149/1692/1269
f 1124/1733/853 2746/1713/1286 1123/1714/850
f 2711/1722/541 2746/1713/1286 1124/1733/853
f 2746/1713/1286 3446/1704/1280 2838/1698/1275
f 3101/1723/1291 3438/1699/1276 2848/1693/1270
f 1119/1727/253 2746/1713/1286 991/1721/265
f 3515/1724/1292 3091/1711/1284 3518/1730/1297
f 3441/1715/1287 3436/1725/1293 3117/1734/1300
f 3119/1732/1299 3106/1726/1294 3101/1723/1291
f 1121/1719/255 1120/1718/1290 1119/1727/253
f 890/1701/1278 3104/1700/1277 2749/1717/1289
f 3091/1711/1284 3099/1710/346 961/1706/844
f 3515/1724/1292 3110/1688/345 3091/1711/1284
f 3436/1725/1293 3109/1731/1298 3438/1699/1276
f 3120/1712/1285 961/1706/844 2748/1708/1282
f 3110/1688/345 3515/1724/1292 3836/1705/1281
f 2746/1713/1286 1168/1709/1283 2749/1717/1289
f 3836/1705/1281 3445/1716/1288 3441/1715/1287
f 3109/1731/1298 3104/1700/1277 3438/1699/1276
f 3451/1728/1295 3119/1732/1299 2149/1692/1269
f 3110/1688/345 3836/1705/1281 3441/1715/1287
f 3117/1734/1300 2943/1689/1267 3441/1715/1287
f 3445/1716/1288 3109/1731/1298 3441/1715/1287
f 2748/1708/1282 2750/1707/842 1123/1714/850
f 2149/1692/1269 891/1691/1268 2844/1729/1296
f 2747/1694/1271 3120/1712/1285 2748/1708/1282
f 2844/1729/1296 891/1691/1268 1120/1718/1290
f 961/1706/844 3518/1730/1297 3091/1711/1284
f 3450/1695/1272 3518/1730/1297 2745/1696/1273
f 3518/1730/1297 961/1706/844 3120/1712/1285
f 3104/1700/1277 3445/1716/1288 3446/1704/1280
f 2938/1720/257 2844/1729/1296 1120/1718/1290
f 1119/1727/253 891/1691/1268 1168/1709/1283
f 3515/1724/1292 3447/1697/1274 3836/1705/1281
f 2755/1690/339 2943/1689/1267 1126/1702/1279
f 3104/1700/1277 3109/1731/1298 3445/1716/1288
f 1651/1735/1301 2673/1736/1302 1689/1737/1303
f 3284/1738/200 2463/1739/198 1649/1740/1304
f 2673/1736/1302 2676/1741/1305 1688/1742/1306
f 1646/1743/1307 1651/1735/1301 1689/1737/1303
f 3256/1744/1308 1910/1745/1309 623/1746/1310
f 2676/1741/1305 2427/1747/1311 1671/1748/189
f 622/1749/1312 2880/1750/1313 1910/1745/1309
f 2676/1741/1305 1671/1748/189 1692/1751/382
f 1692/1751/382 1693/1752/388 2676/1741/1305
f 3228/1753/1314 400/1754/91 1901/1755/1315
f 3256/1744/1308 3228/1753/1314 1898/1756/1316
f 1669/1757/1317 2427/1747/1311 2673/1736/1302
f 622/1749/1312 1913/1758/1318 1690/1759/1319
f 1913/1758/1318 622/1749/1312 1910/1745/1309
f 623/1746/1310 1645/1760/1320 3256/1744/1308
f 1671/1748/189 2427/1747/1311 2432/1761/194
f 2432/1761/194 2427/1747/1311 1669/1757/1317
f 1900/1762/1321 1899/1763/1322 1911/1764/1323
f 1650/1765/1324 3018/1766/566 3284/1738/200
f 3126/1767/1325 3228/1753/1314 1901/1755/1315
f 1686/1768/1326 2646/1769/1327 1646/1743/1307
f 2646/1769/1327 2880/1750/1313 622/1749/1312
f 3256/1744/1308 1645/1760/1320 400/1754/91
f 1690/1759/1319 1913/1758/1318 1909/1770/1328
f 1909/1770/1328 1650/1765/1324 1644/1771/1329
f 1909/1770/1328 1913/1758/1318 1900/1762/1321
f 3292/1772/1330 3018/1766/566 1650/1765/1324
f 1669/1757/1317 1648/1773/1331 2432/1761/194
f 1651/1735/1301 1646/1743/1307 3314/1774/1332
f 1689/1737/1303 1694/1775/389 1687/1776/97
f 3256/1744/1308 1900/1762/1321 1913/1758/1318
f 1688/1742/1306 1689/1737/1303 2673/1736/1302
f 1872/1777/96 3126/1767/1325 1901/1755/1315
f 1686/1768/1326 1687/1776/97 418/1778/94
f 1688/1742/1306 1694/1775/389 1689/1737/1303
f 1899/1763/1322 1900/1762/1321 3256/1744/1308
f 1689/1737/1303 1687/1776/97 1646/1743/1307
f 1694/1775/389 2676/1741/1305 1693/1752/388
f 1872/1777/96 1901/1755/1315 400/1754/91
f 623/1746/1310 621/1779/1333 1645/1760/1320
f 418/1778/94 400/1754/91 1645/1760/1320
f 3314/1774/1332 622/1749/1312 1690/1759/1319
f 2676/1741/1305 2673/1736/1302 2427/1747/1311
f 1910/1745/1309 3256/1744/1308 1913/1758/1318
f 2646/1769/1327 622/1749/1312 3314/1774/1332
f 1898/1756/1316 1899/1763/1322 3256/1744/1308
f 1686/1768/1326 621/1779/1333 2646/1769/1327
f 1690/1759/1319 1909/1770/1328 1644/1771/1329
f 1648/1773/1331 2463/1739/198 2432/1761/194
f 400/1754/91 3228/1753/1314 3256/1744/1308
f 1690/1759/1319 1644/1771/1329 1669/1757/1317
f 418/1778/94 621/1779/1333 1686/1768/1326
f 621/1779/1333 623/1746/1310 2880/1750/1313
f 1898/1756/1316 3228/1753/1314 3126/1767/1325
f 1645/1760/1320 621/1779/1333 418/1778/94
f 2880/1750/1313 2646/1769/1327 621/1779/1333
f 1669/1757/1317 2673/1736/1302 1690/1759/1319
f 3292/1772/1330 1650/1765/1324 1909/1770/1328
f 1911/1764/1323 1914/1780/1334 1909/1770/1328
f 3314/1774/1332 1690/1759/1319 1651/1735/1301
f 1914/1780/1334 3292/1772/1330 1909/1770/1328
f 3284/1738/200 1649/1740/1304 1650/1765/1324
f 1909/1770/1328 1900/1762/1321 1911/1764/1323
f 1688/1742/1306 2676/1741/1305 1694/1775/389
f 2463/1739/198 1648/1773/1331 1649/1740/1304
f 2646/1769/1327 3314/1774/1332 1646/1743/1307
f 1649/1740/1304 1648/1773/1331 1644/1771/1329
f 1648/1773/1331 1669/1757/1317 1644/1771/1329
f 1690/1759/1319 2673/1736/1302 1651/1735/1301
f 1649/1740/1304 1644/1771/1329 1650/1765/1324
f 1687/1776/97 1686/1768/1326 1646/1743/1307
f 2880/1750/1313 623/1746/1310 1910/1745/1309
f 1421/1781/1335 1213/1782/1336 274/1783/1337
f 1421/1781/1335 331/1784/1338 336/1785/1339
f 1238/1786/1340 2896/1787/1341 1225/1788/863
f 1213/1782/1336 275/1789/1342 274/1783/1337
f 717/1790/1343 906/1791/1344 714/1792/1345
f 2017/1793/324 1447/1794/1346 1220/1795/1347
f 337/1796/1258 334/1797/1265 1421/1781/1335
f 1221/1798/1348 1238/1786/1340 1237/1799/1349
f 1454/1800/1350 2896/1787/1341 1222/1801/1351
f 334/1797/1265 29/1802/864 1421/1781/1335
f 2896/1787/1341 1238/1786/1340 1222/1801/1351
f 717/1790/1343 714/1792/1345 1445/1803/1352
f 1421/1781/1335 276/1804/1353 337/1796/1258
f 275/1789/1342 1213/1782/1336 2896/1787/1341
f 1237/1799/1349 1447/1794/1346 1221/1798/1348
f 1452/1805/1354 1459/1806/1355 331/1784/1338
f 1225/1788/863 1237/1799/1349 1238/1786/1340
f 1222/1801/1351 644/1807/1356 1454/1800/1350
f 1219/1808/878 1220/1795/1347 1237/1799/1349
f 1966/1809/1357 1448/1810/1358 1226/1811/1359
f 1445/1803/1352 1214/1812/1360 1966/1809/1357
f 1137/1813/870 1237/1799/1349 1225/1788/863
f 1448/1810/1358 2896/1787/1341 1454/1800/1350
f 330/1814/1361 276/1804/1353 336/1785/1339
f 1229/1815/873 2023/1816/326 1230/1817/1362
f 717/1790/1343 1966/1809/1357 1226/1811/1359
f 1227/1818/327 1219/1808/878 1230/1817/1362
f 906/1791/1344 717/1790/1343 646/1819/1363
f 2896/1787/1341 1448/1810/1358 275/1789/1342
f 1966/1809/1357 275/1789/1342 1448/1810/1358
f 1448/1810/1358 1454/1800/1350 1226/1811/1359
f 1959/1820/1364 1222/1801/1351 1221/1798/1348
f 1966/1809/1357 717/1790/1343 1445/1803/1352
f 29/1802/864 1213/1782/1336 1421/1781/1335
f 336/1785/1339 276/1804/1353 1421/1781/1335
f 336/1785/1339 331/1784/1338 1459/1806/1355
f 2017/1793/324 1219/1808/878 1227/1818/327
f 274/1783/1337 1214/1812/1360 331/1784/1338
f 340/1821/1365 1446/1822/7 330/1814/1361
f 644/1807/1356 1959/1820/1364 2992/1823/504
f 1219/1808/878 1237/1799/1349 1137/1813/870
f 1217/1824/1366 1215/1825/1367 1445/1803/1352
f 644/1807/1356 1222/1801/1351 1959/1820/1364
f 1215/1825/1367 331/1784/1338 1214/1812/1360
f 1227/1818/327 1230/1817/1362 2023/1816/326
f 1447/1794/1346 2017/1793/324 1209/1826/1368
f 2992/1823/504 1959/1820/1364 28/1827/505
f 330/1814/1361 336/1785/1339 340/1821/1365
f 1447/1794/1346 1959/1820/1364 1221/1798/1348
f 1220/1795/1347 1447/1794/1346 1237/1799/1349
f 1209/1826/1368 2017/1793/324 1210/1828/498
f 644/1807/1356 646/1819/1363 1226/1811/1359
f 1454/1800/1350 644/1807/1356 1226/1811/1359
f 275/1789/1342 1214/1812/1360 274/1783/1337
f 28/1827/505 1209/1826/1368 1210/1828/498
f 1209/1826/1368 28/1827/505 1959/1820/1364
f 1959/1820/1364 1447/1794/1346 1209/1826/1368
f 1452/1805/1354 331/1784/1338 1215/1825/1367
f 1191/1829/502 646/1819/1363 2992/1823/504
f 1418/1830/1369 1446/1822/7 1417/1831/9
f 1221/1798/1348 1222/1801/1351 1238/1786/1340
f 646/1819/1363 717/1790/1343 1226/1811/1359
f 646/1819/1363 644/1807/1356 2992/1823/504
f 1225/1788/863 1213/1782/1336 29/1802/864
f 1215/1825/1367 1214/1812/1360 1445/1803/1352
f 1225/1788/863 2896/1787/1341 1213/1782/1336
f 275/1789/1342 1966/1809/1357 1214/1812/1360
f 1418/1830/1369 330/1814/1361 1446/1822/7
f 1445/1803/1352 714/1792/1345 1217/1824/1366
f 338/1832/8 1446/1822/7 340/1821/1365
f 1215/1825/1367 1217/1824/1366 1452/1805/1354
f 331/1784/1338 1421/1781/1335 274/1783/1337
f 2017/1793/324 1220/1795/1347 1219/1808/878
f 330/1814/1361 1418/1830/1369 276/1804/1353
f 1219/1808/878 1229/1815/873 1230/1817/1362
f 191/1833/617 1384/1834/1370 185/1835/606
f 191/1833/617 151/1836/1032 1384/1834/1370
f 1384/1834/1370 190/1837/1371 187/1838/1372
f 127/1839/1373 132/1840/1374 142/1841/1375
f 132/1840/1374 190/1837/1371 142/1841/1375
f 1355/1842/6 3145/1843/186 139/1844/4
f 137/1845/1376 95/1846/750 2690/1847/1377
f 1080/1848/1378 102/1849/1379 1361/1850/1380
f 137/1845/1376 2690/1847/1377 1360/1851/1381
f 1353/1852/761 96/1853/735 95/1846/750
f 95/1846/750 1352/1854/749 2690/1847/1377
f 136/1855/181 143/1856/1054 144/1857/184
f 142/1841/1375 151/1836/1032 143/1856/1054
f 2996/1858/1382 1079/1859/1383 101/1860/1384
f 142/1841/1375 143/1856/1054 136/1855/181
f 1385/1861/1385 161/1862/1386 128/1863/1387
f 1079/1859/1383 2996/1858/1382 1080/1848/1378
f 100/1864/1388 137/1845/1376 1360/1851/1381
f 128/1863/1387 161/1862/1386 129/1865/1389
f 140/1866/1390 129/1865/1389 161/1862/1386
f 1356/1867/1391 2690/1847/1377 1352/1854/749
f 127/1839/1373 124/1868/180 135/1869/176
f 851/912/1392 1362/911/1393 1359/1870/1394
f 1359/1870/1394 2996/1858/1382 101/1860/1384
f 1360/1851/1381 1361/1850/1380 100/1864/1388
f 1362/911/1393 2996/1858/1382 1359/1870/1394
f 101/1860/1384 851/912/1392 1359/1870/1394
f 100/1864/1388 1355/1842/6 138/1871/5
f 1358/1872/1395 1385/1861/1385 128/1863/1387
f 3145/1843/186 102/1849/1379 214/1873/187
f 142/1841/1375 1384/1834/1370 151/1836/1032
f 187/1838/1372 140/1866/1390 188/1874/605
f 136/1855/181 124/1868/180 142/1841/1375
f 98/1875/315 100/1864/1388 138/1871/5
f 1361/1850/1380 3145/1843/186 1355/1842/6
f 1358/1872/1395 128/1863/1387 1357/1876/1396
f 1078/1877/1397 101/1860/1384 1079/1859/1383
f 214/1873/187 102/1849/1379 1362/911/1393
f 1485/913/1398 851/912/1392 101/1860/1384
f 102/1849/1379 3145/1843/186 1361/1850/1380
f 149/1878/602 140/1866/1390 161/1862/1386
f 102/1849/1379 1080/1848/1378 2996/1858/1382
f 1079/1859/1383 2690/1847/1377 1356/1867/1391
f 185/1835/606 187/1838/1372 188/1874/605
f 1361/1850/1380 2690/1847/1377 1080/1848/1378
f 127/1839/1373 120/1879/1399 132/1840/1374
f 185/1835/606 1384/1834/1370 187/1838/1372
f 1357/1876/1396 851/912/1400 1374/1880/1401
f 1078/1877/1397 1079/1859/1383 1356/1867/1391
f 187/1838/1372 190/1837/1371 140/1866/1390
f 132/1840/1374 140/1866/1390 190/1837/1371
f 95/1846/750 137/1845/1376 1353/1852/761
f 122/1881/175 1362/911/1402 851/912/1400
f 1080/1848/1378 2690/1847/1377 1079/1859/1383
f 851/912/1400 1357/1876/1396 120/1879/1399
f 149/1878/602 188/1874/605 140/1866/1390
f 1360/1851/1381 2690/1847/1377 1361/1850/1380
f 137/1845/1376 100/1864/1388 98/1875/315
f 851/912/1400 1485/913/1403 1374/1880/1401
f 140/1866/1390 132/1840/1374 129/1865/1389
f 122/1881/175 127/1839/1373 135/1869/176
f 190/1837/1371 1384/1834/1370 142/1841/1375
f 98/1875/315 1353/1852/761 137/1845/1376
f 122/1881/175 851/912/1400 120/1879/1399
f 129/1865/1389 120/1879/1399 1357/1876/1396
f 120/1879/1399 127/1839/1373 122/1881/175
f 1485/913/1398 101/1860/1384 1078/1877/1397
f 161/1862/1386 1385/1861/1385 149/1878/602
f 129/1865/1389 132/1840/1374 120/1879/1399
f 102/1849/1379 2996/1858/1382 1362/911/1393
f 127/1839/1373 142/1841/1375 124/1868/180
f 1357/1876/1396 128/1863/1387 129/1865/1389
f 1374/1880/1401 1358/1872/1395 1357/1876/1396
f 214/1873/178 1362/911/1402 122/1881/175
f 1355/1842/6 100/1864/1388 1361/1850/1380
f 1358/1882/1395 131/1883/1404 134/1884/1405
f 1376/1885/1406 458/1886/1158 520/1887/1407
f 530/1888/1408 2894/1889/1409 511/1890/1410
f 511/1890/1410 1376/1885/1406 520/1887/1407
f 1486/1891/1411 126/1892/1412 1337/1893/135
f 1485/1894/1403 131/1883/1404 1374/1895/1401
f 1363/1896/1413 1486/1891/1411 103/1897/1414
f 194/1898/738 126/1892/1412 1363/1896/1413
f 1337/1893/135 126/1892/1412 192/1899/137
f 192/1899/137 194/1898/738 193/1900/143
f 126/1892/1412 194/1898/738 192/1899/137
f 126/1892/1412 1486/1891/1411 1363/1896/1413
f 1485/1894/1403 2903/914/1415 131/1883/1404
f 2894/1889/1409 530/1888/1408 540/1901/1416
f 2903/914/1415 57/1902/1417 131/1883/1404
f 2894/1889/1409 1383/1903/1418 1373/1904/1419
f 1358/1882/1395 1374/1895/1401 131/1883/1404
f 1732/1905/812 2894/1889/1409 548/1906/469
f 1349/1907/661 1379/916/688 1343/915/1420
f 1380/1908/1421 1382/1909/1422 1373/1904/1419
f 1349/1907/661 1343/915/1420 1342/1910/139
f 1343/915/1423 57/1902/1417 2903/914/1415
f 458/1886/1158 522/1911/1424 520/1887/1407
f 520/1887/1407 540/1901/1416 530/1888/1408
f 1293/1912/460 522/1911/1424 1294/1913/1152
f 458/1886/1158 1376/1885/1406 1299/1914/1146
f 548/1906/469 540/1901/1416 1460/1915/459
f 1382/1909/1422 1385/1916/1385 1358/1882/1395
f 1352/1917/749 99/1918/742 1356/1919/1391
f 2903/914/1425 1486/1891/1411 1343/915/1420
f 1293/1912/460 1460/1915/459 540/1901/1416
f 99/1918/742 125/1920/1426 1356/1919/1391
f 492/1921/1427 511/1890/1410 2894/1889/1409
f 1486/1891/1411 1485/1894/1398 103/1897/1414
f 1376/1885/1406 1386/1922/1428 1299/1914/1146
f 511/1890/1410 1386/1922/1428 1376/1885/1406
f 146/1923/810 1385/1916/1385 147/1924/808
f 125/1920/1426 1078/1925/1397 1356/1919/1391
f 1383/1903/1418 1732/1905/812 221/1926/790
f 103/1897/1414 1485/1894/1398 1078/1925/1397
f 125/1920/1426 99/1918/742 1363/1896/1413
f 1382/1909/1422 134/1884/1405 1373/1904/1419
f 194/1898/738 1363/1896/1413 99/1918/742
f 1382/1909/1422 1358/1882/1395 134/1884/1405
f 1078/1925/1397 125/1920/1426 103/1897/1414
f 492/1921/1427 1373/1904/1419 134/1884/1405
f 103/1897/1414 125/1920/1426 1363/1896/1413
f 1486/1891/1411 2903/914/1425 1485/1894/1398
f 146/1923/810 149/1927/602 1385/1916/1385
f 1343/915/1420 1486/1891/1411 1337/1893/135
f 1337/1893/135 1342/1910/139 1343/915/1420
f 1280/1928/468 1293/1912/460 1294/1913/1152
f 2894/1889/1409 1373/1904/1419 492/1921/1427
f 520/1887/1407 530/1888/1408 511/1890/1410
f 1293/1912/460 540/1901/1416 522/1911/1424
f 1380/1908/1421 221/1926/790 147/1924/808
f 2894/1889/1409 540/1901/1416 548/1906/469
f 1373/1904/1419 1383/1903/1418 1380/1908/1421
f 467/1929/1153 522/1911/1424 458/1886/1158
f 1732/1905/812 1383/1903/1418 2894/1889/1409
f 1380/1908/1421 147/1924/808 1385/1916/1385
f 1383/1903/1418 221/1926/790 1380/1908/1421
f 134/1884/1405 131/1883/1404 492/1921/1427
f 1379/916/685 1347/1930/687 1343/915/1423
f 772/1931/1429 492/1921/1427 131/1883/1404
f 131/1883/1404 57/1902/1417 772/1931/1429
f 1343/915/1423 1347/1930/687 302/1932/1145
f 1347/1930/687 1307/1933/696 302/1932/1145
f 506/1934/1430 492/1921/1427 772/1931/1429
f 1380/1908/1421 1385/1916/1385 1382/1909/1422
f 506/1934/1430 1346/1935/1140 1386/1922/1428
f 1343/915/1423 302/1932/1145 57/1902/1417
f 772/1931/1429 302/1932/1145 506/1934/1430
f 511/1890/1410 492/1921/1427 506/1934/1430
f 506/1934/1430 1386/1922/1428 511/1890/1410
f 302/1932/1145 1346/1935/1140 506/1934/1430
f 302/1932/1145 772/1931/1429 57/1902/1417
f 467/1929/1153 1294/1913/1152 522/1911/1424
f 1386/1922/1428 1346/1935/1140 1299/1914/1146
f 520/1887/1407 522/1911/1424 540/1901/1416
f 1641/1936/1114 2957/1937/1113 2941/1938/1431
f 3039/1939/1432 3024/1940/1433 3149/1941/1434
f 2941/1938/1431 2957/1937/1113 2891/1942/1435
f 1816/1943/1436 1784/1944/1437 1772/1945/1438
f 1733/1946/1439 3149/1941/1434 3024/1940/1433
f 1633/1947/1440 2839/1948/1441 2375/1949/1442
f 3024/1940/1433 1725/1950/1443 1734/1951/1444
f 1588/1952/1445 1633/1947/1440 2375/1949/1442
f 3167/1953/1446 1698/1954/1447 2941/1938/1431
f 2891/1942/1435 2957/1937/1113 3150/1955/1448
f 2960/1956/1449 2891/1942/1435 2958/1957/1450
f 1723/1958/1451 3753/1959/1452 3213/1960/1453
f 2958/1957/1450 3150/1955/1448 3181/1961/1454
f 1784/1944/1437 3174/1962/1455 1769/1963/1456
f 1747/1964/1097 3147/1965/1457 3041/1966/1095
f 1725/1950/1443 1762/1967/1109 1767/1968/1458
f 2358/1969/1459 3175/1970/1460 3177/1971/1461
f 2941/1938/1431 2891/1942/1435 3167/1953/1446
f 3041/1966/1095 3039/1939/1432 2893/1972/1105
f 1733/1946/1439 3165/1973/1462 3149/1941/1434
f 2808/1974/1463 1548/1975/1464 2847/1976/1465
f 3753/1959/1452 1723/1958/1451 3174/1962/1455
f 2892/1977/1111 2893/1972/1105 3039/1939/1432
f 1769/1963/1456 1734/1951/1444 1772/1945/1438
f 3039/1939/1432 3150/1955/1448 2892/1977/1111
f 1774/1978/1466 1772/1945/1438 1734/1951/1444
f 3039/1939/1432 3149/1941/1434 3150/1955/1448
f 3180/1979/1467 3213/1960/1453 3214/1980/1468
f 2957/1937/1113 2892/1977/1111 3150/1955/1448
f 1772/1945/1438 1784/1944/1437 1769/1963/1456
f 2981/1981/1469 3181/1961/1454 3213/1960/1453
f 1769/1963/1456 3174/1962/1455 1733/1946/1439
f 3165/1973/1462 1723/1958/1451 3181/1961/1454
f 3181/1961/1454 3149/1941/1434 3165/1973/1462
f 1733/1946/1439 3174/1962/1455 1723/1958/1451
f 3147/1965/1457 1762/1967/1109 1725/1950/1443
f 2358/1969/1459 2849/1982/1470 3175/1970/1460
f 3150/1955/1448 2958/1957/1450 2891/1942/1435
f 3174/1962/1455 1784/1944/1437 1788/1983/1471
f 1548/1975/1464 1588/1952/1445 1616/1984/1472
f 2958/1957/1450 3181/1961/1454 2960/1956/1449
f 3174/1962/1455 1788/1983/1471 3753/1959/1452
f 2960/1956/1449 3167/1953/1446 2891/1942/1435
f 3167/1953/1446 2960/1956/1449 2849/1982/1470
f 2849/1982/1470 2960/1956/1449 3180/1979/1467
f 3175/1970/1460 2849/1982/1470 3180/1979/1467
f 3214/1980/1468 3175/1970/1460 3180/1979/1467
f 3213/1960/1453 3180/1979/1467 2981/1981/1469
f 1734/1951/1444 1766/1985/1473 1774/1978/1466
f 1769/1963/1456 1733/1946/1439 3024/1940/1433
f 1766/1985/1473 1734/1951/1444 1767/1968/1458
f 1725/1950/1443 3024/1940/1433 3041/1966/1095
f 1548/1975/1464 2808/1974/1463 2862/1986/1474
f 1633/1947/1440 1548/1975/1464 2862/1986/1474
f 2839/1948/1441 1633/1947/1440 2862/1986/1474
f 2941/1938/1431 1634/1987/1115 1641/1936/1114
f 2847/1976/1465 1698/1954/1447 3167/1953/1446
f 2849/1982/1470 2847/1976/1465 3167/1953/1446
f 2847/1976/1465 1548/1975/1464 1698/1954/1447
f 3175/1970/1460 3214/1980/1468 3177/1971/1461
f 3147/1965/1457 1747/1964/1097 1762/1967/1109
f 1723/1958/1451 3165/1973/1462 1733/1946/1439
f 1767/1968/1458 1734/1951/1444 1725/1950/1443
f 3177/1971/1461 3214/1980/1468 3178/1988/1475
f 2960/1956/1449 2981/1981/1469 3180/1979/1467
f 2847/1976/1465 2849/1982/1470 2808/1974/1463
f 2862/1986/1474 2849/1982/1470 2358/1969/1459
f 2862/1986/1474 2808/1974/1463 2849/1982/1470
f 1725/1950/1443 3041/1966/1095 3147/1965/1457
f 3149/1941/1434 3181/1961/1454 3150/1955/1448
f 3024/1940/1433 3039/1939/1432 3041/1966/1095
f 2941/1938/1431 1698/1954/1447 1634/1987/1115
f 1769/1963/1456 3024/1940/1433 1734/1951/1444
f 1548/1975/1464 1633/1947/1440 1588/1952/1445
f 2839/1948/1441 2862/1986/1474 2358/1969/1459
f 2358/1969/1459 3177/1971/1461 3183/1989/1476
f 2358/1969/1459 3183/1989/1476 2839/1948/1441
f 3214/1980/1468 3213/1960/1453 3178/1988/1475
f 1588/1952/1445 1598/1990/1477 1616/1984/1472
f 1816/1943/1436 1772/1945/1438 1774/1978/1466
f 3753/1959/1452 1788/1983/1471 3178/1988/1475
f 3213/1960/1453 3181/1961/1454 1723/1958/1451
f 3213/1960/1453 3753/1959/1452 3178/1988/1475
f 2981/1981/1469 2960/1956/1449 3181/1961/1454
f 1616/1984/1472 1698/1954/1447 1548/1975/1464
f 3183/1989/1476 3177/1971/1461 3178/1988/1475
f 3565/1991/208 1081/1992/1478 3561/1993/209
f 3759/1994/1479 3550/1995/578 3539/1996/1480
f 2399/1997/1481 2154/1998/1482 2158/1999/1483
f 3560/2000/1484 3690/2001/1485 3735/2002/1486
f 3744/2003/1487 3537/2004/1488 3783/2005/1489
f 3728/2006/1490 3685/2007/1491 1068/2008/1492
f 3726/2009/1493 3680/2010/1494 3676/2011/1495
f 3726/2009/1493 3728/2006/1490 1068/2008/1492
f 3685/2007/1491 3728/2006/1490 3683/2012/1496
f 3537/2004/1488 2158/1999/1483 3759/1994/1479
f 3744/2003/1487 3732/2013/1497 3537/2004/1488
f 2118/2014/582 3546/2015/576 3759/1994/1479
f 3560/2000/1484 3539/1996/1480 3540/2016/1498
f 2154/1998/1482 2118/2014/582 3759/1994/1479
f 3783/2005/1489 3779/2017/1499 3744/2003/1487
f 3729/2018/1500 2399/1997/1481 3732/2013/1497
f 3732/2013/1497 2399/1997/1481 2158/1999/1483
f 2399/1997/1481 3729/2018/1500 2422/2019/715
f 3732/2013/1497 3744/2003/1487 1068/2008/1492
f 3732/2013/1497 1068/2008/1492 3729/2018/1500
f 3553/2020/1501 3684/2021/486 2121/2022/1502
f 3783/2005/1489 3537/2004/1488 3735/2002/1486
f 3552/2023/1503 3745/2024/1504 2119/2025/1505
f 3553/2020/1501 1081/1992/1478 3558/2026/1506
f 2154/1998/1482 2116/2027/1507 2118/2014/582
f 3728/2006/1490 3727/2028/1508 3683/2012/1496
f 3684/2021/486 3558/2026/1506 727/2029/206
f 2398/2030/1509 2399/1997/1481 2393/2031/713
f 3744/2003/1487 3779/2017/1499 3680/2010/1494
f 3680/2010/1494 3779/2017/1499 3674/2032/1510
f 2422/2019/715 2393/2031/713 2399/1997/1481
f 2119/2025/1505 3745/2024/1504 2129/2033/1511
f 3560/2000/1484 3745/2024/1504 3552/2023/1503
f 3540/2016/1498 3539/1996/1480 3550/1995/578
f 3739/2034/1512 3690/2001/1485 2395/2035/1513
f 3561/1993/209 1081/1992/1478 3550/1995/578
f 2129/2033/1511 3553/2020/1501 2121/2022/1502
f 2116/2027/1507 2154/1998/1482 2398/2030/1509
f 3558/2026/1506 1081/1992/1478 3554/2036/1514
f 3690/2001/1485 3552/2023/1503 2395/2035/1513
f 3740/2037/1515 3783/2005/1489 3739/2034/1512
f 3552/2023/1503 3690/2001/1485 3560/2000/1484
f 2121/2022/1502 2119/2025/1505 2129/2033/1511
f 2394/2038/1516 3739/2034/1512 2395/2035/1513
f 3726/2009/1493 3744/2003/1487 3680/2010/1494
f 2399/1997/1481 2398/2030/1509 2154/1998/1482
f 2394/2038/1516 2391/2039/1517 3740/2037/1515
f 3558/2026/1506 3565/1991/208 727/2029/206
f 3726/2009/1493 3676/2011/1495 3746/2040/1518
f 3740/2037/1515 3674/2032/1510 3779/2017/1499
f 2394/2038/1516 2395/2035/1513 861/2041/487
f 2398/2030/1509 2393/2031/713 2392/2042/712
f 3552/2023/1503 2119/2025/1505 2395/2035/1513
f 3684/2021/486 2119/2025/1505 2121/2022/1502
f 3728/2006/1490 3746/2040/1518 3727/2028/1508
f 2420/2043/1519 3676/2011/1495 2391/2039/1517
f 2391/2039/1517 2394/2038/1516 861/2041/487
f 3746/2040/1518 3676/2011/1495 2420/2043/1519
f 2395/2035/1513 2119/2025/1505 861/2041/487
f 1081/1992/1478 3745/2024/1504 3540/2016/1498
f 3684/2021/486 3553/2020/1501 3558/2026/1506
f 3735/2002/1486 3759/1994/1479 3539/1996/1480
f 1068/2008/1492 3744/2003/1487 3726/2009/1493
f 3674/2032/1510 3676/2011/1495 3680/2010/1494
f 3732/2013/1497 2158/1999/1483 3537/2004/1488
f 2420/2043/1519 2391/2039/1517 861/2041/487
f 3558/2026/1506 3554/2036/1514 3565/1991/208
f 2119/2025/1505 733/2044/485 861/2041/487
f 861/2041/487 3727/2028/1508 2420/2043/1519
f 3727/2028/1508 861/2041/487 2408/2045/1520
f 3759/1994/1479 2158/1999/1483 2154/1998/1482
f 3779/2017/1499 3783/2005/1489 3740/2037/1515
f 3740/2037/1515 3739/2034/1512 2394/2038/1516
f 3550/1995/578 1081/1992/1478 3540/2016/1498
f 735/2046/484 2408/2045/1520 861/2041/487
f 2391/2039/1517 3676/2011/1495 3674/2032/1510
f 3554/2036/1514 1081/1992/1478 3565/1991/208
f 3759/1994/1479 3735/2002/1486 3537/2004/1488
f 3740/2037/1515 2391/2039/1517 3674/2032/1510
f 3739/2034/1512 3783/2005/1489 3735/2002/1486
f 3745/2024/1504 3553/2020/1501 2129/2033/1511
f 3727/2028/1508 3746/2040/1518 2420/2043/1519
f 3728/2006/1490 3726/2009/1493 3746/2040/1518
f 3560/2000/1484 3540/2016/1498 3745/2024/1504
f 2119/2025/1505 3684/2021/486 733/2044/485
f 3546/2015/576 3550/1995/578 3759/1994/1479
f 1081/1992/1478 3553/2020/1501 3745/2024/1504
f 3735/2002/1486 3690/2001/1485 3739/2034/1512
f 3560/2000/1484 3735/2002/1486 3539/1996/1480
f 499/2047/1521 563/2048/1522 382/2049/809
f 55/2050/62 1085/2051/31 1084/2052/1523
f 665/2053/1524 319/2054/1525 1231/2055/1526
f 1175/2056/1527 666/2057/1528 2010/2058/1529
f 1206/2059/1530 1205/2060/1531 50/2061/1532
f 43/2062/1533 1205/2060/1531 1244/2063/230
f 257/2064/1534 1231/2055/1526 1232/2065/1535
f 563/2048/1522 538/2066/794 382/2049/809
f 43/2062/1533 36/2067/867 332/2068/1250
f 43/2062/1533 332/2068/1250 50/2061/1532
f 1231/2055/1526 319/2054/1525 1203/2069/1536
f 27/2070/1261 1206/2059/1530 50/2061/1532
f 43/2062/1533 1244/2063/230 1240/2071/868
f 1232/2065/1535 1236/2072/1537 257/2064/1534
f 291/2073/29 1203/2069/1536 1084/2052/1523
f 51/2074/1538 1084/2052/1523 1203/2069/1536
f 1240/2071/868 36/2067/867 43/2062/1533
f 666/2057/1528 1175/2056/1527 1176/2075/615
f 291/2073/29 1204/2076/1539 1203/2069/1536
f 332/2068/1250 27/2070/1261 50/2061/1532
f 1205/2060/1531 1204/2076/1539 1244/2063/230
f 1231/2055/1526 1203/2069/1536 35/2077/1540
f 563/2048/1522 435/2078/1541 545/2079/1542
f 1265/2080/450 1084/2052/1523 49/2081/800
f 2010/2058/1529 666/2057/1528 525/2082/1543
f 259/2083/1544 525/2082/1543 257/2064/1534
f 416/2084/1545 2007/2085/1546 684/2086/1547
f 42/2087/59 1204/2076/1539 291/2073/29
f 43/2062/1533 50/2061/1532 1205/2060/1531
f 42/2087/59 1245/2088/61 1244/2063/230
f 1182/2089/1548 525/2082/1543 666/2057/1528
f 1204/2076/1539 42/2087/59 1244/2063/230
f 1084/2052/1523 1085/2051/31 291/2073/29
f 2007/2085/1546 1175/2056/1527 2010/2058/1529
f 499/2047/1521 435/2078/1541 563/2048/1522
f 601/2090/616 277/2091/1549 616/2092/1228
f 1177/2093/802 666/2057/1528 1176/2075/615
f 259/2083/1544 2010/2058/1529 525/2082/1543
f 1233/2094/1550 51/2074/1538 319/2054/1525
f 515/2095/1551 1236/2072/1537 1206/2059/1530
f 673/2096/1254 576/2097/1552 3020/2098/1260
f 257/2064/1534 1236/2072/1537 638/2099/1553
f 638/2099/1553 1236/2072/1537 1015/2100/1554
f 499/2047/1521 382/2049/809 1258/2101/805
f 1182/2089/1548 538/2066/794 556/2102/1555
f 435/2078/1541 665/2053/1524 545/2079/1542
f 1236/2072/1537 1205/2060/1531 1206/2059/1530
f 1015/2100/1554 259/2083/1544 638/2099/1553
f 55/2050/62 1084/2052/1523 1260/2103/63
f 1260/2103/63 1084/2052/1523 1265/2080/450
f 1015/2100/1554 515/2095/1551 2010/2058/1529
f 665/2053/1524 607/2104/1556 545/2079/1542
f 435/2078/1541 1233/2094/1550 665/2053/1524
f 499/2047/1521 1233/2094/1550 435/2078/1541
f 607/2104/1556 257/2064/1534 525/2082/1543
f 576/2097/1552 515/2095/1551 1206/2059/1530
f 1232/2065/1535 1231/2055/1526 35/2077/1540
f 277/2091/1549 684/2086/1547 515/2095/1551
f 1236/2072/1537 1232/2065/1535 35/2077/1540
f 1015/2100/1554 1236/2072/1537 515/2095/1551
f 563/2048/1522 545/2079/1542 607/2104/1556
f 277/2091/1549 673/2096/1254 616/2092/1228
f 601/2090/616 416/2084/1545 684/2086/1547
f 257/2064/1534 638/2099/1553 259/2083/1544
f 1234/2105/795 538/2066/794 1182/2089/1548
f 1204/2076/1539 1205/2060/1531 35/2077/1540
f 499/2047/1521 1258/2101/805 51/2074/1538
f 576/2097/1552 277/2091/1549 515/2095/1551
f 684/2086/1547 2007/2085/1546 2010/2058/1529
f 1084/2052/1523 51/2074/1538 49/2081/800
f 665/2053/1524 1231/2055/1526 257/2064/1534
f 515/2095/1551 684/2086/1547 2010/2058/1529
f 1205/2060/1531 1236/2072/1537 35/2077/1540
f 1182/2089/1548 666/2057/1528 1177/2093/802
f 1258/2101/805 49/2081/800 51/2074/1538
f 2010/2058/1529 259/2083/1544 1015/2100/1554
f 673/2096/1254 277/2091/1549 576/2097/1552
f 1200/2106/610 1176/2075/615 1175/2056/1527
f 607/2104/1556 1182/2089/1548 556/2102/1555
f 416/2084/1545 601/2090/616 1406/2107/611
f 35/2077/1540 1203/2069/1536 1204/2076/1539
f 1182/2089/1548 607/2104/1556 525/2082/1543
f 1406/2107/611 1200/2106/610 1175/2056/1527
f 1406/2107/611 1175/2056/1527 2007/2085/1546
f 3020/2098/1260 576/2097/1552 27/2070/1261
f 538/2066/794 563/2048/1522 556/2102/1555
f 556/2102/1555 563/2048/1522 607/2104/1556
f 1233/2094/1550 499/2047/1521 51/2074/1538
f 665/2053/1524 1233/2094/1550 319/2054/1525
f 1177/2093/802 1234/2105/795 1182/2089/1548
f 684/2086/1547 277/2091/1549 601/2090/616
f 2007/2085/1546 416/2084/1545 1406/2107/611
f 51/2074/1538 1203/2069/1536 319/2054/1525
f 27/2070/1261 576/2097/1552 1206/2059/1530
f 607/2104/1556 665/2053/1524 257/2064/1534
f 3928/2108/1557 909/2109/831 2231/2110/826 3967/2111/1558
f 2231/2110/826 3861/2112/1559 760/2113/1560
f 1436/2114/1561 2179/2115/1562 371/2116/1563
f 483/2117/1564 1799/2118/1565 477/2119/1566
f 1539/2120/1567 1538/2121/1568 1504/2122/1569
f 1436/2114/1561 2201/2123/1570 2179/2115/1562
f 2978/2124/1571 2909/2125/1572 1502/2126/1573
f 370/2127/1574 3373/2128/1575 371/2116/1563
f 1500/2129/1576 2188/2130/1577 1488/2131/1578
f 482/2132/1579 477/2119/1566 1799/2118/1565
f 1433/2133/1580 2197/2134/1581 2194/2135/1582
f 2142/2136/1583 1433/2133/1580 2978/2124/1571
f 478/2137/1584 1540/2138/1585 477/2119/1566
f 2142/2136/1583 2978/2124/1571 2197/2134/1581
f 1502/2126/1573 1504/2122/1569 1538/2121/1568
f 1500/2129/1576 2197/2134/1581 1536/2139/1586
f 2976/2140/1587 1433/2133/1580 1805/2141/1588
f 2909/2125/1572 2978/2124/1571 2976/2140/1587
f 2978/2124/1571 1433/2133/1580 2976/2140/1587
f 1502/2126/1573 2910/2142/1589 1504/2122/1569
f 2976/2140/1587 3412/2143/1590 2909/2125/1572
f 1434/2144/1591 482/2132/1579 1799/2118/1565
f 3023/2145/1592 1526/2146/1593 3412/2143/1590
f 363/2147/1594 3412/2143/1590 1805/2141/1588
f 483/2117/1564 477/2119/1566 1540/2138/1585
f 307/2148/1595 479/2149/1087 473/2150/1596
f 3412/2143/1590 2976/2140/1587 1805/2141/1588
f 3412/2143/1590 363/2147/1594 1528/2151/1597
f 364/2152/1598 1533/2153/1599 1540/2138/1585
f 2909/2125/1572 1526/2146/1593 1506/2154/1600
f 1506/2154/1600 2910/2142/1589 2909/2125/1572
f 312/2155/1601 1437/2156/1602 3373/2128/1575
f 1434/2144/1591 2898/2157/1603 309/2158/1604
f 368/2159/1605 2898/2157/1603 312/2155/1601
f 1526/2146/1593 1505/2160/1606 1506/2154/1600
f 312/2155/1601 1799/2118/1565 3444/2161/1607
f 1547/2162/1608 1481/2163/1609 1479/2164/1610
f 1523/2165/1611 1507/2166/1612 1504/2122/1569
f 482/2132/1579 309/2158/1604 307/2148/1595
f 1073/2167/1613 474/2168/1082 309/2158/1604
f 2177/2169/1614 1497/2170/1615 2191/2171/1616
f 2194/2135/1582 1500/2129/1576 1488/2131/1578
f 1479/2164/1610 1498/2172/1617 1497/2170/1615
f 477/2119/1566 307/2148/1595 473/2150/1596
f 1523/2165/1611 1504/2122/1569 2910/2142/1589
f 1798/2173/1088 473/2150/1596 479/2149/1087
f 1503/2174/1618 1500/2129/1576 1536/2139/1586
f 1541/2175/1619 2198/2176/1620 1528/2151/1597
f 1073/2167/1613 309/2158/1604 2898/2157/1603
f 1503/2174/1618 1547/2162/1608 2188/2130/1577
f 474/2168/1082 307/2148/1595 309/2158/1604
f 1431/2177/1079 474/2168/1082 1073/2167/1613
f 1541/2175/1619 1528/2151/1597 364/2152/1598
f 3444/2161/1607 1533/2153/1599 363/2147/1594
f 1507/2166/1612 1503/2174/1618 1539/2120/1567
f 1434/2144/1591 312/2155/1601 2898/2157/1603
f 1481/2163/1609 1476/2178/1621 1498/2172/1617
f 1507/2166/1612 1476/2178/1621 1481/2163/1609
f 1523/2165/1611 1476/2178/1621 1507/2166/1612
f 1533/2153/1599 483/2117/1564 1540/2138/1585
f 3023/2145/1592 3412/2143/1590 1528/2151/1597
f 1507/2166/1612 1481/2163/1609 1503/2174/1618
f 368/2159/1605 312/2155/1601 370/2127/1574
f 1799/2118/1565 1533/2153/1599 3444/2161/1607
f 3023/2145/1592 1505/2160/1606 1526/2146/1593
f 1433/2133/1580 1437/2156/1602 363/2147/1594
f 1536/2139/1586 1539/2120/1567 1503/2174/1618
f 2194/2135/1582 1436/2114/1561 1437/2156/1602
f 312/2155/1601 3444/2161/1607 1437/2156/1602
f 2179/2115/1562 2182/2179/1622 371/2116/1563
f 3373/2128/1575 1437/2156/1602 371/2116/1563
f 1434/2144/1591 309/2158/1604 482/2132/1579
f 1540/2138/1585 1541/2175/1619 364/2152/1598
f 482/2132/1579 307/2148/1595 477/2119/1566
f 1436/2114/1561 2194/2135/1582 1488/2131/1578
f 1799/2118/1565 312/2155/1601 1434/2144/1591
f 1799/2118/1565 483/2117/1564 1533/2153/1599
f 3412/2143/1590 1526/2146/1593 2909/2125/1572
f 1436/2114/1561 371/2116/1563 1437/2156/1602
f 312/2155/1601 3373/2128/1575 370/2127/1574
f 477/2119/1566 473/2150/1596 478/2137/1584
f 1481/2163/1609 1498/2172/1617 1479/2164/1610
f 2198/2176/1620 3023/2145/1592 1528/2151/1597
f 1497/2170/1615 2177/2169/1614 1479/2164/1610
f 2191/2171/1616 2182/2179/1622 2179/2115/1562
f 1433/2133/1580 2194/2135/1582 1437/2156/1602
f 1479/2164/1610 2177/2169/1614 2201/2123/1570
f 1503/2174/1618 1481/2163/1609 1547/2162/1608
f 1437/2156/1602 3444/2161/1607 363/2147/1594
f 1547/2162/1608 2201/2123/1570 1436/2114/1561
f 1547/2162/1608 1479/2164/1610 2201/2123/1570
f 1539/2120/1567 1504/2122/1569 1507/2166/1612
f 2179/2115/1562 2177/2169/1614 2191/2171/1616
f 2179/2115/1562 2201/2123/1570 2177/2169/1614
f 2194/2135/1582 2197/2134/1581 1500/2129/1576
f 1805/2141/1588 1433/2133/1580 363/2147/1594
f 2197/2134/1581 1538/2121/1568 1539/2120/1567
f 2197/2134/1581 2978/2124/1571 1538/2121/1568
f 479/2149/1087 307/2148/1595 474/2168/1082
f 1533/2153/1599 1528/2151/1597 363/2147/1594
f 1523/2165/1611 1474/2180/1623 1476/2178/1621
f 2188/2130/1577 1436/2114/1561 1488/2131/1578
f 1538/2121/1568 2978/2124/1571 1502/2126/1573
f 1533/2153/1599 364/2152/1598 1528/2151/1597
f 2197/2134/1581 1539/2120/1567 1536/2139/1586
f 2910/2142/1589 1502/2126/1573 2909/2125/1572
f 2142/2136/1583 2197/2134/1581 1433/2133/1580
f 1500/2129/1576 1503/2174/1618 2188/2130/1577
f 1436/2114/1561 2188/2130/1577 1547/2162/1608
f 2709/2181/1624 978/2182/1625 2708/2183/1626
f 2795/2184/1627 2804/2185/1628 2797/2186/1629
f 2708/2183/1626 975/2187/1630 974/2188/1631
f 2635/2189/1632 2807/2190/1633 2647/2191/1634
f 2708/2183/1626 2699/2192/1635 2709/2181/1624
f 933/2193/1636 922/2194/1637 907/2195/1638
f 2634/2196/1639 2674/2197/1640 939/2198/1641
f 3151/2199/1642 2624/2200/1643 2625/2201/1644
f 1008/2202/1645 1042/2203/1646 1035/2204/1647
f 951/2205/1043 959/2206/1648 999/2207/11
f 2801/2208/1649 2632/2209/1650 2807/2190/1633
f 2801/2208/1649 928/2210/1651 2632/2209/1650
f 907/2195/1638 941/2211/1652 933/2193/1636
f 999/2207/11 1115/2212/1653 111/2213/12
f 2634/2196/1639 1024/2214/1654 1114/2215/1655
f 2671/2216/1656 943/2217/1657 1113/2218/1658
f 2683/2219/1659 999/2207/11 959/2206/1648
f 2796/2220/1660 2936/2221/1661 2805/2222/1662
f 931/2223/1663 933/2193/1636 941/2211/1652
f 2936/2221/1661 2798/2224/1664 2709/2181/1624
f 943/2217/1657 3151/2199/1642 2710/2225/1665
f 1114/2215/1655 2633/2226/1666 2634/2196/1639
f 2629/2227/1667 2710/2225/1665 2625/2201/1644
f 1113/2218/1658 2645/2228/1668 1112/2229/1669
f 1114/2215/1655 2936/2221/1661 2633/2226/1666
f 942/2230/1670 2637/2231/1671 2647/2191/1634
f 2647/2191/1634 2632/2209/1650 942/2230/1670
f 999/2207/11 964/2232/1672 1115/2212/1653
f 2632/2209/1650 2645/2228/1668 942/2230/1670
f 1031/2233/1673 1042/2203/1646 1008/2202/1645
f 2795/2184/1627 2800/2234/1674 2804/2185/1628
f 2800/2234/1674 2796/2220/1660 2804/2185/1628
f 2800/2234/1674 2795/2184/1627 973/2235/1675
f 2805/2222/1662 2804/2185/1628 2796/2220/1660
f 942/2230/1670 2629/2227/1667 2637/2231/1671
f 2633/2226/1666 2674/2197/1640 2634/2196/1639
f 2796/2220/1660 2800/2234/1674 2702/2236/1676
f 2699/2192/1635 2700/2237/1677 2674/2197/1640
f 972/2238/1678 978/2182/1625 2709/2181/1624
f 2801/2208/1649 2805/2222/1662 928/2210/1651
f 931/2223/1663 941/2211/1652 944/2239/1679
f 2936/2221/1661 2796/2220/1660 2798/2224/1664
f 974/2188/1631 1035/2204/1647 1042/2203/1646
f 2702/2236/1676 2800/2234/1674 973/2235/1675
f 2671/2216/1656 907/2195/1638 3151/2199/1642
f 2709/2181/1624 2699/2192/1635 2704/2240/1680
f 2702/2236/1676 973/2235/1675 972/2238/1678
f 967/2241/1681 1031/2233/1673 1008/2202/1645
f 1114/2215/1655 1112/2229/1669 2936/2221/1661
f 964/2232/1672 1008/2202/1645 1115/2212/1653
f 2647/2191/1634 3075/2242/1682 2635/2189/1632
f 1042/2203/1646 939/2198/1641 2700/2237/1677
f 940/2243/1683 939/2198/1641 914/2244/1684
f 2699/2192/1635 2708/2183/1626 974/2188/1631
f 2645/2228/1668 1113/2218/1658 942/2230/1670
f 2645/2228/1668 928/2210/1651 1112/2229/1669
f 2633/2226/1666 2704/2240/1680 2699/2192/1635
f 2935/2245/1685 2804/2185/1628 2801/2208/1649
f 2801/2208/1649 2807/2190/1633 2935/2245/1685
f 2710/2225/1665 2629/2227/1667 942/2230/1670
f 960/2246/1686 967/2241/1681 950/2247/1687
f 2683/2219/1659 950/2247/1687 967/2241/1681
f 1114/2215/1655 1024/2214/1654 1113/2218/1658
f 3151/2199/1642 2625/2201/1644 2710/2225/1665
f 2683/2219/1659 967/2241/1681 964/2232/1672
f 942/2230/1670 1113/2218/1658 943/2217/1657
f 2804/2185/1628 2935/2245/1685 2797/2186/1629
f 3151/2199/1642 907/2195/1638 922/2194/1637
f 2801/2208/1649 2804/2185/1628 2805/2222/1662
f 907/2195/1638 2671/2216/1656 2630/2248/1688
f 967/2241/1681 944/2239/1679 914/2244/1684
f 2709/2181/1624 2798/2224/1664 2702/2236/1676
f 2710/2225/1665 942/2230/1670 943/2217/1657
f 2936/2221/1661 2709/2181/1624 2704/2240/1680
f 2630/2248/1688 2671/2216/1656 1113/2218/1658
f 922/2194/1637 2624/2200/1643 3151/2199/1642
f 2699/2192/1635 2674/2197/1640 2633/2226/1666
f 2630/2248/1688 1024/2214/1654 907/2195/1638
f 1031/2233/1673 967/2241/1681 914/2244/1684
f 2634/2196/1639 939/2198/1641 940/2243/1683
f 975/2187/1630 2708/2183/1626 978/2182/1625
f 2699/2192/1635 974/2188/1631 2700/2237/1677
f 2645/2228/1668 2632/2209/1650 928/2210/1651
f 2805/2222/1662 1112/2229/1669 928/2210/1651
f 2702/2236/1676 2798/2224/1664 2796/2220/1660
f 2805/2222/1662 2936/2221/1661 1112/2229/1669
f 2630/2248/1688 1113/2218/1658 1024/2214/1654
f 1112/2229/1669 1114/2215/1655 1113/2218/1658
f 941/2211/1652 940/2243/1683 914/2244/1684
f 1024/2214/1654 940/2243/1683 907/2195/1638
f 2671/2216/1656 3151/2199/1642 943/2217/1657
f 2807/2190/1633 2632/2209/1650 2647/2191/1634
f 967/2241/1681 960/2246/1686 944/2239/1679
f 2647/2191/1634 2637/2231/1671 3075/2242/1682
f 1031/2233/1673 914/2244/1684 939/2198/1641
f 2683/2219/1659 959/2206/1648 950/2247/1687
f 907/2195/1638 940/2243/1683 941/2211/1652
f 1031/2233/1673 939/2198/1641 1042/2203/1646
f 1042/2203/1646 2700/2237/1677 974/2188/1631
f 999/2207/11 2683/2219/1659 964/2232/1672
f 939/2198/1641 2674/2197/1640 2700/2237/1677
f 972/2238/1678 2709/2181/1624 2702/2236/1676
f 2636/2249/1689 3075/2242/1682 2637/2231/1671
f 2936/2221/1661 2704/2240/1680 2633/2226/1666
f 1024/2214/1654 2634/2196/1639 940/2243/1683
f 944/2239/1679 941/2211/1652 914/2244/1684
f 964/2232/1672 967/2241/1681 1008/2202/1645
f 3052/2250/1690 2795/2251/1627 2797/2252/1629
f 3200/2253/1691 3723/2254/1692 3074/2255/1693
f 2819/2256/519 3085/2257/1694 2774/2258/1695
f 2951/2259/1696 3200/2253/1691 3072/2260/1697
f 3065/2261/1698 3068/2262/1699 3076/2263/1700
f 3071/2264/1701 3200/2253/1691 2951/2259/1696
f 2935/2265/1685 2807/2266/1633 2885/2267/1702
f 3051/2268/1703 2803/2269/1704 3055/2270/1705
f 2803/2269/1704 3051/2268/1703 3725/2271/1706
f 2819/2256/519 2774/2258/1695 3780/2272/512
f 1054/2273/947 3084/2274/1707 2773/2275/1708
f 2777/2276/926 1054/2273/947 2773/2275/1708
f 3070/2277/945 3649/2278/1709 1054/2273/947
f 3070/2277/945 3063/2279/929 3649/2278/1709
f 160/2280/1710 2791/2281/1711 2950/2282/1712
f 1054/2273/947 3649/2278/1709 3084/2274/1707
f 3723/2254/1692 3075/2283/1682 3074/2255/1693
f 3084/2274/1707 2771/2284/1713 2773/2275/1708
f 2636/2285/1689 3074/2255/1693 3075/2283/1682
f 3085/2257/1694 3660/2286/1714 3083/2287/1715
f 3660/2286/1714 2788/2288/1716 2950/2282/1712
f 2772/2289/946 2949/2290/110 2822/2291/107
f 3660/2286/1714 3085/2257/1694 2788/2288/1716
f 2774/2258/1695 3650/2292/1717 2775/2293/941
f 2885/2267/1702 3066/2294/1718 2799/2295/1719
f 2797/2252/1629 2935/2265/1685 2806/2296/1720
f 3076/2263/1700 3210/2297/1721 2792/2298/1722
f 3085/2257/1694 3636/2299/1723 2788/2288/1716
f 2821/2300/109 2774/2258/1695 2822/2291/107
f 2779/2301/1724 2771/2284/1713 2950/2282/1712
f 2817/2302/1725 3636/2299/1723 2819/2256/519
f 160/2280/1710 3804/2303/1726 2791/2281/1711
f 2950/2282/1712 2780/2304/1727 2779/2301/1724
f 2788/2288/1716 2786/2305/1728 3804/2303/1726
f 3723/2254/1692 3200/2253/1691 3071/2264/1701
f 2790/2306/924 2777/2276/926 2773/2275/1708
f 2636/2285/1689 3200/2253/1691 3074/2255/1693
f 2795/2251/1627 3052/2250/1690 3053/2307/1729
f 2799/2295/1719 2806/2296/1720 2885/2267/1702
f 3076/2263/1700 2951/2259/1696 3072/2260/1697
f 2784/2308/1730 3804/2303/1726 2786/2305/1728
f 2766/2309/55 2817/2302/1725 2819/2256/519
f 3067/2310/1731 3066/2294/1718 3071/2264/1701
f 2792/2298/1722 2790/2306/924 2773/2275/1708
f 2885/2267/1702 3723/2254/1692 3066/2294/1718
f 2885/2267/1702 2806/2296/1720 2935/2265/1685
f 2792/2298/1722 2779/2301/1724 3076/2263/1700
f 3067/2310/1731 3068/2262/1699 3065/2261/1698
f 3071/2264/1701 3066/2294/1718 3723/2254/1692
f 3650/2292/1717 3084/2274/1707 3649/2278/1709
f 3075/2283/1682 2885/2267/1702 2635/2311/1632
f 2771/2284/1713 3084/2274/1707 3660/2286/1714
f 3065/2261/1698 2779/2301/1724 2780/2304/1727
f 2785/2312/1732 2791/2281/1711 2784/2308/1730
f 2803/2269/1704 3052/2250/1690 2799/2295/1719
f 2785/2312/1732 2783/2313/1733 2782/2314/1734
f 3076/2263/1700 2779/2301/1724 3065/2261/1698
f 2782/2314/1734 3064/2315/1735 2781/2316/1736
f 2774/2258/1695 2821/2300/109 3780/2272/512
f 2791/2281/1711 2785/2312/1732 2781/2316/1736
f 3054/2317/1737 2815/2318/1738 2956/2319/1739
f 3085/2257/1694 3083/2287/1715 3650/2292/1717
f 2956/2319/1739 2815/2318/1738 2783/2313/1733
f 2779/2301/1724 2792/2298/1722 2773/2275/1708
f 2822/2291/107 2774/2258/1695 2772/2289/946
f 2815/2318/1738 2782/2314/1734 2783/2313/1733
f 3064/2315/1735 2782/2314/1734 2815/2318/1738
f 2782/2314/1734 2781/2316/1736 2785/2312/1732
f 3076/2263/1700 3072/2260/1697 3210/2297/1721
f 3064/2315/1735 3067/2310/1731 3065/2261/1698
f 2786/2305/1728 3636/2299/1723 2817/2302/1725
f 160/2280/1710 2950/2282/1712 2788/2288/1716
f 2786/2305/1728 2788/2288/1716 3636/2299/1723
f 2950/2282/1712 2781/2316/1736 2780/2304/1727
f 2950/2282/1712 2771/2284/1713 3660/2286/1714
f 2791/2281/1711 3804/2303/1726 2784/2308/1730
f 3084/2274/1707 3083/2287/1715 3660/2286/1714
f 3804/2303/1726 160/2280/1710 2788/2288/1716
f 3085/2257/1694 3650/2292/1717 2774/2258/1695
f 2773/2275/1708 2771/2284/1713 2779/2301/1724
f 3079/2320/1740 3067/2310/1731 3080/2321/1741
f 3650/2292/1717 3063/2279/929 2775/2293/941
f 3084/2274/1707 3650/2292/1717 3083/2287/1715
f 2799/2295/1719 2797/2252/1629 2806/2296/1720
f 3067/2310/1731 3079/2320/1740 3066/2294/1718
f 3649/2278/1709 3063/2279/929 3650/2292/1717
f 2791/2281/1711 2781/2316/1736 2950/2282/1712
f 3055/2270/1705 2956/2319/1739 3051/2268/1703
f 2772/2289/946 2774/2258/1695 2775/2293/941
f 3636/2299/1723 3085/2257/1694 2819/2256/519
f 3067/2310/1731 3064/2315/1735 3080/2321/1741
f 3079/2320/1740 3054/2317/1737 3055/2270/1705
f 3054/2317/1737 2956/2319/1739 3055/2270/1705
f 2803/2269/1704 3079/2320/1740 3055/2270/1705
f 3071/2264/1701 2951/2259/1696 3068/2262/1699
f 2885/2267/1702 3075/2283/1682 3723/2254/1692
f 3068/2262/1699 2951/2259/1696 3076/2263/1700
f 2780/2304/1727 3064/2315/1735 3065/2261/1698
f 2807/2266/1633 2635/2311/1632 2885/2267/1702
f 2803/2269/1704 3725/2271/1706 3052/2250/1690
f 2803/2269/1704 3066/2294/1718 3079/2320/1740
f 3071/2264/1701 3068/2262/1699 3067/2310/1731
f 3064/2315/1735 2815/2318/1738 3080/2321/1741
f 3052/2250/1690 2797/2252/1629 2799/2295/1719
f 3054/2317/1737 3080/2321/1741 2815/2318/1738
f 3066/2294/1718 2803/2269/1704 2799/2295/1719
f 2781/2316/1736 3064/2315/1735 2780/2304/1727
f 3054/2317/1737 3079/2320/1740 3080/2321/1741
f 3052/2250/1690 3725/2271/1706 3053/2307/1729
f 2076/2322/1742 524/2323/1743 2065/2324/1744
f 2191/2325/1616 526/2326/1745 2182/2327/1622
f 370/2328/1574 341/2329/1746 368/2330/1605
f 1468/2331/1747 338/2332/8 1487/2333/1748
f 372/2334/1749 526/2326/1745 1482/2335/1750
f 2076/2322/1742 2056/2336/1751 1480/2337/1752
f 2094/2338/1753 2189/2339/1754 2075/2340/1755
f 347/2341/1756 1475/2342/1757 1474/2343/1623
f 345/2344/1758 1467/2345/1759 346/2346/1760
f 346/2346/1760 1467/2345/1759 1469/2347/1761
f 1470/2348/1762 1473/2349/1763 1476/2350/1621
f 2185/2351/1764 2065/2324/1744 1455/2352/1765
f 1527/2353/1766 1489/2354/1767 350/2355/1768
f 2132/2356/1769 2123/2357/1770 2137/2358/1771
f 1465/2359/1772 340/2360/1365 342/2361/1773
f 346/2346/1760 1469/2347/1761 1468/2331/1747
f 2189/2339/1754 2137/2358/1771 2111/2362/1774
f 1476/2350/1621 1473/2349/1763 1498/2363/1617
f 340/2360/1365 1465/2359/1772 338/2332/8
f 1465/2359/1772 343/2364/1775 1487/2333/1748
f 347/2341/1756 350/2355/1768 1489/2354/1767
f 1465/2359/1772 342/2361/1773 343/2364/1775
f 1457/2365/1776 1478/2366/1777 1464/2367/1778
f 1466/2368/1779 1458/2369/1780 1464/2367/1778
f 345/2344/1758 1489/2354/1767 1527/2353/1766
f 1468/2331/1747 1469/2347/1761 2110/2370/1781
f 1457/2365/1776 1458/2369/1780 2069/2371/1782
f 2132/2356/1769 1495/2372/1783 1527/2353/1766
f 1464/2367/1778 1458/2369/1780 1457/2365/1776
f 1466/2368/1779 1464/2367/1778 342/2361/1773
f 1468/2331/1747 1471/2373/1784 1417/2374/9
f 345/2344/1758 346/2346/1760 1487/2333/1748
f 2094/2338/1753 2132/2356/1769 2137/2358/1771
f 2182/2327/1622 526/2326/1745 372/2334/1749
f 1464/2367/1778 343/2364/1775 342/2361/1773
f 1464/2367/1778 1478/2366/1777 1473/2349/1763
f 1440/2375/1785 341/2329/1746 327/2376/1786
f 347/2341/1756 343/2364/1775 1475/2342/1757
f 1470/2348/1762 343/2364/1775 1464/2367/1778
f 1464/2367/1778 1473/2349/1763 1470/2348/1762
f 2069/2371/1782 1478/2366/1777 1457/2365/1776
f 2075/2340/1755 1469/2347/1761 1467/2345/1759
f 2094/2338/1753 2075/2340/1755 1467/2345/1759
f 1482/2335/1750 524/2323/1743 372/2334/1749
f 1480/2337/1752 2056/2336/1751 327/2376/1786
f 2078/2377/1787 2470/2378/1788 2056/2336/1751
f 1465/2359/1772 1487/2333/1748 338/2332/8
f 371/2379/1563 372/2334/1749 370/2328/1574
f 2470/2378/1788 2186/2380/1789 1472/2381/1790
f 2075/2340/1755 2110/2370/1781 1469/2347/1761
f 2200/2382/1791 1482/2335/1750 526/2326/1745
f 524/2323/1743 2076/2322/1742 1480/2337/1752
f 1491/2383/1792 2070/2384/1793 327/2376/1786
f 1470/2348/1762 1476/2350/1621 1475/2342/1757
f 343/2364/1775 347/2341/1756 1487/2333/1748
f 524/2323/1743 1480/2337/1752 327/2376/1786
f 346/2346/1760 1468/2331/1747 1487/2333/1748
f 1489/2354/1767 345/2344/1758 1487/2333/1748
f 1478/2366/1777 2470/2378/1788 1472/2381/1790
f 1473/2349/1763 1478/2366/1777 1472/2381/1790
f 327/2376/1786 2070/2384/1793 320/2385/1794
f 1477/2386/1795 1472/2381/1790 2199/2387/1796
f 2056/2336/1751 2076/2322/1742 2078/2377/1787
f 341/2329/1746 1440/2375/1785 325/2388/1797
f 1527/2353/1766 1495/2372/1783 345/2344/1758
f 2056/2336/1751 2162/2389/1798 1491/2383/1792
f 2069/2371/1782 2070/2384/1793 1491/2383/1792
f 1478/2366/1777 2162/2389/1798 2470/2378/1788
f 2192/2390/1799 2191/2325/1616 1497/2391/1615
f 2069/2371/1782 2162/2389/1798 1478/2366/1777
f 2470/2378/1788 2078/2377/1787 2186/2380/1789
f 1472/2381/1790 2186/2380/1789 2185/2351/1764
f 341/2329/1746 524/2323/1743 327/2376/1786
f 2186/2380/1789 2078/2377/1787 2065/2324/1744
f 2182/2327/1622 372/2334/1749 371/2379/1563
f 2078/2377/1787 2076/2322/1742 2065/2324/1744
f 2065/2324/1744 2185/2351/1764 2186/2380/1789
f 1489/2354/1767 1487/2333/1748 347/2341/1756
f 327/2376/1786 320/2385/1794 1440/2375/1785
f 1468/2331/1747 1417/2374/9 338/2332/8
f 2200/2382/1791 1472/2381/1790 2185/2351/1764
f 343/2364/1775 1470/2348/1762 1475/2342/1757
f 2065/2324/1744 524/2323/1743 1455/2352/1765
f 2162/2389/1798 2069/2371/1782 1491/2383/1792
f 350/2355/1768 347/2341/1756 1474/2343/1623
f 325/2388/1797 368/2330/1605 341/2329/1746
f 1472/2381/1790 2200/2382/1791 2199/2387/1796
f 2200/2382/1791 2185/2351/1764 1482/2335/1750
f 1473/2349/1763 1472/2381/1790 1477/2386/1795
f 370/2328/1574 524/2323/1743 341/2329/1746
f 345/2344/1758 2094/2338/1753 1467/2345/1759
f 2162/2389/1798 2056/2336/1751 2470/2378/1788
f 1477/2386/1795 1498/2363/1617 1473/2349/1763
f 2137/2358/1771 2123/2357/1770 2111/2362/1774
f 2192/2390/1799 526/2326/1745 2191/2325/1616
f 1498/2363/1617 1477/2386/1795 1497/2391/1615
f 2199/2387/1796 2200/2382/1791 526/2326/1745
f 2199/2387/1796 2192/2390/1799 1477/2386/1795
f 1477/2386/1795 2192/2390/1799 1497/2391/1615
f 2199/2387/1796 526/2326/1745 2192/2390/1799
f 1455/2352/1765 524/2323/1743 1482/2335/1750
f 2094/2338/1753 345/2344/1758 1495/2372/1783
f 2110/2370/1781 1471/2373/1784 1468/2331/1747
f 1491/2383/1792 327/2376/1786 2056/2336/1751
f 372/2334/1749 524/2323/1743 370/2328/1574
f 1476/2350/1621 1474/2343/1623 1475/2342/1757
f 1455/2352/1765 1482/2335/1750 2185/2351/1764
f 2094/2338/1753 2137/2358/1771 2189/2339/1754
f 2094/2338/1753 1495/2372/1783 2132/2356/1769
f 3948/2392/1800 986/2393/1801 3899/2394/1802
f 984/2395/1803 985/2396/1804 2713/2397/1805
f 969/2398/1806 968/2399/1807 970/2400/1808
f 946/2401/426 2621/2402/1809 945/2403/1810
f 984/2395/1803 970/2400/1808 968/2399/1807
f 971/2404/446 1032/2405/419 1130/2406/1811
f 2613/2407/428 1025/2408/1812 913/2409/1813
f 3948/2392/1800 3987/2410/1814 986/2393/1801
f 3949/2411/1815 969/2398/1806 3863/2412/1816 3968/2413/1817
f 981/2414/544 984/2395/1803 3015/2415/550
f 3970/2416/1818 3873/2417/1819 917/2418/1820 3969/2419/1821
f 3971/2420/1822 969/2398/1806 3949/2411/1815
f 2678/2421/318 3016/2422/310 2713/2397/1805
f 970/2400/1808 1130/2406/1811 913/2409/1813
f 3899/2394/1802 986/2393/1801 3900/2423/1823
f 979/2424/545 984/2395/1803 981/2414/544
f 970/2400/1808 979/2424/545 1130/2406/1811
f 3968/2413/1817 3863/2412/1816 3873/2417/1819 3970/2416/1818
f 1025/2408/1812 2612/2425/427 945/2403/1810
f 2678/2421/318 2713/2397/1805 985/2396/1804
f 969/2398/1806 986/2393/1801 968/2399/1807
f 1368/2426/392 3144/2427/549 3016/2422/310
f 1032/2405/419 913/2409/1813 1130/2406/1811
f 1026/2428/418 2613/2407/428 913/2409/1813
f 946/2401/426 945/2403/1810 2612/2425/427
f 2713/2397/1805 3016/2422/310 3144/2427/549
f 3015/2415/550 2713/2397/1805 3144/2427/549
f 1025/2408/1812 969/2398/1806 913/2409/1813
f 985/2396/1804 968/2399/1807 986/2393/1801
f 917/2418/1820 945/2403/1810 2621/2402/1809
f 1025/2408/1812 945/2403/1810 969/2398/1806
f 984/2395/1803 968/2399/1807 985/2396/1804
f 2612/2425/427 1025/2408/1812 2613/2407/428
f 913/2409/1813 969/2398/1806 970/2400/1808
f 1026/2428/418 913/2409/1813 1032/2405/419
f 1130/2406/1811 979/2424/545 971/2404/446
f 3900/2423/1823 986/2393/1801 3950/2429/1824
f 945/2403/1810 917/2418/1820 3870/2430/1825
f 984/2395/1803 2713/2397/1805 3015/2415/550
f 985/2396/1804 986/2393/1801 2678/2421/318
f 979/2424/545 970/2400/1808 984/2395/1803
f 1626/2431/1826 1704/2432/1827 2915/2433/1828
f 1620/2434/1829 2915/2433/1828 1703/2435/1830
f 3033/2436/1831 1691/2437/1832 2947/2438/1833
f 1626/2431/1826 2915/2433/1828 1623/2439/1834
f 1624/2440/1116 1618/2441/1835 1623/2439/1834
f 2491/2442/1836 1663/2443/1837 407/2444/1838
f 1623/2439/1834 2915/2433/1828 1620/2434/1829
f 2689/2445/1839 2688/2446/1840 407/2444/1838
f 1608/2447/1841 1609/2448/1842 1630/2449/1843
f 1653/2450/528 3034/2451/1844 1680/2452/531
f 2688/2446/1840 1662/2453/1845 2491/2442/1836
f 2689/2445/1839 407/2444/1838 3000/2454/1846
f 1632/2455/1847 2802/2456/1848 1630/2449/1843
f 1621/2457/1849 1620/2434/1829 1703/2435/1830
f 3033/2436/1831 3034/2451/1844 1691/2437/1832
f 1630/2449/1843 2802/2456/1848 1608/2447/1841
f 1608/2447/1841 1604/2458/1850 1705/2459/1851
f 420/2460/1852 3000/2454/1846 1712/2461/1853
f 1699/2462/1854 2802/2456/1848 1632/2455/1847
f 1618/2441/1835 1624/2440/1116 1619/2463/1855
f 3034/2451/1844 3035/2464/520 1746/2465/522
f 2567/2466/1856 2886/2467/1857 1702/2468/1858
f 1604/2458/1850 1608/2447/1841 2802/2456/1848
f 3034/2451/1844 1746/2465/522 1680/2452/531
f 2567/2466/1856 1607/2469/1859 2841/2470/1860
f 2716/2471/1861 1609/2448/1842 1626/2431/1826
f 1665/2472/1862 1662/2453/1845 1724/2473/1863
f 1704/2432/1827 1626/2431/1826 1705/2459/1851
f 3033/2436/1831 3000/2454/1846 1678/2474/1864
f 1626/2431/1826 1623/2439/1834 2716/2471/1861
f 1624/2440/1116 1623/2439/1834 399/2475/1865
f 1700/2476/1866 1602/2477/1867 1699/2462/1854
f 1663/2443/1837 2567/2466/1856 407/2444/1838
f 1703/2435/1830 1665/2472/1862 1621/2457/1849
f 1624/2440/1116 1698/2478/1447 1619/2463/1855
f 1703/2435/1830 1606/2479/1868 2491/2442/1836
f 1623/2439/1834 1620/2434/1829 1629/2480/1869
f 2889/2481/1870 1602/2477/1867 1700/2476/1866
f 1699/2462/1854 1604/2458/1850 2802/2456/1848
f 1602/2477/1867 2889/2481/1870 2840/2482/1871
f 1618/2441/1835 2716/2471/1861 2675/2483/1872
f 1601/2484/1873 1616/2485/1472 1598/2486/1477
f 1659/2487/1874 1609/2448/1842 1619/2463/1855
f 1616/2485/1472 1601/2484/1873 1659/2487/1874
f 1602/2477/1867 1603/2488/1875 1604/2458/1850
f 1609/2448/1842 2716/2471/1861 1619/2463/1855
f 2917/2489/1876 3033/2436/1831 1678/2474/1864
f 1665/2472/1862 1661/2490/1877 2814/2491/563
f 2688/2446/1840 2491/2442/1836 407/2444/1838
f 2915/2433/1828 1704/2432/1827 1603/2488/1875
f 1705/2459/1851 1626/2431/1826 1628/2492/1878
f 3033/2436/1831 2947/2438/1833 3000/2454/1846
f 1712/2461/1853 407/2444/1838 1702/2468/1858
f 1609/2448/1842 1628/2492/1878 1626/2431/1826
f 2567/2466/1856 1663/2443/1837 1607/2469/1859
f 1619/2463/1855 2716/2471/1861 1618/2441/1835
f 2947/2438/1833 2688/2446/1840 3000/2454/1846
f 399/2475/1865 1636/2493/1117 1624/2440/1116
f 1606/2479/1868 1603/2488/1875 1602/2477/1867
f 3034/2451/1844 3033/2436/1831 2917/2489/1876
f 2840/2482/1871 2886/2467/1857 2841/2470/1860
f 1698/2478/1447 1624/2440/1116 1634/2494/1115
f 1653/2450/528 1691/2437/1832 3034/2451/1844
f 1653/2450/528 1724/2473/1863 1691/2437/1832
f 1619/2463/1855 1616/2485/1472 1659/2487/1874
f 1724/2473/1863 1662/2453/1845 1691/2437/1832
f 1606/2479/1868 1607/2469/1859 2491/2442/1836
f 1609/2448/1842 1608/2447/1841 1628/2492/1878
f 398/2495/1121 1629/2480/1869 2814/2491/563
f 1623/2439/1834 1629/2480/1869 399/2475/1865
f 2947/2438/1833 1662/2453/1845 2688/2446/1840
f 420/2460/1852 402/2496/574 1678/2474/1864
f 1705/2459/1851 1628/2492/1878 1608/2447/1841
f 1601/2484/1873 1609/2448/1842 1659/2487/1874
f 1627/2497/1879 1630/2449/1843 1609/2448/1842
f 402/2496/574 3030/2498/532 1678/2474/1864
f 1698/2478/1447 1616/2485/1472 1619/2463/1855
f 398/2495/1121 1636/2493/1117 399/2475/1865
f 1724/2473/1863 2540/2499/1880 1661/2490/1877
f 1603/2488/1875 1705/2459/1851 1604/2458/1850
f 3030/2498/532 3035/2464/520 1678/2474/1864
f 1653/2450/528 3025/2500/538 2540/2499/1880
f 2915/2433/1828 1603/2488/1875 1606/2479/1868
f 1621/2457/1849 2814/2491/563 1629/2480/1869
f 1653/2450/528 2540/2499/1880 1724/2473/1863
f 1678/2474/1864 3000/2454/1846 420/2460/1852
f 407/2444/1838 2567/2466/1856 1702/2468/1858
f 1601/2484/1873 1613/2501/1881 1627/2497/1879
f 3035/2464/520 2917/2489/1876 1678/2474/1864
f 3035/2464/520 3034/2451/1844 2917/2489/1876
f 2567/2466/1856 2841/2470/1860 2886/2467/1857
f 3025/2500/538 1721/2502/539 1661/2490/1877
f 2491/2442/1836 1662/2453/1845 1665/2472/1862
f 1603/2488/1875 1704/2432/1827 1705/2459/1851
f 1601/2484/1873 1627/2497/1879 1609/2448/1842
f 1601/2484/1873 1598/2486/1477 1617/2503/1882
f 2716/2471/1861 1623/2439/1834 2675/2483/1872
f 1621/2457/1849 1629/2480/1869 1620/2434/1829
f 1607/2469/1859 1606/2479/1868 1602/2477/1867
f 1661/2490/1877 1721/2502/539 2814/2491/563
f 1661/2490/1877 1665/2472/1862 1724/2473/1863
f 1657/2504/552 398/2495/1121 2814/2491/563
f 1629/2480/1869 398/2495/1121 399/2475/1865
f 1662/2453/1845 2947/2438/1833 1691/2437/1832
f 3000/2454/1846 2688/2446/1840 2689/2445/1839
f 1613/2501/1881 1601/2484/1873 1617/2503/1882
f 1699/2462/1854 1602/2477/1867 1604/2458/1850
f 2540/2499/1880 3025/2500/538 1661/2490/1877
f 1665/2472/1862 2814/2491/563 1621/2457/1849
f 3000/2454/1846 407/2444/1838 1712/2461/1853
f 1630/2449/1843 1627/2497/1879 1632/2455/1847
f 1602/2477/1867 2841/2470/1860 1607/2469/1859
f 2675/2483/1872 1623/2439/1834 1618/2441/1835
f 2491/2442/1836 1665/2472/1862 1703/2435/1830
f 1602/2477/1867 2840/2482/1871 2841/2470/1860
f 1606/2479/1868 1703/2435/1830 2915/2433/1828
f 2491/2442/1836 1607/2469/1859 1663/2443/1837
f 2881/2505/1883 2904/2506/1884 3125/2507/1885
f 2744/2508/1886 2693/2509/337 2753/2510/336
f 1089/2511/1887 1016/2512/1888 2734/2513/1889
f 3114/2514/1890 3106/2515/1294 3119/2516/1299
f 3129/2517/1891 3337/2518/1892 2946/2519/1893
f 3124/2520/1894 3114/2514/1890 2594/2521/1895
f 3138/2522/1896 2904/2506/1884 2739/2523/1897
f 3337/2518/1892 3132/2524/1898 3849/2525/1899
f 3125/2507/1885 2904/2506/1884 3131/2526/1900
f 1087/2527/261 1315/2528/1901 2743/2529/1902
f 3108/2530/1903 3105/2531/1904 3122/2532/1905
f 1089/2511/1887 2742/2533/1906 1021/2534/1907
f 2753/2510/336 3107/2535/1908 2744/2508/1886
f 3114/2514/1890 2760/2536/1909 3117/2537/1300
f 3112/2538/1910 3157/2539/348 2693/2509/337
f 1305/2540/1911 3129/2517/1891 2946/2519/1893
f 3542/2541/1912 3543/2542/1913 2594/2521/1895
f 3107/2535/1908 2753/2510/336 2757/2543/1914
f 2738/2544/1915 3124/2520/1894 3138/2522/1896
f 3005/2545/1916 3364/2546/1917 3038/2547/1918
f 2737/2548/1919 2939/2549/1920 3317/2550/1921
f 2757/2543/1914 1122/2551/1922 1016/2512/1888
f 3124/2520/1894 2760/2536/1909 3114/2514/1890
f 3337/2518/1892 3849/2525/1899 2946/2519/1893
f 1315/2528/1901 1313/2552/1923 1305/2540/1911
f 2693/2509/337 2744/2508/1886 3122/2532/1905
f 1313/2552/1923 1087/2527/261 1311/2553/260
f 1315/2528/1901 1087/2527/261 1313/2552/1923
f 3849/2525/1899 1315/2528/1901 2946/2519/1893
f 3849/2525/1899 2743/2529/1902 1315/2528/1901
f 150/2554/1924 1034/2555/1925 3129/2517/1891
f 3125/2507/1885 150/2554/1924 2890/2556/1926
f 1088/2557/264 1087/2527/261 2743/2529/1902
f 3132/2524/1898 3337/2518/1892 3134/2558/1927
f 2943/2559/1267 3117/2537/1300 2759/2560/1928
f 150/2554/1924 2877/2561/1929 1034/2555/1925
f 3848/2562/1930 2743/2529/1902 3849/2525/1899
f 2943/2559/1267 2759/2560/1928 1126/2563/1279
f 3337/2518/1892 2877/2561/1929 3134/2558/1927
f 3132/2524/1898 3134/2558/1927 3135/2564/1931
f 150/2554/1924 3125/2507/1885 2877/2561/1929
f 2940/2565/256 2743/2529/1902 3005/2545/1916
f 3848/2562/1930 3005/2545/1916 2743/2529/1902
f 3138/2522/1896 2594/2521/1895 3369/2566/1932
f 3128/2567/1933 3132/2524/1898 3135/2564/1931
f 3135/2564/1931 3134/2558/1927 2877/2561/1929
f 2737/2548/1919 2742/2533/1906 2944/2568/1162
f 3005/2545/1916 3848/2562/1930 3364/2546/1917
f 3125/2507/1885 2890/2556/1926 2881/2505/1883
f 2877/2561/1929 3131/2526/1900 3135/2564/1931
f 3483/2569/1934 2940/2565/256 3005/2545/1916
f 2877/2561/1929 3125/2507/1885 3131/2526/1900
f 3135/2564/1931 3131/2526/1900 3139/2570/1935
f 1126/2563/1279 2757/2543/1914 2753/2510/336
f 3108/2530/1903 3122/2532/1905 3107/2535/1908
f 3848/2562/1930 3139/2570/1935 3364/2546/1917
f 3139/2570/1935 3128/2567/1933 3135/2564/1931
f 3132/2524/1898 3128/2567/1933 3849/2525/1899
f 2940/2565/256 3542/2541/1912 2938/2571/257
f 2940/2565/256 3543/2542/1913 3542/2541/1912
f 3543/2542/1913 3483/2569/1934 3369/2566/1932
f 2881/2505/1883 2739/2523/1897 2904/2506/1884
f 3483/2569/1934 3038/2547/1918 3369/2566/1932
f 1088/2557/264 2743/2529/1902 2940/2565/256
f 3038/2547/1918 3139/2570/1935 3369/2566/1932
f 3542/2541/1912 3451/2572/1295 2938/2571/257
f 3107/2535/1908 2757/2543/1914 1021/2534/1907
f 3369/2566/1932 3139/2570/1935 3138/2522/1896
f 3119/2516/1299 3451/2572/1295 3542/2541/1912
f 3542/2541/1912 2594/2521/1895 2596/2573/1936
f 2594/2521/1895 3543/2542/1913 3369/2566/1932
f 3542/2541/1912 2596/2573/1936 3119/2516/1299
f 2596/2573/1936 3114/2514/1890 3119/2516/1299
f 3114/2514/1890 2596/2573/1936 2594/2521/1895
f 1021/2534/1907 2757/2543/1914 1016/2512/1888
f 3038/2547/1918 3364/2546/1917 3139/2570/1935
f 1012/2574/1937 1016/2512/1888 2902/2575/1938
f 1126/2563/1279 2759/2560/1928 2757/2543/1914
f 3114/2514/1890 3436/2576/1293 3106/2515/1294
f 1016/2512/1888 1012/2574/1937 1020/2577/1939
f 1305/2540/1911 2946/2519/1893 1315/2528/1901
f 3114/2514/1890 3117/2537/1300 3436/2576/1293
f 3107/2535/1908 3122/2532/1905 2744/2508/1886
f 2739/2523/1897 1016/2512/1888 2738/2544/1915
f 2757/2543/1914 2759/2560/1928 2736/2578/1940
f 3337/2518/1892 3129/2517/1891 1034/2555/1925
f 2902/2575/1938 1016/2512/1888 2739/2523/1897
f 2742/2533/1906 2734/2513/1889 3338/2579/1161
f 2739/2523/1897 2881/2505/1883 2902/2575/1938
f 2940/2565/256 3483/2569/1934 3543/2542/1913
f 3105/2531/1904 2693/2509/337 3122/2532/1905
f 1021/2534/1907 2742/2533/1906 2737/2548/1919
f 1089/2511/1887 1021/2534/1907 1016/2512/1888
f 3105/2531/1904 3108/2530/1903 3121/2580/1941
f 3139/2570/1935 3848/2562/1930 3128/2567/1933
f 1016/2512/1888 1122/2551/1922 2738/2544/1915
f 2739/2523/1897 2738/2544/1915 3138/2522/1896
f 3131/2526/1900 3138/2522/1896 3139/2570/1935
f 3128/2567/1933 3848/2562/1930 3849/2525/1899
f 3107/2535/1908 2737/2548/1919 3317/2550/1921
f 3005/2545/1916 3038/2547/1918 3483/2569/1934
f 3317/2550/1921 3108/2530/1903 3107/2535/1908
f 2881/2505/1883 2890/2556/1926 2902/2575/1938
f 3124/2520/1894 2594/2521/1895 3138/2522/1896
f 3124/2520/1894 2738/2544/1915 2760/2536/1909
f 2738/2544/1915 2736/2578/1940 2760/2536/1909
f 3105/2531/1904 3112/2538/1910 2693/2509/337
f 2944/2568/1162 2742/2533/1906 3338/2579/1161
f 2759/2560/1928 3117/2537/1300 2760/2536/1909
f 1122/2551/1922 2736/2578/1940 2738/2544/1915
f 2904/2506/1884 3138/2522/1896 3131/2526/1900
f 2736/2578/1940 2759/2560/1928 2760/2536/1909
f 3317/2550/1921 2939/2549/1920 3121/2580/1941
f 2939/2549/1920 2737/2548/1919 2944/2568/1162
f 3317/2550/1921 3121/2580/1941 3108/2530/1903
f 1122/2551/1922 2757/2543/1914 2736/2578/1940
f 1089/2511/1887 2734/2513/1889 2742/2533/1906
f 1020/2577/1939 2734/2513/1889 1016/2512/1888
f 1021/2534/1907 2737/2548/1919 3107/2535/1908
f 1034/2555/1925 2877/2561/1929 3337/2518/1892
f 3722/2581/1942 3729/2582/1500 3428/2583/1943
f 2410/2584/1944 3764/2585/1945 3763/2586/1946
f 3434/2587/1947 3710/2588/1948 2414/2589/1949
f 863/2590/1950 2330/2591/475 815/2592/918
f 864/2593/1951 2329/2594/1952 863/2590/1950
f 3722/2581/1942 2424/2595/723 2422/2596/715
f 2329/2594/1952 864/2593/1951 857/2597/1953
f 2412/2598/721 2411/2599/716 2410/2584/1944
f 3762/2600/1954 3755/2601/1955 3766/2602/1956
f 2329/2594/1952 857/2597/1953 2408/2603/1520
f 3571/2604/1957 3751/2605/1958 3757/2606/1959
f 2396/2607/1960 2397/2608/1961 2421/2609/1962
f 3629/2610/1963 3755/2601/1955 3762/2600/1954
f 3764/2585/1945 2410/2584/1944 3752/2611/1964
f 3756/2612/1965 857/2597/1953 864/2593/1951
f 2413/2613/724 2424/2595/723 3722/2581/1942
f 857/2597/1953 3756/2612/1965 2401/2614/1966
f 2404/2615/1967 953/2616/1968 3757/2606/1959
f 858/2617/1969 864/2593/1951 863/2590/1950
f 3761/2618/1970 3766/2602/1956 3755/2601/1955
f 858/2617/1969 863/2590/1950 2289/2619/917
f 2418/2620/1971 2417/2621/1972 2431/2622/1973
f 3748/2623/1974 3755/2601/1955 3629/2610/1963
f 3748/2623/1974 3629/2610/1963 3710/2588/1948
f 2417/2621/1972 3756/2612/1965 865/2624/1975
f 2397/2608/1961 2396/2607/1960 3727/2625/1508
f 3434/2587/1947 3705/2626/1976 3710/2588/1948
f 2413/2613/724 3752/2611/1964 2410/2584/1944
f 3706/2627/1977 3767/2628/1978 3763/2586/1946
f 2397/2608/1961 862/2629/1979 2421/2609/1962
f 3706/2627/1977 3764/2585/1945 3571/2604/1957
f 3757/2606/1959 3661/2630/1980 2404/2615/1967
f 3749/2631/1981 3769/2632/1982 3748/2623/1974
f 3766/2602/1956 3751/2605/1958 3571/2604/1957
f 2404/2615/1967 3661/2630/1980 2409/2633/1983
f 953/2616/1968 3703/2634/1984 3652/2635/1985
f 3712/2636/1986 862/2629/1979 3704/2637/1987
f 3685/2638/1491 3683/2639/1496 3715/2640/1988
f 3722/2581/1942 3705/2626/1976 3434/2587/1947
f 3769/2632/1982 3756/2612/1965 2418/2620/1971
f 865/2624/1975 3756/2612/1965 864/2593/1951
f 3428/2583/1943 3705/2626/1976 3722/2581/1942
f 735/2641/484 2329/2594/1952 2408/2603/1520
f 3754/2642/1989 2418/2620/1971 3755/2601/1955
f 3757/2606/1959 3751/2605/1958 3661/2630/1980
f 2431/2622/1973 1167/2643/1990 3761/2618/1970
f 3754/2642/1989 3755/2601/1955 3769/2632/1982
f 2404/2615/1967 3654/2644/1991 3703/2634/1984
f 3773/2645/1992 3749/2631/1981 3748/2623/1974
f 2413/2613/724 2410/2584/1944 2411/2599/716
f 3703/2634/1984 3654/2644/1991 3652/2635/1985
f 2421/2609/1962 3715/2640/1988 2396/2607/1960
f 3428/2583/1943 3670/2646/1993 3774/2647/1994
f 3769/2632/1982 2418/2620/1971 3754/2642/1989
f 3768/2648/1995 3770/2649/1996 3716/2650/1997
f 3661/2630/1980 1167/2643/1990 2431/2622/1973
f 2431/2622/1973 2417/2621/1972 865/2624/1975
f 3762/2600/1954 3766/2602/1956 3571/2604/1957
f 3652/2635/1985 3767/2628/1978 3706/2627/1977
f 2401/2614/1966 3749/2631/1981 3770/2649/1996
f 3756/2612/1965 3769/2632/1982 3749/2631/1981
f 3773/2645/1992 3710/2588/1948 3705/2626/1976
f 1068/2651/1492 3685/2638/1491 3715/2640/1988
f 862/2629/1979 2408/2603/1520 857/2597/1953
f 3770/2649/1996 3749/2631/1981 3773/2645/1992
f 3749/2631/1981 2401/2614/1966 3756/2612/1965
f 3434/2587/1947 2414/2589/1949 2413/2613/724
f 3773/2645/1992 3748/2623/1974 3710/2588/1948
f 3761/2618/1970 2418/2620/1971 2431/2622/1973
f 1167/2643/1990 3766/2602/1956 3761/2618/1970
f 3710/2588/1948 3629/2610/1963 2414/2589/1949
f 815/2592/918 2288/2652/916 863/2590/1950
f 815/2592/918 2330/2591/475 2161/2653/474
f 3763/2586/1946 2412/2598/721 2410/2584/1944
f 2409/2633/1983 2431/2622/1973 865/2624/1975
f 3172/2654/1998 3715/2640/1988 2421/2609/1962
f 3773/2645/1992 3716/2650/1997 3770/2649/1996
f 2413/2613/724 3722/2581/1942 3434/2587/1947
f 3774/2647/1994 3712/2636/1986 3768/2648/1995
f 3748/2623/1974 3769/2632/1982 3755/2601/1955
f 3773/2645/1992 3705/2626/1976 3716/2650/1997
f 3774/2647/1994 3768/2648/1995 3716/2650/1997
f 3752/2611/1964 3762/2600/1954 3764/2585/1945
f 3571/2604/1957 3764/2585/1945 3762/2600/1954
f 865/2624/1975 858/2617/1969 2409/2633/1983
f 3706/2627/1977 953/2616/1968 3652/2635/1985
f 864/2593/1951 858/2617/1969 865/2624/1975
f 2408/2603/1520 862/2629/1979 2397/2608/1961
f 3706/2627/1977 3763/2586/1946 3764/2585/1945
f 2414/2589/1949 3752/2611/1964 2413/2613/724
f 2418/2620/1971 3756/2612/1965 2417/2621/1972
f 3768/2648/1995 3704/2637/1987 3770/2649/1996
f 3774/2647/1994 3670/2646/1993 3715/2640/1988
f 3755/2601/1955 2418/2620/1971 3761/2618/1970
f 3762/2600/1954 3752/2611/1964 3629/2610/1963
f 2289/2619/917 863/2590/1950 2288/2652/916
f 3768/2648/1995 3712/2636/1986 3704/2637/1987
f 3683/2639/1496 3727/2625/1508 2396/2607/1960
f 3571/2604/1957 953/2616/1968 3706/2627/1977
f 3629/2610/1963 3752/2611/1964 2414/2589/1949
f 1167/2643/1990 3661/2630/1980 3751/2605/1958
f 2330/2591/475 863/2590/1950 2329/2594/1952
f 3712/2636/1986 3774/2647/1994 3172/2654/1998
f 1068/2651/1492 3670/2646/1993 3729/2582/1500
f 3715/2640/1988 3172/2654/1998 3774/2647/1994
f 862/2629/1979 3712/2636/1986 3172/2654/1998
f 3715/2640/1988 3683/2639/1496 2396/2607/1960
f 3770/2649/1996 3704/2637/1987 2401/2614/1966
f 3729/2582/1500 3670/2646/1993 3428/2583/1943
f 2409/2633/1983 858/2617/1969 2404/2615/1967
f 3751/2605/1958 3766/2602/1956 1167/2643/1990
f 3729/2582/1500 3722/2581/1942 2422/2596/715
f 3716/2650/1997 3705/2626/1976 3774/2647/1994
f 3670/2646/1993 1068/2651/1492 3715/2640/1988
f 862/2629/1979 3172/2654/1998 2421/2609/1962
f 3774/2647/1994 3705/2626/1976 3428/2583/1943
f 735/2641/484 2330/2591/475 2329/2594/1952
f 3703/2634/1984 953/2616/1968 2404/2615/1967
f 2408/2603/1520 2397/2608/1961 3727/2625/1508
f 2409/2633/1983 3661/2630/1980 2431/2622/1973
f 2401/2614/1966 3704/2637/1987 857/2597/1953
f 857/2597/1953 3704/2637/1987 862/2629/1979
f 3757/2606/1959 953/2616/1968 3571/2604/1957
f 3630/2655/1999 3641/2656/2000 3188/2657/2001
f 3590/2658/2002 3587/2659/2003 3481/2660/2004
f 3617/2661/2005 3477/2662/2006 3578/2663/2007
f 3638/2664/2008 3799/2665/2009 3607/2666/2010
f 2406/2667/2011 3640/2668/2012 2403/2669/2013
f 2438/2670/2014 2440/2671/2015 2480/2672/2016
f 3188/2657/2001 3640/2668/2012 3634/2673/2017
f 1156/2674/2018 2975/2675/2019 1136/2676/2020
f 3652/2677/1985 3654/2678/1991 3657/2679/2021
f 2402/2680/2022 860/2681/2023 859/2682/2024
f 1189/2683/2025 860/2681/2023 2402/2680/2022
f 2439/2684/2026 2453/2685/2027 2480/2672/2016
f 3612/2686/2028 3613/2687/2029 3590/2658/2002
f 2405/2688/2030 2403/2669/2013 2407/2689/2031
f 1156/2674/2018 1136/2676/2020 859/2682/2024
f 3613/2687/2029 3615/2690/2032 3184/2691/2033
f 2975/2675/2019 1110/2692/2034 3615/2690/2032
f 2443/2693/2035 2445/2694/2036 2436/2695/2037
f 2404/2696/1967 858/2697/1969 860/2681/2023
f 1111/2698/2038 1110/2692/2034 856/2699/294
f 3164/2700/2039 3778/2701/2040 3700/2702/2041
f 3578/2663/2007 3607/2666/2010 2452/2703/2042
f 2403/2669/2013 3640/2668/2012 2407/2689/2031
f 860/2681/2023 858/2697/1969 859/2682/2024
f 3695/2704/2043 2429/2705/2044 2435/2706/2045
f 3607/2666/2010 3799/2665/2009 3796/2707/2046
f 3695/2704/2043 2435/2706/2045 2980/2708/725
f 1156/2674/2018 824/2709/292 1157/2710/293
f 3776/2711/2047 2402/2680/2022 2407/2689/2031
f 3654/2678/1991 2404/2696/1967 860/2681/2023
f 2403/2669/2013 2405/2688/2030 1136/2676/2020
f 1136/2676/2020 2405/2688/2030 2402/2680/2022
f 3767/2712/1978 3163/2713/2048 3765/2714/2049
f 2407/2689/2031 2402/2680/2022 2405/2688/2030
f 3638/2664/2008 3578/2663/2007 3477/2662/2006
f 3799/2665/2009 3612/2686/2028 3590/2658/2002
f 3590/2658/2002 3184/2691/2033 3587/2659/2003
f 859/2682/2024 1136/2676/2020 2402/2680/2022
f 3188/2657/2001 3641/2656/2000 3640/2668/2012
f 1111/2698/2038 3587/2659/2003 1110/2692/2034
f 3164/2700/2039 860/2681/2023 3778/2701/2040
f 1156/2674/2018 1157/2710/293 2975/2675/2019
f 1189/2683/2025 3673/2715/2050 3775/2716/2051
f 2403/2669/2013 1136/2676/2020 2975/2675/2019
f 3638/2664/2008 3607/2666/2010 3578/2663/2007
f 3765/2714/2049 3775/2716/2051 3673/2715/2050
f 2921/2717/697 2435/2706/2045 2447/2718/2052
f 3163/2713/2048 3164/2700/2039 3700/2702/2041
f 3613/2687/2029 3612/2686/2028 3477/2662/2006
f 2447/2718/2052 2435/2706/2045 2479/2719/2053
f 3477/2662/2006 3612/2686/2028 3638/2664/2008
f 3612/2686/2028 3799/2665/2009 3638/2664/2008
f 2443/2693/2035 2387/2720/726 2449/2721/698
f 3662/2722/2054 2439/2684/2026 2479/2719/2053
f 2406/2667/2011 3627/2723/2055 3634/2673/2017
f 3776/2711/2047 2407/2689/2031 3641/2656/2000
f 2449/2721/698 2921/2717/697 2443/2693/2035
f 854/2724/2056 2975/2675/2019 1157/2710/293
f 854/2724/2056 1110/2692/2034 2975/2675/2019
f 3763/2725/1946 3767/2712/1978 3695/2704/2043
f 2480/2672/2016 2479/2719/2053 2439/2684/2026
f 2440/2671/2015 2447/2718/2052 2479/2719/2053
f 2446/2726/2057 2480/2672/2016 2453/2685/2027
f 2975/2675/2019 3615/2690/2032 2403/2669/2013
f 3657/2679/2021 3654/2678/1991 3164/2700/2039
f 2443/2693/2035 2440/2671/2015 2445/2694/2036
f 3657/2679/2021 3164/2700/2039 3163/2713/2048
f 3775/2716/2051 3700/2702/2041 1189/2683/2025
f 3640/2668/2012 3641/2656/2000 2407/2689/2031
f 3163/2713/2048 3767/2712/1978 3657/2679/2021
f 3799/2665/2009 3481/2660/2004 3796/2707/2046
f 2440/2671/2015 2479/2719/2053 2480/2672/2016
f 2440/2671/2015 2438/2670/2014 2445/2694/2036
f 2289/2727/917 1156/2674/2018 859/2682/2024
f 3652/2677/1985 3657/2679/2021 3767/2712/1978
f 856/2699/294 854/2724/2056 820/2728/290
f 2435/2706/2045 2429/2705/2044 2479/2719/2053
f 2438/2670/2014 2434/2729/2058 2445/2694/2036
f 3613/2687/2029 3184/2691/2033 3590/2658/2002
f 2429/2705/2044 3662/2722/2054 2479/2719/2053
f 3775/2716/2051 3765/2714/2049 3163/2713/2048
f 3587/2659/2003 3184/2691/2033 1110/2692/2034
f 3695/2704/2043 3765/2714/2049 2429/2705/2044
f 2438/2670/2014 2446/2726/2057 2434/2729/2058
f 3578/2663/2007 2452/2703/2042 2439/2684/2026
f 3630/2655/1999 3662/2722/2054 3765/2714/2049
f 3630/2655/1999 3673/2715/2050 3641/2656/2000
f 3778/2701/2040 860/2681/2023 1189/2683/2025
f 2447/2718/2052 2443/2693/2035 2921/2717/697
f 3477/2662/2006 3634/2673/2017 3613/2687/2029
f 3634/2673/2017 3477/2662/2006 3188/2657/2001
f 2438/2670/2014 2480/2672/2016 2446/2726/2057
f 2980/2708/725 2435/2706/2045 2921/2717/697
f 859/2682/2024 858/2697/1969 2289/2727/917
f 824/2709/292 1156/2674/2018 2289/2727/917
f 2440/2671/2015 2443/2693/2035 2447/2718/2052
f 3776/2711/2047 3673/2715/2050 2402/2680/2022
f 3617/2661/2005 2439/2684/2026 3662/2722/2054
f 2406/2667/2011 3634/2673/2017 3640/2668/2012
f 3778/2701/2040 1189/2683/2025 3700/2702/2041
f 3164/2700/2039 3654/2678/1991 860/2681/2023
f 3615/2690/2032 3613/2687/2029 3627/2723/2055
f 2387/2720/726 2443/2693/2035 2436/2695/2037
f 1189/2683/2025 2402/2680/2022 3673/2715/2050
f 3481/2660/2004 3587/2659/2003 3798/2730/2059
f 3617/2661/2005 3662/2722/2054 3477/2662/2006
f 3776/2711/2047 3641/2656/2000 3673/2715/2050
f 3188/2657/2001 3477/2662/2006 3630/2655/1999
f 2439/2684/2026 2452/2703/2042 2453/2685/2027
f 3477/2662/2006 3662/2722/2054 3630/2655/1999
f 3765/2714/2049 3662/2722/2054 2429/2705/2044
f 3767/2712/1978 3765/2714/2049 3695/2704/2043
f 3163/2713/2048 3700/2702/2041 3775/2716/2051
f 3798/2730/2059 3587/2659/2003 1111/2698/2038
f 3695/2704/2043 2980/2708/725 2412/2731/721
f 854/2724/2056 856/2699/294 1110/2692/2034
f 2445/2694/2036 2434/2729/2058 2436/2695/2037
f 2403/2669/2013 3627/2723/2055 2406/2667/2011
f 3578/2663/2007 2439/2684/2026 3617/2661/2005
f 3590/2658/2002 3481/2660/2004 3799/2665/2009
f 3184/2691/2033 3615/2690/2032 1110/2692/2034
f 3763/2725/1946 3695/2704/2043 2412/2731/721
f 1157/2710/293 820/2728/290 854/2724/2056
f 3615/2690/2032 3627/2723/2055 2403/2669/2013
f 3613/2687/2029 3634/2673/2017 3627/2723/2055
f 3630/2655/1999 3765/2714/2049 3673/2715/2050
f 3959/2732/2060 3960/2733/2061 3981/2734/2062 3885/2735/2063 3991/2736/2064 3886/2737/2065 3887/2738/2066 3896/2739/2067 491/2740/2068 3878/2741/2069 3877/2742/2070 3927/2743/1084 3926/1448/1086 3966/1418/1056 3906/1417/1055 3907/1429/1067 3933/2744/2071 3992/2745/2072 3935/2746/2073 3934/2747/2074 3909/1435/1073 3999/1436/1074 3910/1453/1091 3925/2748/2075 3876/2749/2076 3947/1423/1061 3908/1425/1063 3988/2750/2077 4006/2751/2078 3924/2752/2079 4009/2753/2080 3997/2754/2081 3996/2755/2082 3998/2756/2083 3888/2757/2084 4001/2758/2085 3993/2759/2086 3994/2760/2087 4004/2761/2088 3995/2762/2089 3905/2763/2090 3875/2764/2091 4007/2765/2092 3904/2766/2093 3922/1014/763 3893/997/755 3890/999/756 3891/2767/2094 3990/2768/2095 3892/2769/2096 3961/2770/2097 4013/2771/2098 3897/2772/2099 3982/388/317 3898/387/316 3889/376/308 3989/372/304 3921/375/307 3964/2773/2100 3963/2774/2101 3874/2775/2102 3987/2410/1814 3948/2392/1800 3899/2394/1802 3900/2423/1823 3950/2429/1824 3971/2420/1822 3949/2411/1815 3968/2413/1817 3970/2416/1818 3969/2419/1821 4000/2776/2103 4012/2777/2104 3936/2778/2105 3912/2779/2106 4011/2780/2107 3911/2781/2108 3932/2782/2109 3962/2783/820 3965/1089/819 3945/1112/835 3946/1111/834 3923/2784/2110 4008/2785/2111 3928/2108/1557 3967/2111/1558 760/2113/1560 3879/2786/2112 3929/2787/2113 3895/2788/2114 4010/2789/2115 4003/2790/2116 4002/2791/2117 3882/2792/2118 3957/2793/2119 3984/2794/2120 791/2795/2121 3894/2796/2122 3953/2797/2123 3976/2798/2124 3977/2799/2125 3955/2800/2126 3956/2801/2127 3979/2802/2128 3943/2803/2129 3944/2804/2130 3973/2805/2131 3974/2806/2132 3986/2807/2133 3860/2808/2134 3918/2809/2135 3919/2810/2136 3985/2811/2137 3983/2812/2138 3939/2813/2139 3940/2814/2140 3937/2815/2141 3915/2816/2142 3938/2817/2143 3942/2818/2144 3941/2819/2145 3930/2820/2146 3914/2821/2147 3917/2822/2148 3916/2823/2149 3954/2824/2150 3972/2825/2151 3978/2826/2152 3975/2827/2153 3880/2828/2154 3881/2829/2155 1983/2830/2156 1851/2831/2157 635/2832/2158 3952/2833/2159 3951/2834/2160 3913/2835/2161 3920/2836/2162 3958/2837/2163 3931/2838/2164 3980/2839/2165 3901/2840/2166 4005/2841/2167 3903/2842/2168 3884/2843/2169 3883/2844/2170 3902/2845/2171
f 1444/2846/2172 2067/2847/2173 1483/2848/2174
f 298/2849/2175 1426/2850/2176 308/2851/2177
f 2052/2852/2178 2985/2853/2179 2048/2854/2180
f 342/2855/1773 340/2856/1365 339/2857/2181
f 2985/2853/2179 2054/2858/2182 3014/2859/2183
f 1217/2860/1366 714/2861/1345 1444/2846/2172
f 2070/2862/1793 1443/2863/2184 320/2864/1794
f 2054/2858/2182 1443/2863/2184 3014/2859/2183
f 1483/2848/2174 2024/2865/2185 1453/2866/2186
f 1456/2867/2187 1443/2863/2184 2070/2862/1793
f 2052/2852/2178 2054/2858/2182 2985/2853/2179
f 21/2868/1 22/2869/2188 1185/2870/17
f 22/2869/2188 177/2871/2189 1083/2872/2190
f 2053/2873/2191 2054/2858/2182 2052/2852/2178
f 1438/2874/2192 1449/2875/2193 1451/2876/2194
f 261/2877/2195 299/2878/2196 290/2879/2197
f 326/2880/2198 320/2864/1794 1443/2863/2184
f 297/2881/2199 1192/2882/2200 180/2883/2201
f 22/2869/2188 1184/2884/510 1185/2870/17
f 12/2885/2202 13/2886/2203 2991/2887/2204
f 12/2885/2202 1184/2884/510 1192/2882/2200
f 1188/2888/2205 13/2886/2203 2998/2889/2206
f 1449/2875/2193 324/2890/2207 1451/2876/2194
f 1443/2863/2184 2053/2873/2191 326/2880/2198
f 1192/2882/2200 22/2869/2188 262/2891/2208
f 22/2869/2188 1083/2872/2190 262/2891/2208
f 2054/2858/2182 2053/2873/2191 1443/2863/2184
f 1083/2872/2190 1171/2892/2209 1170/2893/2210
f 1184/2884/510 12/2885/2202 2991/2887/2204
f 299/2878/2196 298/2849/2175 290/2879/2197
f 212/2894/3 177/2871/2189 21/2868/1
f 2053/2873/2191 2052/2852/2178 1449/2875/2193
f 2053/2873/2191 1438/2874/2192 326/2880/2198
f 290/2879/2197 308/2851/2177 297/2881/2199
f 1431/2895/1079 1073/2896/1613 517/2897/1078
f 250/2898/1068 517/2897/1078 298/2849/2175
f 2070/2862/1793 2069/2899/1782 1456/2867/2187
f 2898/2900/1603 1426/2850/2176 1073/2896/1613
f 1083/2872/2190 1170/2893/2210 262/2891/2208
f 906/2901/1344 2067/2847/2173 714/2861/1345
f 298/2849/2175 517/2897/1078 1073/2896/1613
f 2991/2887/2204 1190/2902/2211 179/2903/506
f 262/2891/2208 180/2883/2201 1192/2882/2200
f 2898/2900/1603 325/2904/1797 1426/2850/2176
f 250/2898/1068 298/2849/2175 299/2878/2196
f 2030/2905/2212 1443/2863/2184 1456/2867/2187
f 292/2906/2213 1438/2874/2192 1451/2876/2194
f 3014/2859/2183 2030/2905/2212 2986/2907/2214
f 2067/2847/2173 906/2901/1344 646/2908/1363
f 297/2881/2199 308/2851/2177 2998/2889/2206
f 1449/2875/2193 1438/2874/2192 2053/2873/2191
f 1171/2892/2209 1083/2872/2190 177/2871/2189
f 2068/2909/2215 2067/2847/2173 1449/2875/2193
f 2067/2847/2173 646/2908/1363 1442/2910/2216
f 212/2894/3 248/2911/2217 177/2871/2189
f 1451/2876/2194 11/2912/508 1188/2888/2205
f 1459/2913/1355 339/2857/2181 336/2914/1339
f 1188/2888/2205 292/2906/2213 1451/2876/2194
f 1459/2913/1355 2048/2854/2180 1463/2915/2218
f 293/2916/1069 1404/2917/2219 1135/2918/1062
f 1451/2876/2194 324/2890/2207 11/2912/508
f 1441/2919/2220 2067/2847/2173 1442/2910/2216
f 2069/2899/1782 2030/2905/2212 1456/2867/2187
f 1453/2866/2186 1452/2920/1354 1483/2848/2174
f 3014/2859/2183 2986/2907/2214 2985/2853/2179
f 262/2891/2208 1170/2893/2210 180/2883/2201
f 13/2886/2203 1188/2888/2205 1190/2902/2211
f 3014/2859/2183 1443/2863/2184 2030/2905/2212
f 714/2861/1345 2067/2847/2173 1444/2846/2172
f 339/2857/2181 1459/2913/1355 1463/2915/2218
f 177/2871/2189 22/2869/2188 21/2868/1
f 248/2911/2217 148/2921/217 1411/2922/216
f 11/2912/508 324/2890/2207 1441/2919/2220
f 1190/2902/2211 11/2912/508 322/2923/507
f 12/2885/2202 1192/2882/2200 297/2881/2199
f 1449/2875/2193 2067/2847/2173 1441/2919/2220
f 248/2911/2217 212/2894/3 148/2921/217
f 1190/2902/2211 2991/2887/2204 13/2886/2203
f 2068/2909/2215 2052/2852/2178 2048/2854/2180
f 1444/2846/2172 1452/2920/1354 1217/2860/1366
f 13/2886/2203 297/2881/2199 2998/2889/2206
f 1441/2919/2220 646/2908/1363 11/2912/508
f 325/2904/1797 326/2880/2198 1439/2924/2221
f 308/2851/2177 1426/2850/2176 325/2904/1797
f 2067/2847/2173 2068/2909/2215 1483/2848/2174
f 646/2908/1363 1441/2919/2220 1442/2910/2216
f 1449/2875/2193 1441/2919/2220 324/2890/2207
f 2068/2909/2215 2024/2865/2185 1483/2848/2174
f 2048/2854/2180 2024/2865/2185 2068/2909/2215
f 1404/2917/2219 1170/2893/2210 1171/2892/2209
f 180/2883/2201 1170/2893/2210 290/2879/2197
f 292/2906/2213 1188/2888/2205 2998/2889/2206
f 1188/2888/2205 11/2912/508 1190/2902/2211
f 322/2923/507 179/2903/506 1190/2902/2211
f 325/2904/1797 1440/2925/1785 326/2880/2198
f 2986/2907/2214 2048/2854/2180 2985/2853/2179
f 1411/2922/216 1135/2918/1062 1171/2892/2209
f 2052/2852/2178 2068/2909/2215 1449/2875/2193
f 290/2879/2197 298/2849/2175 308/2851/2177
f 248/2911/2217 1171/2892/2209 177/2871/2189
f 2048/2854/2180 2986/2907/2214 1466/2926/1779
f 646/2908/1363 1191/2927/502 11/2912/508
f 1458/2928/1780 2030/2905/2212 2069/2899/1782
f 339/2857/2181 1466/2926/1779 342/2855/1773
f 1438/2874/2192 292/2906/2213 1439/2924/2221
f 1463/2915/2218 2048/2854/2180 1466/2926/1779
f 298/2849/2175 1073/2896/1613 1426/2850/2176
f 1170/2893/2210 1404/2917/2219 261/2877/2195
f 2898/2900/1603 368/2929/1605 325/2904/1797
f 326/2880/2198 1440/2925/1785 320/2864/1794
f 308/2851/2177 325/2904/1797 1439/2924/2221
f 1458/2928/1780 1466/2926/1779 2986/2907/2214
f 339/2857/2181 1463/2915/2218 1466/2926/1779
f 1453/2866/2186 2024/2865/2185 1459/2913/1355
f 2986/2907/2214 2030/2905/2212 1458/2928/1780
f 180/2883/2201 290/2879/2197 297/2881/2199
f 1184/2884/510 2991/2887/2204 179/2903/506
f 1184/2884/510 22/2869/2188 1192/2882/2200
f 336/2914/1339 339/2857/2181 340/2856/1365
f 1459/2913/1355 1452/2920/1354 1453/2866/2186
f 308/2851/2177 1439/2924/2221 2998/2889/2206
f 1452/2920/1354 1444/2846/2172 1483/2848/2174
f 293/2916/1069 299/2878/2196 1404/2917/2219
f 2998/2889/2206 1439/2924/2221 292/2906/2213
f 248/2911/2217 1411/2922/216 1171/2892/2209
f 13/2886/2203 12/2885/2202 297/2881/2199
f 261/2877/2195 290/2879/2197 1170/2893/2210
f 250/2898/1068 299/2878/2196 293/2916/1069
f 1404/2917/2219 1171/2892/2209 1135/2918/1062
f 1459/2913/1355 2024/2865/2185 2048/2854/2180
f 299/2878/2196 261/2877/2195 1404/2917/2219
f 1439/2924/2221 326/2880/2198 1438/2874/2192
f 669/2930/2222 781/2931/163 869/2932/2223
f 383/2933/2224 241/2934/2225 243/2935/2226
f 660/2936/2227 2230/2937/2228 746/2938/2229
f 957/2939/2230 944/2940/1679 960/2941/1686
f 630/2942/2231 618/2943/2232 667/2944/2233
f 643/2945/2234 645/2946/2235 657/2947/2236
f 2233/2948/2237 757/2949/2238 794/2950/2239
f 663/2951/2240 648/2952/2241 1152/2953/2242
f 626/2954/2243 636/2955/2244 637/2956/2245
f 636/2955/2244 625/2957/2246 608/2958/2247
f 2241/2959/2248 2217/2960/2249 2252/2961/2250
f 705/2962/2251 627/2963/2252 626/2954/2243
f 627/2963/2252 651/2964/76 667/2944/2233
f 905/2965/2253 2204/2966/2254 904/2967/2255
f 651/2964/76 652/2968/75 667/2944/2233
f 778/2969/2256 2217/2960/2249 845/2970/2257
f 922/2971/1637 768/2972/2258 924/2973/2259
f 785/2974/162 778/2969/2256 845/2970/2257
f 937/2975/2260 706/2976/2261 663/2951/2240
f 2230/2937/2228 768/2972/2258 933/2977/1636
f 869/2932/2223 781/2931/163 777/2978/2262
f 631/2979/2263 955/2980/2264 241/2934/2225
f 626/2954/2243 627/2963/2252 667/2944/2233
f 957/2939/2230 747/2981/2265 929/2982/2266
f 660/2936/2227 938/2983/2267 706/2976/2261
f 957/2939/2230 960/2941/1686 662/2984/2268
f 950/2985/1687 662/2984/2268 960/2941/1686
f 2255/2986/957 2214/2987/2269 778/2969/2256
f 762/2988/2270 924/2973/2259 768/2972/2258
f 383/2933/2224 631/2979/2263 241/2934/2225
f 869/2932/2223 658/2989/333 659/2990/334
f 957/2939/2230 954/2991/2271 747/2981/2265
f 778/2969/2256 2294/2992/161 2247/2993/879
f 937/2975/2260 2237/2994/2272 763/2995/2273
f 705/2962/2251 626/2954/2243 637/2956/2245
f 2241/2959/2248 2252/2961/2250 757/2949/2238
f 845/2970/2257 745/2996/2274 910/2997/2275
f 2252/2961/2250 2217/2960/2249 2214/2987/2269
f 794/2950/2239 757/2949/2238 2252/2961/2250
f 648/2952/2241 650/2998/2276 744/2999/2277
f 2241/2959/2248 756/3000/2278 845/2970/2257
f 608/2958/2247 639/3001/2279 636/2955/2244
f 2611/3002/2280 924/2973/2259 905/2965/2253
f 669/2930/2222 782/3003/164 781/2931/163
f 637/2956/2245 636/2955/2244 639/3001/2279
f 929/2982/2266 746/2938/2229 2230/2937/2228
f 904/2967/2255 2611/3002/2280 905/2965/2253
f 636/2955/2244 606/3004/2281 625/2957/2246
f 957/2939/2230 662/2984/2268 954/2991/2271
f 648/2952/2241 938/2983/2267 661/3005/2282
f 869/2932/2223 1151/3006/2283 658/2989/333
f 937/2975/2260 905/2965/2253 2237/2994/2272
f 669/2930/2222 809/3007/329 782/3003/164
f 663/2951/2240 1152/2953/2242 1151/3006/2283
f 662/2984/2268 243/2935/2226 664/3008/2284
f 747/2981/2265 938/2983/2267 746/2938/2229
f 747/2981/2265 954/2991/2271 661/3005/2282
f 2215/3009/2285 2214/2987/2269 2208/3010/956
f 664/3008/2284 243/2935/2226 955/2980/2264
f 2252/2961/2250 2214/2987/2269 2215/3009/2285
f 660/2936/2227 706/2976/2261 937/2975/2260
f 657/2947/2236 645/2946/2235 630/2942/2231
f 652/2968/75 630/2942/2231 667/2944/2233
f 768/2972/2258 922/2971/1637 933/2977/1636
f 682/3011/74 668/3012/2286 743/3013/2287
f 2247/2993/879 2255/2986/957 778/2969/2256
f 2208/3010/956 2214/2987/2269 2255/2986/957
f 910/2997/2275 745/2996/2274 937/2975/2260
f 2212/3014/2288 2236/3015/2289 2670/3016/2290
f 657/2947/2236 630/2942/2231 743/3013/2287
f 1152/2953/2242 743/3013/2287 1151/3006/2283
f 626/2954/2243 618/2943/2232 636/2955/2244
f 669/2930/2222 659/2990/334 809/3007/329
f 1151/3006/2283 668/3012/2286 658/2989/333
f 630/2942/2231 631/2979/2263 618/2943/2232
f 743/3013/2287 668/3012/2286 1151/3006/2283
f 954/2991/2271 664/3008/2284 647/3017/2291
f 663/2951/2240 1151/3006/2283 869/2932/2223
f 762/2988/2270 2230/2937/2228 2237/2994/2272
f 954/2991/2271 647/3017/2291 661/3005/2282
f 747/2981/2265 661/3005/2282 938/2983/2267
f 777/2978/2262 910/2997/2275 869/2932/2223
f 217/3018/2292 239/3019/1044 243/2935/2226
f 631/2979/2263 383/2933/2224 624/3020/2293
f 2214/2987/2269 2217/2960/2249 778/2969/2256
f 243/2935/2226 239/3019/1044 383/2933/2224
f 647/3017/2291 643/2945/2234 657/2947/2236
f 241/2934/2225 955/2980/2264 243/2935/2226
f 1152/2953/2242 648/2952/2241 744/2999/2277
f 2215/3009/2285 2236/3015/2289 2212/3014/2288
f 757/2949/2238 756/3000/2278 2241/2959/2248
f 239/3019/1044 217/3018/2292 951/3021/1043
f 660/2936/2227 763/2995/2273 2230/2937/2228
f 631/2979/2263 643/2945/2234 955/2980/2264
f 2237/2994/2272 905/2965/2253 924/2973/2259
f 778/2969/2256 785/2974/162 2294/2992/161
f 744/2999/2277 650/2998/2276 657/2947/2236
f 2215/3009/2285 2208/3010/956 2236/3015/2289
f 706/2976/2261 938/2983/2267 648/2952/2241
f 2212/3014/2288 794/2950/2239 2252/2961/2250
f 243/2935/2226 950/2985/1687 217/3018/2292
f 746/2938/2229 929/2982/2266 747/2981/2265
f 869/2932/2223 659/2990/334 669/2930/2222
f 959/3022/1648 217/3018/2292 950/2985/1687
f 647/3017/2291 650/2998/2276 661/3005/2282
f 2212/3014/2288 2252/2961/2250 2215/3009/2285
f 631/2979/2263 624/3020/2293 618/2943/2232
f 660/2936/2227 746/2938/2229 938/2983/2267
f 643/2945/2234 664/3008/2284 955/2980/2264
f 937/2975/2260 763/2995/2273 660/2936/2227
f 2233/2948/2237 756/3000/2278 757/2949/2238
f 929/2982/2266 933/2977/1636 931/3023/1663
f 217/3018/2292 959/3022/1648 951/3021/1043
f 647/3017/2291 664/3008/2284 643/2945/2234
f 243/2935/2226 662/2984/2268 950/2985/1687
f 2204/2966/2254 756/3000/2278 2233/2948/2237
f 744/2999/2277 657/2947/2236 743/3013/2287
f 933/2977/1636 929/2982/2266 2230/2937/2228
f 745/2996/2274 2204/2966/2254 905/2965/2253
f 664/3008/2284 954/2991/2271 662/2984/2268
f 745/2996/2274 845/2970/2257 756/3000/2278
f 777/2978/2262 781/2931/163 785/2974/162
f 845/2970/2257 910/2997/2275 777/2978/2262
f 845/2970/2257 777/2978/2262 785/2974/162
f 2204/2966/2254 745/2996/2274 756/3000/2278
f 931/3023/1663 957/2939/2230 929/2982/2266
f 924/2973/2259 762/2988/2270 2237/2994/2272
f 647/3017/2291 657/2947/2236 650/2998/2276
f 661/3005/2282 650/2998/2276 648/2952/2241
f 643/2945/2234 631/2979/2263 645/2946/2235
f 744/2999/2277 743/3013/2287 1152/2953/2242
f 624/3020/2293 606/3004/2281 636/2955/2244
f 663/2951/2240 910/2997/2275 937/2975/2260
f 648/2952/2241 663/2951/2240 706/2976/2261
f 743/3013/2287 652/2968/75 682/3011/74
f 905/2965/2253 937/2975/2260 745/2996/2274
f 931/3023/1663 944/2940/1679 957/2939/2230
f 636/2955/2244 618/2943/2232 624/3020/2293
f 667/2944/2233 618/2943/2232 626/2954/2243
f 845/2970/2257 2217/2960/2249 2241/2959/2248
f 2237/2994/2272 2230/2937/2228 763/2995/2273
f 869/2932/2223 910/2997/2275 663/2951/2240
f 630/2942/2231 652/2968/75 743/3013/2287
f 645/2946/2235 631/2979/2263 630/2942/2231
f 682/3011/74 658/2989/333 668/3012/2286
f 768/2972/2258 2230/2937/2228 762/2988/2270
f 923/3024/2294 2624/3025/1643 922/3026/1637
f 3206/3027/2295 3205/3028/2296 3202/3029/2297
f 935/3030/2298 2625/3031/1644 2624/3025/1643
f 3234/3032/2299 2659/3033/2300 2979/3034/2301
f 2220/3035/2302 2212/3036/2288 2218/3037/2303
f 2666/3038/2304 2668/3039/2305 2610/3040/2306
f 2653/3041/2307 934/3042/2308 2667/3043/2309
f 2649/3044/2310 934/3042/2308 935/3030/2298
f 2660/3045/2311 2629/3046/1667 934/3042/2308
f 934/3042/2308 2649/3044/2310 2662/3047/2312
f 3072/3048/1697 3200/3049/1691 2643/3050/2313
f 3267/3051/2314 2659/3033/2300 3232/3052/2315
f 3202/3029/2297 3279/3053/2316 3207/3054/2317
f 3279/3053/2316 3199/3055/2318 3259/3056/2319
f 2575/3057/925 2576/3058/2320 2585/3059/2321
f 2232/3060/2322 2228/3061/2323 2226/3062/2324
f 3260/3063/2325 3258/3064/2326 3666/3065/2327
f 923/3024/2294 924/3066/2259 2648/3067/2328
f 2627/3068/2329 2638/3069/2330 2636/3070/1689
f 924/3066/2259 2611/3071/2280 2648/3067/2328
f 3206/3027/2295 3073/3072/2331 2643/3050/2313
f 2625/3031/1644 934/3042/2308 2629/3046/1667
f 2580/3073/1187 2573/3074/2332 2572/3075/1190
f 2666/3038/2304 2652/3076/2333 2667/3043/2309
f 2226/3062/2324 2204/3077/2254 2233/3078/2237
f 3210/3079/1721 3207/3054/2317 3261/3080/2334
f 3072/3048/1697 2643/3050/2313 3073/3072/2331
f 794/3081/2239 2220/3035/2302 2226/3062/2324
f 2652/3076/2333 2655/3082/2335 2653/3041/2307
f 2643/3050/2313 3200/3049/1691 2638/3069/2330
f 2649/3044/2310 1023/3083/2336 2662/3047/2312
f 2648/3067/2328 2611/3071/2280 767/3084/2337
f 2611/3071/2280 904/3085/2255 767/3084/2337
f 2570/3086/2338 2589/3087/2339 2644/3088/2340
f 2203/3089/2341 825/3090/2342 1161/3091/2343
f 924/3066/2259 923/3024/2294 922/3026/1637
f 1161/3091/2343 3388/3092/2344 2221/3093/2345
f 3210/3079/1721 3072/3048/1697 3073/3072/2331
f 767/3084/2337 1022/3094/2346 936/3095/2347
f 2649/3044/2310 935/3030/2298 2648/3067/2328
f 2218/3037/2303 2670/3096/2290 825/3090/2342
f 2979/3034/2301 2659/3033/2300 2651/3097/2348
f 934/3042/2308 2625/3031/1644 935/3030/2298
f 3263/3098/2349 3261/3080/2334 2589/3087/2339
f 3265/3099/2350 2651/3097/2348 3267/3051/2314
f 3258/3064/2326 3260/3063/2325 3291/3100/2351
f 2585/3059/2321 2574/3101/1192 2583/3102/944
f 2582/3103/2352 2585/3059/2321 2589/3087/2339
f 2234/3104/2353 2513/3105/2354 2979/3034/2301
f 2582/3103/2352 2573/3074/2332 2585/3059/2321
f 3263/3098/2349 2585/3059/2321 2576/3058/2320
f 2563/3106/2355 3260/3063/2325 3666/3065/2327
f 3259/3056/2319 3291/3100/2351 3279/3053/2316
f 2226/3062/2324 2233/3078/2237 794/3081/2239
f 2653/3041/2307 2660/3045/2311 934/3042/2308
f 3201/3107/2356 3265/3099/2350 3199/3055/2318
f 3234/3032/2299 3255/3108/2357 2598/3109/2358
f 3206/3027/2295 3207/3054/2317 3073/3072/2331
f 3261/3080/2334 3305/3110/2359 2589/3087/2339
f 3237/3111/2360 3232/3052/2315 2598/3109/2358
f 3199/3055/2318 3279/3053/2316 3202/3029/2297
f 3235/3112/2361 3234/3032/2299 2979/3034/2301
f 2667/3043/2309 934/3042/2308 2662/3047/2312
f 2570/3086/2338 2572/3075/1190 2582/3103/2352
f 3235/3112/2361 2979/3034/2301 2513/3105/2354
f 2570/3086/2338 2582/3103/2352 2589/3087/2339
f 3267/3051/2314 3291/3100/2351 3259/3056/2319
f 936/3095/2347 1023/3083/2336 2649/3044/2310
f 2610/3040/2306 2979/3034/2301 2661/3113/2362
f 2629/3046/1667 2657/3114/2363 2626/3115/2364
f 2598/3109/2358 3255/3108/2357 3251/3116/2365
f 2657/3114/2363 2660/3045/2311 2650/3117/2366
f 3207/3054/2317 3279/3053/2316 3261/3080/2334
f 1023/3083/2336 2665/3118/2367 2662/3047/2312
f 1022/3094/2346 2665/3118/2367 1023/3083/2336
f 2648/3067/2328 935/3030/2298 923/3024/2294
f 1022/3094/2346 1023/3083/2336 936/3095/2347
f 3258/3064/2326 3291/3100/2351 3267/3051/2314
f 2789/3119/2368 769/3120/2369 2664/3121/2370
f 794/3081/2239 2212/3036/2288 2220/3035/2302
f 2659/3033/2300 3267/3051/2314 2651/3097/2348
f 3210/3079/1721 3263/3098/2349 2576/3058/2320
f 2575/3057/925 2790/3122/924 2576/3058/2320
f 2234/3104/2353 2610/3040/2306 2664/3121/2370
f 2652/3076/2333 2661/3113/2362 2651/3097/2348
f 2789/3119/2368 2668/3039/2305 2665/3118/2367
f 2650/3117/2366 2638/3069/2330 2627/3068/2329
f 2652/3076/2333 2653/3041/2307 2667/3043/2309
f 2589/3087/2339 2585/3059/2321 3263/3098/2349
f 3305/3110/2359 3291/3100/2351 2644/3088/2340
f 3267/3051/2314 3232/3052/2315 3258/3064/2326
f 2636/3070/1689 2637/3123/1671 2627/3068/2329
f 2626/3115/2364 2637/3123/1671 2629/3046/1667
f 3666/3065/2327 3258/3064/2326 3232/3052/2315
f 3305/3110/2359 2644/3088/2340 2589/3087/2339
f 2651/3097/2348 2661/3113/2362 2979/3034/2301
f 2232/3060/2322 2664/3121/2370 2228/3061/2323
f 767/3084/2337 2228/3061/2323 769/3120/2369
f 3210/3079/1721 3261/3080/2334 3263/3098/2349
f 3232/3052/2315 3237/3111/2360 3666/3065/2327
f 2789/3119/2368 2665/3118/2367 769/3120/2369
f 3232/3052/2315 2659/3033/2300 3234/3032/2299
f 3260/3063/2325 2563/3106/2355 2644/3088/2340
f 2513/3105/2354 2234/3104/2353 2221/3093/2345
f 3265/3099/2350 3259/3056/2319 3199/3055/2318
f 2665/3118/2367 1022/3094/2346 767/3084/2337
f 3237/3111/2360 3240/3124/2371 3666/3065/2327
f 2649/3044/2310 2648/3067/2328 936/3095/2347
f 2655/3082/2335 2651/3097/2348 3201/3107/2356
f 3202/3029/2297 3201/3107/2356 3199/3055/2318
f 3240/3124/2371 2563/3106/2355 3666/3065/2327
f 3234/3032/2299 2598/3109/2358 3232/3052/2315
f 2666/3038/2304 2610/3040/2306 2661/3113/2362
f 2211/3125/2372 2218/3037/2303 2203/3089/2341
f 3201/3107/2356 3205/3028/2296 2655/3082/2335
f 2655/3082/2335 3205/3028/2296 2650/3117/2366
f 2576/3058/2320 2792/3126/1722 3210/3079/1721
f 2221/3093/2345 2203/3089/2341 1161/3091/2343
f 3235/3112/2361 3255/3108/2357 3234/3032/2299
f 2670/3096/2290 2218/3037/2303 2212/3036/2288
f 3265/3099/2350 3267/3051/2314 3259/3056/2319
f 2627/3068/2329 2626/3115/2364 2657/3114/2363
f 2644/3088/2340 2563/3106/2355 2570/3086/2338
f 767/3084/2337 904/3085/2255 2204/3077/2254
f 2232/3060/2322 2203/3089/2341 2221/3093/2345
f 2580/3073/1187 3294/3127/1194 2573/3074/2332
f 2232/3060/2322 2211/3125/2372 2203/3089/2341
f 2226/3062/2324 767/3084/2337 2204/3077/2254
f 2232/3060/2322 2226/3062/2324 2211/3125/2372
f 3251/3116/2365 3237/3111/2360 2598/3109/2358
f 3206/3027/2295 3202/3029/2297 3207/3054/2317
f 936/3095/2347 2648/3067/2328 767/3084/2337
f 3235/3112/2361 2513/3105/2354 3388/3092/2344
f 2665/3118/2367 767/3084/2337 769/3120/2369
f 3235/3112/2361 3251/3116/2365 3255/3108/2357
f 3279/3053/2316 3305/3110/2359 3261/3080/2334
f 2211/3125/2372 2226/3062/2324 2220/3035/2302
f 2629/3046/1667 2660/3045/2311 2657/3114/2363
f 2638/3069/2330 3206/3027/2295 2643/3050/2313
f 2979/3034/2301 2610/3040/2306 2234/3104/2353
f 2655/3082/2335 2650/3117/2366 2653/3041/2307
f 2234/3104/2353 2664/3121/2370 2232/3060/2322
f 3260/3063/2325 2644/3088/2340 3291/3100/2351
f 2221/3093/2345 2234/3104/2353 2232/3060/2322
f 2650/3117/2366 2627/3068/2329 2657/3114/2363
f 2624/3025/1643 923/3024/2294 935/3030/2298
f 2662/3047/2312 2665/3118/2367 2668/3039/2305
f 3237/3111/2360 3251/3116/2365 3240/3124/2371
f 3294/3127/1194 2574/3101/1192 2573/3074/2332
f 2638/3069/2330 3200/3049/1691 2636/3070/1689
f 2668/3039/2305 2667/3043/2309 2662/3047/2312
f 2660/3045/2311 2653/3041/2307 2650/3117/2366
f 2610/3040/2306 2668/3039/2305 2789/3119/2368
f 3205/3028/2296 3201/3107/2356 3202/3029/2297
f 2664/3121/2370 769/3120/2369 2228/3061/2323
f 2792/3126/1722 2576/3058/2320 2790/3122/924
f 3201/3107/2356 2651/3097/2348 3265/3099/2350
f 2666/3038/2304 2667/3043/2309 2668/3039/2305
f 2626/3115/2364 2627/3068/2329 2637/3123/1671
f 2585/3059/2321 2583/3102/944 2575/3057/925
f 2218/3037/2303 2211/3125/2372 2220/3035/2302
f 3205/3028/2296 2638/3069/2330 2650/3117/2366
f 2574/3101/1192 2585/3059/2321 2573/3074/2332
f 3207/3054/2317 3210/3079/1721 3073/3072/2331
f 2610/3040/2306 2789/3119/2368 2664/3121/2370
f 2221/3093/2345 3388/3092/2344 2513/3105/2354
f 2661/3113/2362 2652/3076/2333 2666/3038/2304
f 2228/3061/2323 767/3084/2337 2226/3062/2324
f 2655/3082/2335 2652/3076/2333 2651/3097/2348
f 2218/3037/2303 825/3090/2342 2203/3089/2341
f 3305/3110/2359 3279/3053/2316 3291/3100/2351
f 2582/3103/2352 2572/3075/1190 2573/3074/2332
f 3205/3028/2296 3206/3027/2295 2638/3069/2330
f 3156/3128/2373 2685/3129/2374 3153/3130/2375
f 2685/3129/2374 3161/3131/2376 2684/3132/2377
f 1093/3133/2378 2906/3134/2379 995/3135/2380
f 2852/3136/2381 2684/3132/2377 3044/3137/2382
f 2832/3138/169 2836/3139/2383 2761/3140/105
f 3159/3141/2384 3156/3128/2373 3153/3130/2375
f 2785/3142/1732 3825/3143/2385 2768/3144/2386
f 3152/3145/2387 3161/3131/2376 3156/3128/2373
f 2817/3146/1725 2766/3147/55 2959/3148/2388
f 2767/3149/2389 2784/3150/1730 2786/3151/1728
f 980/3152/2390 2707/3153/2391 2705/3154/2392
f 2828/3155/172 2692/3156/2393 2852/3136/2381
f 973/3157/1675 2696/3158/2394 2698/3159/2395
f 2684/3132/2377 2852/3136/2381 2692/3156/2393
f 3154/3160/2396 3161/3131/2376 3152/3145/2387
f 3044/3137/2382 3161/3131/2376 3645/3161/2397
f 2684/3132/2377 3161/3131/2376 3044/3137/2382
f 3154/3160/2396 3645/3161/2397 3161/3131/2376
f 3645/3161/2397 3154/3160/2396 3042/3162/2398
f 3156/3128/2373 3161/3131/2376 2685/3129/2374
f 3154/3160/2396 2703/3163/2399 3042/3162/2398
f 2696/3158/2394 3154/3160/2396 3155/3164/2400
f 2961/3165/2401 3044/3137/2382 3580/3166/2402
f 2828/3155/172 2836/3139/2383 2832/3138/169
f 3096/3167/2403 3051/3168/1703 3057/3169/2404
f 2692/3156/2393 2685/3129/2374 2684/3132/2377
f 2703/3163/2399 973/3157/1675 2795/3170/1627
f 995/3135/2380 997/3171/2405 1371/3172/40
f 3096/3167/2403 2961/3165/2401 3580/3166/2402
f 1035/3173/1647 974/3174/1631 1009/3175/2406
f 2694/3176/2407 3158/3177/2408 2695/3178/2409
f 1009/3175/2406 974/3174/1631 975/3179/1630
f 1134/3180/2410 1008/3181/1645 1035/3173/1647
f 1002/3182/2411 989/3183/2412 2715/3184/2413
f 989/3183/2412 996/3185/2414 997/3171/2405
f 3154/3160/2396 3152/3145/2387 3155/3164/2400
f 2718/3186/2415 1001/3187/2416 2715/3184/2413
f 2726/3188/2417 1006/3189/2418 2720/3190/2419
f 3042/3162/2398 2703/3163/2399 3274/3191/2420
f 3096/3167/2403 3057/3169/2404 2762/3192/2421
f 2945/3193/2422 956/3194/2423 2770/3195/2424
f 2715/3184/2413 988/3196/2425 2721/3197/2426
f 978/3198/1625 980/3152/2390 982/3199/2427
f 2715/3184/2413 1090/3200/2428 1007/3201/2429
f 3158/3177/2408 3160/3202/2430 3157/3203/348
f 2721/3197/2426 2717/3204/2431 1090/3200/2428
f 980/3152/2390 983/3205/2432 982/3199/2427
f 995/3135/2380 2906/3134/2379 1006/3189/2418
f 1093/3133/2378 1008/3181/1645 1134/3180/2410
f 2828/3155/172 2852/3136/2381 2762/3192/2421
f 3057/3169/2404 2827/3206/2433 2762/3192/2421
f 1115/3207/1653 1008/3181/1645 1093/3133/2378
f 2945/3193/2422 2767/3149/2389 2765/3208/2434
f 2703/3163/2399 3154/3160/2396 2696/3158/2394
f 1093/3133/2378 995/3135/2380 121/3209/490
f 1001/3187/2416 2733/3210/433 1002/3182/2411
f 2696/3158/2394 2707/3153/2391 2698/3159/2395
f 1005/3211/42 1002/3182/2411 2733/3210/433
f 1005/3211/42 1004/3212/38 996/3185/2414
f 996/3185/2414 1002/3182/2411 1005/3211/42
f 1001/3187/2416 2937/3213/2435 2733/3210/433
f 3580/3166/2402 3040/3214/2436 3096/3167/2403
f 2706/3215/2437 3155/3164/2400 2697/3216/2438
f 2852/3136/2381 3044/3137/2382 2961/3165/2401
f 2959/3148/2388 2765/3208/2434 2767/3149/2389
f 2707/3153/2391 1011/3217/2439 2705/3154/2392
f 3159/3141/2384 3153/3130/2375 2691/3218/349
f 2770/3195/2424 3709/3219/2440 2768/3144/2386
f 2190/3220/2441 2959/3148/2388 2820/3221/2442
f 2827/3206/2433 3057/3169/2404 2769/3222/2443
f 997/3171/2405 2719/3223/2444 989/3183/2412
f 3709/3219/2440 2769/3222/2443 2768/3144/2386
f 3057/3169/2404 2956/3224/1739 2769/3222/2443
f 2769/3222/2443 2783/3225/1733 2768/3144/2386
f 2765/3208/2434 956/3194/2423 2945/3193/2422
f 2769/3222/2443 2956/3224/1739 2783/3225/1733
f 2769/3222/2443 3709/3219/2440 2827/3206/2433
f 2768/3144/2386 2783/3225/1733 2785/3142/1732
f 2718/3186/2415 1007/3201/2429 2694/3176/2407
f 2959/3148/2388 2190/3220/2441 2765/3208/2434
f 2836/3139/2383 2827/3206/2433 3709/3219/2440
f 3060/3226/51 3050/3227/52 3598/3228/2445
f 2828/3155/172 2762/3192/2421 2836/3139/2383
f 2762/3192/2421 2852/3136/2381 2961/3165/2401
f 2767/3149/2389 3825/3143/2385 2784/3150/1730
f 2836/3139/2383 2762/3192/2421 2827/3206/2433
f 1048/3229/2446 956/3194/2423 3598/3228/2445
f 3060/3226/51 2190/3220/2441 2820/3221/2442
f 2953/3230/19 2825/3231/18 2959/3148/2388
f 3598/3228/2445 3086/3232/106 1048/3229/2446
f 1001/3187/2416 1002/3182/2411 2715/3184/2413
f 2817/3146/1725 2767/3149/2389 2786/3151/1728
f 2717/3204/2431 983/3205/2432 1011/3217/2439
f 972/3233/1678 2698/3159/2395 980/3152/2390
f 3148/3234/2447 2707/3153/2391 2697/3216/2438
f 2870/3235/49 3060/3226/51 2820/3221/2442
f 2768/3144/2386 3825/3143/2385 2770/3195/2424
f 2706/3215/2437 2707/3153/2391 2696/3158/2394
f 111/3236/12 1115/3207/1653 1093/3133/2378
f 2707/3153/2391 3148/3234/2447 1011/3217/2439
f 2706/3215/2437 2697/3216/2438 2707/3153/2391
f 989/3183/2412 1002/3182/2411 996/3185/2414
f 2945/3193/2422 2770/3195/2424 3825/3143/2385
f 989/3183/2412 2719/3223/2444 988/3196/2425
f 1011/3217/2439 1090/3200/2428 2717/3204/2431
f 2939/3237/1920 3123/3238/2448 3121/3239/1941
f 3040/3214/2436 3580/3166/2402 3645/3161/2397
f 2820/3221/2442 2901/3240/22 2870/3235/49
f 2959/3148/2388 2825/3231/18 2820/3221/2442
f 2685/3129/2374 2692/3156/2393 2691/3218/349
f 1010/3241/2449 982/3199/2427 983/3205/2432
f 2756/3242/342 2692/3156/2393 2828/3155/172
f 2959/3148/2388 2766/3147/55 2953/3230/19
f 3152/3145/2387 3156/3128/2373 3158/3177/2408
f 1048/3229/2446 2761/3140/105 2836/3139/2383
f 3158/3177/2408 2694/3176/2407 3148/3234/2447
f 2698/3159/2395 2707/3153/2391 980/3152/2390
f 2696/3158/2394 973/3157/1675 2703/3163/2399
f 2937/3213/2435 2758/3243/2450 2944/3244/1162
f 2937/3213/2435 2944/3244/1162 2733/3210/433
f 3123/3238/2448 2939/3237/1920 2937/3213/2435
f 121/3209/490 111/3236/12 1093/3133/2378
f 1134/3180/2410 2720/3190/2419 2906/3134/2379
f 1090/3200/2428 2715/3184/2413 2721/3197/2426
f 3105/3245/1904 3142/3246/2451 3112/3247/1910
f 1007/3201/2429 2718/3186/2415 2715/3184/2413
f 1011/3217/2439 3148/3234/2447 2714/3248/2452
f 2906/3134/2379 1093/3133/2378 1134/3180/2410
f 973/3157/1675 2698/3159/2395 972/3233/1678
f 2718/3186/2415 2937/3213/2435 1001/3187/2416
f 3142/3246/2451 2695/3178/2409 3112/3247/1910
f 2705/3154/2392 1011/3217/2439 983/3205/2432
f 3274/3191/2420 2703/3163/2399 2795/3170/1627
f 1006/3189/2418 2719/3223/2444 997/3171/2405
f 3825/3143/2385 2785/3142/1732 2784/3150/1730
f 1371/3172/40 997/3171/2405 1004/3212/38
f 3053/3249/1729 3725/3250/1706 3274/3191/2420
f 1011/3217/2439 2714/3248/2452 1007/3201/2429
f 3598/3228/2445 3050/3227/52 3086/3232/106
f 988/3196/2425 2715/3184/2413 989/3183/2412
f 983/3205/2432 980/3152/2390 2705/3154/2392
f 1009/3175/2406 975/3179/1630 1010/3241/2449
f 3158/3177/2408 3112/3247/1910 2695/3178/2409
f 3060/3226/51 3598/3228/2445 2190/3220/2441
f 3160/3202/2430 3158/3177/2408 3156/3128/2373
f 2726/3188/2417 2721/3197/2426 1006/3189/2418
f 2719/3223/2444 2721/3197/2426 988/3196/2425
f 3096/3167/2403 3040/3214/2436 3725/3250/1706
f 3042/3162/2398 3040/3214/2436 3645/3161/2397
f 3096/3167/2403 3725/3250/1706 3051/3168/1703
f 3053/3249/1729 3274/3191/2420 2795/3170/1627
f 2726/3188/2417 2720/3190/2419 2725/3251/2453
f 1035/3173/1647 1009/3175/2406 2725/3251/2453
f 3160/3202/2430 3156/3128/2373 3159/3141/2384
f 2767/3149/2389 2817/3146/1725 2959/3148/2388
f 3123/3238/2448 2718/3186/2415 2694/3176/2407
f 3645/3161/2397 3580/3166/2402 3044/3137/2382
f 2691/3218/349 3157/3203/348 3159/3141/2384
f 975/3179/1630 982/3199/2427 1010/3241/2449
f 3121/3239/1941 3142/3246/2451 3105/3245/1904
f 3709/3219/2440 1048/3229/2446 2836/3139/2383
f 2697/3216/2438 3158/3177/2408 3148/3234/2447
f 2717/3204/2431 2725/3251/2453 1010/3241/2449
f 1010/3241/2449 2725/3251/2453 1009/3175/2406
f 2721/3197/2426 2725/3251/2453 2717/3204/2431
f 2756/3242/342 2691/3218/349 2692/3156/2393
f 1006/3189/2418 2906/3134/2379 2720/3190/2419
f 2706/3215/2437 2696/3158/2394 3155/3164/2400
f 995/3135/2380 1006/3189/2418 997/3171/2405
f 121/3209/490 995/3135/2380 1371/3172/40
f 1011/3217/2439 1007/3201/2429 1090/3200/2428
f 2697/3216/2438 3155/3164/2400 3152/3145/2387
f 1048/3229/2446 3709/3219/2440 2770/3195/2424
f 2694/3176/2407 2695/3178/2409 3142/3246/2451
f 1035/3173/1647 2725/3251/2453 2720/3190/2419
f 3086/3232/106 2761/3140/105 1048/3229/2446
f 2961/3165/2401 3096/3167/2403 2762/3192/2421
f 2901/3240/22 2820/3221/2442 2825/3231/18
f 3142/3246/2451 3121/3239/1941 3123/3238/2448
f 3152/3145/2387 3158/3177/2408 2697/3216/2438
f 2770/3195/2424 956/3194/2423 1048/3229/2446
f 3157/3203/348 3160/3202/2430 3159/3141/2384
f 1006/3189/2418 2721/3197/2426 2719/3223/2444
f 3051/3168/1703 2956/3224/1739 3057/3169/2404
f 2765/3208/2434 2190/3220/2441 956/3194/2423
f 978/3198/1625 982/3199/2427 975/3179/1630
f 3598/3228/2445 956/3194/2423 2190/3220/2441
f 2945/3193/2422 3825/3143/2385 2767/3149/2389
f 3157/3203/348 3112/3247/1910 3158/3177/2408
f 1035/3173/1647 2720/3190/2419 1134/3180/2410
f 2758/3243/2450 2937/3213/2435 2939/3237/1920
f 3148/3234/2447 2694/3176/2407 2714/3248/2452
f 2691/3218/349 3153/3130/2375 2685/3129/2374
f 983/3205/2432 2717/3204/2431 1010/3241/2449
f 2694/3176/2407 1007/3201/2429 2714/3248/2452
f 3123/3238/2448 2694/3176/2407 3142/3246/2451
f 3274/3191/2420 3040/3214/2436 3042/3162/2398
f 3725/3250/1706 3040/3214/2436 3274/3191/2420
f 972/3233/1678 980/3152/2390 978/3198/1625
f 996/3185/2414 1004/3212/38 997/3171/2405
f 2726/3188/2417 2725/3251/2453 2721/3197/2426
f 2937/3213/2435 2718/3186/2415 3123/3238/2448
f 2939/3237/1920 2944/3244/1162 2758/3243/2450
f 2496/3252/2454 2490/3253/2455 2562/3254/2456
f 2983/3255/2457 2490/3253/2455 2496/3252/2454
f 1047/3256/2458 3514/3257/2459 3505/3258/2460
f 3505/3258/2460 1069/3259/2461 3507/3260/2462
f 3536/3261/2463 3562/3262/2464 3453/3263/2465
f 821/3264/2466 833/3265/288 822/3266/291
f 3514/3257/2459 1047/3256/2458 3524/3267/2467
f 2450/3268/2468 2460/3269/2469 2461/3270/2470
f 2450/3268/2468 2461/3270/2470 2451/3271/2471
f 3611/3272/2472 2451/3271/2471 2452/3273/2042
f 2452/3273/2042 2451/3271/2471 2453/3274/2027
f 3567/3275/2473 3459/3276/2474 3458/3277/2475
f 3607/3278/2010 3611/3272/2472 2452/3273/2042
f 2453/3274/2027 2451/3271/2471 2461/3270/2470
f 3453/3263/2465 3430/3279/2476 3555/3280/2477
f 2478/3281/2478 2932/3282/2479 2934/3283/2480
f 2444/3284/2481 2482/3285/2482 2478/3281/2478
f 2934/3283/2480 2444/3284/2481 2478/3281/2478
f 2934/3283/2480 3468/3286/2483 2444/3284/2481
f 3468/3286/2483 2434/3287/2058 2444/3284/2481
f 2473/3288/2484 3497/3289/2485 2471/3290/2486
f 3454/3291/2487 2494/3292/2488 3526/3293/2489
f 1047/3256/2458 2466/3294/2490 3524/3267/2467
f 2984/3295/2491 2494/3292/2488 2490/3253/2455
f 2469/3296/2492 1047/3256/2458 3505/3258/2460
f 2469/3296/2492 2466/3294/2490 1047/3256/2458
f 3505/3258/2460 2468/3297/2493 2469/3296/2492
f 2466/3294/2490 3520/3298/2494 867/3299/2495
f 3501/3300/2496 3507/3260/2462 3500/3301/2497
f 3520/3298/2494 2466/3294/2490 2469/3296/2492
f 3480/3302/2498 3501/3300/2496 3500/3301/2497
f 3507/3260/2462 3501/3300/2496 2468/3297/2493
f 2469/3296/2492 2468/3297/2493 2383/3303/2499
f 2340/3304/2500 823/3305/2501 867/3299/2495
f 853/3306/2502 2340/3304/2500 3520/3298/2494
f 3501/3300/2496 3503/3307/2503 2383/3303/2499
f 3480/3302/2498 3802/3308/2504 3503/3307/2503
f 2458/3309/2505 3802/3308/2504 3594/3310/2506
f 3503/3307/2503 2454/3311/2507 2383/3303/2499
f 2340/3304/2500 821/3264/2466 822/3266/291
f 2485/3312/2508 2484/3313/2509 2562/3254/2456
f 3524/3267/2467 3567/3275/2473 3514/3257/2459
f 3499/3314/2510 3599/3315/2511 3547/3316/2512
f 3797/3317/2513 3499/3314/2510 2467/3318/2514
f 2340/3304/2500 853/3306/2502 2455/3319/2515
f 3507/3260/2462 2468/3297/2493 3505/3258/2460
f 3497/3289/2485 1065/3320/2516 2471/3290/2486
f 2467/3318/2514 2456/3321/2517 3797/3317/2513
f 2454/3311/2507 2455/3319/2515 853/3306/2502
f 855/3322/289 2340/3304/2500 2455/3319/2515
f 2467/3318/2514 3547/3316/2512 2384/3323/2518
f 2466/3294/2490 2473/3288/2484 2471/3290/2486
f 2466/3294/2490 867/3299/2495 2473/3288/2484
f 2456/3321/2517 2467/3318/2514 2454/3311/2507
f 833/3265/288 821/3264/2466 855/3322/289
f 2467/3318/2514 2384/3323/2518 2454/3311/2507
f 855/3322/289 2455/3319/2515 856/3324/294
f 3503/3307/2503 3802/3308/2504 2458/3309/2505
f 823/3305/2501 2340/3304/2500 822/3266/291
f 2456/3321/2517 2458/3309/2505 3594/3310/2506
f 3480/3302/2498 3503/3307/2503 3501/3300/2496
f 3432/3325/2519 3463/3326/2520 3522/3327/2521
f 3396/3328/2522 2492/3329/973 3489/3330/2523
f 2384/3323/2518 1111/3331/2038 856/3324/294
f 2495/3332/2524 3396/3328/2522 1058/3333/2525
f 2454/3311/2507 3503/3307/2503 2458/3309/2505
f 1058/3333/2525 3396/3328/2522 3810/3334/2526
f 2498/3335/2527 3427/3336/2528 2482/3285/2482
f 2458/3309/2505 2456/3321/2517 2454/3311/2507
f 3427/3336/2528 2478/3281/2478 2482/3285/2482
f 3810/3334/2526 3427/3336/2528 1058/3333/2525
f 856/3324/294 2454/3311/2507 2384/3323/2518
f 2456/3321/2517 3594/3310/2506 3797/3317/2513
f 3593/3337/2529 3547/3316/2512 3599/3315/2511
f 3798/3338/2059 1111/3331/2038 3593/3337/2529
f 2383/3303/2499 2454/3311/2507 853/3306/2502
f 2477/3339/2530 3427/3336/2528 3810/3334/2526
f 2454/3311/2507 856/3324/294 2455/3319/2515
f 853/3306/2502 3520/3298/2494 2469/3296/2492
f 867/3299/2495 3520/3298/2494 2340/3304/2500
f 1111/3331/2038 2384/3323/2518 3547/3316/2512
f 2478/3281/2478 3427/3336/2528 2476/3340/2531
f 2383/3303/2499 853/3306/2502 2469/3296/2492
f 2478/3281/2478 2476/3340/2531 2932/3282/2479
f 3499/3314/2510 3547/3316/2512 2467/3318/2514
f 2471/3290/2486 3524/3267/2467 2466/3294/2490
f 3547/3316/2512 3593/3337/2529 1111/3331/2038
f 855/3322/289 821/3264/2466 2340/3304/2500
f 2468/3297/2493 3501/3300/2496 2383/3303/2499
f 2477/3339/2530 2476/3340/2531 3427/3336/2528
f 2477/3339/2530 3487/3341/2532 2476/3340/2531
f 3487/3341/2532 2474/3342/2533 2932/3282/2479
f 2922/3343/2534 2562/3254/2456 2484/3313/2509
f 3574/3344/2535 2/3345/2536 3474/3346/2537
f 3570/3347/2538 3597/3348/2539 3575/3349/2540
f 3480/3302/2498 3500/3301/2497 3464/3350/2541
f 3591/3351/2542 3593/3337/2529 3599/3315/2511
f 3597/3348/2539 1/3352/2543 2/3345/2536
f 3594/3310/2506 3802/3308/2504 3800/3353/2544
f 3475/3354/2545 3574/3344/2535 3474/3346/2537
f 3463/3326/2520 2/3345/2536 3464/3350/2541
f 3610/3355/2546 3586/3356/2547 3658/3357/2548
f 3475/3354/2545 3474/3346/2537 2450/3268/2468
f 3474/3346/2537 2493/3358/2549 2450/3268/2468
f 3464/3350/2541 2/3345/2536 3480/3302/2498
f 3800/3353/2544 3596/3359/2550 3610/3355/2546
f 3474/3346/2537 2/3345/2536 3463/3326/2520
f 2/3345/2536 3802/3308/2504 3480/3302/2498
f 3797/3317/2513 3610/3355/2546 3499/3314/2510
f 3597/3348/2539 3574/3344/2535 3575/3349/2540
f 2/3345/2536 1/3352/2543 3802/3308/2504
f 3575/3349/2540 3574/3344/2535 3475/3354/2545
f 2451/3271/2471 3475/3354/2545 2450/3268/2468
f 3464/3350/2541 3500/3301/2497 3529/3360/2551
f 3596/3359/2550 1/3352/2543 3597/3348/2539
f 3610/3355/2546 3596/3359/2550 3576/3361/2552
f 3575/3349/2540 3611/3272/2472 3570/3347/2538
f 3570/3347/2538 3611/3272/2472 3585/3362/2553
f 3610/3355/2546 3576/3361/2552 3585/3362/2553
f 3475/3354/2545 2451/3271/2471 3575/3349/2540
f 3800/3353/2544 3802/3308/2504 1/3352/2543
f 3529/3360/2551 3463/3326/2520 3464/3350/2541
f 1/3352/2543 3596/3359/2550 3800/3353/2544
f 3499/3314/2510 3610/3355/2546 3599/3315/2511
f 2/3345/2536 3574/3344/2535 3597/3348/2539
f 3610/3355/2546 3797/3317/2513 3800/3353/2544
f 3585/3362/2553 3586/3356/2547 3610/3355/2546
f 3599/3315/2511 3610/3355/2546 3658/3357/2548
f 3454/3291/2487 3563/3363/2554 2494/3292/2488
f 3529/3360/2551 3500/3301/2497 1069/3259/2461
f 3599/3315/2511 3658/3357/2548 3591/3351/2542
f 3576/3361/2552 3596/3359/2550 3597/3348/2539
f 3611/3272/2472 3575/3349/2540 2451/3271/2471
f 3797/3317/2513 3594/3310/2506 3800/3353/2544
f 3570/3347/2538 3585/3362/2553 3576/3361/2552
f 3576/3361/2552 3597/3348/2539 3570/3347/2538
f 3500/3301/2497 3507/3260/2462 1069/3259/2461
f 1076/3364/2555 2493/3358/2549 2483/3365/2556
f 3474/3346/2537 2483/3365/2556 2493/3358/2549
f 2483/3365/2556 3474/3346/2537 3463/3326/2520
f 2472/3366/972 2492/3329/973 3403/3367/2557
f 2922/3343/2534 2496/3252/2454 2562/3254/2456
f 2496/3252/2454 2922/3343/2534 2495/3332/2524
f 2444/3284/2481 2434/3287/2058 2460/3269/2469
f 2481/3368/2558 2482/3285/2482 1076/3364/2555
f 2481/3368/2558 2933/3369/2559 2983/3255/2457
f 2450/3268/2468 1076/3364/2555 2459/3370/2560
f 2484/3313/2509 3403/3367/2557 2922/3343/2534
f 2482/3285/2482 2459/3370/2560 1076/3364/2555
f 3403/3367/2557 2495/3332/2524 2922/3343/2534
f 2461/3270/2470 2446/3371/2057 2453/3274/2027
f 3403/3367/2557 3396/3328/2522 2495/3332/2524
f 1058/3333/2525 2498/3335/2527 2496/3252/2454
f 2450/3268/2468 2493/3358/2549 1076/3364/2555
f 2498/3335/2527 2481/3368/2558 2983/3255/2457
f 2495/3332/2524 1058/3333/2525 2496/3252/2454
f 2481/3368/2558 2498/3335/2527 2482/3285/2482
f 2983/3255/2457 2496/3252/2454 2498/3335/2527
f 2460/3269/2469 2434/3287/2058 2446/3371/2057
f 2492/3329/973 3396/3328/2522 3403/3367/2557
f 3458/3277/2475 3456/3372/2561 3432/3325/2519
f 2446/3371/2057 2461/3270/2470 2460/3269/2469
f 2460/3269/2469 2459/3370/2560 2444/3284/2481
f 2482/3285/2482 2444/3284/2481 2459/3370/2560
f 2460/3269/2469 2450/3268/2468 2459/3370/2560
f 2933/3369/2559 2481/3368/2558 1076/3364/2555
f 3524/3267/2467 2471/3290/2486 3528/3373/2562
f 1064/3374/2563 3524/3267/2467 3528/3373/2562
f 3522/3327/2521 3458/3277/2475 3432/3325/2519
f 3458/3277/2475 3526/3293/2489 3456/3372/2561
f 3555/3280/2477 1064/3374/2563 1065/3320/2516
f 3562/3262/2464 3536/3261/2463 3563/3363/2554
f 2483/3365/2556 3463/3326/2520 2984/3295/2491
f 3497/3289/2485 3535/3375/2564 1065/3320/2516
f 3453/3263/2465 3452/3376/2565 3430/3279/2476
f 2471/3290/2486 1065/3320/2516 3528/3373/2562
f 2498/3335/2527 1058/3333/2525 3427/3336/2528
f 3458/3277/2475 3522/3327/2521 3567/3275/2473
f 3514/3257/2459 3567/3275/2473 3522/3327/2521
f 3505/3258/2460 3522/3327/2521 1069/3259/2461
f 3456/3372/2561 3463/3326/2520 3432/3325/2519
f 3562/3262/2464 3459/3276/2474 3452/3376/2565
f 3459/3276/2474 3430/3279/2476 3452/3376/2565
f 3555/3280/2477 3430/3279/2476 1064/3374/2563
f 3459/3276/2474 3562/3262/2464 3458/3277/2475
f 1076/3364/2555 2984/3295/2491 2933/3369/2559
f 3456/3372/2561 3526/3293/2489 2984/3295/2491
f 2462/3377/2566 2490/3253/2455 2494/3292/2488
f 3796/3378/2046 3585/3362/2553 3611/3272/2472
f 3796/3378/2046 3658/3357/2548 3586/3356/2547
f 3658/3357/2548 3798/3338/2059 3591/3351/2542
f 3562/3262/2464 3452/3376/2565 3453/3263/2465
f 3586/3356/2547 3585/3362/2553 3796/3378/2046
f 3591/3351/2542 3798/3338/2059 3593/3337/2529
f 3481/3379/2004 3798/3338/2059 3658/3357/2548
f 3454/3291/2487 3526/3293/2489 3562/3262/2464
f 3796/3378/2046 3611/3272/2472 3607/3278/2010
f 3796/3378/2046 3481/3379/2004 3658/3357/2548
f 3526/3293/2489 3458/3277/2475 3562/3262/2464
f 3563/3363/2554 2462/3377/2566 2494/3292/2488
f 3396/3328/2522 3489/3330/2523 3810/3334/2526
f 3562/3262/2464 3563/3363/2554 3454/3291/2487
f 2984/3295/2491 3463/3326/2520 3456/3372/2561
f 1064/3374/2563 3430/3279/2476 3459/3276/2474
f 2933/3369/2559 2490/3253/2455 2983/3255/2457
f 3555/3280/2477 1065/3320/2516 3535/3375/2564
f 2490/3253/2455 2462/3377/2566 2562/3254/2456
f 3567/3275/2473 3524/3267/2467 1064/3374/2563
f 2490/3253/2455 2933/3369/2559 2984/3295/2491
f 3522/3327/2521 3529/3360/2551 1069/3259/2461
f 2934/3283/2480 2932/3282/2479 2474/3342/2533
f 2462/3377/2566 2485/3312/2508 2562/3254/2456
f 2932/3282/2479 2476/3340/2531 3487/3341/2532
f 3514/3257/2459 3522/3327/2521 3505/3258/2460
f 3529/3360/2551 3522/3327/2521 3463/3326/2520
f 3567/3275/2473 1064/3374/2563 3459/3276/2474
f 2984/3295/2491 1076/3364/2555 2483/3365/2556
f 3526/3293/2489 2494/3292/2488 2984/3295/2491
f 1064/3374/2563 3528/3373/2562 1065/3320/2516
f 2521/3380/2567 2545/3381/2568 2522/3382/2569
f 3418/3383/2570 2515/3384/2571 2607/3385/2572
f 2527/3386/2573 2554/3387/2574 3203/3388/2575
f 2525/3389/2576 3246/3390/2577 2545/3381/2568
f 3404/3391/2578 3805/3392/2579 2514/3393/2580
f 3398/3394/2581 3846/3395/2582 3847/3396/2583
f 2554/3387/2574 2527/3386/2573 2528/3397/2584
f 2363/3398/2585 2236/3399/2289 2240/3400/967
f 3347/3401/2586 3246/3390/2577 2525/3389/2576
f 3245/3402/2587 3287/3403/2588 3322/3404/2589
f 3339/3405/2590 3347/3401/2586 2525/3389/2576
f 2529/3406/2591 2531/3407/2592 2620/3408/2593
f 1094/3409/2594 3253/3410/2595 2553/3411/2596
f 2503/3412/2597 3/3413/2598 2507/3414/2599
f 2542/3415/2600 3422/3416/2601 3420/3417/2602
f 2977/3418/2603 3348/3419/2604 2553/3411/2596
f 3253/3410/2595 3344/3420/2605 3339/3405/2590
f 1094/3409/2594 2553/3411/2596 2529/3406/2591
f 2551/3421/2606 2549/3422/2607 2548/3423/2608
f 2593/3424/2609 1094/3409/2594 2529/3406/2591
f 3331/3425/2610 2547/3426/2611 3247/3427/2612
f 2535/3428/2613 2518/3429/2614 2534/3430/2615
f 3348/3419/2604 2535/3428/2613 2531/3407/2592
f 2534/3430/2615 2530/3431/2616 2535/3428/2613
f 2593/3424/2609 3347/3401/2586 3344/3420/2605
f 2551/3421/2606 2548/3423/2608 873/3432/2617
f 2593/3424/2609 3323/3433/2618 3347/3401/2586
f 3245/3402/2587 3247/3427/2612 3243/3434/2619
f 2508/3435/2620 873/3432/2617 2982/3436/2621
f 748/3437/121 2532/3438/118 2222/3439/2622
f 3287/3403/2588 3257/3440/2623 3322/3404/2589
f 3250/3441/2624 3398/3394/2581 2542/3415/2600
f 1059/3442/2625 2547/3426/2611 2530/3431/2616
f 2501/3443/2626 3326/3444/2627 3323/3433/2618
f 2603/3445/2628 3243/3434/2619 2534/3430/2615
f 2534/3430/2615 3244/3446/2629 2603/3445/2628
f 3846/3395/2582 3413/3447/2630 3847/3396/2583
f 2531/3407/2592 2529/3406/2591 3348/3419/2604
f 2547/3426/2611 1059/3442/2625 3247/3427/2612
f 3246/3390/2577 3326/3444/2627 2548/3423/2608
f 3/3413/2598 3377/3448/2631 2505/3449/2632
f 3404/3391/2578 2502/3450/2633 3398/3394/2581
f 873/3432/2617 2501/3443/2626 2536/3451/2634
f 3239/3452/2635 2603/3445/2628 2609/3453/2636
f 2620/3408/2593 2547/3426/2611 3331/3425/2610
f 2205/3454/2637 3805/3392/2579 3847/3396/2583
f 2503/3412/2597 2606/3455/2638 2607/3385/2572
f 3323/3433/2618 2620/3408/2593 3331/3425/2610
f 3239/3452/2635 2600/3456/2639 3241/3457/2640
f 825/3458/2342 2206/3459/2641 1161/3460/2343
f 3239/3452/2635 3243/3434/2619 2603/3445/2628
f 2545/3381/2568 3332/3461/2642 2525/3389/2576
f 3323/3433/2618 3331/3425/2610 2552/3462/2643
f 2536/3451/2634 2552/3462/2643 2506/3463/2644
f 2210/3464/2645 2205/3454/2637 2206/3459/2641
f 2363/3398/2585 2670/3465/2290 2236/3399/2289
f 3245/3402/2587 3322/3404/2589 3247/3427/2612
f 3331/3425/2610 2561/3466/2646 2552/3462/2643
f 2503/3412/2597 2607/3385/2572 2515/3384/2571
f 2502/3450/2633 2542/3415/2600 3398/3394/2581
f 3395/3467/2647 1161/3460/2343 2510/3468/2648
f 3236/3469/2649 4/3470/2650 3394/3471/2651
f 3413/3447/2630 3846/3395/2582 3414/3472/2652
f 2503/3412/2597 2509/3473/2653 2606/3455/2638
f 3/3413/2598 2515/3384/2571 3394/3471/2651
f 2507/3414/2599 2509/3473/2653 2503/3412/2597
f 3235/3474/2361 3236/3469/2649 3394/3471/2651
f 2608/3475/2654 903/3476/1167 2600/3456/2639
f 902/3477/2655 903/3476/1167 2608/3475/2654
f 903/3476/1167 902/3477/2655 898/3478/119
f 2608/3475/2654 899/3479/2656 902/3477/2655
f 898/3478/119 902/3477/2655 2532/3438/118
f 2605/3480/2657 883/3481/2658 899/3479/2656
f 883/3481/2658 872/3482/2659 871/3483/2660
f 3/3413/2598 3394/3471/2651 4/3470/2650
f 3388/3484/2344 3407/3485/2661 3235/3474/2361
f 871/3483/2660 2532/3438/118 883/3481/2658
f 2227/3486/2662 871/3483/2660 872/3482/2659
f 902/3477/2655 899/3479/2656 2532/3438/118
f 2227/3486/2662 872/3482/2659 2527/3386/2573
f 871/3483/2660 2227/3486/2662 879/3487/2663
f 2600/3456/2639 903/3476/1167 2599/3488/1166
f 877/3489/2664 876/3490/2665 2223/3491/2666
f 3251/3492/2365 3235/3474/2361 3394/3471/2651
f 879/3487/2663 2227/3486/2662 877/3489/2664
f 3395/3467/2647 3413/3447/2630 3414/3472/2652
f 2222/3439/2622 2532/3438/118 871/3483/2660
f 877/3489/2664 2227/3486/2662 2527/3386/2573
f 883/3481/2658 2532/3438/118 899/3479/2656
f 871/3483/2660 879/3487/2663 2222/3439/2622
f 877/3489/2664 2527/3386/2573 876/3490/2665
f 3413/3447/2630 2205/3454/2637 3847/3396/2583
f 3414/3472/2652 3846/3395/2582 3250/3441/2624
f 2571/3493/2667 1163/3494/2668 2570/3495/2338
f 3250/3441/2624 3415/3496/2669 3377/3448/2631
f 3288/3497/2670 3308/3498/1189 3282/3499/2671
f 3415/3496/2669 3250/3441/2624 2542/3415/2600
f 2240/3400/967 847/3500/951 2363/3398/2585
f 2363/3398/2585 847/3500/951 2210/3464/2645
f 2210/3464/2645 3805/3392/2579 2205/3454/2637
f 3407/3485/2661 3236/3469/2649 3235/3474/2361
f 2563/3501/2355 2607/3385/2572 2571/3493/2667
f 2515/3384/2571 3418/3383/2570 3394/3471/2651
f 3251/3492/2365 3418/3383/2570 2607/3385/2572
f 2607/3385/2572 2563/3501/2355 3240/3502/2371
f 2563/3501/2355 2571/3493/2667 2570/3495/2338
f 2503/3412/2597 2515/3384/2571 3/3413/2598
f 3413/3447/2630 3395/3467/2647 2510/3468/2648
f 3240/3502/2371 3251/3492/2365 2607/3385/2572
f 2982/3436/2621 2516/3503/2672 3420/3417/2602
f 3377/3448/2631 3415/3496/2669 2516/3503/2672
f 3315/3504/2673 3414/3472/2652 3250/3441/2624
f 3394/3471/2651 3418/3383/2570 3251/3492/2365
f 2572/3505/1190 2570/3495/2338 1163/3494/2668
f 2571/3493/2667 2607/3385/2572 2606/3455/2638
f 3377/3448/2631 3/3413/2598 4/3470/2650
f 3388/3484/2344 3395/3467/2647 3414/3472/2652
f 3241/3457/2640 3287/3403/2588 3239/3452/2635
f 2206/3459/2641 2205/3454/2637 2510/3468/2648
f 3377/3448/2631 3315/3504/2673 3250/3441/2624
f 1161/3460/2343 3395/3467/2647 3388/3484/2344
f 2586/3506/1169 3288/3497/2670 3241/3457/2640
f 2502/3450/2633 3422/3416/2601 2542/3415/2600
f 2236/3399/2289 2208/3507/956 2240/3400/967
f 3377/3448/2631 2516/3503/2672 2505/3449/2632
f 3414/3472/2652 3315/3504/2673 3388/3484/2344
f 2536/3451/2634 2516/3503/2672 2982/3436/2621
f 3308/3498/1189 3286/3508/1172 3282/3499/2671
f 3246/3390/2577 2522/3382/2569 2545/3381/2568
f 2536/3451/2634 2505/3449/2632 2516/3503/2672
f 2210/3464/2645 847/3500/951 2514/3393/2580
f 1161/3460/2343 2206/3459/2641 2510/3468/2648
f 2566/3509/2674 2560/3510/2675 3204/3511/2676
f 3250/3441/2624 3846/3395/2582 3398/3394/2581
f 3326/3444/2627 2501/3443/2626 2548/3423/2608
f 3264/3512/2677 2557/3513/2678 3288/3497/2670
f 2210/3464/2645 2670/3465/2290 2363/3398/2585
f 3013/3514/2679 3332/3461/2642 2545/3381/2568
f 4/3470/2650 3236/3469/2649 3315/3504/2673
f 2586/3506/1169 3241/3457/2640 2599/3488/1166
f 2205/3454/2637 3413/3447/2630 2510/3468/2648
f 3805/3392/2579 3404/3391/2578 3847/3396/2583
f 3339/3405/2590 2528/3397/2584 3253/3410/2595
f 3/3413/2598 2505/3449/2632 2507/3414/2599
f 3264/3512/2677 3257/3440/2623 3287/3403/2588
f 2554/3387/2574 3339/3405/2590 2525/3389/2576
f 2525/3389/2576 3332/3461/2642 2554/3387/2574
f 2602/3515/2680 2608/3475/2654 2600/3456/2639
f 2210/3464/2645 825/3458/2342 2670/3465/2290
f 3315/3504/2673 3377/3448/2631 4/3470/2650
f 2518/3429/2614 2519/3516/2681 2605/3480/2657
f 2519/3516/2681 883/3481/2658 2605/3480/2657
f 883/3481/2658 2519/3516/2681 2526/3517/2682
f 2526/3517/2682 872/3482/2659 883/3481/2658
f 2608/3475/2654 2602/3515/2680 899/3479/2656
f 2519/3516/2681 3348/3419/2604 2526/3517/2682
f 3348/3419/2604 2977/3418/2603 2526/3517/2682
f 2568/3518/1188 2572/3505/1190 1163/3494/2668
f 3318/3519/2683 2558/3520/2684 2561/3466/2646
f 872/3482/2659 2526/3517/2682 2977/3418/2603
f 3315/3504/2673 3236/3469/2649 3407/3485/2661
f 3244/3446/2629 2518/3429/2614 2605/3480/2657
f 3244/3446/2629 899/3479/2656 2602/3515/2680
f 2977/3418/2603 2528/3397/2584 872/3482/2659
f 2519/3516/2681 2518/3429/2614 3348/3419/2604
f 872/3482/2659 2528/3397/2584 2527/3386/2573
f 876/3490/2665 3203/3388/2575 2554/3387/2574
f 3332/3461/2642 876/3490/2665 2554/3387/2574
f 899/3479/2656 3244/3446/2629 2605/3480/2657
f 876/3490/2665 3332/3461/2642 2223/3491/2666
f 2527/3386/2573 3203/3388/2575 876/3490/2665
f 3332/3461/2642 3013/3514/2679 875/3521/2685
f 3257/3440/2623 3264/3512/2677 3204/3511/2676
f 2223/3491/2666 3332/3461/2642 875/3521/2685
f 3318/3519/2683 3322/3404/2589 3257/3440/2623
f 874/3522/2686 875/3521/2685 3013/3514/2679
f 875/3521/2685 874/3522/2686 2223/3491/2666
f 2509/3473/2653 2507/3414/2599 2505/3449/2632
f 2505/3449/2632 2506/3463/2644 2509/3473/2653
f 885/3523/2687 2509/3473/2653 2506/3463/2644
f 2509/3473/2653 885/3523/2687 2606/3455/2638
f 2536/3451/2634 2506/3463/2644 2505/3449/2632
f 2560/3510/2675 2606/3455/2638 885/3523/2687
f 2560/3510/2675 2571/3493/2667 2606/3455/2638
f 2571/3493/2667 2560/3510/2675 1163/3494/2668
f 3388/3484/2344 3315/3504/2673 3407/3485/2661
f 3241/3457/2640 3288/3497/2670 2557/3513/2678
f 2542/3415/2600 3420/3417/2602 2516/3503/2672
f 2561/3466/2646 2558/3520/2684 885/3523/2687
f 2553/3411/2596 2528/3397/2584 2977/3418/2603
f 2593/3424/2609 3344/3420/2605 1094/3409/2594
f 1059/3442/2625 2534/3430/2615 3243/3434/2619
f 2599/3488/1166 3241/3457/2640 2600/3456/2639
f 2549/3422/2607 2551/3421/2606 3193/3524/2688
f 3404/3391/2578 3398/3394/2581 3847/3396/2583
f 2558/3520/2684 3257/3440/2623 2560/3510/2675
f 2514/3393/2580 3805/3392/2579 2210/3464/2645
f 3331/3425/2610 3247/3427/2612 3318/3519/2683
f 2518/3429/2614 3244/3446/2629 2534/3430/2615
f 3280/3525/2689 3286/3508/1172 2565/3526/1171
f 873/3432/2617 2536/3451/2634 2982/3436/2621
f 3282/3499/2671 3280/3525/2689 3204/3511/2676
f 2531/3407/2592 2547/3426/2611 2620/3408/2593
f 2501/3443/2626 3323/3433/2618 2552/3462/2643
f 873/3432/2617 2508/3435/2620 2551/3421/2606
f 1059/3442/2625 3243/3434/2619 3247/3427/2612
f 2560/3510/2675 885/3523/2687 2558/3520/2684
f 2560/3510/2675 2566/3509/2674 1163/3494/2668
f 3326/3444/2627 3347/3401/2586 3323/3433/2618
f 2565/3526/1171 2568/3518/1188 2564/3527/2690
f 2603/3445/2628 2602/3515/2680 2609/3453/2636
f 3193/3524/2688 3246/3390/2577 2549/3422/2607
f 3204/3511/2676 3264/3512/2677 3282/3499/2671
f 2609/3453/2636 2600/3456/2639 3239/3452/2635
f 3322/3404/2589 3318/3519/2683 3247/3427/2612
f 2501/3443/2626 2552/3462/2643 2536/3451/2634
f 2561/3466/2646 2506/3463/2644 2552/3462/2643
f 3245/3402/2587 3239/3452/2635 3287/3403/2588
f 2516/3503/2672 3415/3496/2669 2542/3415/2600
f 3308/3498/1189 3288/3497/2670 2586/3506/1169
f 2609/3453/2636 2602/3515/2680 2600/3456/2639
f 2210/3464/2645 2206/3459/2641 825/3458/2342
f 2531/3407/2592 2535/3428/2613 2530/3431/2616
f 3326/3444/2627 3246/3390/2577 3347/3401/2586
f 1059/3442/2625 2530/3431/2616 2534/3430/2615
f 2553/3411/2596 3348/3419/2604 2529/3406/2591
f 2501/3443/2626 873/3432/2617 2548/3423/2608
f 3243/3434/2619 3239/3452/2635 3245/3402/2587
f 2603/3445/2628 3244/3446/2629 2602/3515/2680
f 3241/3457/2640 2557/3513/2678 3287/3403/2588
f 2620/3408/2593 3323/3433/2618 2593/3424/2609
f 2530/3431/2616 2547/3426/2611 2531/3407/2592
f 3318/3519/2683 2561/3466/2646 3331/3425/2610
f 3280/3525/2689 3282/3499/2671 3286/3508/1172
f 3013/3514/2679 2545/3381/2568 2521/3380/2567
f 2518/3429/2614 2535/3428/2613 3348/3419/2604
f 3344/3420/2605 3253/3410/2595 1094/3409/2594
f 3193/3524/2688 2522/3382/2569 3246/3390/2577
f 3347/3401/2586 3339/3405/2590 3344/3420/2605
f 3280/3525/2689 2565/3526/1171 2564/3527/2690
f 2564/3527/2690 1163/3494/2668 2566/3509/2674
f 2560/3510/2675 3257/3440/2623 3204/3511/2676
f 2564/3527/2690 2568/3518/1188 1163/3494/2668
f 2561/3466/2646 885/3523/2687 2506/3463/2644
f 2548/3423/2608 2549/3422/2607 3246/3390/2577
f 2593/3424/2609 2529/3406/2591 2620/3408/2593
f 3282/3499/2671 3264/3512/2677 3288/3497/2670
f 2566/3509/2674 3280/3525/2689 2564/3527/2690
f 3339/3405/2590 2554/3387/2574 2528/3397/2584
f 3280/3525/2689 2566/3509/2674 3204/3511/2676
f 2558/3520/2684 3318/3519/2683 3257/3440/2623
f 2553/3411/2596 3253/3410/2595 2528/3397/2584
f 2557/3513/2678 3264/3512/2677 3287/3403/2588
f 92/3528/2691 88/3529/2692 1019/3530/2693
f 3141/3531/1147 3115/3532/2694 2734/3533/1889
f 88/3529/2692 1330/3534/2695 1335/3535/2696
f 1020/3536/1939 3141/3531/1147 2734/3533/1889
f 1118/3537/2697 71/3538/2698 1328/3539/2699
f 78/3540/2700 1309/3541/2701 70/3542/2702
f 1117/3543/2703 86/3544/2704 70/3542/2702
f 1297/3545/2705 1377/3546/2706 71/3538/2698
f 1328/3539/2699 1311/3547/260 77/3548/2707
f 1328/3539/2699 1308/3549/2708 1118/3537/2697
f 1313/3550/1923 1311/3547/260 1328/3539/2699
f 75/3551/2709 77/3548/2707 1311/3547/260
f 1305/3552/1911 86/3544/2704 1117/3543/2703
f 1328/3539/2699 86/3544/2704 1313/3550/1923
f 86/3544/2704 1328/3539/2699 71/3538/2698
f 1305/3552/1911 1313/3550/1923 86/3544/2704
f 78/3540/2700 70/3542/2702 1377/3546/2706
f 1309/3541/2701 1117/3543/2703 70/3542/2702
f 71/3538/2698 70/3542/2702 86/3544/2704
f 1297/3545/2705 71/3538/2698 72/3553/743
f 72/3553/743 71/3538/2698 1118/3537/2697
f 75/3551/2709 1311/3547/260 1303/3554/262
f 71/3538/2698 1377/3546/2706 70/3542/2702
f 1327/3555/1155 88/3529/2692 171/3556/2710
f 1072/3557/2711 74/3558/2712 2895/3559/753
f 74/3558/2712 1071/3560/2713 2895/3559/753
f 1321/3561/2714 1377/3546/2706 1071/3560/2713
f 1297/3545/2705 2895/3559/753 1071/3560/2713
f 2895/3559/753 1297/3545/2705 1298/3562/745
f 1071/3560/2713 1377/3546/2706 1297/3545/2705
f 1298/3562/745 1297/3545/2705 72/3553/743
f 113/3563/142 1308/3549/2708 77/3548/2707
f 1306/3564/140 72/3553/743 1118/3537/2697
f 1308/3549/2708 113/3563/142 1118/3537/2697
f 1310/3565/141 113/3563/142 77/3548/2707
f 1306/3564/140 1118/3537/2697 113/3563/142
f 1308/3549/2708 1328/3539/2699 77/3548/2707
f 990/3566/398 106/3567/2715 1014/3568/267
f 1013/3569/263 91/3570/2716 1303/3554/262
f 2994/3571/44 90/3572/46 106/3567/2715
f 106/3567/2715 90/3572/46 91/3570/2716
f 91/3570/2716 1014/3568/267 106/3567/2715
f 1013/3569/263 1014/3568/267 91/3570/2716
f 1310/3565/141 75/3551/2709 90/3572/46
f 106/3567/2715 990/3566/398 1364/3573/441
f 91/3570/2716 75/3551/2709 1303/3554/262
f 1364/3573/441 2994/3571/44 106/3567/2715
f 91/3570/2716 90/3572/46 75/3551/2709
f 75/3551/2709 1310/3565/141 77/3548/2707
f 63/3574/1150 1322/3575/1133 82/3576/2717
f 73/3577/2718 63/3574/1150 82/3576/2717
f 1295/3578/1023 1296/3579/2719 1292/3580/1008
f 306/3581/2720 1288/3582/2721 219/3583/2722
f 162/3584/2723 219/3583/2722 1288/3582/2721
f 361/3585/2724 310/3586/2725 306/3581/2720
f 310/3586/2725 288/3587/2726 303/3588/2727
f 224/3589/1011 1296/3579/2719 1295/3578/1023
f 315/3590/2728 361/3585/2724 396/3591/2729
f 1296/3579/2719 303/3588/2727 317/3592/2730
f 279/3593/2731 219/3583/2722 162/3584/2723
f 310/3586/2725 303/3588/2727 306/3581/2720
f 396/3591/2729 219/3583/2722 279/3593/2731
f 1286/3594/2732 306/3581/2720 237/3595/2733
f 1019/3530/2693 88/3529/2692 1335/3535/2696
f 316/3596/1007 317/3592/2730 315/3590/2728
f 316/3596/1007 1072/3557/2711 2895/3559/753
f 1323/3597/2734 92/3528/2691 1318/3598/2735
f 1318/3598/2735 92/3528/2691 1317/3599/2736
f 1317/3599/2736 92/3528/2691 1316/3600/2737
f 3338/3601/1161 3115/3532/2694 3113/3602/1131
f 1072/3557/2711 316/3596/1007 315/3590/2728
f 1292/3580/1008 317/3592/2730 316/3596/1007
f 3141/3531/1147 3113/3602/1131 3115/3532/2694
f 1286/3594/2732 1288/3582/2721 306/3581/2720
f 1292/3580/1008 1296/3579/2719 317/3592/2730
f 321/3603/2738 1296/3579/2719 224/3589/1011
f 348/3604/1010 295/3605/2739 224/3589/1011
f 321/3603/2738 303/3588/2727 1296/3579/2719
f 303/3588/2727 288/3587/2726 317/3592/2730
f 361/3585/2724 219/3583/2722 396/3591/2729
f 295/3605/2739 321/3603/2738 224/3589/1011
f 317/3592/2730 288/3587/2726 315/3590/2728
f 361/3585/2724 306/3581/2720 219/3583/2722
f 303/3588/2727 321/3603/2738 237/3595/2733
f 288/3587/2726 361/3585/2724 315/3590/2728
f 303/3588/2727 237/3595/2733 306/3581/2720
f 1286/3594/2732 237/3595/2733 295/3605/2739
f 237/3595/2733 321/3603/2738 295/3605/2739
f 288/3587/2726 310/3586/2725 361/3585/2724
f 1333/3606/2740 1282/3607/2741 73/3577/2718
f 1272/3608/2742 1291/3609/2743 369/3610/1003
f 369/3610/1003 410/3611/1002 1272/3608/2742
f 1117/3543/2703 47/3612/2744 1305/3552/1911
f 1334/3613/2745 1117/3543/2703 1309/3541/2701
f 403/3614/2746 1275/3615/2747 2872/3616/2748
f 1289/3617/2749 163/3618/463 1277/3619/2750
f 284/3620/2751 352/3621/2752 1586/3622/2753
f 1287/3623/453 1393/3624/2754 1390/3625/454
f 1273/3626/2755 1302/3627/2756 1582/3628/2757
f 242/3629/2758 352/3621/2752 155/3630/2759
f 1290/3631/2760 1276/3632/1151 1320/3633/2761
f 73/3577/2718 1319/3634/2762 1276/3632/1151
f 1274/3635/2763 1276/3632/1151 1284/3636/2764
f 1284/3636/2764 1273/3626/2755 1274/3635/2763
f 1272/3608/2742 1388/3637/1004 1279/3638/2765
f 1286/3594/2732 1289/3617/2749 1288/3582/2721
f 1279/3638/2765 1393/3624/2754 1272/3608/2742
f 1291/3609/2743 1393/3624/2754 1287/3623/453
f 2872/3616/2748 230/3639/2766 226/3640/2767
f 1582/3628/2757 1583/3641/2768 279/3593/2731
f 1393/3624/2754 1291/3609/2743 1272/3608/2742
f 1318/3598/2735 84/3642/2769 133/3643/2770
f 403/3614/2746 1320/3633/2761 1275/3615/2747
f 216/3644/2771 81/3645/2772 2878/3646/2773
f 1275/3615/2747 1326/3647/2774 2872/3616/2748
f 133/3643/2770 1325/3648/2775 1326/3647/2774
f 82/3576/2717 92/3528/2691 1333/3606/2740
f 1323/3597/2734 1318/3598/2735 133/3643/2770
f 352/3621/2752 1290/3631/2760 403/3614/2746
f 2875/3649/2776 44/3650/2777 62/3651/2778
f 44/3650/2777 170/3652/2779 168/3653/2780
f 82/3576/2717 1327/3555/1155 171/3556/2710
f 2879/3654/2781 168/3653/2780 83/3655/2782
f 62/3651/2778 168/3653/2780 2879/3654/2781
f 2879/3654/2781 61/3656/2783 62/3651/2778
f 2875/3649/2776 61/3656/2783 3129/3657/1891
f 61/3656/2783 2875/3649/2776 62/3651/2778
f 83/3655/2782 84/3642/2769 1317/3599/2736
f 2874/3658/2784 771/3659/2785 2878/3646/2773
f 230/3639/2766 2872/3616/2748 2871/3660/2786
f 84/3642/2769 168/3653/2780 170/3652/2779
f 283/3661/2787 1582/3628/2757 284/3620/2751
f 47/3612/2744 2875/3649/2776 1305/3552/1911
f 154/3662/2788 78/3540/2700 1377/3546/2706
f 2875/3649/2776 47/3612/2744 44/3650/2777
f 1586/3622/2753 1583/3641/2768 1582/3628/2757
f 279/3593/2731 1273/3626/2755 1582/3628/2757
f 1309/3541/2701 2878/3646/2773 1334/3613/2745
f 150/3663/1924 61/3656/2783 2879/3654/2781
f 44/3650/2777 81/3645/2772 170/3652/2779
f 1318/3598/2735 1317/3599/2736 84/3642/2769
f 1257/3664/1000 1390/3625/454 1279/3638/2765
f 47/3612/2744 1117/3543/2703 44/3650/2777
f 83/3655/2782 168/3653/2780 84/3642/2769
f 32/3665/2789 84/3642/2769 170/3652/2779
f 32/3665/2789 81/3645/2772 216/3644/2771
f 44/3650/2777 168/3653/2780 62/3651/2778
f 352/3621/2752 284/3620/2751 1302/3627/2756
f 81/3645/2772 44/3650/2777 1334/3613/2745
f 44/3650/2777 1117/3543/2703 1334/3613/2745
f 216/3644/2771 2878/3646/2773 32/3665/2789
f 313/3666/2790 314/3667/2791 315/3590/2728
f 2890/3668/1926 150/3663/1924 83/3655/2782
f 1582/3628/2757 1302/3627/2756 284/3620/2751
f 150/3663/1924 2879/3654/2781 83/3655/2782
f 32/3665/2789 771/3659/2785 761/3669/2792
f 170/3652/2779 81/3645/2772 32/3665/2789
f 242/3629/2758 74/3558/2712 1586/3622/2753
f 133/3643/2770 761/3669/2792 1325/3648/2775
f 761/3669/2792 771/3659/2785 256/3670/2793
f 1309/3541/2701 2874/3658/2784 2878/3646/2773
f 1323/3597/2734 133/3643/2770 1326/3647/2774
f 313/3666/2790 1586/3622/2753 314/3667/2791
f 761/3669/2792 1324/3671/2794 1325/3648/2775
f 315/3590/2728 1583/3641/2768 313/3666/2790
f 314/3667/2791 1072/3557/2711 315/3590/2728
f 154/3662/2788 1324/3671/2794 256/3670/2793
f 761/3669/2792 133/3643/2770 84/3642/2769
f 2874/3658/2784 78/3540/2700 256/3670/2793
f 1324/3671/2794 154/3662/2788 258/3672/2795
f 78/3540/2700 154/3662/2788 256/3670/2793
f 3129/3657/1891 61/3656/2783 150/3663/1924
f 1326/3647/2774 1324/3671/2794 2872/3616/2748
f 226/3640/2767 1071/3560/2713 155/3630/2759
f 1324/3671/2794 2871/3660/2786 2872/3616/2748
f 1326/3647/2774 1333/3606/2740 1323/3597/2734
f 258/3672/2795 85/3673/2796 2871/3660/2786
f 154/3662/2788 1377/3546/2706 1321/3561/2714
f 2874/3658/2784 1309/3541/2701 78/3540/2700
f 154/3662/2788 1321/3561/2714 258/3672/2795
f 1324/3671/2794 1326/3647/2774 1325/3648/2775
f 85/3673/2796 230/3639/2766 2871/3660/2786
f 258/3672/2795 1321/3561/2714 85/3673/2796
f 2875/3649/2776 3129/3657/1891 1305/3552/1911
f 256/3670/2793 771/3659/2785 2874/3658/2784
f 258/3672/2795 2871/3660/2786 1324/3671/2794
f 226/3640/2767 85/3673/2796 1321/3561/2714
f 226/3640/2767 230/3639/2766 85/3673/2796
f 1275/3615/2747 1282/3607/2741 1326/3647/2774
f 32/3665/2789 2878/3646/2773 771/3659/2785
f 396/3591/2729 1583/3641/2768 315/3590/2728
f 403/3614/2746 2872/3616/2748 155/3630/2759
f 279/3593/2731 1583/3641/2768 396/3591/2729
f 1583/3641/2768 1586/3622/2753 313/3666/2790
f 314/3667/2791 74/3558/2712 1072/3557/2711
f 155/3630/2759 1071/3560/2713 242/3629/2758
f 1290/3631/2760 1320/3633/2761 403/3614/2746
f 403/3614/2746 155/3630/2759 352/3621/2752
f 242/3629/2758 1071/3560/2713 74/3558/2712
f 256/3670/2793 1324/3671/2794 761/3669/2792
f 1302/3627/2756 1290/3631/2760 352/3621/2752
f 1586/3622/2753 1582/3628/2757 283/3661/2787
f 3133/3674/1160 3141/3531/1147 1335/3535/2696
f 1273/3626/2755 279/3593/2731 162/3584/2723
f 283/3661/2787 284/3620/2751 1586/3622/2753
f 352/3621/2752 242/3629/2758 1586/3622/2753
f 2878/3646/2773 81/3645/2772 1334/3613/2745
f 1586/3622/2753 74/3558/2712 314/3667/2791
f 1071/3560/2713 226/3640/2767 1321/3561/2714
f 1333/3606/2740 1326/3647/2774 1282/3607/2741
f 1019/3530/2693 3141/3531/1147 1020/3536/1939
f 155/3630/2759 2872/3616/2748 226/3640/2767
f 761/3669/2792 84/3642/2769 32/3665/2789
f 1316/3600/2737 83/3655/2782 1317/3599/2736
f 2890/3668/1926 83/3655/2782 1316/3600/2737
f 1316/3600/2737 2902/3675/1938 2890/3668/1926
f 1330/3534/2695 88/3529/2692 1327/3555/1155
f 3141/3531/1147 1019/3530/2693 1335/3535/2696
f 88/3529/2692 92/3528/2691 171/3556/2710
f 1392/3676/2797 1291/3609/2743 1287/3623/453
f 163/3618/463 1392/3676/2797 1287/3623/453
f 63/3574/1150 73/3577/2718 1276/3632/1151
f 1291/3609/2743 1392/3676/2797 348/3604/1010
f 92/3528/2691 1323/3597/2734 1333/3606/2740
f 1272/3608/2742 410/3611/1002 1388/3637/1004
f 1283/3677/466 1278/3678/2798 1277/3619/2750
f 1277/3619/2750 163/3618/463 1283/3677/466
f 1274/3635/2763 1283/3677/466 1276/3632/1151
f 1388/3637/1004 1301/3679/998 1279/3638/2765
f 92/3528/2691 1012/3680/1937 2902/3675/1938
f 1284/3636/2764 1276/3632/1151 1290/3631/2760
f 162/3584/2723 1288/3582/2721 1277/3619/2750
f 1282/3607/2741 1275/3615/2747 1319/3634/2762
f 82/3576/2717 171/3556/2710 92/3528/2691
f 348/3604/1010 1392/3676/2797 1289/3617/2749
f 1327/3555/1155 82/3576/2717 1322/3575/1133
f 1302/3627/2756 1273/3626/2755 1284/3636/2764
f 1289/3617/2749 1392/3676/2797 163/3618/463
f 348/3604/1010 369/3610/1003 1291/3609/2743
f 1284/3636/2764 1290/3631/2760 1302/3627/2756
f 1286/3594/2732 295/3605/2739 1289/3617/2749
f 3136/3681/1137 1330/3534/2695 1327/3555/1155
f 1279/3638/2765 1301/3679/998 1257/3664/1000
f 1316/3600/2737 92/3528/2691 2902/3675/1938
f 1279/3638/2765 1390/3625/454 1393/3624/2754
f 1289/3617/2749 1277/3619/2750 1288/3582/2721
f 1319/3634/2762 1275/3615/2747 1320/3633/2761
f 1274/3635/2763 1273/3626/2755 162/3584/2723
f 1319/3634/2762 73/3577/2718 1282/3607/2741
f 1319/3634/2762 1320/3633/2761 1276/3632/1151
f 1333/3606/2740 73/3577/2718 82/3576/2717
f 1283/3677/466 1274/3635/2763 1278/3678/2798
f 162/3584/2723 1278/3678/2798 1274/3635/2763
f 348/3604/1010 1289/3617/2749 295/3605/2739
f 1278/3678/2798 162/3584/2723 1277/3619/2750
f 1019/3530/2693 1012/3680/1937 92/3528/2691
f 2734/3533/1889 3115/3532/2694 3338/3601/1161
f 3133/3674/1160 1335/3535/2696 1330/3534/2695
f 1330/3534/2695 3136/3681/1137 3133/3674/1160
f 1020/3536/1939 1012/3680/1937 1019/3530/2693
f 829/3682/2799 870/3683/2800 823/3684/2501
f 2927/3685/2801 1145/3686/899 2974/3687/900
f 2291/3688/2802 1145/3686/899 2927/3685/2801
f 2927/3685/2801 2925/3689/2803 2291/3688/2802
f 2925/3689/2803 2924/3690/2804 3176/3691/2805
f 2924/3690/2804 2925/3689/2803 2927/3685/2801
f 3176/3691/2805 776/3692/2806 2238/3693/2807
f 776/3692/2806 3176/3691/2805 2244/3694/2808
f 2974/3687/900 2924/3690/2804 2927/3685/2801
f 751/3695/2809 2216/3696/2810 765/3697/2811
f 752/3698/2812 789/3699/2813 846/3700/2814
f 2244/3694/2808 775/3701/2815 776/3692/2806
f 752/3698/2812 2238/3693/2807 775/3701/2815
f 2244/3694/2808 3176/3691/2805 2924/3690/2804
f 750/3702/2816 2216/3696/2810 751/3695/2809
f 2238/3693/2807 776/3692/2806 775/3701/2815
f 832/3703/276 836/3704/2817 2315/3705/283
f 836/3704/2817 3012/3706/881 835/3707/886
f 836/3704/2817 832/3703/276 3012/3706/881
f 2291/3688/2802 835/3707/886 1145/3686/899
f 780/3708/2818 764/3709/413 1160/3710/2819
f 846/3700/2814 2238/3693/2807 752/3698/2812
f 882/3711/2820 846/3700/2814 2216/3696/2810
f 832/3703/276 2315/3705/283 844/3712/274
f 1060/3713/2821 3378/3714/2822 3192/3715/2823
f 3563/3716/2554 3564/3717/2824 2487/3718/2825
f 3362/3719/2826 3361/3720/2827 3354/3721/2828
f 1063/3722/2829 3352/3723/2830 3350/3724/2831
f 3349/3725/2832 3359/3726/2833 3192/3715/2823
f 3361/3720/2827 3362/3719/2826 3356/3727/2834
f 2485/3728/2508 2487/3718/2825 2484/3729/2509
f 836/3704/2817 822/3730/291 837/3731/287
f 2543/3732/2835 1063/3722/2829 2544/3733/2836
f 3391/3734/2837 3362/3719/2826 3354/3721/2828
f 2551/3735/2606 884/3736/2838 2546/3737/2839
f 846/3700/2814 765/3697/2811 2216/3696/2810
f 850/3738/2840 2238/3693/2807 882/3711/2820
f 2462/3739/2566 3563/3716/2554 2487/3718/2825
f 847/3740/951 2380/3741/2841 2514/3742/2580
f 848/3743/2842 2239/3744/2843 852/3745/2844
f 759/3746/829 751/3695/2809 765/3697/2811
f 3372/3747/2845 3350/3724/2831 3355/3748/2846
f 2487/3718/2825 3353/3749/2847 2488/3750/2848
f 3378/3714/2822 3360/3751/2849 3192/3715/2823
f 3356/3727/2834 3355/3748/2846 3361/3720/2827
f 2511/3752/2850 2931/3753/2851 2930/3754/2852
f 2486/3755/2853 2484/3729/2509 2497/3756/2854
f 2486/3755/2853 3346/3757/2855 2931/3753/2851
f 868/3758/950 3498/3759/975 2380/3741/2841
f 2512/3760/2856 3346/3757/2855 2499/3761/2857
f 3403/3762/2557 2484/3729/2509 2486/3755/2853
f 2537/3763/2858 3346/3757/2855 2539/3764/2859
f 2512/3760/2856 2499/3761/2857 2500/3765/2860
f 2497/3756/2854 2489/3766/2861 2539/3764/2859
f 2382/3767/2862 880/3768/2863 2381/3769/2864
f 2380/3741/2841 3498/3759/975 2511/3752/2850
f 2511/3752/2850 3498/3759/975 3423/3770/961
f 2499/3761/2857 3346/3757/2855 2537/3763/2858
f 3346/3757/2855 2486/3755/2853 2539/3764/2859
f 3372/3747/2845 3026/3771/2865 581/3772/2866
f 765/3697/2811 789/3699/2813 766/3773/2867
f 2925/3689/2803 779/3774/2868 2291/3688/2802
f 3403/3762/2557 2486/3755/2853 2472/3775/972
f 3423/3770/961 2472/3775/972 2511/3752/2850
f 3420/3776/2602 2500/3765/2860 2499/3761/2857
f 2544/3733/2836 3334/3777/2869 3193/3778/2688
f 2511/3752/2850 2472/3775/972 2931/3753/2851
f 2931/3753/2851 3346/3757/2855 2930/3754/2852
f 3404/3779/2578 2514/3742/2580 3401/3780/2870
f 2512/3760/2856 3401/3780/2870 2930/3754/2852
f 3420/3776/2602 3422/3781/2601 2500/3765/2860
f 2380/3741/2841 2511/3752/2850 2514/3742/2580
f 3422/3781/2601 2512/3760/2856 2500/3765/2860
f 2514/3742/2580 2511/3752/2850 3401/3780/2870
f 2930/3754/2852 3401/3780/2870 2511/3752/2850
f 2512/3760/2856 2930/3754/2852 3346/3757/2855
f 2931/3753/2851 2472/3775/972 2486/3755/2853
f 3404/3779/2578 3401/3780/2870 2502/3782/2633
f 2239/3744/2843 829/3682/2799 826/3783/2871
f 3401/3780/2870 3422/3781/2601 2502/3782/2633
f 2539/3764/2859 2489/3766/2861 2537/3763/2858
f 3538/3784/2872 3355/3748/2846 3352/3723/2830
f 3422/3781/2601 3401/3780/2870 2512/3760/2856
f 2539/3764/2859 2486/3755/2853 2497/3756/2854
f 2523/3785/2873 755/3786/2874 1057/3787/2875
f 878/3788/2876 1057/3787/2875 755/3786/2874
f 3381/3789/2877 1057/3787/2875 2520/3790/2878
f 1057/3787/2875 1056/3791/2879 2523/3785/2873
f 2520/3790/2878 1057/3787/2875 878/3788/2876
f 3328/3792/2880 878/3788/2876 3013/3793/2679
f 2497/3756/2854 2484/3729/2509 2489/3766/2861
f 826/3783/2871 779/3774/2868 2239/3744/2843
f 878/3788/2876 3328/3792/2880 2520/3790/2878
f 3328/3792/2880 3381/3789/2877 2520/3790/2878
f 877/3794/2664 2223/3795/2666 754/3796/2881
f 754/3796/2881 879/3797/2663 877/3794/2664
f 773/3798/2882 2222/3799/2622 879/3797/2663
f 882/3711/2820 773/3798/2882 880/3768/2863
f 879/3797/2663 754/3796/2881 2381/3769/2864
f 2381/3769/2864 880/3768/2863 879/3797/2663
f 874/3800/2686 878/3788/2876 754/3796/2881
f 874/3800/2686 754/3796/2881 2223/3795/2666
f 752/3698/2812 766/3773/2867 789/3699/2813
f 878/3788/2876 874/3800/2686 3013/3793/2679
f 1063/3722/2829 2550/3801/2883 3352/3723/2830
f 751/3695/2809 759/3746/829 750/3702/2816
f 2538/3802/2884 3330/3803/2885 2537/3763/2858
f 755/3786/2874 2225/3804/2886 2381/3769/2864
f 882/3711/2820 2382/3767/2862 850/3738/2840
f 758/3805/822 765/3697/2811 788/3806/825
f 755/3786/2874 2523/3785/2873 2224/3807/2887
f 753/3808/2888 748/3809/121 773/3798/2882
f 837/3731/287 2315/3705/283 836/3704/2817
f 2225/3804/2886 852/3745/2844 849/3810/2889
f 579/3811/2890 580/3812/2891 581/3772/2866
f 3517/3813/2892 3391/3734/2837 3354/3721/2828
f 581/3772/2866 580/3812/2891 3372/3747/2845
f 202/3814/2893 581/3772/2866 173/3815/2894
f 3372/3747/2845 580/3812/2891 579/3811/2890
f 579/3811/2890 581/3772/2866 202/3814/2893
f 2224/3807/2887 2524/3816/2895 2379/3817/2896
f 766/3773/2867 788/3806/825 765/3697/2811
f 882/3711/2820 750/3702/2816 753/3808/2888
f 759/3746/829 765/3697/2811 758/3805/822
f 2541/3818/2897 2551/3735/2606 2546/3737/2839
f 770/3819/122 749/3820/120 759/3746/829
f 790/3821/2898 3869/3822/2899 3861/3823/1559 788/3806/825
f 749/3820/120 750/3702/2816 759/3746/829
f 1158/3824/2900 766/3773/2867 752/3698/2812
f 3353/3749/2847 3538/3784/2872 3352/3723/2830
f 765/3697/2811 846/3700/2814 789/3699/2813
f 753/3808/2888 750/3702/2816 748/3809/121
f 3367/3825/2901 3389/3826/2902 3354/3721/2828
f 2224/3807/2887 2225/3804/2886 755/3786/2874
f 750/3702/2816 882/3711/2820 2216/3696/2810
f 880/3768/2863 773/3798/2882 879/3797/2663
f 2523/3785/2873 2524/3816/2895 2224/3807/2887
f 754/3796/2881 755/3786/2874 2381/3769/2864
f 748/3809/121 2222/3799/2622 773/3798/2882
f 755/3786/2874 754/3796/2881 878/3788/2876
f 2225/3804/2886 2224/3807/2887 2379/3817/2896
f 2544/3733/2836 3193/3778/2688 2541/3818/2897
f 2488/3750/2848 2538/3802/2884 2537/3763/2858
f 3538/3784/2872 2517/3827/2903 3389/3826/2902
f 1063/3722/2829 3350/3724/2831 3192/3715/2823
f 3360/3751/2849 3328/3792/2880 3334/3777/2869
f 750/3702/2816 749/3820/120 748/3809/121
f 753/3808/2888 773/3798/2882 882/3711/2820
f 882/3711/2820 2238/3693/2807 846/3700/2814
f 2382/3767/2862 882/3711/2820 880/3768/2863
f 849/3810/2889 2238/3693/2807 850/3738/2840
f 2339/3828/2904 829/3682/2799 823/3684/2501
f 836/3704/2817 2339/3828/2904 822/3730/291
f 766/3773/2867 790/3821/2898 788/3806/825
f 3544/3829/2905 3027/3830/2906 2465/3831/2907
f 581/3772/2866 3026/3771/2865 3544/3829/2905
f 3548/3832/2908 3551/3833/2909 2465/3831/2907
f 3356/3727/2834 3548/3832/2908 3027/3830/2906
f 3193/3778/2688 2551/3735/2606 2541/3818/2897
f 2225/3804/2886 850/3738/2840 2382/3767/2862
f 850/3738/2840 2225/3804/2886 849/3810/2889
f 849/3810/2889 2239/3744/2843 2238/3693/2807
f 3806/3834/2910 3544/3829/2905 2465/3831/2907
f 2382/3767/2862 2381/3769/2864 2225/3804/2886
f 779/3774/2868 2238/3693/2807 2239/3744/2843
f 779/3774/2868 3176/3691/2805 2238/3693/2807
f 766/3773/2867 1158/3824/2900 790/3821/2898
f 3544/3829/2905 3806/3834/2910 581/3772/2866
f 3551/3833/2909 3548/3832/2908 3362/3719/2826
f 3548/3832/2908 2465/3831/2907 3027/3830/2906
f 581/3772/2866 3806/3834/2910 173/3815/2894
f 3027/3830/2906 3544/3829/2905 3026/3771/2865
f 3362/3719/2826 3548/3832/2908 3356/3727/2834
f 852/3745/2844 2239/3744/2843 849/3810/2889
f 3349/3725/2832 3192/3715/2823 3350/3724/2831
f 3330/3803/2885 2499/3761/2857 2537/3763/2858
f 3176/3691/2805 779/3774/2868 2925/3689/2803
f 2225/3804/2886 3806/3834/2910 852/3745/2844
f 2239/3744/2843 848/3743/2842 829/3682/2799
f 2339/3828/2904 826/3783/2871 829/3682/2799
f 779/3774/2868 826/3783/2871 2291/3688/2802
f 852/3745/2844 3806/3834/2910 848/3743/2842
f 2291/3688/2802 826/3783/2871 2339/3828/2904
f 870/3683/2800 829/3682/2799 848/3743/2842
f 835/3707/886 2291/3688/2802 2339/3828/2904
f 2339/3828/2904 836/3704/2817 835/3707/886
f 823/3684/2501 822/3730/291 2339/3828/2904
f 2379/3817/2896 3806/3834/2910 2225/3804/2886
f 173/3815/2894 3806/3834/2910 2379/3817/2896
f 3311/3835/2911 173/3815/2894 2379/3817/2896
f 3378/3714/2822 1056/3791/2879 3381/3789/2877
f 1116/3836/2912 173/3815/2894 3311/3835/2911
f 2524/3816/2895 2569/3837/2913 3311/3835/2911
f 1060/3713/2821 2523/3785/2873 1056/3791/2879
f 3311/3835/2911 3359/3726/2833 1116/3836/2912
f 3381/3789/2877 1056/3791/2879 1057/3787/2875
f 3359/3726/2833 3311/3835/2911 2569/3837/2913
f 1060/3713/2821 3359/3726/2833 2569/3837/2913
f 2524/3816/2895 2523/3785/2873 1060/3713/2821
f 2524/3816/2895 3311/3835/2911 2379/3817/2896
f 1056/3791/2879 3378/3714/2822 1060/3713/2821
f 2524/3816/2895 1060/3713/2821 2569/3837/2913
f 868/3758/950 2380/3741/2841 847/3740/951
f 2464/3838/2914 2378/3839/2915 3551/3833/2909
f 3535/3840/2564 2378/3839/2915 2464/3838/2914
f 2465/3831/2907 3551/3833/2909 2378/3839/2915
f 2378/3839/2915 866/3841/2916 2465/3831/2907
f 848/3743/2842 3806/3834/2910 866/3841/2916
f 866/3841/2916 2378/3839/2915 2473/3842/2484
f 2473/3842/2484 870/3683/2800 866/3841/2916
f 866/3841/2916 870/3683/2800 848/3743/2842
f 3391/3734/2837 3535/3840/2564 2464/3838/2914
f 3362/3719/2826 3391/3734/2837 3551/3833/2909
f 870/3683/2800 2473/3842/2484 867/3843/2495
f 867/3843/2495 823/3684/2501 870/3683/2800
f 3551/3833/2909 3391/3734/2837 2464/3838/2914
f 3535/3840/2564 3497/3844/2485 2378/3839/2915
f 3806/3834/2910 2465/3831/2907 866/3841/2916
f 2378/3839/2915 3497/3844/2485 2473/3842/2484
f 774/3845/2917 1160/3710/2819 1158/3824/2900
f 774/3845/2917 1158/3824/2900 775/3701/2815
f 780/3708/2818 774/3845/2917 2257/3846/2918
f 774/3845/2917 775/3701/2815 2257/3846/2918
f 2244/3694/2808 2257/3846/2918 775/3701/2815
f 783/3847/2919 2257/3846/2918 2244/3694/2808
f 2269/3848/411 764/3709/413 780/3708/2818
f 2269/3848/411 2257/3846/2918 783/3847/2919
f 2244/3694/2808 2924/3690/2804 783/3847/2919
f 2269/3848/411 783/3847/2919 2973/3849/409
f 774/3845/2917 780/3708/2818 1160/3710/2819
f 783/3847/2919 2924/3690/2804 2973/3849/409
f 2973/3849/409 2924/3690/2804 2974/3687/900
f 1158/3824/2900 752/3698/2812 775/3701/2815
f 2269/3848/411 780/3708/2818 2257/3846/2918
f 3517/3813/2892 3563/3716/2554 3536/3850/2463
f 3389/3826/2902 2517/3827/2903 3564/3717/2824
f 3193/3778/2688 3334/3777/2869 2522/3851/2569
f 3334/3777/2869 2544/3733/2836 3360/3751/2849
f 2538/3802/2884 2488/3750/2848 2546/3737/2839
f 2546/3737/2839 2550/3801/2883 1063/3722/2829
f 3330/3803/2885 2546/3737/2839 884/3736/2838
f 3351/3852/2920 3359/3726/2833 3349/3725/2832
f 3525/3853/2921 3555/3854/2477 3535/3840/2564
f 2541/3818/2897 2546/3737/2839 2543/3732/2835
f 2508/3855/2620 2982/3856/2621 3330/3803/2885
f 2487/3718/2825 2489/3766/2861 2484/3729/2509
f 3350/3724/2831 3372/3747/2845 3351/3852/2920
f 3538/3784/2872 3353/3749/2847 2517/3827/2903
f 3381/3789/2877 3328/3792/2880 3378/3714/2822
f 884/3736/2838 2551/3735/2606 2508/3855/2620
f 2982/3856/2621 2499/3761/2857 3330/3803/2885
f 3353/3749/2847 3352/3723/2830 2550/3801/2883
f 3330/3803/2885 884/3736/2838 2508/3855/2620
f 2488/3750/2848 3353/3749/2847 2550/3801/2883
f 3361/3720/2827 3367/3825/2901 3354/3721/2828
f 3328/3792/2880 2522/3851/2569 3334/3777/2869
f 3192/3715/2823 3360/3751/2849 2544/3733/2836
f 2538/3802/2884 2546/3737/2839 3330/3803/2885
f 3367/3825/2901 3361/3720/2827 3538/3784/2872
f 1116/3836/2912 202/3814/2893 173/3815/2894
f 2522/3851/2569 3328/3792/2880 2521/3857/2567
f 3517/3813/2892 3453/3858/2465 3549/3859/2922
f 2546/3737/2839 1063/3722/2829 2543/3732/2835
f 2488/3750/2848 2550/3801/2883 2546/3737/2839
f 2489/3766/2861 2487/3718/2825 2488/3750/2848
f 2462/3739/2566 2487/3718/2825 2485/3728/2508
f 2521/3857/2567 3328/3792/2880 3013/3793/2679
f 2487/3718/2825 2517/3827/2903 3353/3749/2847
f 3361/3720/2827 3355/3748/2846 3538/3784/2872
f 3538/3784/2872 3389/3826/2902 3367/3825/2901
f 3549/3859/2922 3391/3734/2837 3517/3813/2892
f 2543/3732/2835 2544/3733/2836 2541/3818/2897
f 3564/3717/2824 2517/3827/2903 2487/3718/2825
f 579/3811/2890 202/3814/2893 1116/3836/2912
f 3359/3726/2833 3351/3852/2920 1116/3836/2912
f 3351/3852/2920 3349/3725/2832 3350/3724/2831
f 3360/3751/2849 3378/3714/2822 3328/3792/2880
f 3389/3826/2902 3564/3717/2824 3457/3860/2923
f 3355/3748/2846 3026/3771/2865 3372/3747/2845
f 3457/3860/2923 3563/3716/2554 3517/3813/2892
f 3457/3860/2923 3564/3717/2824 3563/3716/2554
f 3354/3721/2828 3457/3860/2923 3517/3813/2892
f 3549/3859/2922 3453/3858/2465 3525/3853/2921
f 3354/3721/2828 3389/3826/2902 3457/3860/2923
f 3549/3859/2922 3525/3853/2921 3535/3840/2564
f 2499/3761/2857 2982/3856/2621 3420/3776/2602
f 3192/3715/2823 3359/3726/2833 1060/3713/2821
f 3351/3852/2920 579/3811/2890 1116/3836/2912
f 3525/3853/2921 3453/3858/2465 3555/3854/2477
f 3026/3771/2865 3355/3748/2846 3356/3727/2834
f 3453/3858/2465 3517/3813/2892 3536/3850/2463
f 3352/3723/2830 3355/3748/2846 3350/3724/2831
f 2488/3750/2848 2537/3763/2858 2489/3766/2861
f 3351/3852/2920 3372/3747/2845 579/3811/2890
f 1063/3722/2829 3192/3715/2823 2544/3733/2836
f 3027/3830/2906 3026/3771/2865 3356/3727/2834
f 3535/3840/2564 3391/3734/2837 3549/3859/2922
f 3747/3861/2924 3713/3862/2925 3718/3863/2926
f 2318/3864/2927 2283/3865/2928 2286/3866/2929
f 3487/3867/2532 3492/3868/2930 2474/3869/2533
f 3621/3870/2931 2934/3871/2480 3491/3872/2932
f 678/3873/2933 2044/3874/2934 2050/3875/2935
f 2035/3876/2936 3785/3877/2937 2159/3878/2938
f 3782/3879/2939 3189/3880/2940 2386/3881/2941
f 2338/3882/2942 3782/3879/2939 2386/3881/2941
f 2276/3883/2943 2042/3884/2944 2027/3885/2945
f 3730/3886/2946 3720/3887/2947 3713/3862/2925
f 3719/3888/2948 3721/3889/2949 3785/3877/2937
f 3824/3890/2950 2266/3891/252 2283/3865/2928
f 2359/3892/2951 2187/3893/2952 2333/3894/2953
f 2286/3866/2929 838/3895/2954 2319/3896/2955
f 3721/3889/2949 3720/3887/2947 3532/3897/2956
f 2286/3866/2929 2319/3896/2955 2314/3898/2957
f 2436/3899/2037 2437/3900/2958 3791/3901/2959
f 3821/3902/2960 3794/3903/2961 3786/3904/2962
f 2032/3905/2963 2277/3906/2964 2045/3907/2965
f 3784/3908/2966 3743/3909/2967 3659/3910/2968
f 3795/3911/2969 3492/3868/2930 3635/3912/2970
f 677/3913/77 679/3914/2971 810/3915/2972
f 3743/3909/2967 3532/3897/2956 3730/3886/2946
f 3808/3916/2973 2327/3917/2974 3491/3872/2932
f 3777/3918/700 2390/3919/708 3782/3879/2939
f 2091/3920/2975 687/3921/2976 722/3922/2977
f 2275/3923/2978 2333/3894/2953 811/3924/2979
f 2055/3925/2980 2278/3926/2981 2025/3927/2982
f 1067/3928/2983 3730/3886/2946 3747/3861/2924
f 3747/3861/2924 3730/3886/2946 3713/3862/2925
f 2279/3929/2984 2278/3926/2981 2281/3930/2985
f 2034/3931/2986 2061/3932/2987 2027/3885/2945
f 2042/3884/2944 2034/3931/2986 2027/3885/2945
f 2359/3892/2951 2333/3894/2953 2275/3923/2978
f 3635/3912/2970 3490/3933/2988 2920/3934/2989
f 2321/3935/2990 3824/3890/2950 3811/3936/2991
f 2319/3896/2955 2359/3892/2951 2344/3937/2992
f 2035/3876/2936 2159/3878/2938 2034/3931/2986
f 679/3914/2971 2187/3893/2952 810/3915/2972
f 3513/3938/2993 2060/3939/2994 2276/3883/2943
f 1067/3928/2983 3743/3909/2967 3730/3886/2946
f 3808/3916/2973 3492/3868/2930 3795/3911/2969
f 2437/3900/2958 2436/3899/2037 3468/3940/2483
f 3532/3897/2956 3743/3909/2967 3784/3908/2966
f 2043/3941/2995 687/3921/2976 2045/3907/2965
f 2091/3920/2975 2045/3907/2965 687/3921/2976
f 2044/3874/2934 3812/3942/2996 2050/3875/2935
f 3812/3942/2996 2044/3874/2934 2043/3941/2995
f 2275/3923/2978 2050/3875/2935 2273/3943/2997
f 675/3944/73 672/3945/2998 677/3913/77
f 3787/3946/2999 3784/3908/2966 3794/3903/2961
f 3784/3908/2966 3786/3904/2962 3794/3903/2961
f 2055/3925/2980 3820/3947/3000 2336/3948/3001
f 3721/3889/2949 3532/3897/2956 3818/3949/3002
f 808/3950/247 818/3951/3003 819/3952/3004
f 672/3945/2998 675/3944/73 718/3953/3005
f 3714/3954/710 3659/3910/2968 1067/3928/2983
f 3708/3955/709 3789/3956/3006 3786/3904/2962
f 2318/3864/2927 3811/3936/2991 3824/3890/2950
f 3787/3946/2999 3818/3949/3002 3532/3897/2956
f 2344/3937/2992 2359/3892/2951 2280/3957/3007
f 2279/3929/2984 2041/3958/3008 2025/3927/2982
f 2272/3959/3009 2275/3923/2978 2273/3943/2997
f 3659/3910/2968 3714/3954/710 3582/3960/705
f 3786/3904/2962 3784/3908/2966 3659/3910/2968
f 3743/3909/2967 1067/3928/2983 3659/3910/2968
f 811/3924/2979 678/3873/2933 2050/3875/2935
f 3817/3961/3010 3820/3947/3000 2055/3925/2980
f 3820/3947/3000 3818/3949/3002 3794/3903/2961
f 2045/3907/2965 2041/3958/3008 2043/3941/2995
f 3582/3960/705 3786/3904/2962 3659/3910/2968
f 3819/3962/3011 3794/3903/2961 3821/3902/2960
f 2061/3932/2987 2159/3878/2938 2028/3963/3012
f 3820/3947/3000 3817/3961/3010 3818/3949/3002
f 3801/3964/3013 2324/3965/3014 2338/3882/2942
f 2325/3966/3015 2316/3967/3016 2331/3968/3017
f 3794/3903/2961 3818/3949/3002 3787/3946/2999
f 3582/3960/705 3717/3969/703 3786/3904/2962
f 3790/3970/3018 2334/3971/3019 2336/3948/3001
f 676/3972/3020 671/3973/3021 678/3873/2933
f 2278/3926/2981 2055/3925/2980 2336/3948/3001
f 3532/3897/2956 3784/3908/2966 3787/3946/2999
f 3807/3974/969 3489/3975/2523 2492/3976/973
f 3811/3936/2991 2354/3977/370 2321/3935/2990
f 2041/3958/3008 2045/3907/2965 2277/3906/2964
f 2041/3958/3008 3812/3942/2996 2043/3941/2995
f 3811/3936/2991 2308/3978/368 2354/3977/370
f 2317/3979/3022 2319/3896/2955 2344/3937/2992
f 2316/3967/3016 2344/3937/2992 2280/3957/3007
f 3513/3938/2993 2045/3907/2965 3168/3980/3023
f 3812/3942/2996 2041/3958/3008 2279/3929/2984
f 3812/3942/2996 2279/3929/2984 2273/3943/2997
f 2929/3981/3024 2308/3978/368 3811/3936/2991
f 2060/3939/2994 3513/3938/2993 3168/3980/3023
f 2041/3958/3008 2277/3906/2964 2036/3982/3025
f 2308/3978/368 2306/3983/3026 2311/3984/150
f 3790/3970/3018 3821/3902/2960 3789/3956/3006
f 2369/3985/148 2365/3986/147 2357/3987/3027
f 2362/3988/3028 3807/3974/969 2369/3985/148
f 2334/3971/3019 2338/3882/2942 2335/3989/3029
f 2362/3988/3028 2369/3985/148 2357/3987/3027
f 2390/3919/708 3792/3990/711 3189/3880/2940
f 3490/3933/2988 2362/3988/3028 2357/3987/3027
f 2357/3987/3027 2365/3986/147 2348/3991/151
f 3817/3961/3010 2026/3992/3030 2115/3993/3031
f 3489/3975/2523 2362/3988/3028 3810/3994/2526
f 2025/3927/2982 2278/3926/2981 2279/3929/2984
f 2274/3995/3032 2276/3883/2943 2027/3885/2945
f 3717/3969/703 3708/3955/709 3786/3904/2962
f 2028/3963/3012 2115/3993/3031 2026/3992/3030
f 2325/3966/3015 2389/3996/3033 2324/3965/3014
f 3794/3903/2961 3819/3962/3011 3820/3947/3000
f 3433/3997/3034 3189/3880/2940 2387/3998/726
f 3788/3999/3035 3790/3970/3018 3789/3956/3006
f 2320/4000/3036 2322/4001/3037 2341/4002/3038
f 2474/3869/2533 3492/3868/2930 3491/3872/2932
f 2055/3925/2980 2026/3992/3030 3817/3961/3010
f 2317/3979/3022 2316/3967/3016 2320/4000/3036
f 3785/3877/2937 3721/3889/2949 2159/3878/2938
f 2920/3934/2989 3795/3911/2969 3635/3912/2970
f 2348/3991/151 2311/3984/150 2306/3983/3026
f 3789/3956/3006 1066/4003/707 3788/3999/3035
f 2026/3992/3030 2036/3982/3025 2274/3995/3032
f 2274/3995/3032 3513/3938/2993 2276/3883/2943
f 2353/4004/3039 2357/3987/3027 2348/3991/151
f 2357/3987/3027 2920/3934/2989 3490/3933/2988
f 2353/4004/3039 2433/4005/3040 2920/3934/2989
f 2353/4004/3039 2306/3983/3026 2368/4006/3041
f 2368/4006/3041 2433/4005/3040 2353/4004/3039
f 2433/4005/3040 2368/4006/3041 2385/4007/3042
f 2306/3983/3026 2929/3981/3024 2971/4008/3043
f 2027/3885/2945 2028/3963/3012 2274/3995/3032
f 2368/4006/3041 2306/3983/3026 2385/4007/3042
f 2433/4005/3040 2385/4007/3042 2347/4009/3044
f 2929/3981/3024 2360/4010/3045 2971/4008/3043
f 2323/4011/3046 2325/3966/3015 2324/3965/3014
f 2385/4007/3042 2971/4008/3043 2342/4012/3047
f 2971/4008/3043 2360/4010/3045 2342/4012/3047
f 2348/3991/151 2306/3983/3026 2353/4004/3039
f 2342/4012/3047 2343/4013/3048 2373/4014/3049
f 2342/4012/3047 2373/4014/3049 2385/4007/3042
f 2346/4015/3050 3795/3911/2969 2373/4014/3049
f 2343/4013/3048 2342/4012/3047 2360/4010/3045
f 2360/4010/3045 2929/3981/3024 2371/4016/3051
f 2286/3866/2929 2314/3898/2957 2290/4017/3052
f 2371/4016/3051 2370/4018/3053 2360/4010/3045
f 2370/4018/3053 2343/4013/3048 2360/4010/3045
f 2322/4001/3037 2346/4015/3050 2341/4002/3038
f 2373/4014/3049 2343/4013/3048 2341/4002/3038
f 3795/3911/2969 2920/3934/2989 2347/4009/3044
f 2347/4009/3044 2373/4014/3049 3795/3911/2969
f 2290/4017/3052 2314/3898/2957 2317/3979/3022
f 2920/3934/2989 2433/4005/3040 2347/4009/3044
f 2370/4018/3053 2286/3866/2929 2343/4013/3048
f 2306/3983/3026 2971/4008/3043 2385/4007/3042
f 2371/4016/3051 2318/3864/2927 2370/4018/3053
f 2341/4002/3038 2346/4015/3050 2373/4014/3049
f 2286/3866/2929 2290/4017/3052 2343/4013/3048
f 2353/4004/3039 2920/3934/2989 2357/3987/3027
f 2341/4002/3038 2343/4013/3048 2290/4017/3052
f 2389/3996/3033 2337/4019/3054 2335/3989/3029
f 2347/4009/3044 2385/4007/3042 2373/4014/3049
f 2314/3898/2957 2319/3896/2955 2317/3979/3022
f 2317/3979/3022 2341/4002/3038 2290/4017/3052
f 3468/3940/2483 2934/3871/2480 3621/3870/2931
f 3818/3949/3002 3817/3961/3010 2115/3993/3031
f 3708/3955/709 1066/4003/707 3789/3956/3006
f 2336/3948/3001 3819/3962/3011 3790/3970/3018
f 2159/3878/2938 3721/3889/2949 3818/3949/3002
f 2026/3992/3030 2274/3995/3032 2028/3963/3012
f 3801/3964/3013 2328/4020/3055 2324/3965/3014
f 2045/3907/2965 3513/3938/2993 2032/3905/2963
f 2025/3927/2982 2026/3992/3030 2055/3925/2980
f 2972/4021/3056 2042/3884/2944 2060/3939/2994
f 3819/3962/3011 3821/3902/2960 3790/3970/3018
f 2026/3992/3030 2025/3927/2982 2036/3982/3025
f 2318/3864/2927 2286/3866/2929 2370/4018/3053
f 2389/3996/3033 2331/3968/3017 2337/4019/3054
f 1066/4003/707 3777/3918/700 3788/3999/3035
f 676/3972/3020 679/3914/2971 672/3945/2998
f 2346/4015/3050 2322/4001/3037 2328/4020/3055
f 2115/3993/3031 2159/3878/2938 3818/3949/3002
f 2338/3882/2942 2389/3996/3033 2335/3989/3029
f 3801/3964/3013 2386/3881/2941 3433/3997/3034
f 718/3953/3005 675/3944/73 716/4022/79
f 3810/3994/2526 2362/3988/3028 3488/4023/3057
f 3189/3880/2940 3433/3997/3034 2386/3881/2941
f 3189/3880/2940 3782/3879/2939 2390/3919/708
f 2362/3988/3028 3490/3933/2988 3488/4023/3057
f 3489/3975/2523 3807/3974/969 2362/3988/3028
f 3801/3964/3013 3433/3997/3034 2388/4024/3058
f 2322/4001/3037 2323/4011/3046 2328/4020/3055
f 2346/4015/3050 3808/3916/2973 3795/3911/2969
f 2320/4000/3036 2323/4011/3046 2322/4001/3037
f 810/3915/2972 818/3951/3003 808/3950/247
f 838/3895/2954 2187/3893/2952 2359/3892/2951
f 2281/3930/2985 2334/3971/3019 2337/4019/3054
f 2337/4019/3054 2284/4025/3059 2281/3930/2985
f 2331/3968/3017 2272/3959/3009 2284/4025/3059
f 810/3915/2972 838/3895/2954 818/3951/3003
f 3801/3964/3013 2388/4024/3058 2327/3917/2974
f 2388/4024/3058 3433/3997/3034 3791/3901/2959
f 2336/3948/3001 3820/3947/3000 3819/3962/3011
f 2283/3865/2928 2318/3864/2927 3824/3890/2950
f 2387/3998/726 3189/3880/2940 3792/3990/711
f 2320/4000/3036 2325/3966/3015 2323/4011/3046
f 2341/4002/3038 2317/3979/3022 2320/4000/3036
f 2327/3917/2974 2346/4015/3050 2328/4020/3055
f 2284/4025/3059 2337/4019/3054 2331/3968/3017
f 2331/3968/3017 2389/3996/3033 2325/3966/3015
f 2285/4026/381 3824/3890/2950 2321/3935/2990
f 2280/3957/3007 2331/3968/3017 2316/3967/3016
f 3801/3964/3013 2327/3917/2974 2328/4020/3055
f 2371/4016/3051 3811/3936/2991 2318/3864/2927
f 2389/3996/3033 2338/3882/2942 2324/3965/3014
f 3808/3916/2973 2346/4015/3050 2327/3917/2974
f 2316/3967/3016 2325/3966/3015 2320/4000/3036
f 3168/3980/3023 2972/4021/3056 2060/3939/2994
f 2334/3971/3019 3790/3970/3018 2338/3882/2942
f 2061/3932/2987 2034/3931/2986 2159/3878/2938
f 2334/3971/3019 2335/3989/3029 2337/4019/3054
f 2328/4020/3055 2323/4011/3046 2324/3965/3014
f 2272/3959/3009 2331/3968/3017 2280/3957/3007
f 2272/3959/3009 2273/3943/2997 2279/3929/2984
f 2028/3963/3012 2027/3885/2945 2061/3932/2987
f 3433/3997/3034 2387/3998/726 3791/3901/2959
f 671/3973/3021 676/3972/3020 672/3945/2998
f 2434/4027/2058 3468/3940/2483 2436/3899/2037
f 2388/4024/3058 3791/3901/2959 2437/3900/2958
f 2344/3937/2992 2316/3967/3016 2317/3979/3022
f 3721/3889/2949 3719/3888/2948 3720/3887/2947
f 715/4028/3060 671/3973/3021 672/3945/2998
f 677/3913/77 810/3915/2972 808/3950/247
f 3785/3877/2937 2035/3876/2936 2923/4029/3061
f 2286/3866/2929 2283/3865/2928 819/3952/3004
f 3789/3956/3006 3821/3902/2960 3786/3904/2962
f 2279/3929/2984 2284/4025/3059 2272/3959/3009
f 2308/3978/368 2929/3981/3024 2306/3983/3026
f 677/3913/77 672/3945/2998 679/3914/2971
f 2050/3875/2935 3812/3942/2996 2273/3943/2997
f 3782/3879/2939 3788/3999/3035 3777/3918/700
f 2036/3982/3025 2025/3927/2982 2041/3958/3008
f 2392/4030/712 2425/4031/3062 2398/4032/1509
f 819/3952/3004 838/3895/2954 2286/3866/2929
f 3790/3970/3018 3782/3879/2939 2338/3882/2942
f 2036/3982/3025 2277/3906/2964 2274/3995/3032
f 679/3914/2971 676/3972/3020 678/3873/2933
f 838/3895/2954 810/3915/2972 2187/3893/2952
f 2281/3930/2985 2336/3948/3001 2334/3971/3019
f 2028/3963/3012 2159/3878/2938 2115/3993/3031
f 2278/3926/2981 2336/3948/3001 2281/3930/2985
f 3718/3863/2926 3713/3862/2925 3719/3888/2948
f 671/3973/3021 686/4033/3063 678/3873/2933
f 811/3924/2979 679/3914/2971 678/3873/2933
f 2187/3893/2952 679/3914/2971 811/3924/2979
f 3747/3861/2924 2392/4030/712 2423/4034/720
f 2423/4034/720 3714/3954/710 1067/3928/2983
f 2423/4034/720 1067/3928/2983 3747/3861/2924
f 3788/3999/3035 3782/3879/2939 3790/3970/3018
f 3713/3862/2925 3720/3887/2947 3719/3888/2948
f 808/3950/247 819/3952/3004 2266/3891/252
f 715/4028/3060 722/3922/2977 671/3973/3021
f 2281/3930/2985 2284/4025/3059 2279/3929/2984
f 2425/4031/3062 2392/4030/712 3747/3861/2924
f 687/3921/2976 686/4033/3063 671/3973/3021
f 2272/3959/3009 2359/3892/2951 2275/3923/2978
f 3801/3964/3013 2338/3882/2942 2386/3881/2941
f 2388/4024/3058 2441/4035/3064 2327/3917/2974
f 2044/3874/2934 678/3873/2933 686/4033/3063
f 3791/3901/2959 2387/3998/726 2436/3899/2037
f 2437/3900/2958 2441/4035/3064 2388/4024/3058
f 2425/4031/3062 3747/3861/2924 3718/3863/2926
f 687/3921/2976 2043/3941/2995 686/4033/3063
f 2032/3905/2963 3513/3938/2993 2274/3995/3032
f 2354/3977/370 2285/4026/381 2321/3935/2990
f 2266/3891/252 819/3952/3004 2283/3865/2928
f 2437/3900/2958 3621/3870/2931 2441/4035/3064
f 2327/3917/2974 2441/4035/3064 3491/3872/2932
f 3468/3940/2483 3621/3870/2931 2437/3900/2958
f 3492/3868/2930 3808/3916/2973 3491/3872/2932
f 3621/3870/2931 3491/3872/2932 2441/4035/3064
f 3720/3887/2947 3730/3886/2946 3532/3897/2956
f 3810/3994/2526 3488/4023/3057 2477/4036/2530
f 3635/3912/2970 3492/3868/2930 3487/3867/2532
f 2276/3883/2943 2060/3939/2994 2042/3884/2944
f 687/3921/2976 671/3973/3021 722/3922/2977
f 686/4033/3063 2043/3941/2995 2044/3874/2934
f 2359/3892/2951 2272/3959/3009 2280/3957/3007
f 818/3951/3003 838/3895/2954 819/3952/3004
f 2934/3871/2480 2474/3869/2533 3491/3872/2932
f 2371/4016/3051 2929/3981/3024 3811/3936/2991
f 3635/3912/2970 3487/3867/2532 2477/4036/2530
f 2477/4036/2530 3488/4023/3057 3635/3912/2970
f 838/3895/2954 2359/3892/2951 2319/3896/2955
f 3490/3933/2988 3635/3912/2970 3488/4023/3057
f 2275/3923/2978 811/3924/2979 2050/3875/2935
f 2187/3893/2952 811/3924/2979 2333/3894/2953
f 2923/4029/3061 3719/3888/2948 3785/3877/2937
f 2285/4026/381 2266/3891/252 3824/3890/2950
f 2274/3995/3032 2277/3906/2964 2032/3905/2963
f 3168/3980/3023 2045/3907/2965 2091/3920/2975
f 1830/4037/3065 3671/4038/3066 1804/4039/3067
f 232/4040/3068 235/4041/3069 236/4042/3070
f 1419/4043/3071 1418/4044/1369 1417/4045/9
f 445/4046/3072 490/4047/3073 446/4048/3074
f 228/4049/3075 500/4050/3076 233/4051/3077
f 1850/4052/3078 1396/4053/1259 1420/4054/3079
f 1424/4055/3080 263/4056/3081 1430/4057/3082
f 1787/4058/3083 1775/4059/3084 1781/4060/3085
f 2014/4061/3086 1776/4062/3087 1845/4063/3088
f 286/4064/3089 1413/4065/3090 281/4066/3091
f 2088/4067/3092 1853/4068/3093 2086/4069/3094
f 2899/4070/3095 1819/4071/3096 1817/4072/3097
f 268/4073/3098 253/4074/3099 1412/4075/3100
f 1821/4076/3101 3448/4077/3102 3470/4078/3103
f 1155/4079/3104 655/4080/3105 238/4081/3106
f 1414/4082/3107 267/4083/1039 289/4084/3108
f 265/4085/1034 1082/4086/3109 208/4087/1033
f 280/4088/3110 296/4089/1050 272/4090/3111
f 1398/4091/3112 249/4092/1264 1856/4093/1241
f 247/4094/3113 246/4095/3114 269/4096/3115
f 1837/4097/3116 1836/4098/3117 508/4099/3118
f 1825/4100/3119 1828/4101/3120 1829/4102/3121
f 383/4103/2224 239/4104/1044 655/4080/3105
f 1935/4105/3122 1415/4106/3123 300/4107/3124
f 1430/4057/3082 263/4056/3081 300/4107/3124
f 2189/4108/1754 1916/4109/3125 2086/4069/3094
f 1415/4106/3123 1430/4057/3082 300/4107/3124
f 232/4040/3068 236/4042/3070 304/4110/3126
f 595/4111/3127 1155/4079/3104 642/4112/3128
f 247/4094/3113 269/4096/3115 252/4113/3129
f 1420/4054/3079 1396/4053/1259 349/4114/1257
f 1844/4115/3130 1839/4116/3131 505/4117/3132
f 1843/4118/3133 1825/4100/3119 1822/4119/3134
f 445/4046/3072 539/4120/3135 490/4047/3073
f 1818/4121/3136 451/4122/3137 1817/4072/3097
f 625/4123/2246 600/4124/3138 608/4125/2247
f 234/4126/3139 231/4127/1045 229/4128/1049
f 1981/4129/3140 1850/4052/3078 1419/4043/3071
f 1916/4109/3125 1919/4130/3141 2086/4069/3094
f 3224/4131/3142 2088/4067/3092 1935/4105/3122
f 263/4056/3081 270/4132/3143 271/4133/3144
f 1410/4134/3145 301/4135/3146 1412/4075/3100
f 1424/4055/3080 1430/4057/3082 1425/4136/3147
f 349/4114/1257 337/4137/1258 276/4138/1353
f 1410/4134/3145 270/4132/3143 263/4056/3081
f 252/4113/3129 268/4073/3098 1412/4075/3100
f 1414/4082/3107 265/4085/1034 267/4083/1039
f 1819/4071/3096 2908/4139/3148 1822/4119/3134
f 1786/4140/3149 1782/4141/3150 444/4142/3151
f 1822/4119/3134 1825/4100/3119 1826/4143/3152
f 1850/4052/3078 2014/4061/3086 1845/4063/3088
f 276/4138/1353 1418/4044/1369 1420/4054/3079
f 280/4088/3110 269/4096/3115 246/4095/3114
f 276/4138/1353 1420/4054/3079 349/4114/1257
f 625/4123/2246 606/4144/2281 600/4124/3138
f 1835/4145/3153 1830/4037/3065 1804/4039/3067
f 246/4095/3114 247/4094/3113 502/4146/3154
f 267/4083/1039 211/4147/1052 289/4084/3108
f 255/4148/3155 246/4095/3114 254/4149/3156
f 272/4090/3111 296/4089/1050 1082/4086/3109
f 3370/4150/3157 1833/4151/3158 3387/4152/3159
f 3375/4153/3160 3387/4152/3159 3384/4154/3161
f 272/4090/3111 1082/4086/3109 260/4155/3162
f 1424/4055/3080 1410/4134/3145 263/4056/3081
f 268/4073/3098 269/4096/3115 260/4155/3162
f 300/4107/3124 1858/4156/3163 1935/4105/3122
f 1082/4086/3109 281/4066/3091 260/4155/3162
f 1779/4157/3164 1797/4158/3165 1786/4140/3149
f 1842/4159/1237 1396/4053/1259 1850/4052/3078
f 236/4042/3070 235/4041/3069 233/4051/3077
f 489/4160/3166 495/4161/3167 539/4120/3135
f 505/4117/3132 252/4113/3129 1412/4075/3100
f 1807/4162/1246 1845/4063/3088 1776/4062/3087
f 595/4111/3127 235/4041/3069 232/4040/3068
f 247/4094/3113 252/4113/3129 501/4163/3168
f 301/4135/3146 505/4117/3132 1412/4075/3100
f 1776/4062/3087 2014/4061/3086 2080/4164/3169
f 254/4149/3156 236/4042/3070 233/4051/3077
f 2088/4067/3092 1919/4130/3141 1415/4106/3123
f 3224/4131/3142 1853/4068/3093 2088/4067/3092
f 2080/4164/3169 1850/4052/3078 1981/4129/3140
f 1949/4165/3170 2080/4164/3169 1981/4129/3140
f 2014/4061/3086 1850/4052/3078 2080/4164/3169
f 271/4133/3144 273/4166/3171 263/4056/3081
f 1846/4167/3172 2899/4070/3095 597/4168/3173
f 3224/4131/3142 1858/4156/3163 1776/4062/3087
f 225/4169/1053 228/4049/3075 229/4128/1049
f 503/4170/3174 501/4163/3168 252/4113/3129
f 208/4087/1033 1082/4086/3109 296/4089/1050
f 1837/4097/3116 508/4099/3118 502/4146/3154
f 1919/4130/3141 1430/4057/3082 1415/4106/3123
f 1973/4171/3175 1853/4068/3093 1949/4165/3170
f 500/4050/3076 228/4049/3075 225/4169/1053
f 1821/4076/3101 3470/4078/3103 1818/4121/3136
f 505/4117/3132 503/4170/3174 252/4113/3129
f 1427/4172/3176 3252/4173/3177 1832/4174/3178
f 512/4175/3179 514/4176/3180 494/4177/3181
f 505/4117/3132 1839/4116/3131 503/4170/3174
f 502/4146/3154 247/4094/3113 501/4163/3168
f 1919/4130/3141 1423/4178/3182 1430/4057/3082
f 1981/4129/3140 1417/4045/9 1949/4165/3170
f 655/4080/3105 624/4179/2293 383/4103/2224
f 510/4180/3183 232/4040/3068 513/4181/3184
f 272/4090/3111 260/4155/3162 280/4088/3110
f 507/4182/3185 503/4170/3174 1839/4116/3131
f 1837/4097/3116 502/4146/3154 501/4163/3168
f 501/4163/3168 504/4183/3186 1837/4097/3116
f 507/4182/3185 504/4183/3186 503/4170/3174
f 494/4177/3181 513/4181/3184 512/4175/3179
f 1919/4130/3141 2088/4067/3092 2086/4069/3094
f 1785/4184/3187 3470/4078/3103 1795/4185/3188
f 490/4047/3073 539/4120/3135 449/4186/3189
f 1420/4054/3079 1418/4044/1369 1419/4043/3071
f 606/4144/2281 1105/4187/3190 494/4177/3181
f 2899/4070/3095 1074/4188/3191 597/4168/3173
f 655/4080/3105 612/4189/3192 624/4179/2293
f 507/4182/3185 498/4190/3193 504/4183/3186
f 246/4095/3114 255/4148/3155 280/4088/3110
f 1074/4188/3191 1817/4072/3097 493/4191/3194
f 1425/4136/3147 1831/4192/3195 3252/4173/3177
f 1471/4193/1784 1949/4165/3170 1417/4045/9
f 3252/4173/3177 1831/4192/3195 1832/4174/3178
f 494/4177/3181 496/4194/3196 606/4144/2281
f 606/4144/2281 624/4179/2293 612/4189/3192
f 1839/4116/3131 1838/4195/3197 507/4182/3185
f 1413/4065/3090 253/4074/3099 268/4073/3098
f 1781/4060/3085 444/4142/3151 1782/4141/3150
f 504/4183/3186 1836/4098/3117 1837/4097/3116
f 1432/4196/3198 1423/4178/3182 2111/4197/1774
f 2080/4164/3169 3224/4131/3142 1776/4062/3087
f 1423/4178/3182 1919/4130/3141 1916/4109/3125
f 234/4126/3139 235/4041/3069 642/4112/3128
f 596/4198/3199 512/4175/3179 508/4099/3118
f 1973/4171/3175 2075/4199/1755 2086/4069/3094
f 2075/4199/1755 1973/4171/3175 2110/4200/1781
f 493/4191/3194 521/4201/3200 489/4160/3166
f 1834/4202/3201 1828/4101/3120 1843/4118/3133
f 3375/4153/3160 3370/4150/3157 3387/4152/3159
f 1838/4195/3197 1827/4203/3202 498/4190/3193
f 510/4180/3183 1105/4187/3190 595/4111/3127
f 1829/4102/3121 1827/4203/3202 1844/4115/3130
f 2111/4197/1774 1423/4178/3182 1916/4109/3125
f 1427/4172/3176 1832/4174/3178 1844/4115/3130
f 2899/4070/3095 2908/4139/3148 1819/4071/3096
f 1413/4065/3090 260/4155/3162 281/4066/3091
f 3187/4204/3203 1824/4205/3204 3185/4206/3205
f 596/4198/3199 532/4207/3206 514/4176/3180
f 1836/4098/3117 504/4183/3186 498/4190/3193
f 3370/4150/3157 2260/4208/3207 1428/4209/3208
f 1830/4037/3065 1428/4209/3208 3671/4038/3066
f 1423/4178/3182 1432/4196/3198 1425/4136/3147
f 1420/4054/3079 1419/4043/3071 1850/4052/3078
f 612/4189/3192 595/4111/3127 1105/4187/3190
f 539/4120/3135 445/4046/3072 497/4210/3209
f 1779/4157/3164 3523/4211/3210 1771/4212/3211
f 1771/4212/3211 1797/4158/3165 1779/4157/3164
f 1816/4213/1436 1782/4141/3150 1797/4158/3165
f 1778/4214/3212 1816/4213/1436 1774/4215/1466
f 300/4107/3124 1402/4216/3213 1858/4156/3163
f 497/4210/3209 494/4177/3181 514/4176/3180
f 612/4189/3192 655/4080/3105 1155/4079/3104
f 255/4148/3155 225/4169/1053 296/4089/1050
f 497/4210/3209 496/4194/3196 494/4177/3181
f 1402/4216/3213 249/4092/1264 1858/4156/3163
f 600/4124/3138 606/4144/2281 496/4194/3196
f 1831/4192/3195 1425/4136/3147 1432/4196/3198
f 1836/4098/3117 498/4190/3193 1834/4202/3201
f 1846/4167/3172 597/4168/3173 1836/4098/3117
f 1961/4217/3214 3496/4218/3215 3384/4154/3161
f 1833/4151/3158 1830/4037/3065 1832/4174/3178
f 446/4048/3074 441/4219/3216 600/4124/3138
f 3523/4211/3210 1779/4157/3164 1780/4220/3217
f 1778/4214/3212 1782/4141/3150 1816/4213/1436
f 1780/4220/3217 1785/4184/3187 3523/4211/3210
f 1774/4215/1466 1765/4221/3218 1778/4214/3212
f 523/4222/3219 1780/4220/3217 1779/4157/3164
f 235/4041/3069 595/4111/3127 642/4112/3128
f 1780/4220/3217 523/4222/3219 1785/4184/3187
f 1413/4065/3090 268/4073/3098 260/4155/3162
f 1843/4118/3133 1836/4098/3117 1834/4202/3201
f 239/4104/1044 238/4081/3106 655/4080/3105
f 1773/4223/3220 1778/4214/3212 1765/4221/3218
f 502/4146/3154 304/4110/3126 246/4095/3114
f 1831/4192/3195 3387/4152/3159 1833/4151/3158
f 1830/4037/3065 1829/4102/3121 1832/4174/3178
f 1778/4214/3212 1781/4060/3085 1782/4141/3150
f 1833/4151/3158 1832/4174/3178 1831/4192/3195
f 1830/4037/3065 1833/4151/3158 1428/4209/3208
f 1842/4159/1237 1850/4052/3078 1813/4224/1238
f 1785/4184/3187 1818/4121/3136 3470/4078/3103
f 301/4135/3146 1427/4172/3176 1844/4115/3130
f 1778/4214/3212 1787/4058/3083 1781/4060/3085
f 1773/4223/3220 1787/4058/3083 1778/4214/3212
f 444/4142/3151 523/4222/3219 1779/4157/3164
f 1786/4140/3149 444/4142/3151 1779/4157/3164
f 513/4181/3184 304/4110/3126 502/4146/3154
f 502/4146/3154 508/4099/3118 513/4181/3184
f 1785/4184/3187 523/4222/3219 451/4122/3137
f 1843/4118/3133 1846/4167/3172 1836/4098/3117
f 444/4142/3151 521/4201/3200 523/4222/3219
f 1981/4129/3140 1419/4043/3071 1417/4045/9
f 521/4201/3200 451/4122/3137 523/4222/3219
f 510/4180/3183 494/4177/3181 1105/4187/3190
f 1949/4165/3170 1853/4068/3093 3224/4131/3142
f 1824/4205/3204 1835/4145/3153 3185/4206/3205
f 1831/4192/3195 1432/4196/3198 3384/4154/3161
f 497/4210/3209 514/4176/3180 532/4207/3206
f 496/4194/3196 497/4210/3209 445/4046/3072
f 496/4194/3196 445/4046/3072 600/4124/3138
f 1428/4209/3208 1833/4151/3158 3370/4150/3157
f 597/4168/3173 532/4207/3206 596/4198/3199
f 2908/4139/3148 1846/4167/3172 1843/4118/3133
f 513/4181/3184 232/4040/3068 304/4110/3126
f 301/4135/3146 1424/4055/3080 1425/4136/3147
f 497/4210/3209 489/4160/3166 539/4120/3135
f 1807/4162/1246 1813/4224/1238 1845/4063/3088
f 1398/4091/3112 1807/4162/1246 1776/4062/3087
f 1824/4205/3204 1825/4100/3119 1829/4102/3121
f 1858/4156/3163 249/4092/1264 1398/4091/3112
f 1828/4101/3120 1827/4203/3202 1829/4102/3121
f 1402/4216/3213 300/4107/3124 273/4166/3171
f 497/4210/3209 531/4225/3221 489/4160/3166
f 253/4074/3099 1413/4065/3090 270/4132/3143
f 2111/4197/1774 1916/4109/3125 2189/4108/1754
f 1765/4221/3218 1774/4215/1466 1766/4226/1473
f 596/4198/3199 1836/4098/3117 597/4168/3173
f 495/4161/3167 521/4201/3200 444/4142/3151
f 1830/4037/3065 1835/4145/3153 1829/4102/3121
f 1821/4076/3101 1823/4227/3222 3448/4077/3102
f 500/4050/3076 225/4169/1053 254/4149/3156
f 225/4169/1053 255/4148/3155 254/4149/3156
f 1853/4068/3093 1973/4171/3175 2086/4069/3094
f 233/4051/3077 500/4050/3076 254/4149/3156
f 1075/4228/3223 493/4191/3194 489/4160/3166
f 238/4081/3106 642/4112/3128 1155/4079/3104
f 513/4181/3184 508/4099/3118 512/4175/3179
f 2088/4067/3092 1415/4106/3123 1935/4105/3122
f 595/4111/3127 232/4040/3068 510/4180/3183
f 1075/4228/3223 532/4207/3206 597/4168/3173
f 1846/4167/3172 2908/4139/3148 2899/4070/3095
f 234/4126/3139 229/4128/1049 228/4049/3075
f 234/4126/3139 233/4051/3077 235/4041/3069
f 280/4088/3110 260/4155/3162 269/4096/3115
f 1817/4072/3097 451/4122/3137 493/4191/3194
f 3375/4153/3160 2260/4208/3207 3370/4150/3157
f 3496/4218/3215 3375/4153/3160 3384/4154/3161
f 1801/4229/3224 1823/4227/3222 1826/4143/3152
f 269/4096/3115 268/4073/3098 252/4113/3129
f 253/4074/3099 1410/4134/3145 1412/4075/3100
f 3224/4131/3142 2080/4164/3169 1949/4165/3170
f 1775/4059/3084 490/4047/3073 449/4186/3189
f 521/4201/3200 495/4161/3167 489/4160/3166
f 300/4107/3124 263/4056/3081 273/4166/3171
f 281/4066/3091 1414/4082/3107 289/4084/3108
f 596/4198/3199 508/4099/3118 1836/4098/3117
f 1819/4071/3096 1822/4119/3134 1821/4076/3101
f 211/4147/1052 286/4064/3089 289/4084/3108
f 174/4230/1266 175/4231/1262 1401/4232/3225
f 1838/4195/3197 1839/4116/3131 1844/4115/3130
f 1801/4229/3224 1826/4143/3152 1824/4205/3204
f 286/4064/3089 174/4230/1266 273/4166/3171
f 449/4186/3189 539/4120/3135 444/4142/3151
f 1949/4165/3170 1471/4193/1784 2110/4200/1781
f 3384/4154/3161 3387/4152/3159 1831/4192/3195
f 513/4181/3184 494/4177/3181 510/4180/3183
f 271/4133/3144 286/4064/3089 273/4166/3171
f 1401/4232/3225 1402/4216/3213 273/4166/3171
f 270/4132/3143 1413/4065/3090 271/4133/3144
f 595/4111/3127 612/4189/3192 1155/4079/3104
f 2189/4108/1754 2086/4069/3094 2075/4199/1755
f 1785/4184/3187 1795/4185/3188 3523/4211/3210
f 1827/4203/3202 1838/4195/3197 1844/4115/3130
f 1425/4136/3147 3252/4173/3177 301/4135/3146
f 1935/4105/3122 1858/4156/3163 3224/4131/3142
f 1961/4217/3214 3384/4154/3161 1432/4196/3198
f 1824/4205/3204 1826/4143/3152 1825/4100/3119
f 3252/4173/3177 1427/4172/3176 301/4135/3146
f 1961/4217/3214 1432/4196/3198 2111/4197/1774
f 255/4148/3155 296/4089/1050 280/4088/3110
f 600/4124/3138 445/4046/3072 446/4048/3074
f 497/4210/3209 532/4207/3206 531/4225/3221
f 531/4225/3221 532/4207/3206 1075/4228/3223
f 1828/4101/3120 1825/4100/3119 1843/4118/3133
f 2908/4139/3148 1843/4118/3133 1822/4119/3134
f 1829/4102/3121 1835/4145/3153 1824/4205/3204
f 1850/4052/3078 1845/4063/3088 1813/4224/1238
f 249/4092/1264 1402/4216/3213 1401/4232/3225
f 1398/4091/3112 1856/4093/1241 1807/4162/1246
f 441/4219/3216 446/4048/3074 440/4233/3226
f 642/4112/3128 238/4081/3106 234/4126/3139
f 3470/4078/3103 3448/4077/3102 1811/4234/3227
f 228/4049/3075 233/4051/3077 234/4126/3139
f 286/4064/3089 281/4066/3091 289/4084/3108
f 286/4064/3089 271/4133/3144 1413/4065/3090
f 231/4127/1045 234/4126/3139 238/4081/3106
f 246/4095/3114 304/4110/3126 254/4149/3156
f 3187/4204/3203 1801/4229/3224 1824/4205/3204
f 1821/4076/3101 1818/4121/3136 1819/4071/3096
f 1797/4158/3165 1782/4141/3150 1786/4140/3149
f 1819/4071/3096 1818/4121/3136 1817/4072/3097
f 1823/4227/3222 1821/4076/3101 1822/4119/3134
f 441/4219/3216 608/4125/2247 600/4124/3138
f 501/4163/3168 503/4170/3174 504/4183/3186
f 1410/4134/3145 253/4074/3099 270/4132/3143
f 1787/4058/3083 440/4233/3226 1775/4059/3084
f 1834/4202/3201 1827/4203/3202 1828/4101/3120
f 1822/4119/3134 1826/4143/3152 1823/4227/3222
f 231/4127/1045 238/4081/3106 239/4104/1044
f 1075/4228/3223 1074/4188/3191 493/4191/3194
f 1835/4145/3153 1804/4039/3067 3185/4206/3205
f 451/4122/3137 521/4201/3200 493/4191/3194
f 1834/4202/3201 498/4190/3193 1827/4203/3202
f 444/4142/3151 539/4120/3135 495/4161/3167
f 1775/4059/3084 446/4048/3074 490/4047/3073
f 612/4189/3192 1105/4187/3190 606/4144/2281
f 286/4064/3089 211/4147/1052 174/4230/1266
f 304/4110/3126 236/4042/3070 254/4149/3156
f 1398/4091/3112 1776/4062/3087 1858/4156/3163
f 301/4135/3146 1410/4134/3145 1424/4055/3080
f 507/4182/3185 1838/4195/3197 498/4190/3193
f 444/4142/3151 1781/4060/3085 449/4186/3189
f 1811/4234/3227 3448/4077/3102 1823/4227/3222
f 1781/4060/3085 1775/4059/3084 449/4186/3189
f 265/4085/1034 1414/4082/3107 1082/4086/3109
f 531/4225/3221 1075/4228/3223 489/4160/3166
f 1075/4228/3223 597/4168/3173 1074/4188/3191
f 1973/4171/3175 1949/4165/3170 2110/4200/1781
f 1423/4178/3182 1425/4136/3147 1430/4057/3082
f 1401/4232/3225 175/4231/1262 249/4092/1264
f 2899/4070/3095 1817/4072/3097 1074/4188/3191
f 1844/4115/3130 1832/4174/3178 1829/4102/3121
f 505/4117/3132 301/4135/3146 1844/4115/3130
f 1775/4059/3084 440/4233/3226 446/4048/3074
f 174/4230/1266 1401/4232/3225 273/4166/3171
f 451/4122/3137 1818/4121/3136 1785/4184/3187
f 281/4066/3091 1082/4086/3109 1414/4082/3107
f 512/4175/3179 596/4198/3199 514/4176/3180
f 1563/4235/3228 393/4236/3229 1796/4237/3230
f 1717/4238/3231 2854/4239/3232 1718/4240/3233
f 1581/4241/3234 1555/4242/3235 2860/4243/3236
f 1555/4242/3235 1581/4241/3234 1589/4244/3237
f 1589/4244/3237 2292/4245/3238 1549/4246/3239
f 1589/4244/3237 1590/4247/3240 2851/4248/3241
f 1729/4249/3242 1728/4250/3243 1726/4251/3244
f 1647/4252/3245 1617/4253/1882 1598/4254/1477
f 406/4255/3246 1696/4256/3247 1726/4251/3244
f 453/4257/3248 536/4258/3249 1739/4259/3250
f 1714/4260/3251 1556/4261/3252 1551/4262/3253
f 559/4263/88 436/4264/1214 3001/4265/95
f 1599/4266/3254 1558/4267/3255 1559/4268/3256
f 1596/4269/3257 1552/4270/3258 1599/4266/3254
f 603/4271/3259 3003/4272/3260 438/4273/3261
f 592/4274/93 3001/4265/95 436/4264/1214
f 2851/4248/3241 2292/4245/3238 1589/4244/3237
f 3003/4272/3260 603/4271/3259 1753/4275/3262
f 2292/4245/3238 2851/4248/3241 1714/4260/3251
f 536/4258/3249 430/4276/3263 1739/4259/3250
f 427/4277/3264 433/4278/3265 1727/4279/3266
f 1555/4242/3235 1589/4244/3237 1549/4246/3239
f 456/4280/3267 542/4281/3268 1735/4282/3269
f 431/4283/3270 1742/4284/3271 1729/4249/3242
f 2858/4285/3272 2292/4245/3238 2857/4286/3273
f 1599/4266/3254 2916/4287/3274 1558/4267/3255
f 1557/4288/3275 1563/4235/3228 2916/4287/3274
f 1696/4256/3247 431/4283/3270 1729/4249/3242
f 3494/4289/3276 1695/4290/3277 1561/4291/3278
f 1605/4292/3279 1598/4254/1477 1593/4293/3280
f 415/4294/3281 2858/4285/3272 414/4295/3282
f 1549/4246/3239 2858/4285/3272 387/4296/3283
f 1793/4297/3284 1791/4298/3285 484/4299/3286
f 1632/4300/1847 2614/4301/3287 1699/4302/1854
f 2886/4303/1857 2840/4304/1871 419/4305/3288
f 1727/4279/3266 1736/4306/3289 427/4277/3264
f 1702/4307/1858 2886/4303/1857 419/4305/3288
f 438/4273/3261 3003/4272/3260 1754/4308/3290
f 387/4296/3283 2858/4285/3272 415/4294/3281
f 1588/4309/1445 1593/4293/3280 1598/4254/1477
f 2857/4286/3273 414/4295/3282 2858/4285/3272
f 1605/4292/3279 1593/4293/3280 1596/4269/3257
f 1593/4293/3280 1588/4309/1445 1631/4310/3291
f 1549/4246/3239 387/4296/3283 1555/4242/3235
f 463/4311/3292 1696/4256/3247 412/4312/3293
f 2292/4245/3238 2858/4285/3272 1549/4246/3239
f 419/4305/3288 408/4313/3294 1702/4307/1858
f 1754/4308/3290 1749/4314/3295 3047/4315/3296
f 1613/4316/1881 2614/4301/3287 1627/4317/1879
f 1748/4318/3297 3047/4315/3296 1749/4314/3295
f 1600/4319/3298 1599/4266/3254 1559/4268/3256
f 536/4258/3249 1737/4320/3299 430/4276/3263
f 408/4313/3294 419/4305/3288 1676/4321/3300
f 1701/4322/3301 1676/4321/3300 1715/4323/3302
f 1748/4318/3297 1749/4314/3295 437/4324/3303
f 1676/4321/3300 1701/4322/3301 408/4313/3294
f 1715/4323/3302 422/4325/3304 1701/4322/3301
f 3461/4326/3305 1750/4327/1222 437/4324/3303
f 1736/4306/3289 1735/4282/3269 428/4328/3306
f 1742/4284/3271 1727/4279/3266 424/4329/3307
f 1676/4321/3300 2887/4330/3308 1715/4323/3302
f 437/4324/3303 434/4331/3309 1748/4318/3297
f 1741/4332/3310 1736/4306/3289 457/4333/3311
f 2889/4334/1870 1676/4321/3300 419/4305/3288
f 1719/4335/3312 1600/4319/3298 1559/4268/3256
f 1676/4321/3300 2889/4334/1870 2887/4330/3308
f 2840/4304/1871 2889/4334/1870 419/4305/3288
f 1815/4336/3313 1777/4337/3314 1814/4338/3315
f 2889/4334/1870 1700/4339/1866 2887/4330/3308
f 1587/4340/3316 1585/4341/3317 1591/4342/3318
f 1585/4341/3317 1605/4292/3279 1591/4342/3318
f 1625/4343/3319 2614/4301/3287 1613/4316/1881
f 1750/4327/1222 3461/4326/3305 583/4344/1221
f 1605/4292/3279 1596/4269/3257 1591/4342/3318
f 1742/4284/3271 431/4283/3270 1102/4345/3320
f 1614/4346/3321 1585/4341/3317 1611/4347/3322
f 549/4348/3323 3047/4315/3296 544/4349/3324
f 1605/4292/3279 1585/4341/3317 1614/4346/3321
f 1647/4252/3245 1605/4292/3279 1614/4346/3321
f 1581/4241/3234 2860/4243/3236 1573/4350/3325
f 1573/4350/3325 1554/4351/3326 1581/4241/3234
f 2860/4243/3236 1562/4352/3327 1560/4353/3328
f 1750/4327/1222 434/4331/3309 437/4324/3303
f 2860/4243/3236 1560/4353/3328 1573/4350/3325
f 1631/4310/3291 1596/4269/3257 1593/4293/3280
f 1554/4351/3326 1573/4350/3325 1560/4353/3328
f 1719/4335/3312 1561/4291/3278 1584/4354/3329
f 1102/4345/3320 432/4355/3330 1742/4284/3271
f 453/4257/3248 452/4356/3331 1777/4337/3314
f 1560/4353/3328 1562/4352/3327 1554/4351/3326
f 434/4331/3309 1750/4327/1222 560/4357/1224
f 3037/4358/3332 1683/4359/87 1682/4360/86
f 436/4264/1214 559/4263/88 560/4357/1224
f 1715/4323/3302 2887/4330/3308 1716/4361/3333
f 3004/4362/3334 2912/4363/3335 1715/4323/3302
f 423/4364/3336 1712/4365/1853 408/4313/3294
f 1610/4366/3337 1429/4367/3338 2914/4368/3339
f 452/4356/3331 453/4257/3248 1740/4369/3340
f 412/4312/3293 415/4294/3281 459/4370/3341
f 534/4371/3342 1102/4345/3320 431/4283/3270
f 1738/4372/3343 3002/4373/3344 542/4281/3268
f 408/4313/3294 1712/4365/1853 1702/4307/1858
f 542/4281/3268 3002/4373/3344 455/4374/3345
f 428/4328/3306 3002/4373/3344 429/4375/3346
f 456/4280/3267 442/4376/3347 542/4281/3268
f 2912/4363/3335 3004/4362/3334 2914/4368/3339
f 1591/4342/3318 1719/4335/3312 1587/4340/3316
f 559/4263/88 434/4331/3309 560/4357/1224
f 1712/4365/1853 423/4364/3336 421/4377/3348
f 425/4378/3349 1748/4318/3297 434/4331/3309
f 1796/4237/3230 1590/4247/3240 1580/4379/3350
f 425/4378/3349 434/4331/3309 3037/4358/3332
f 453/4257/3248 537/4380/3351 454/4381/3352
f 1679/4382/3353 402/4383/574 421/4377/3348
f 433/4278/3265 424/4329/3307 1727/4279/3266
f 3927/2743/1084 3877/2742/2070 519/4384/1085
f 1700/4339/1866 1699/4302/1854 1615/4385/3354
f 1558/4267/3255 2859/4386/3355 1554/4351/3326
f 486/4387/1089 1098/4388/1075 1103/4389/3356
f 448/4390/3357 1740/4369/3340 447/4391/3358
f 1140/4392/3359 1104/4393/3360 1141/4394/3361
f 2912/4363/3335 2913/4395/3362 422/4325/3304
f 1610/4366/3337 1713/4396/3363 1429/4367/3338
f 431/4283/3270 1101/4397/3364 534/4371/3342
f 2614/4301/3287 1615/4385/3354 1699/4302/1854
f 433/4278/3265 1679/4382/3353 421/4377/3348
f 1139/4398/3365 462/4399/3366 1820/4400/3367
f 2913/4395/3362 2912/4363/3335 2914/4368/3339
f 1713/4396/3363 2845/4401/3368 1429/4367/3338
f 428/4328/3306 3047/4315/3296 1748/4318/3297
f 1696/4256/3247 463/4311/3292 431/4283/3270
f 447/4391/3358 443/4402/3369 442/4376/3347
f 1622/4403/3370 1615/4385/3354 2614/4301/3287
f 1710/4404/3371 1622/4403/3370 2614/4301/3287
f 3004/4362/3334 1716/4361/3333 1615/4385/3354
f 423/4364/3336 1728/4250/3243 421/4377/3348
f 2845/4401/3368 1707/4405/3372 2846/4406/3373
f 1622/4403/3370 3004/4362/3334 1615/4385/3354
f 1625/4343/3319 1710/4404/3371 2614/4301/3287
f 1622/4403/3370 1710/4404/3371 3004/4362/3334
f 1749/4314/3295 3003/4272/3260 1753/4275/3262
f 485/4407/1090 484/4299/3286 1798/4408/1088
f 2914/4368/3339 3004/4362/3334 1710/4404/3371
f 1598/4254/1477 1605/4292/3279 1647/4252/3245
f 1820/4400/3367 1106/4409/3374 1777/4337/3314
f 1613/4316/1881 1612/4410/3375 1625/4343/3319
f 486/4387/1089 462/4399/3366 1793/4297/3284
f 1610/4366/3337 1710/4404/3371 1625/4343/3319
f 2914/4368/3339 1710/4404/3371 1610/4366/3337
f 1716/4361/3333 3004/4362/3334 1715/4323/3302
f 1625/4343/3319 1612/4410/3375 2604/4411/3376
f 1679/4382/3353 433/4278/3265 427/4277/3264
f 1610/4366/3337 1625/4343/3319 2604/4411/3376
f 1614/4346/3321 1610/4366/3337 2604/4411/3376
f 1796/4237/3230 393/4236/3229 1556/4261/3252
f 3493/4412/3377 2860/4243/3236 1555/4242/3235
f 1613/4316/1881 1617/4253/1882 1647/4252/3245
f 1647/4252/3245 1614/4346/3321 2604/4411/3376
f 484/4299/3286 460/4413/3378 469/4414/3379
f 1614/4346/3321 1611/4347/3322 1594/4415/3380
f 1594/4415/3380 1611/4347/3322 1585/4341/3317
f 1735/4282/3269 1736/4306/3289 1741/4332/3310
f 1695/4290/3277 1713/4396/3363 1594/4415/3380
f 1106/4409/3374 518/4416/1076 519/4384/1085
f 3493/4412/3377 1562/4352/3327 2860/4243/3236
f 1584/4354/3329 1594/4415/3380 1585/4341/3317
f 1777/4337/3314 452/4356/3331 450/4417/3381
f 1735/4282/3269 1741/4332/3310 456/4280/3267
f 414/4295/3282 459/4370/3341 415/4294/3281
f 2913/4395/3362 2846/4406/3373 1707/4405/3372
f 420/4418/1852 1712/4365/1853 421/4377/3348
f 422/4325/3304 1715/4323/3302 2912/4363/3335
f 1713/4396/3363 1695/4290/3277 1717/4238/3231
f 431/4283/3270 463/4311/3292 1101/4397/3364
f 549/4348/3323 1754/4308/3290 3047/4315/3296
f 534/4371/3342 535/4419/3382 1102/4345/3320
f 544/4349/3324 3002/4373/3344 1738/4372/3343
f 484/4299/3286 1791/4298/3285 460/4413/3378
f 1728/4250/3243 1729/4249/3242 424/4329/3307
f 1614/4346/3321 1594/4415/3380 1610/4366/3337
f 1820/4400/3367 462/4399/3366 1103/4389/3356
f 459/4370/3341 384/4420/3383 465/4421/3384
f 3494/4289/3276 3493/4412/3377 1708/4422/3385
f 1098/4388/1075 518/4416/1076 1103/4389/3356
f 2854/4239/3232 1717/4238/3231 1695/4290/3277
f 1585/4341/3317 1587/4340/3316 1719/4335/3312
f 2854/4239/3232 3494/4289/3276 1708/4422/3385
f 3493/4412/3377 3494/4289/3276 1562/4352/3327
f 442/4376/3347 1741/4332/3310 432/4355/3330
f 1717/4238/3231 2853/4423/3386 1713/4396/3363
f 424/4329/3307 433/4278/3265 421/4377/3348
f 2845/4401/3368 2853/4423/3386 1697/4424/3387
f 1707/4405/3372 2845/4401/3368 1711/4425/3388
f 1737/4320/3299 544/4349/3324 1738/4372/3343
f 1719/4335/3312 1584/4354/3329 1585/4341/3317
f 3037/4358/3332 1682/4360/86 1679/4382/3353
f 1562/4352/3327 1561/4291/3278 1554/4351/3326
f 1790/4426/3389 463/4311/3292 459/4370/3341
f 1590/4247/3240 1556/4261/3252 1714/4260/3251
f 459/4370/3341 465/4421/3384 464/4427/3390
f 518/4416/1076 1106/4409/3374 1103/4389/3356
f 432/4355/3330 1727/4279/3266 1742/4284/3271
f 542/4281/3268 455/4374/3345 1735/4282/3269
f 1104/4393/3360 442/4376/3347 432/4355/3330
f 1615/4385/3354 2887/4330/3308 1700/4339/1866
f 421/4377/3348 402/4383/574 420/4418/1852
f 3037/4358/3332 559/4263/88 1683/4359/87
f 534/4371/3342 1141/4394/3361 535/4419/3382
f 1679/4382/3353 425/4378/3349 3037/4358/3332
f 534/4371/3342 1101/4397/3364 1791/4298/3285
f 1707/4405/3372 1711/4425/3388 1697/4424/3387
f 402/4383/574 1679/4382/3353 1682/4360/86
f 1820/4400/3367 1777/4337/3314 450/4417/3381
f 1719/4335/3312 1596/4269/3257 1600/4319/3298
f 456/4280/3267 1741/4332/3310 442/4376/3347
f 1594/4415/3380 1584/4354/3329 1695/4290/3277
f 1738/4372/3343 430/4276/3263 1737/4320/3299
f 2916/4287/3274 2859/4386/3355 1558/4267/3255
f 2913/4395/3362 2914/4368/3339 1429/4367/3338
f 1101/4397/3364 463/4311/3292 1790/4426/3389
f 1790/4426/3389 1791/4298/3285 1101/4397/3364
f 459/4370/3341 464/4427/3390 1790/4426/3389
f 1596/4269/3257 1599/4266/3254 1600/4319/3298
f 542/4281/3268 430/4276/3263 1738/4372/3343
f 1647/4252/3245 2604/4411/3376 1613/4316/1881
f 427/4277/3264 425/4378/3349 1679/4382/3353
f 1553/4428/3391 412/4312/3293 1709/4429/3392
f 442/4376/3347 1104/4393/3360 447/4391/3358
f 534/4371/3342 1791/4298/3285 1141/4394/3361
f 1748/4318/3297 425/4378/3349 427/4277/3264
f 1737/4320/3299 536/4258/3249 543/4430/3393
f 460/4413/3378 1791/4298/3285 1790/4426/3389
f 434/4331/3309 559/4263/88 3037/4358/3332
f 421/4377/3348 1728/4250/3243 424/4329/3307
f 1709/4429/3392 2854/4239/3232 1708/4422/3385
f 1717/4238/3231 1718/4240/3233 2853/4423/3386
f 429/4375/3346 3047/4315/3296 428/4328/3306
f 428/4328/3306 455/4374/3345 3002/4373/3344
f 1563/4235/3228 2859/4386/3355 2916/4287/3274
f 384/4420/3383 459/4370/3341 414/4295/3282
f 1563/4235/3228 1580/4379/3350 2859/4386/3355
f 542/4281/3268 443/4402/3369 430/4276/3263
f 448/4390/3357 447/4391/3358 1104/4393/3360
f 1719/4335/3312 1591/4342/3318 1596/4269/3257
f 1708/4422/3385 3493/4412/3377 1553/4428/3391
f 1551/4262/3253 2292/4245/3238 1714/4260/3251
f 1790/4426/3389 464/4427/3390 460/4413/3378
f 415/4294/3281 412/4312/3293 387/4296/3283
f 1739/4259/3250 430/4276/3263 443/4402/3369
f 447/4391/3358 1740/4369/3340 443/4402/3369
f 1556/4261/3252 1590/4247/3240 1796/4237/3230
f 2851/4248/3241 1590/4247/3240 1714/4260/3251
f 1748/4318/3297 427/4277/3264 1736/4306/3289
f 429/4375/3346 544/4349/3324 3047/4315/3296
f 459/4370/3341 463/4311/3292 412/4312/3293
f 2853/4423/3386 413/4431/3394 1697/4424/3387
f 424/4329/3307 1729/4249/3242 1742/4284/3271
f 1561/4291/3278 1562/4352/3327 3494/4289/3276
f 1580/4379/3350 1581/4241/3234 2859/4386/3355
f 1814/4338/3315 1106/4409/3374 519/4384/1085
f 1706/4432/3395 2913/4395/3362 1707/4405/3372
f 1141/4394/3361 1104/4393/3360 535/4419/3382
f 1610/4366/3337 1594/4415/3380 1713/4396/3363
f 3494/4289/3276 2854/4239/3232 1695/4290/3277
f 1429/4367/3338 2845/4401/3368 2846/4406/3373
f 1552/4270/3258 1596/4269/3257 1631/4310/3291
f 1555/4242/3235 387/4296/3283 1553/4428/3391
f 1697/4424/3387 413/4431/3394 1707/4405/3372
f 1580/4379/3350 1590/4247/3240 1589/4244/3237
f 1701/4322/3301 422/4325/3304 423/4364/3336
f 406/4255/3246 1706/4432/3395 1707/4405/3372
f 1740/4369/3340 1739/4259/3250 443/4402/3369
f 1139/4398/3365 448/4390/3357 1104/4393/3360
f 429/4375/3346 3002/4373/3344 544/4349/3324
f 461/4433/3396 1141/4394/3361 1791/4298/3285
f 543/4430/3393 536/4258/3249 454/4381/3352
f 536/4258/3249 453/4257/3248 454/4381/3352
f 537/4380/3351 543/4430/3393 454/4381/3352
f 1561/4291/3278 1695/4290/3277 1584/4354/3329
f 1726/4251/3244 1728/4250/3243 423/4364/3336
f 1106/4409/3374 1820/4400/3367 1103/4389/3356
f 406/4255/3246 412/4312/3293 1696/4256/3247
f 1719/4335/3312 1559/4268/3256 1561/4291/3278
f 455/4374/3345 428/4328/3306 1735/4282/3269
f 1615/4385/3354 1716/4361/3333 2887/4330/3308
f 1104/4393/3360 432/4355/3330 535/4419/3382
f 1777/4337/3314 1815/4336/3313 453/4257/3248
f 1740/4369/3340 453/4257/3248 1739/4259/3250
f 484/4299/3286 485/4407/1090 1793/4297/3284
f 406/4255/3246 413/4431/3394 412/4312/3293
f 2854/4239/3232 1709/4429/3392 1718/4240/3233
f 437/4324/3303 603/4271/3259 3461/4326/3305
f 1139/4398/3365 1104/4393/3360 1140/4392/3359
f 535/4419/3382 432/4355/3330 1102/4345/3320
f 1141/4394/3361 461/4433/3396 1140/4392/3359
f 1793/4297/3284 461/4433/3396 1791/4298/3285
f 1749/4314/3295 1753/4275/3262 437/4324/3303
f 603/4271/3259 437/4324/3303 1753/4275/3262
f 408/4313/3294 1701/4322/3301 423/4364/3336
f 1139/4398/3365 1140/4392/3359 462/4399/3366
f 1612/4410/3375 1613/4316/1881 2604/4411/3376
f 414/4295/3282 2857/4286/3273 384/4420/3383
f 1106/4409/3374 1814/4338/3315 1777/4337/3314
f 422/4325/3304 2913/4395/3362 1726/4251/3244
f 462/4399/3366 486/4387/1089 1103/4389/3356
f 1727/4279/3266 457/4333/3311 1736/4306/3289
f 448/4390/3357 1139/4398/3365 450/4417/3381
f 1798/4408/1088 484/4299/3286 469/4414/3379
f 1558/4267/3255 1554/4351/3326 1561/4291/3278
f 1706/4432/3395 406/4255/3246 1726/4251/3244
f 1707/4405/3372 413/4431/3394 406/4255/3246
f 387/4296/3283 412/4312/3293 1553/4428/3391
f 1754/4308/3290 3003/4272/3260 1749/4314/3295
f 1748/4318/3297 1736/4306/3289 428/4328/3306
f 1709/4429/3392 413/4431/3394 1718/4240/3233
f 1429/4367/3338 2846/4406/3373 2913/4395/3362
f 413/4431/3394 1709/4429/3392 412/4312/3293
f 443/4402/3369 542/4281/3268 442/4376/3347
f 1581/4241/3234 1580/4379/3350 1589/4244/3237
f 1729/4249/3242 1726/4251/3244 1696/4256/3247
f 1555/4242/3235 1553/4428/3391 3493/4412/3377
f 1741/4332/3310 457/4333/3311 432/4355/3330
f 1815/4336/3313 537/4380/3351 453/4257/3248
f 1726/4251/3244 423/4364/3336 422/4325/3304
f 1711/4425/3388 2845/4401/3368 1697/4424/3387
f 450/4417/3381 452/4356/3331 448/4390/3357
f 1726/4251/3244 2913/4395/3362 1706/4432/3395
f 413/4431/3394 2853/4423/3386 1718/4240/3233
f 448/4390/3357 452/4356/3331 1740/4369/3340
f 1793/4297/3284 485/4407/1090 486/4387/1089
f 1627/4317/1879 2614/4301/3287 1632/4300/1847
f 2859/4386/3355 1581/4241/3234 1554/4351/3326
f 462/4399/3366 461/4433/3396 1793/4297/3284
f 2853/4423/3386 2845/4401/3368 1713/4396/3363
f 1139/4398/3365 1820/4400/3367 450/4417/3381
f 1559/4268/3256 1558/4267/3255 1561/4291/3278
f 1709/4429/3392 1708/4422/3385 1553/4428/3391
f 1140/4392/3359 461/4433/3396 462/4399/3366
f 1580/4379/3350 1563/4235/3228 1796/4237/3230
f 1727/4279/3266 432/4355/3330 457/4333/3311
f 1557/4288/3275 1599/4266/3254 1552/4270/3258
f 2916/4287/3274 1599/4266/3254 1557/4288/3275
f 1884/4434/3397 1172/4435/3398 1885/4436/3399
f 1889/4437/3400 1885/4436/3399 3608/4438/3401
f 1892/4439/3402 1885/4436/3399 1889/4437/3400
f 3719/4440/2948 3531/4441/3403 3718/4442/2926
f 3741/4443/3404 3531/4441/3403 3719/4440/2948
f 1902/4444/3405 1976/4445/3406 3269/4446/3407
f 2923/4447/3061 3741/4443/3404 3719/4440/2948
f 3007/4448/3408 1976/4445/3406 3006/4449/3409
f 1902/4444/3405 1904/4450/3410 1976/4445/3406
f 3531/4441/3403 2112/4451/3411 2113/4452/3412
f 3694/4453/3413 3531/4441/3403 3741/4443/3404
f 2923/4447/3061 3738/4454/3414 3741/4443/3404
f 3758/4455/3415 3293/4456/3416 1908/4457/3417
f 3741/4443/3404 3724/4458/3418 3694/4453/3413
f 1907/4459/3419 3293/4456/3416 1922/4460/3420
f 1904/4450/3410 1902/4444/3405 3758/4455/3415
f 3173/4461/3421 3742/4462/3422 2170/4463/3423
f 2112/4451/3411 3694/4453/3413 2157/4464/3424
f 3738/4454/3414 3724/4458/3418 3741/4443/3404
f 3724/4458/3418 2157/4464/3424 3694/4453/3413
f 2117/4465/3425 2112/4451/3411 2157/4464/3424
f 3742/4462/3422 3724/4458/3418 3738/4454/3414
f 2157/4464/3424 3724/4458/3418 3541/4466/3426
f 3173/4461/3421 3724/4458/3418 3742/4462/3422
f 3724/4458/3418 3173/4461/3421 3541/4466/3426
f 1249/4467/3427 3541/4466/3426 3693/4468/3428
f 3693/4468/3428 3541/4466/3426 3173/4461/3421
f 3693/4468/3428 3173/4461/3421 2170/4463/3423
f 3691/4469/3429 3696/4470/3430 3692/4471/3431
f 3692/4471/3431 1366/4472/3432 3642/4473/3433
f 1876/4474/3434 1877/4475/3435 582/4476/777
f 1366/4472/3432 3699/4477/3436 2153/4478/3437
f 3647/4479/3438 3642/4473/3433 2114/4480/3439
f 3665/4481/3440 3663/4482/3441 3697/4483/3442
f 3471/4484/3443 3295/4485/3444 3312/4486/3445
f 3319/4487/3446 3324/4488/3447 3325/4489/3448
f 3006/4449/3409 1976/4445/3406 1904/4450/3410
f 3665/4481/3440 3405/4490/3449 3663/4482/3441
f 3644/4491/3450 3663/4482/3441 3405/4490/3449
f 1896/4492/783 2148/4493/787 3651/4494/3451
f 1908/4457/3417 3293/4456/3416 1907/4459/3419
f 3644/4491/3450 3606/4495/3452 3655/4496/3453
f 3668/4497/3454 3405/4490/3449 3665/4481/3440
f 3606/4495/3452 3644/4491/3450 3406/4498/3455
f 3668/4497/3454 3227/4499/3456 3405/4490/3449
f 3606/4495/3452 3325/4489/3448 2106/4500/3457
f 3341/4501/3458 3227/4499/3456 3656/4502/3459
f 3006/4449/3409 3170/4503/3460 1873/4504/1216
f 3320/4505/3461 3606/4495/3452 3406/4498/3455
f 3606/4495/3452 3320/4505/3461 3325/4489/3448
f 3376/4506/3462 3006/4449/3409 1904/4450/3410
f 3226/4507/3463 3327/4508/3464 3223/4509/3465
f 3223/4509/3465 3222/4510/3466 3226/4507/3463
f 3324/4488/3447 3319/4487/3446 1936/4511/3467
f 3225/4512/3468 3319/4487/3446 3226/4507/3463
f 3319/4487/3446 3225/4512/3468 3527/4513/3469
f 3758/4455/3415 1908/4457/3417 1897/4514/3470
f 3306/4515/3471 3220/4516/3472 1906/4517/3473
f 3471/4484/3443 3218/4518/3474 3219/4519/3475
f 3218/4518/3474 3471/4484/3443 3312/4486/3445
f 3376/4506/3462 3170/4503/3460 3006/4449/3409
f 3664/4520/3476 3642/4473/3433 1366/4472/3432
f 1899/4521/1322 1907/4459/3419 1922/4460/3420
f 1907/4459/3419 1899/4521/1322 1908/4457/3417
f 3170/4503/3460 3376/4506/3462 1912/4522/3477
f 3664/4520/3476 3665/4481/3440 3697/4483/3442
f 1899/4521/1322 3126/4523/1325 1908/4457/3417
f 1108/4524/1217 1912/4522/3477 1871/4525/1220
f 3758/4455/3415 1902/4444/3405 3278/4526/3478
f 3647/4479/3438 3691/4469/3429 3692/4471/3431
f 3218/4518/3474 3521/4527/3479 3527/4513/3469
f 3521/4527/3479 3476/4528/3480 1928/4529/3481
f 1908/4457/3417 3126/4523/1325 1897/4514/3470
f 3677/4530/3482 3664/4520/3476 1366/4472/3432
f 3521/4527/3479 3312/4486/3445 3476/4528/3480
f 1912/4522/3477 3171/4531/3483 1871/4525/1220
f 3126/4523/1325 3171/4531/3483 1897/4514/3470
f 3325/4489/3448 3320/4505/3461 3319/4487/3446
f 3171/4531/3483 3126/4523/1325 1872/4532/96
f 3269/4446/3407 3278/4526/3478 1902/4444/3405
f 3665/4481/3440 3672/4533/3484 3668/4497/3454
f 2157/4464/3424 3541/4466/3426 1249/4467/3427
f 3327/4508/3464 3320/4505/3461 3406/4498/3455
f 3376/4506/3462 1897/4514/3470 3171/4531/3483
f 1876/4474/3434 3268/4534/780 1880/4535/3485
f 3126/4523/1325 1899/4521/1322 1898/4536/1316
f 3312/4486/3445 3295/4485/3444 3310/4537/3486
f 1912/4522/3477 1108/4524/1217 3170/4503/3460
f 3312/4486/3445 3310/4537/3486 3476/4528/3480
f 3476/4528/3480 1931/4538/3487 1928/4529/3481
f 1871/4525/1220 3171/4531/3483 1872/4532/96
f 3476/4528/3480 3310/4537/3486 1931/4538/3487
f 3642/4473/3433 3664/4520/3476 3697/4483/3442
f 3376/4506/3462 3171/4531/3483 1912/4522/3477
f 3231/4539/3488 3230/4540/3489 3622/4541/3490
f 3758/4455/3415 3376/4506/3462 1904/4450/3410
f 3521/4527/3479 3335/4542/3491 3527/4513/3469
f 3376/4506/3462 3758/4455/3415 1897/4514/3470
f 1899/4521/1322 1922/4460/3420 1911/4543/1323
f 3223/4509/3465 3341/4501/3458 3656/4502/3459
f 1931/4538/3487 3310/4537/3486 1933/4544/3492
f 3227/4499/3456 3406/4498/3455 3405/4490/3449
f 3233/4545/3493 3229/4546/3494 1874/4547/778
f 3642/4473/3433 3647/4479/3438 3692/4471/3431
f 3218/4518/3474 3225/4512/3468 3219/4519/3475
f 3692/4471/3431 3696/4470/3430 1366/4472/3432
f 2170/4463/3423 3699/4477/3436 3696/4470/3430
f 3222/4510/3466 3316/4548/3495 3226/4507/3463
f 3226/4507/3463 3320/4505/3461 3327/4508/3464
f 1249/4467/3427 3693/4468/3428 3691/4469/3429
f 3527/4513/3469 3225/4512/3468 3218/4518/3474
f 2114/4480/3439 3642/4473/3433 3655/4496/3453
f 1905/4549/3496 3306/4515/3471 1906/4517/3473
f 3298/4550/3497 1921/4551/3498 1918/4552/3499
f 1925/4553/3500 3022/4554/3501 3285/4555/3502
f 2911/4556/3503 3335/4542/3491 3521/4527/3479
f 3642/4473/3433 3663/4482/3441 3655/4496/3453
f 3405/4490/3449 3406/4498/3455 3644/4491/3450
f 3219/4519/3475 3225/4512/3468 3316/4548/3495
f 1915/4557/3504 1883/4558/3505 1905/4549/3496
f 3341/4501/3458 3327/4508/3464 3406/4498/3455
f 2911/4556/3503 3521/4527/3479 1928/4529/3481
f 3572/4559/585 3588/4560/3506 3592/4561/3507
f 2118/4562/582 2160/4563/3508 2120/4564/577
f 3693/4468/3428 2170/4463/3423 3696/4470/3430
f 2106/4500/3457 3655/4496/3453 3606/4495/3452
f 3231/4539/3488 1905/4549/3496 1883/4558/3505
f 3227/4499/3456 3341/4501/3458 3406/4498/3455
f 3605/4565/3509 3602/4566/3510 3625/4567/3511
f 1875/4568/789 3467/4569/3512 578/4570/1218
f 2157/4464/3424 1249/4467/3427 2117/4465/3425
f 3588/4560/3506 2120/4564/577 2967/4571/3513
f 3266/4572/3514 1917/4573/3515 3298/4550/3497
f 3223/4509/3465 3327/4508/3464 3341/4501/3458
f 3644/4491/3450 3655/4496/3453 3663/4482/3441
f 3696/4470/3430 3699/4477/3436 1366/4472/3432
f 3642/4473/3433 3697/4483/3442 3663/4482/3441
f 3278/4526/3478 3266/4572/3514 3298/4550/3497
f 3677/4530/3482 1366/4472/3432 2153/4478/3437
f 3521/4527/3479 3218/4518/3474 3312/4486/3445
f 3694/4453/3413 2112/4451/3411 3531/4441/3403
f 3531/4441/3403 2113/4452/3412 3718/4442/2926
f 3600/4574/3516 3268/4534/780 1896/4492/783
f 3664/4520/3476 3677/4530/3482 3665/4481/3440
f 3320/4505/3461 3226/4507/3463 3319/4487/3446
f 3696/4470/3430 3691/4469/3429 3693/4468/3428
f 3527/4513/3469 1936/4511/3467 3319/4487/3446
f 3665/4481/3440 3677/4530/3482 3672/4533/3484
f 3622/4541/3490 1172/4435/3398 3231/4539/3488
f 3225/4512/3468 3226/4507/3463 3316/4548/3495
f 1929/4575/3517 1927/4576/3518 1928/4529/3481
f 1905/4549/3496 2601/4577/3519 3249/4578/3520
f 3285/4555/3502 3299/4579/3521 3298/4550/3497
f 2601/4577/3519 3238/4580/3522 3624/4581/3523
f 3600/4574/3516 3379/4582/3524 3268/4534/780
f 1896/4492/783 3651/4494/3451 1934/4583/3525
f 1914/4584/1334 1911/4543/1323 1922/4460/3420
f 1895/4585/3526 1917/4573/3515 3266/4572/3514
f 3329/4586/3527 3249/4578/3520 1903/4587/3528
f 3248/4588/3529 3329/4586/3527 1895/4585/3526
f 1903/4587/3528 3624/4581/3523 1884/4434/3397
f 1914/4584/1334 3032/4589/3530 3292/4590/1330
f 3238/4580/3522 1172/4435/3398 1884/4434/3397
f 3620/4591/3531 3651/4494/3451 2143/4592/3532
f 609/4593/3533 578/4570/1218 3467/4569/3512
f 578/4570/1218 609/4593/3533 610/4594/3534
f 3007/4448/3408 3466/4595/3535 1976/4445/3406
f 3329/4586/3527 1903/4587/3528 1886/4596/3536
f 2143/4592/3532 3651/4494/3451 2148/4493/787
f 1891/4597/3537 1886/4596/3536 1903/4587/3528
f 1930/4598/3538 609/4593/3533 3467/4569/3512
f 1887/4599/3539 1903/4587/3528 1884/4434/3397
f 3032/4589/3530 3285/4555/3502 3292/4590/1330
f 3619/4600/3540 3620/4591/3531 2143/4592/3532
f 1930/4598/3538 3007/4448/3408 609/4593/3533
f 3269/4446/3407 1882/4601/3541 3306/4515/3471
f 3299/4579/3521 3285/4555/3502 3293/4456/3416
f 3238/4580/3522 1884/4434/3397 3624/4581/3523
f 2911/4556/3503 1887/4599/3539 3335/4542/3491
f 610/4594/3534 1873/4504/1216 578/4570/1218
f 3007/4448/3408 610/4594/3534 609/4593/3533
f 3006/4449/3409 1873/4504/1216 610/4594/3534
f 1887/4599/3539 2911/4556/3503 1891/4597/3537
f 3619/4600/3540 3616/4602/3542 3620/4591/3531
f 1882/4601/3541 3269/4446/3407 3466/4595/3535
f 3467/4569/3512 1882/4601/3541 1930/4598/3538
f 3614/4603/3543 3616/4602/3542 3619/4600/3540
f 3616/4602/3542 3626/4604/3544 3628/4605/3545
f 1920/4606/3546 1929/4575/3517 1926/4607/3547
f 2147/4608/3548 3619/4600/3540 2148/4493/787
f 1931/4538/3487 1933/4544/3492 1926/4607/3547
f 3614/4603/3543 3619/4600/3540 2147/4608/3548
f 3007/4448/3408 3006/4449/3409 610/4594/3534
f 3262/4609/3549 3278/4526/3478 3269/4446/3407
f 1886/4596/3536 1895/4585/3526 3329/4586/3527
f 1882/4601/3541 3466/4595/3535 1930/4598/3538
f 3626/4604/3544 3623/4610/3550 3628/4605/3545
f 2146/4611/769 2147/4608/3548 2148/4493/787
f 3466/4595/3535 3007/4448/3408 1930/4598/3538
f 3306/4515/3471 1882/4601/3541 3467/4569/3512
f 2141/4612/3551 3614/4603/3543 2147/4608/3548
f 3623/4610/3550 3626/4604/3544 2141/4612/3551
f 1976/4445/3406 3466/4595/3535 3269/4446/3407
f 2141/4612/3551 2140/4613/770 3623/4610/3550
f 3628/4605/3545 3618/4614/3552 3602/4566/3510
f 3628/4605/3545 3623/4610/3550 3618/4614/3552
f 1929/4575/3517 1928/4529/3481 1931/4538/3487
f 3602/4566/3510 3618/4614/3552 3631/4615/3553
f 3631/4615/3553 3618/4614/3552 3623/4610/3550
f 3293/4456/3416 3285/4555/3502 1070/4616/3554
f 3631/4615/3553 3595/4617/3555 3602/4566/3510
f 3631/4615/3553 3623/4610/3550 3637/4618/788
f 3631/4615/3553 3603/4619/3556 3595/4617/3555
f 3595/4617/3555 2133/4620/3557 3602/4566/3510
f 3603/4619/3556 3631/4615/3553 3637/4618/788
f 3595/4617/3555 3603/4619/3556 3678/4621/785
f 1271/4622/776 3595/4617/3555 3678/4621/785
f 1876/4474/3434 582/4476/777 589/4623/781
f 2140/4613/770 2141/4612/3551 2146/4611/769
f 2147/4608/3548 2146/4611/769 2141/4612/3551
f 1271/4622/776 3589/4624/592 3595/4617/3555
f 3022/4554/3501 3292/4590/1330 3285/4555/3502
f 3614/4603/3543 3626/4604/3544 3616/4602/3542
f 3678/4621/785 3603/4619/3556 3637/4618/788
f 3306/4515/3471 3262/4609/3549 3269/4446/3407
f 1920/4606/3546 1921/4551/3498 1917/4573/3515
f 1925/4553/3500 3285/4555/3502 1918/4552/3499
f 3298/4550/3497 1917/4573/3515 1921/4551/3498
f 3262/4609/3549 3248/4588/3529 3266/4572/3514
f 2143/4592/3532 2148/4493/787 3619/4600/3540
f 3268/4534/780 3230/4540/3489 1880/4535/3485
f 3266/4572/3514 3248/4588/3529 1895/4585/3526
f 3248/4588/3529 3270/4625/3558 3329/4586/3527
f 1895/4585/3526 1891/4597/3537 1917/4573/3515
f 1929/4575/3517 1920/4606/3546 1927/4576/3518
f 3262/4609/3549 3270/4625/3558 3248/4588/3529
f 3306/4515/3471 3270/4625/3558 3262/4609/3549
f 3278/4526/3478 3262/4609/3549 3266/4572/3514
f 3527/4513/3469 3335/4542/3491 1936/4511/3467
f 3278/4526/3478 3293/4456/3416 3758/4455/3415
f 1894/4626/3559 3233/4545/3493 1881/4627/3560
f 2133/4620/3557 3595/4617/3555 3592/4561/3507
f 3249/4578/3520 3329/4586/3527 3270/4625/3558
f 2116/4628/1507 2135/4629/3561 2118/4562/582
f 3637/4618/788 3623/4610/3550 2140/4613/770
f 3602/4566/3510 3616/4602/3542 3628/4605/3545
f 1890/4630/3562 2107/4631/3563 3655/4496/3453
f 3626/4604/3544 3614/4603/3543 2141/4612/3551
f 1887/4599/3539 1884/4434/3397 3333/4632/3564
f 1928/4529/3481 1927/4576/3518 1891/4597/3537
f 3270/4625/3558 1905/4549/3496 3249/4578/3520
f 1884/4434/3397 1885/4436/3399 1892/4439/3402
f 2601/4577/3519 3231/4539/3488 3238/4580/3522
f 1887/4599/3539 1936/4511/3467 3335/4542/3491
f 3238/4580/3522 3231/4539/3488 1172/4435/3398
f 1936/4511/3467 1887/4599/3539 3333/4632/3564
f 3380/4633/3565 1172/4435/3398 3622/4541/3490
f 3270/4625/3558 3306/4515/3471 1905/4549/3496
f 2107/4631/3563 2171/4634/3566 2134/4635/3567
f 2601/4577/3519 1905/4549/3496 3231/4539/3488
f 3622/4541/3490 3584/4636/3568 3380/4633/3565
f 1927/4576/3518 1920/4606/3546 1891/4597/3537
f 2128/4637/581 2120/4564/577 3588/4560/3506
f 2967/4571/3513 2160/4563/3508 2970/4638/3569
f 3600/4574/3516 3577/4639/3570 3380/4633/3565
f 3324/4488/3447 1936/4511/3467 1892/4439/3402
f 3242/4640/3571 3608/4438/3401 1885/4436/3399
f 1929/4575/3517 1931/4538/3487 1926/4607/3547
f 3242/4640/3571 3380/4633/3565 3577/4639/3570
f 2130/4641/3572 2133/4620/3557 2171/4634/3566
f 3278/4526/3478 3299/4579/3521 3293/4456/3416
f 1894/4626/3559 3231/4539/3488 1883/4558/3505
f 3651/4494/3451 3620/4591/3531 3577/4639/3570
f 3600/4574/3516 3380/4633/3565 3379/4582/3524
f 3577/4639/3570 3600/4574/3516 1934/4583/3525
f 3032/4589/3530 1914/4584/1334 1922/4460/3420
f 1906/4517/3473 1915/4557/3504 1905/4549/3496
f 3299/4579/3521 3278/4526/3478 3298/4550/3497
f 3620/4591/3531 3605/4565/3509 3577/4639/3570
f 3379/4582/3524 3584/4636/3568 3268/4534/780
f 1918/4552/3499 3285/4555/3502 3298/4550/3497
f 3230/4540/3489 3268/4534/780 3584/4636/3568
f 1896/4492/783 1934/4583/3525 3600/4574/3516
f 589/4623/781 3268/4534/780 1876/4474/3434
f 3577/4639/3570 3605/4565/3509 3583/4642/3573
f 3325/4489/3448 3324/4488/3447 1889/4437/3400
f 3231/4539/3488 1894/4626/3559 1881/4627/3560
f 3230/4540/3489 3231/4539/3488 1881/4627/3560
f 3220/4516/3472 1915/4557/3504 1906/4517/3473
f 1881/4627/3560 3233/4545/3493 1878/4643/3574
f 3242/4640/3571 3583/4642/3573 3608/4438/3401
f 3608/4438/3401 1893/4644/3575 1889/4437/3400
f 2106/4500/3457 3325/4489/3448 1889/4437/3400
f 1920/4606/3546 1917/4573/3515 1891/4597/3537
f 3583/4642/3573 3605/4565/3509 3581/4645/3576
f 3583/4642/3573 3581/4645/3576 2144/4646/3577
f 2601/4577/3519 3624/4581/3523 3249/4578/3520
f 3608/4438/3401 3583/4642/3573 2144/4646/3577
f 1877/4475/3435 1876/4474/3434 1880/4535/3485
f 3647/4479/3438 2134/4635/3567 2138/4647/3578
f 3602/4566/3510 3605/4565/3509 3616/4602/3542
f 2138/4647/3578 2109/4648/3579 3647/4479/3438
f 1890/4630/3562 1893/4644/3575 3608/4438/3401
f 2117/4465/3425 3733/4649/3580 2113/4452/3412
f 3647/4479/3438 2114/4480/3439 2134/4635/3567
f 2970/4638/3569 2109/4648/3579 2138/4647/3578
f 1249/4467/3427 3691/4469/3429 2109/4648/3579
f 3733/4649/3580 3718/4442/2926 2113/4452/3412
f 1889/4437/3400 1893/4644/3575 1890/4630/3562
f 2108/4650/3581 2109/4648/3579 2970/4638/3569
f 2117/4465/3425 1249/4467/3427 2109/4648/3579
f 2109/4648/3579 2108/4650/3581 2117/4465/3425
f 2135/4629/3561 2116/4628/1507 3733/4649/3580
f 3285/4555/3502 3032/4589/3530 1070/4616/3554
f 3691/4469/3429 3647/4479/3438 2109/4648/3579
f 2106/4500/3457 1889/4437/3400 1890/4630/3562
f 2112/4451/3411 2117/4465/3425 2113/4452/3412
f 2117/4465/3425 2108/4650/3581 2135/4629/3561
f 3718/4442/2926 3733/4649/3580 2425/4651/3062
f 2144/4646/3577 1890/4630/3562 3608/4438/3401
f 2425/4651/3062 3733/4649/3580 2398/4652/1509
f 3581/4645/3576 3605/4565/3509 3625/4567/3511
f 3733/4649/3580 2116/4628/1507 2398/4652/1509
f 2144/4646/3577 3581/4645/3576 2130/4641/3572
f 3733/4649/3580 2117/4465/3425 2135/4629/3561
f 3651/4494/3451 3577/4639/3570 1934/4583/3525
f 1880/4535/3485 3230/4540/3489 1877/4475/3435
f 2911/4556/3503 1928/4529/3481 1891/4597/3537
f 3625/4567/3511 3602/4566/3510 2133/4620/3557
f 3655/4496/3453 2106/4500/3457 1890/4630/3562
f 2130/4641/3572 2107/4631/3563 1890/4630/3562
f 2114/4480/3439 3655/4496/3453 2107/4631/3563
f 2171/4634/3566 2133/4620/3557 2136/4653/3582
f 3572/4559/585 3592/4561/3507 3589/4624/592
f 2128/4637/581 3588/4560/3506 3572/4559/585
f 3467/4569/3512 3220/4516/3472 3306/4515/3471
f 1895/4585/3526 1886/4596/3536 1891/4597/3537
f 3592/4561/3507 2136/4653/3582 2133/4620/3557
f 2131/4654/3583 3592/4561/3507 3588/4560/3506
f 2967/4571/3513 2136/4653/3582 2131/4654/3583
f 2136/4653/3582 2967/4571/3513 2172/4655/3584
f 2138/4647/3578 2172/4655/3584 2970/4638/3569
f 2131/4654/3583 3588/4560/3506 2967/4571/3513
f 3220/4516/3472 3229/4546/3494 1915/4557/3504
f 2134/4635/3567 2114/4480/3439 2107/4631/3563
f 2160/4563/3508 2135/4629/3561 2108/4650/3581
f 2172/4655/3584 2967/4571/3513 2970/4638/3569
f 2133/4620/3557 2130/4641/3572 3625/4567/3511
f 3592/4561/3507 3595/4617/3555 3589/4624/592
f 1889/4437/3400 3324/4488/3447 1892/4439/3402
f 1903/4587/3528 1887/4599/3539 1891/4597/3537
f 3229/4546/3494 3233/4545/3493 1915/4557/3504
f 2134/4635/3567 2171/4634/3566 2138/4647/3578
f 1878/4643/3574 1877/4475/3435 1881/4627/3560
f 2138/4647/3578 2171/4634/3566 2136/4653/3582
f 1883/4558/3505 3233/4545/3493 1894/4626/3559
f 2130/4641/3572 3581/4645/3576 3625/4567/3511
f 1877/4475/3435 3230/4540/3489 1881/4627/3560
f 1883/4558/3505 1915/4557/3504 3233/4545/3493
f 2172/4655/3584 2138/4647/3578 2136/4653/3582
f 1921/4551/3498 1920/4606/3546 1926/4607/3547
f 3380/4633/3565 3584/4636/3568 3379/4582/3524
f 3293/4456/3416 1070/4616/3554 1922/4460/3420
f 3229/4546/3494 3467/4569/3512 1875/4568/789
f 3467/4569/3512 3229/4546/3494 3220/4516/3472
f 1172/4435/3398 3242/4640/3571 1885/4436/3399
f 1172/4435/3398 3380/4633/3565 3242/4640/3571
f 1892/4439/3402 1936/4511/3467 3333/4632/3564
f 1878/4643/3574 3233/4545/3493 1874/4547/778
f 2136/4653/3582 3592/4561/3507 2131/4654/3583
f 3624/4581/3523 1903/4587/3528 3249/4578/3520
f 2107/4631/3563 2130/4641/3572 2171/4634/3566
f 3622/4541/3490 3230/4540/3489 3584/4636/3568
f 2118/4562/582 2135/4629/3561 2160/4563/3508
f 3577/4639/3570 3583/4642/3573 3242/4640/3571
f 2120/4564/577 2160/4563/3508 2967/4571/3513
f 1892/4439/3402 3333/4632/3564 1884/4434/3397
f 3620/4591/3531 3616/4602/3542 3605/4565/3509
f 1878/4643/3574 1874/4547/778 582/4476/777
f 2130/4641/3572 1890/4630/3562 2144/4646/3577
f 2160/4563/3508 2108/4650/3581 2970/4638/3569
f 1921/4551/3498 1926/4607/3547 1918/4552/3499
f 1070/4616/3554 3032/4589/3530 1922/4460/3420
f 1874/4547/778 3229/4546/3494 1875/4568/789
f 3170/4503/3460 1108/4524/1217 1873/4504/1216
f 1877/4475/3435 1878/4643/3574 582/4476/777
f 1428/4656/3208 2260/4657/3207 3839/4658/3585
f 3443/4659/3586 3556/4660/3587 3839/4658/3585
f 465/4661/3384 468/4662/3588 464/4663/3390
f 1801/4664/3224 3460/4665/3589 1823/4666/3222
f 1961/4667/3214 2111/4668/1774 2084/4669/3590
f 1564/4670/3591 1588/4671/1445 1592/4672/3592
f 3816/4673/3593 3409/4674/3594 2202/4675/3595
f 2299/4676/3596 3196/4677/3597 3190/4678/3598
f 3495/4679/3599 2989/4680/3600 3190/4678/3598
f 3845/4681/3601 2326/4682/3602 3495/4679/3599
f 3190/4678/3598 2989/4680/3600 2299/4676/3596
f 3495/4679/3599 3190/4678/3598 3850/4683/3603
f 3845/4681/3601 3495/4679/3599 3850/4683/3603
f 2326/4682/3602 3845/4681/3601 2297/4684/3604
f 3840/4685/3605 2297/4684/3604 3845/4681/3601
f 2299/4676/3596 2375/4686/1442 2763/4687/3606
f 3183/4688/1476 2299/4676/3596 2763/4687/3606
f 2375/4686/1442 2299/4676/3596 2989/4680/3600
f 1578/4689/3607 3852/4690/3608 3838/4691/3609
f 2299/4676/3596 3183/4688/1476 3196/4677/3597
f 2763/4687/3606 2839/4692/1441 3183/4688/1476
f 3509/4693/3610 3840/4685/3605 3504/4694/3611
f 2375/4686/1442 1592/4672/3592 1588/4671/1445
f 3750/4695/3612 3851/4696/3613 3509/4693/3610
f 3850/4683/3603 3196/4677/3597 3194/4697/3614
f 3194/4697/3614 3509/4693/3610 3504/4694/3611
f 3750/4695/3612 3179/4698/3615 3851/4696/3613
f 1800/4699/3616 3653/4700/3617 3460/4665/3589
f 3845/4681/3601 3850/4683/3603 3840/4685/3605
f 3840/4685/3605 3838/4691/3609 3852/4690/3608
f 3850/4683/3603 3194/4697/3614 3504/4694/3611
f 3750/4695/3612 3509/4693/3610 3194/4697/3614
f 3509/4693/3610 3838/4691/3609 3840/4685/3605
f 3840/4685/3605 3850/4683/3603 3504/4694/3611
f 3851/4696/3613 2309/4701/3618 3838/4691/3609
f 3191/4702/3619 3826/4703/3620 3851/4696/3613
f 3826/4703/3620 2309/4701/3618 3851/4696/3613
f 3191/4702/3619 3653/4700/3617 3841/4704/3621
f 3194/4697/3614 3196/4677/3597 3029/4705/3622
f 3509/4693/3610 3851/4696/3613 3838/4691/3609
f 3182/4706/3623 3029/4705/3622 3196/4677/3597
f 3850/4683/3603 3190/4678/3598 3196/4677/3597
f 388/4707/3624 397/4708/3625 1579/4709/3626
f 3178/4710/1475 3182/4706/3623 3196/4677/3597
f 3196/4677/3597 3183/4688/1476 3178/4710/1475
f 1530/4711/3627 1535/4712/3628 1569/4713/3629
f 3841/4704/3621 3653/4700/3617 1800/4699/3616
f 3851/4696/3613 3179/4698/3615 3191/4702/3619
f 3838/4691/3609 1530/4711/3627 1569/4713/3629
f 3816/4673/3593 2202/4675/3595 3793/4714/3630
f 1579/4709/3626 1564/4670/3591 1578/4689/3607
f 3653/4700/3617 3191/4702/3619 3179/4698/3615
f 2219/4715/3631 1517/4716/3632 3409/4674/3594
f 2207/4717/3633 3469/4718/3634 3831/4719/3635
f 1789/4720/3636 1784/4721/1437 1771/4722/3211
f 3029/4705/3622 1720/4723/3637 3844/4724/3638
f 2084/4669/3590 2123/4725/1770 3496/4726/3215
f 3029/4705/3622 3182/4706/3623 1720/4723/3637
f 1499/4727/3639 1501/4728/3640 350/4729/1768
f 3813/4730/3641 2242/4731/3642 3837/4732/3643
f 1720/4723/3637 3523/4733/3210 1794/4734/3644
f 3029/4705/3622 3844/4724/3638 3194/4697/3614
f 1527/4735/1766 1501/4728/3640 2457/4736/3645
f 2763/4687/3606 2375/4686/1442 2839/4692/1441
f 2375/4686/1442 2989/4680/3600 1592/4672/3592
f 3495/4679/3599 2326/4682/3602 2989/4680/3600
f 1564/4670/3591 1579/4709/3626 397/4708/3625
f 2242/4731/3642 3816/4673/3593 3793/4714/3630
f 2297/4684/3604 1564/4670/3591 2326/4682/3602
f 391/4737/3646 388/4707/3624 381/4738/3647
f 3840/4685/3605 3852/4690/3608 2297/4684/3604
f 1578/4689/3607 2297/4684/3604 3852/4690/3608
f 1578/4689/3607 3838/4691/3609 1569/4713/3629
f 1535/4712/3628 388/4707/3624 1569/4713/3629
f 388/4707/3624 1535/4712/3628 1512/4739/3648
f 1512/4739/3648 1511/4740/3649 379/4741/3650
f 2260/4657/3207 3375/4742/3160 3839/4658/3585
f 3814/4743/3651 3671/4744/3066 3831/4719/3635
f 3185/4745/3205 1804/4746/3067 3271/4747/3652
f 1511/4740/3649 1509/4748/3653 1510/4749/3654
f 3409/4674/3594 1517/4716/3632 2202/4675/3595
f 1535/4712/3628 1509/4748/3653 1512/4739/3648
f 1530/4711/3627 1509/4748/3653 1535/4712/3628
f 3472/4750/3655 1800/4699/3616 3187/4751/3203
f 1564/4670/3591 2297/4684/3604 1578/4689/3607
f 3813/4730/3641 3837/4732/3643 3472/4750/3655
f 1530/4711/3627 2309/4701/3618 1509/4748/3653
f 1509/4748/3653 2202/4675/3595 1510/4749/3654
f 3793/4714/3630 2202/4675/3595 1509/4748/3653
f 3179/4698/3615 3460/4665/3589 3653/4700/3617
f 1789/4720/3636 1720/4723/3637 3182/4706/3623
f 3182/4706/3623 3178/4710/1475 1783/4752/3656
f 1789/4720/3636 1788/4753/1471 1784/4721/1437
f 1784/4721/1437 1797/4754/3165 1771/4722/3211
f 1788/4753/1471 1789/4720/3636 1783/4752/3656
f 1783/4752/3656 3178/4710/1475 1788/4753/1471
f 3750/4695/3612 3194/4697/3614 3844/4724/3638
f 3793/4714/3630 3841/4704/3621 3837/4732/3643
f 1784/4721/1437 1816/4755/1436 1797/4754/3165
f 469/4756/3379 468/4662/3588 473/4757/1596
f 388/4707/3624 1512/4739/3648 1570/4758/3657
f 1783/4752/3656 1789/4720/3636 3182/4706/3623
f 1720/4723/3637 1771/4722/3211 3523/4733/3210
f 2235/4759/3658 2209/4760/3659 2207/4717/3633
f 1771/4722/3211 1720/4723/3637 1789/4720/3636
f 3185/4745/3205 3186/4761/3660 3187/4751/3203
f 2309/4701/3618 3826/4703/3620 1509/4748/3653
f 3844/4724/3638 1720/4723/3637 1794/4734/3644
f 1795/4762/3188 3844/4724/3638 1794/4734/3644
f 2457/4736/3645 2132/4763/1769 1527/4735/1766
f 1795/4762/3188 1794/4734/3644 3523/4733/3210
f 1812/4764/3661 3844/4724/3638 1795/4762/3188
f 468/4662/3588 460/4765/3378 464/4663/3390
f 465/4661/3384 472/4766/3662 468/4662/3588
f 1812/4764/3661 3750/4695/3612 3844/4724/3638
f 1811/4767/3227 3179/4698/3615 1812/4764/3661
f 460/4765/3378 468/4662/3588 469/4756/3379
f 2309/4701/3618 1530/4711/3627 3838/4691/3609
f 2084/4669/3590 3496/4726/3215 1961/4667/3214
f 468/4662/3588 472/4766/3662 478/4768/1584
f 3191/4702/3619 3841/4704/3621 3826/4703/3620
f 3484/4769/3663 1496/4770/3664 1435/4771/3665
f 468/4662/3588 478/4768/1584 473/4757/1596
f 1570/4758/3657 381/4738/3647 388/4707/3624
f 388/4707/3624 391/4737/3646 397/4708/3625
f 473/4757/1596 1798/4772/1088 469/4756/3379
f 3496/4726/3215 2123/4725/1770 1416/4773/3666
f 2207/4717/3633 3831/4719/3635 3556/4660/3587
f 397/4708/3625 391/4737/3646 1552/4774/3258
f 1564/4670/3591 1631/4775/3291 1588/4671/1445
f 1631/4775/3291 397/4708/3625 1552/4774/3258
f 1631/4775/3291 1564/4670/3591 397/4708/3625
f 3470/4776/3103 1812/4764/3661 1795/4762/3188
f 1812/4764/3661 3179/4698/3615 3750/4695/3612
f 1512/4739/3648 1509/4748/3653 1511/4740/3649
f 3496/4726/3215 1416/4773/3666 3375/4742/3160
f 2123/4725/1770 2084/4669/3590 2111/4668/1774
f 3826/4703/3620 3841/4704/3621 3793/4714/3630
f 1811/4767/3227 1812/4764/3661 3470/4776/3103
f 3179/4698/3615 1811/4767/3227 3460/4665/3589
f 1496/4770/3664 3484/4769/3663 3469/4718/3634
f 1806/4777/3667 1496/4770/3664 2209/4760/3659
f 1800/4699/3616 3472/4750/3655 3837/4732/3643
f 3469/4718/3634 3484/4769/3663 3831/4719/3635
f 2207/4717/3633 2209/4760/3659 3469/4718/3634
f 1499/4727/3639 1806/4777/3667 1501/4728/3640
f 1800/4699/3616 3460/4665/3589 1801/4664/3224
f 3460/4665/3589 1811/4767/3227 1823/4666/3222
f 367/4778/3668 1532/4779/3669 366/4780/3670
f 385/4781/3671 1532/4779/3669 1792/4782/3672
f 2265/4783/3673 385/4781/3671 1550/4784/3674
f 385/4781/3671 365/4785/3675 1532/4779/3669
f 2196/4786/3676 2195/4787/3677 360/4788/3678
f 360/4788/3678 386/4789/3679 1532/4779/3669
f 1496/4770/3664 3469/4718/3634 2209/4760/3659
f 472/4766/3662 465/4661/3384 1792/4782/3672
f 386/4789/3679 2195/4787/3677 1534/4790/3680
f 2242/4731/3642 3813/4730/3641 3816/4673/3593
f 3834/4791/3681 2196/4786/3676 360/4788/3678
f 360/4788/3678 1532/4779/3669 365/4785/3675
f 360/4788/3678 2195/4787/3677 386/4789/3679
f 1531/4792/3682 3833/4793/3683 365/4785/3675
f 2196/4786/3676 1572/4794/3684 2195/4787/3677
f 1810/4795/3685 2195/4787/3677 1572/4794/3684
f 472/4766/3662 1532/4779/3669 367/4778/3668
f 478/4768/1584 472/4766/3662 367/4778/3668
f 366/4780/3670 1541/4796/1619 367/4778/3668
f 2326/4682/3602 1592/4672/3592 2989/4680/3600
f 3809/4797/3686 3833/4793/3683 1531/4792/3682
f 1540/4798/1585 367/4778/3668 1541/4796/1619
f 2195/4787/3677 1810/4795/3685 1534/4790/3680
f 1534/4790/3680 3321/4799/3687 386/4789/3679
f 3835/4800/3688 1534/4790/3680 1810/4795/3685
f 386/4789/3679 366/4780/3670 1532/4779/3669
f 3321/4799/3687 1544/4801/3689 366/4780/3670
f 1792/4782/3672 1532/4779/3669 472/4766/3662
f 3833/4793/3683 3809/4797/3686 3803/4802/3690
f 2265/4783/3673 3809/4797/3686 1531/4792/3682
f 2235/4759/3658 1806/4777/3667 2209/4760/3659
f 2235/4759/3658 1501/4728/3640 1806/4777/3667
f 365/4785/3675 3834/4791/3681 360/4788/3678
f 350/4729/1768 1501/4728/3640 1527/4735/1766
f 3186/4761/3660 3814/4743/3651 3813/4730/3641
f 3186/4761/3660 3813/4730/3641 3472/4750/3655
f 3833/4793/3683 3834/4791/3681 365/4785/3675
f 1800/4699/3616 1801/4664/3224 3187/4751/3203
f 365/4785/3675 385/4781/3671 1531/4792/3682
f 1531/4792/3682 385/4781/3671 2265/4783/3673
f 3321/4799/3687 1534/4790/3680 3835/4800/3688
f 465/4661/3384 384/4803/3383 1792/4782/3672
f 3186/4761/3660 3271/4747/3652 3814/4743/3651
f 366/4780/3670 386/4789/3679 3321/4799/3687
f 1792/4782/3672 1550/4784/3674 385/4781/3671
f 3809/4797/3686 2265/4783/3673 3803/4802/3690
f 3803/4802/3690 2265/4783/3673 2345/4804/3691
f 384/4803/3383 1550/4784/3674 1792/4782/3672
f 2345/4804/3691 2265/4783/3673 1550/4784/3674
f 3321/4799/3687 3835/4800/3688 1544/4801/3689
f 384/4803/3383 2857/4805/3273 1550/4784/3674
f 2857/4805/3273 2345/4804/3691 1550/4784/3674
f 367/4778/3668 1540/4798/1585 478/4768/1584
f 1808/4806/3692 1809/4807/3693 1568/4808/3694
f 1529/4809/3695 3835/4800/3688 1574/4810/3696
f 1514/4811/3697 379/4741/3650 359/4812/3698
f 1525/4813/3699 1520/4814/3700 1565/4815/3701
f 1570/4758/3657 380/4816/3702 1514/4811/3697
f 373/4817/3703 353/4818/3704 359/4812/3698
f 3842/4819/3705 3843/4820/3706 1542/4821/3707
f 3443/4659/3586 1416/4773/3666 2457/4736/3645
f 3834/4791/3681 3833/4793/3683 1520/4814/3700
f 3837/4732/3643 2242/4731/3642 3793/4714/3630
f 376/4822/3708 1506/4823/1600 377/4824/3709
f 1808/4806/3692 1568/4808/3694 1514/4811/3697
f 1516/4825/3710 1513/4826/3711 2884/4827/3712
f 3835/4800/3688 1529/4809/3695 1544/4801/3689
f 1513/4826/3711 1543/4828/3713 353/4818/3704
f 1800/4699/3616 3837/4732/3643 3841/4704/3621
f 3803/4802/3690 1567/4829/3714 1565/4815/3701
f 379/4741/3650 1514/4811/3697 380/4816/3702
f 1513/4826/3711 353/4818/3704 2884/4827/3712
f 1557/4830/3275 390/4831/3715 1563/4832/3228
f 353/4818/3704 1543/4828/3713 1808/4806/3692
f 2235/4759/3658 2457/4736/3645 1501/4728/3640
f 373/4817/3703 359/4812/3698 358/4833/3716
f 380/4816/3702 1570/4758/3657 1512/4739/3648
f 2287/4834/3717 1525/4813/3699 1570/4758/3657
f 1505/4835/1606 2193/4836/3718 377/4824/3709
f 3842/4819/3705 1808/4806/3692 1543/4828/3713
f 395/4837/3719 393/4838/3229 3519/4839/3720
f 353/4818/3704 1808/4806/3692 1514/4811/3697
f 1595/4840/3721 393/4838/3229 395/4837/3719
f 1574/4810/3696 1543/4828/3713 1513/4826/3711
f 3842/4819/3705 1542/4821/3707 1809/4807/3693
f 1516/4825/3710 1519/4841/3722 1529/4809/3695
f 2287/4834/3717 1809/4807/3693 1546/4842/3723
f 3556/4660/3587 3671/4744/3066 3839/4658/3585
f 3842/4819/3705 1543/4828/3713 1577/4843/3724
f 1592/4672/3592 2326/4682/3602 1564/4670/3591
f 2910/4844/1589 1518/4845/3725 1523/4846/1611
f 411/4847/3726 1597/4848/3727 3519/4839/3720
f 1546/4842/3723 1520/4814/3700 1525/4813/3699
f 2884/4827/3712 356/4849/3728 1516/4825/3710
f 1568/4808/3694 2287/4834/3717 1514/4811/3697
f 391/4737/3646 1557/4830/3275 1552/4774/3258
f 1513/4826/3711 1516/4825/3710 1529/4809/3695
f 3831/4719/3635 3484/4769/3663 3648/4850/3729
f 373/4817/3703 356/4849/3728 2884/4827/3712
f 1572/4794/3684 1543/4828/3713 1810/4795/3685
f 1543/4828/3713 1572/4794/3684 1577/4843/3724
f 1520/4814/3700 1546/4842/3723 3834/4791/3681
f 362/4851/3730 1518/4845/3725 376/4822/3708
f 376/4822/3708 356/4849/3728 362/4851/3730
f 1803/4852/3731 1541/4796/1619 1522/4853/3732
f 379/4741/3650 380/4816/3702 1512/4739/3648
f 3853/4854/3733 3813/4730/3641 3814/4743/3651
f 378/4855/3734 379/4741/3650 1511/4740/3649
f 376/4822/3708 377/4824/3709 356/4849/3728
f 3814/4743/3651 3831/4719/3635 3853/4854/3733
f 1567/4829/3714 3803/4802/3690 2345/4804/3691
f 1416/4773/3666 3443/4659/3586 3375/4742/3160
f 3813/4730/3641 3711/4856/3735 3816/4673/3593
f 1570/4758/3657 1576/4857/3736 381/4738/3647
f 3648/4850/3729 3711/4856/3735 3853/4854/3733
f 1510/4749/3654 2202/4675/3595 374/4858/3737
f 2202/4675/3595 1517/4716/3632 374/4858/3737
f 378/4855/3734 359/4812/3698 379/4741/3650
f 374/4858/3737 355/4859/3738 378/4855/3734
f 3711/4856/3735 3409/4674/3594 3816/4673/3593
f 355/4859/3738 359/4812/3698 378/4855/3734
f 1515/4860/3739 374/4858/3737 1517/4716/3632
f 1496/4770/3664 1499/4727/3639 357/4861/3740
f 1510/4749/3654 374/4858/3737 378/4855/3734
f 374/4858/3737 1515/4860/3739 1545/4862/3741
f 3853/4854/3733 3711/4856/3735 3813/4730/3641
f 1570/4758/3657 1514/4811/3697 2287/4834/3717
f 1545/4862/3741 1515/4860/3739 1508/4863/3742
f 3833/4793/3683 1565/4815/3701 1520/4814/3700
f 3839/4658/3585 3375/4742/3160 3443/4659/3586
f 1428/4656/3208 3839/4658/3585 3671/4744/3066
f 2219/4715/3631 3484/4769/3663 1435/4771/3665
f 358/4833/3716 1545/4862/3741 354/4864/3743
f 1574/4810/3696 3835/4800/3688 1810/4795/3685
f 1515/4860/3739 2219/4715/3631 1435/4771/3665
f 1508/4863/3742 354/4864/3743 1545/4862/3741
f 1517/4716/3632 2219/4715/3631 1515/4860/3739
f 1572/4794/3684 2196/4786/3676 1577/4843/3724
f 1435/4771/3665 1508/4863/3742 1515/4860/3739
f 358/4833/3716 354/4864/3743 362/4851/3730
f 3484/4769/3663 2219/4715/3631 3648/4850/3729
f 351/4865/3744 362/4851/3730 354/4864/3743
f 357/4861/3740 354/4864/3743 1508/4863/3742
f 3711/4856/3735 3648/4850/3729 2219/4715/3631
f 354/4864/3743 357/4861/3740 351/4865/3744
f 1546/4842/3723 1525/4813/3699 2287/4834/3717
f 1525/4813/3699 1524/4866/3745 1570/4758/3657
f 1808/4806/3692 3842/4819/3705 1809/4807/3693
f 2198/4867/1620 2193/4836/3718 3023/4868/1592
f 1523/4846/1611 362/4851/3730 351/4865/3744
f 1809/4807/3693 1542/4821/3707 1546/4842/3723
f 1513/4826/3711 1529/4809/3695 1574/4810/3696
f 1523/4846/1611 351/4865/3744 481/4869/3746
f 355/4859/3738 374/4858/3737 1545/4862/3741
f 2196/4786/3676 3843/4820/3706 3842/4819/3705
f 481/4869/3746 1474/4870/1623 1523/4846/1611
f 355/4859/3738 1545/4862/3741 359/4812/3698
f 358/4833/3716 362/4851/3730 356/4849/3728
f 351/4865/3744 357/4861/3740 481/4869/3746
f 3186/4761/3660 3472/4750/3655 3187/4751/3203
f 409/4871/3747 1576/4857/3736 1524/4866/3745
f 1529/4809/3695 1519/4841/3722 1544/4801/3689
f 1566/4872/3748 2349/4873/3749 2292/4874/3238
f 3671/4744/3066 3814/4743/3651 1804/4746/3067
f 1566/4872/3748 1551/4875/3253 1571/4876/3750
f 1522/4853/3732 1544/4801/3689 1519/4841/3722
f 1565/4815/3701 1524/4866/3745 1525/4813/3699
f 1499/4727/3639 350/4729/1768 481/4869/3746
f 1511/4740/3649 1510/4749/3654 378/4855/3734
f 389/4877/3751 1576/4857/3736 409/4871/3747
f 356/4849/3728 1537/4878/3752 1519/4841/3722
f 1542/4821/3707 3834/4791/3681 1546/4842/3723
f 1519/4841/3722 1537/4878/3752 1521/4879/3753
f 1597/4848/3727 1566/4872/3748 1571/4876/3750
f 481/4869/3746 357/4861/3740 1499/4727/3639
f 3409/4674/3594 3711/4856/3735 2219/4715/3631
f 1545/4862/3741 358/4833/3716 359/4812/3698
f 1416/4773/3666 2123/4725/1770 2457/4736/3645
f 1506/4823/1600 1518/4845/3725 2910/4844/1589
f 1499/4727/3639 1496/4770/3664 1806/4777/3667
f 357/4861/3740 1508/4863/3742 1496/4770/3664
f 3831/4719/3635 3648/4850/3729 3853/4854/3733
f 356/4849/3728 377/4824/3709 1537/4878/3752
f 1524/4866/3745 1567/4829/3714 409/4871/3747
f 1576/4857/3736 1570/4758/3657 1524/4866/3745
f 350/4729/1768 1474/4870/1623 481/4869/3746
f 1508/4863/3742 1435/4771/3665 1496/4770/3664
f 2196/4786/3676 3842/4819/3705 1577/4843/3724
f 1522/4853/3732 1519/4841/3722 1521/4879/3753
f 381/4738/3647 1576/4857/3736 389/4877/3751
f 390/4831/3715 1557/4830/3275 391/4737/3646
f 1544/4801/3689 1522/4853/3732 366/4780/3670
f 1575/4880/3754 1566/4872/3748 1597/4848/3727
f 1565/4815/3701 3833/4793/3683 3803/4802/3690
f 1567/4829/3714 1524/4866/3745 1565/4815/3701
f 409/4871/3747 1597/4848/3727 411/4847/3726
f 2884/4827/3712 353/4818/3704 373/4817/3703
f 2207/4717/3633 3556/4660/3587 3443/4659/3586
f 1506/4823/1600 376/4822/3708 1518/4845/3725
f 1537/4878/3752 2193/4836/3718 1521/4879/3753
f 411/4847/3726 389/4877/3751 409/4871/3747
f 1574/4810/3696 1810/4795/3685 1543/4828/3713
f 1567/4829/3714 1575/4880/3754 409/4871/3747
f 381/4738/3647 389/4877/3751 390/4831/3715
f 356/4849/3728 1519/4841/3722 1516/4825/3710
f 1521/4879/3753 1803/4852/3731 1522/4853/3732
f 1563/4832/3228 3519/4839/3720 393/4838/3229
f 2345/4804/3691 2349/4873/3749 1575/4880/3754
f 1537/4878/3752 377/4824/3709 2193/4836/3718
f 1521/4879/3753 2193/4836/3718 1803/4852/3731
f 353/4818/3704 1514/4811/3697 359/4812/3698
f 1597/4848/3727 409/4871/3747 1575/4880/3754
f 391/4737/3646 381/4738/3647 390/4831/3715
f 3519/4839/3720 390/4831/3715 389/4877/3751
f 356/4849/3728 373/4817/3703 358/4833/3716
f 3271/4747/3652 1804/4746/3067 3814/4743/3651
f 3671/4744/3066 3556/4660/3587 3831/4719/3635
f 3443/4659/3586 2235/4759/3658 2207/4717/3633
f 2193/4836/3718 2198/4867/1620 1803/4852/3731
f 2457/4736/3645 2235/4759/3658 3443/4659/3586
f 3843/4820/3706 3834/4791/3681 1542/4821/3707
f 3843/4820/3706 2196/4786/3676 3834/4791/3681
f 2457/4736/3645 2123/4725/1770 2132/4763/1769
f 2345/4804/3691 1575/4880/3754 1567/4829/3714
f 3271/4747/3652 3186/4761/3660 3185/4745/3205
f 3826/4703/3620 3793/4714/3630 1509/4748/3653
f 366/4780/3670 1522/4853/3732 1541/4796/1619
f 2198/4867/1620 1541/4796/1619 1803/4852/3731
f 411/4847/3726 3519/4839/3720 389/4877/3751
f 1809/4807/3693 2287/4834/3717 1568/4808/3694
f 1566/4872/3748 2292/4874/3238 1551/4875/3253
f 1505/4835/1606 377/4824/3709 1506/4823/1600
f 1523/4846/1611 1518/4845/3725 362/4851/3730
f 394/4881/3755 1551/4875/3253 1556/4882/3252
f 1556/4882/3252 1595/4840/3721 394/4881/3755
f 1595/4840/3721 395/4837/3719 394/4881/3755
f 1571/4876/3750 394/4881/3755 395/4837/3719
f 1579/4709/3626 1578/4689/3607 1569/4713/3629
f 1571/4876/3750 395/4837/3719 3519/4839/3720
f 2292/4874/3238 2349/4873/3749 2857/4805/3273
f 393/4838/3229 1595/4840/3721 1556/4882/3252
f 1575/4880/3754 2349/4873/3749 1566/4872/3748
f 390/4831/3715 3519/4839/3720 1563/4832/3228
f 1597/4848/3727 1571/4876/3750 3519/4839/3720
f 2349/4873/3749 2345/4804/3691 2857/4805/3273
f 3023/4868/1592 2193/4836/3718 1505/4835/1606
f 1571/4876/3750 1551/4875/3253 394/4881/3755
f 1569/4713/3629 388/4707/3624 1579/4709/3626
f 700/4883/3756 719/4884/3757 1147/4885/3758
f 633/4886/3759 698/4887/3760 628/4888/3761
f 2016/4889/3762 1991/4890/3763 1988/4891/3764
f 713/4892/3765 700/4883/3756 1147/4885/3758
f 713/4892/3765 712/4893/3766 1989/4894/3767
f 1752/4895/3768 3088/4896/3769 3439/4897/3770
f 3486/4898/3771 1937/4899/3772 3371/4900/3773
f 1957/4901/3774 1969/4902/3775 1958/4903/3776
f 712/4893/3766 620/4904/3777 1997/4905/3778
f 3365/4906/3779 1951/4907/3780 3363/4908/3781
f 1994/4909/3782 1972/4910/3783 2013/4911/3784
f 2099/4912/3785 2087/4913/3786 2095/4914/3787
f 2972/4915/3056 3168/4916/3023 2029/4917/3788
f 3056/4918/3789 3077/4919/1101 3449/4920/1092
f 715/4921/3060 719/4884/3757 699/4922/3790
f 3382/4923/3791 3363/4908/3781 1951/4907/3780
f 719/4884/3757 700/4883/3756 720/4924/3792
f 2003/4925/3793 3385/4926/3794 2963/4927/3795
f 699/4922/3790 719/4884/3757 720/4924/3792
f 1954/4928/3796 3462/4929/3797 1971/4930/3798
f 3382/4923/3791 3386/4931/3799 3363/4908/3781
f 3368/4932/3800 3222/4933/3466 1879/4934/3801
f 1989/4894/3767 2089/4935/3802 713/4892/3765
f 620/4904/3777 1985/4936/3803 1996/4937/3804
f 3385/4926/3794 3382/4923/3791 1951/4907/3780
f 629/4938/3805 1107/4939/3806 705/4940/2251
f 3304/4941/3807 3392/4942/3808 1932/4943/3809
f 2966/4944/3810 1969/4902/3775 1955/4945/3811
f 2072/4946/3812 722/4947/2977 715/4921/3060
f 699/4922/3790 2072/4946/3812 715/4921/3060
f 2089/4935/3802 700/4883/3756 713/4892/3765
f 3295/4948/3444 3217/4949/3813 3357/4950/3814
f 1991/4890/3763 2016/4889/3762 2009/4951/3815
f 1989/4894/3767 1997/4905/3778 2083/4952/3816
f 1979/4953/3817 2009/4951/3815 2962/4954/3818
f 2005/4955/3819 1979/4953/3817 2105/4956/3820
f 3479/4957/3821 3382/4923/3791 3385/4926/3794
f 2013/4911/3784 2104/4958/3822 2016/4889/3762
f 475/4959/3823 3018/4960/566 3022/4961/3501
f 1965/4962/3824 1960/4963/3825 604/4964/3826
f 1938/4965/3827 1937/4899/3772 3374/4966/3828
f 3137/4967/3829 3290/4968/565 3018/4960/566
f 2072/4946/3812 699/4922/3790 2073/4969/3830
f 611/4970/3831 604/4964/3826 1967/4971/3832
f 475/4959/3823 3137/4967/3829 3018/4960/566
f 2102/4972/3833 2095/4914/3787 2087/4913/3786
f 2087/4913/3786 700/4883/3756 2089/4935/3802
f 3368/4932/3800 3316/4973/3495 3222/4933/3466
f 1997/4905/3778 1996/4937/3804 2083/4952/3816
f 3400/4974/3834 3363/4908/3781 3386/4931/3799
f 3482/4975/3835 3429/4976/3836 3385/4926/3794
f 1975/4977/3837 1138/4978/3838 611/4970/3831
f 2091/4979/2975 722/4947/2977 2073/4969/3830
f 700/4883/3756 2087/4913/3786 720/4924/3792
f 1996/4937/3804 1985/4936/3803 2005/4955/3819
f 2962/4954/3818 2009/4951/3815 2008/4980/3839
f 2081/4981/3840 1989/4894/3767 2083/4952/3816
f 1991/4890/3763 1993/4982/3841 1988/4891/3764
f 2101/4983/3842 2081/4981/3840 1986/4984/3843
f 1996/4937/3804 2000/4985/3844 2083/4952/3816
f 2099/4912/3785 2092/4986/3845 2087/4913/3786
f 2073/4969/3830 2064/4987/3846 2029/4917/3788
f 3382/4923/3791 3479/4957/3821 3386/4931/3799
f 2102/4972/3833 2087/4913/3786 2089/4935/3802
f 2081/4981/3840 2101/4983/3842 2089/4935/3802
f 1998/4988/3847 2085/4989/3848 2002/4990/3849
f 1979/4953/3817 1992/4991/3850 1977/4992/3851
f 3295/4948/3444 3471/4993/3443 3217/4949/3813
f 2001/4994/3852 1999/4995/3853 2963/4927/3795
f 2000/4985/3844 1996/4937/3804 1998/4988/3847
f 2966/4944/3810 1955/4945/3811 2013/4911/3784
f 3410/4996/3854 3421/4997/3855 3417/4998/3856
f 2083/4952/3816 2000/4985/3844 1942/4999/3857
f 3363/4908/3781 3342/5000/3858 3366/5001/3859
f 2105/4956/3820 2011/5002/3860 2005/4955/3819
f 2085/4989/3848 1998/4988/3847 2011/5002/3860
f 699/4922/3790 2093/5003/3861 2073/4969/3830
f 2029/4917/3788 2091/4979/2975 2073/4969/3830
f 1962/5004/3862 1965/4962/3824 1758/5005/3863
f 608/5006/2247 441/5007/3216 614/5008/3864
f 3512/5009/3865 699/4922/3790 2092/4986/3845
f 1982/5010/3866 1978/5011/3867 1988/4891/3764
f 1975/4977/3837 1980/5012/3868 1978/5011/3867
f 1970/5013/3869 3485/5014/3870 1968/5015/3871
f 2009/4951/3815 1979/4953/3817 1977/4992/3851
f 613/5016/3872 639/5017/2279 615/5018/3873
f 3486/4898/3771 3371/4900/3773 3221/5019/3874
f 641/5020/3875 1987/5021/3876 620/4904/3777
f 1755/5022/3877 1848/5023/3878 1765/5024/3218
f 613/5016/3872 628/4888/3761 629/4938/3805
f 3512/5009/3865 2093/5003/3861 699/4922/3790
f 1942/4999/3857 1986/4984/3843 2081/4981/3840
f 1982/5010/3866 1975/4977/3837 1978/5011/3867
f 3478/5025/3879 3429/4976/3836 3482/4975/3835
f 2178/5026/3880 2173/5027/3881 2153/5028/3437
f 2098/5029/3882 3516/5030/3883 2175/5031/3884
f 1977/4992/3851 1991/4890/3763 2009/4951/3815
f 1770/5032/3885 604/4964/3826 611/4970/3831
f 1138/4978/3838 602/5033/3886 611/4970/3831
f 1944/5034/3887 1950/5035/3888 1879/4934/3801
f 620/4904/3777 712/4893/3766 641/5020/3875
f 2073/4969/3830 2093/5003/3861 2064/4987/3846
f 2962/4954/3818 1999/4995/3853 2105/4956/3820
f 1960/4963/3825 1980/5012/3868 1967/4971/3832
f 1142/5036/3889 1987/5021/3876 641/5020/3875
f 1142/5036/3889 633/4886/3759 615/5018/3873
f 2166/5037/3890 2097/5038/3891 2167/5039/3892
f 1965/4962/3824 1848/5023/3878 1758/5005/3863
f 604/4964/3826 1960/4963/3825 1967/4971/3832
f 2169/5040/3893 2166/5037/3890 2167/5039/3892
f 2005/4955/3819 1985/4936/3803 1979/4953/3817
f 1787/5041/3083 1768/5042/3894 1770/5032/3885
f 614/5008/3864 1770/5032/3885 611/4970/3831
f 1972/4910/3783 1978/5011/3867 1980/5012/3868
f 627/5043/2252 705/4940/2251 674/5044/3895
f 2966/4944/3810 1963/5045/3896 1969/4902/3775
f 2092/4986/3845 2099/4912/3785 3512/5009/3865
f 1982/5010/3866 1988/4891/3764 1993/4982/3841
f 674/5044/3895 705/4940/2251 1107/4939/3806
f 2081/4981/3840 2089/4935/3802 1989/4894/3767
f 2072/4946/3812 2073/4969/3830 722/4947/2977
f 620/4904/3777 1987/5021/3876 1985/4936/3803
f 1979/4953/3817 1985/4936/3803 1995/5046/3897
f 2079/5047/3898 3734/5048/3899 3815/5049/3900
f 1999/4995/3853 2962/4954/3818 2008/4980/3839
f 2040/5050/3901 2029/4917/3788 2064/4987/3846
f 3512/5009/3865 2040/5050/3901 2064/4987/3846
f 3512/5009/3865 2099/4912/3785 2098/5029/3882
f 2079/5047/3898 3736/5051/3902 2168/5052/3903
f 1995/5046/3897 1987/5021/3876 1142/5036/3889
f 3416/5053/3904 3419/5054/3905 2669/5055/562
f 2029/4917/3788 2040/5050/3901 2033/5056/3906
f 2096/5057/3907 3512/5009/3865 2098/5029/3882
f 1925/5058/3500 1918/5059/3499 1924/5060/3908
f 3512/5009/3865 2096/5057/3907 2040/5050/3901
f 3392/4942/3808 1923/5061/3909 1932/4943/3809
f 2029/4917/3788 2033/5056/3906 2063/5062/3910
f 2972/4915/3056 2029/4917/3788 2063/5062/3910
f 2089/4935/3802 2101/4983/3842 2102/4972/3833
f 2011/5002/3860 2105/4956/3820 2015/5063/3911
f 2164/5064/3912 3738/5065/3414 2923/5066/3061
f 2332/5067/3913 2031/5068/3914 3734/5048/3899
f 2033/5056/3906 3734/5048/3899 2063/5062/3910
f 3290/4968/565 1923/5061/3909 1953/5069/3915
f 2042/5070/2944 2168/5052/3903 2034/5071/2986
f 629/4938/3805 637/5072/2245 639/5017/2279
f 1766/5073/1473 1755/5022/3877 1765/5024/3218
f 1643/5074/561 3442/5075/3916 3416/5053/3904
f 3410/4996/3854 3417/4998/3856 1450/5076/3917
f 2168/5052/3903 2042/5070/2944 2972/4915/3056
f 3736/5051/3902 2035/5077/2936 2034/5071/2986
f 2035/5077/2936 3736/5051/3902 2163/5078/3918
f 2079/5047/3898 2063/5062/3910 3734/5048/3899
f 1450/5076/3917 3417/4998/3856 3442/5075/3916
f 3815/5049/3900 2164/5064/3912 2163/5078/3918
f 1926/5079/3547 1933/5080/3492 1932/4943/3809
f 2164/5064/3912 3815/5049/3900 2031/5068/3914
f 3419/5054/3905 3442/5075/3916 3417/4998/3856
f 627/5043/2252 674/5044/3895 651/5081/76
f 2079/5047/3898 2168/5052/3903 2972/4915/3056
f 2031/5068/3914 3815/5049/3900 3734/5048/3899
f 3815/5049/3900 2163/5078/3918 3736/5051/3902
f 2164/5064/3912 2923/5066/3061 2163/5078/3918
f 2016/4889/3762 1988/4891/3764 1994/4909/3782
f 3742/5082/3422 3738/5065/3414 2169/5040/3893
f 3486/4898/3771 3221/5019/3874 3357/4950/3814
f 2035/5077/2936 2163/5078/3918 2923/5066/3061
f 705/4940/2251 637/5072/2245 629/4938/3805
f 1763/5083/3919 1766/5073/1473 1767/5084/1458
f 3357/4950/3814 3217/4949/3813 3486/4898/3771
f 3336/5085/3920 3486/4898/3771 3217/4949/3813
f 2164/5064/3912 2169/5040/3893 3738/5065/3414
f 1937/4899/3772 3486/4898/3771 3374/4966/3828
f 2079/5047/3898 2972/4915/3056 2063/5062/3910
f 2178/5026/3880 3699/5086/3436 2170/5087/3423
f 2079/5047/3898 3815/5049/3900 3736/5051/3902
f 2166/5037/3890 2164/5064/3912 2031/5068/3914
f 1980/5012/3868 2966/4944/3810 1972/4910/3783
f 2018/5088/3921 1968/5015/3871 3485/5014/3870
f 1955/4945/3811 1969/4902/3775 1957/4901/3774
f 3219/5089/3475 3336/5085/3920 3471/4993/3443
f 2332/5067/3913 3734/5048/3899 2033/5056/3906
f 2332/5067/3913 2183/5090/3922 2097/5038/3891
f 3736/5051/3902 2034/5071/2986 2168/5052/3903
f 1941/5091/3923 1945/5092/3924 1942/4999/3857
f 3336/5085/3920 3217/4949/3813 3471/4993/3443
f 2184/5093/3925 2181/5094/3926 2176/5095/3927
f 441/5007/3216 1770/5032/3885 614/5008/3864
f 611/4970/3831 602/5033/3886 614/5008/3864
f 602/5033/3886 615/5018/3873 608/5006/2247
f 440/5096/3226 1770/5032/3885 441/5007/3216
f 3399/5097/3928 3400/4974/3834 3386/4931/3799
f 613/5016/3872 629/4938/3805 639/5017/2279
f 615/5018/3873 639/5017/2279 608/5006/2247
f 2090/5098/3929 674/5044/3895 1107/4939/3806
f 2095/4914/3787 3516/5030/3883 2099/4912/3785
f 2174/5099/3930 2918/5100/3931 1986/4984/3843
f 1950/5035/3888 2002/4990/3849 1948/5101/3932
f 1968/5015/3871 1955/4945/3811 1956/5102/3933
f 1940/5103/3934 1950/5035/3888 1948/5101/3932
f 2033/5056/3906 2040/5050/3901 3737/5104/3935
f 3399/5097/3928 3216/5105/3936 3400/4974/3834
f 608/5006/2247 614/5008/3864 602/5033/3886
f 1944/5034/3887 2002/4990/3849 1950/5035/3888
f 2000/4985/3844 2002/4990/3849 1941/5091/3923
f 602/5033/3886 1138/4978/3838 615/5018/3873
f 2104/4958/3822 2013/4911/3784 1968/5015/3871
f 2019/5106/3937 615/5018/3873 1138/4978/3838
f 2004/5107/3938 2006/5108/3939 2012/5109/3940
f 656/5110/3941 654/5111/3942 1147/4885/3758
f 2096/5057/3907 2098/5029/3882 2100/5112/3943
f 1941/5091/3923 1942/4999/3857 2000/4985/3844
f 2004/5107/3938 2008/4980/3839 2006/5108/3939
f 651/5081/76 2090/5098/3929 716/5113/79
f 3295/4948/3444 3357/4950/3814 3313/5114/3944
f 3479/4957/3821 3429/4976/3836 3478/5025/3879
f 3442/5075/3916 3419/5054/3905 3416/5053/3904
f 1955/4945/3811 1968/5015/3871 2013/4911/3784
f 1923/5061/3909 3392/4942/3808 1952/5115/3945
f 3313/5114/3944 3281/5116/3946 3309/5117/3947
f 674/5044/3895 2090/5098/3929 651/5081/76
f 613/5016/3872 615/5018/3873 633/4886/3759
f 2173/5027/3881 2180/5118/3948 2184/5093/3925
f 2008/4980/3839 2009/4951/3815 2016/4889/3762
f 2669/5055/562 1643/5074/561 3416/5053/3904
f 2180/5118/3948 2175/5031/3884 2184/5093/3925
f 2332/5067/3913 3737/5104/3935 2183/5090/3922
f 440/5096/3226 1787/5041/3083 1770/5032/3885
f 2167/5039/3892 3742/5082/3422 2169/5040/3893
f 3737/5104/3935 2100/5112/3943 2183/5090/3922
f 2164/5064/3912 2166/5037/3890 2169/5040/3893
f 2170/5087/3423 2167/5039/3892 2178/5026/3880
f 2178/5026/3880 2183/5090/3922 2180/5118/3948
f 1107/4939/3806 629/4938/3805 628/4888/3761
f 1940/5103/3934 1947/5119/3949 1939/5120/3950
f 613/5016/3872 633/4886/3759 628/4888/3761
f 3737/5104/3935 2040/5050/3901 2096/5057/3907
f 1142/5036/3889 615/5018/3873 2019/5106/3937
f 3426/5121/3951 1953/5069/3915 1923/5061/3909
f 2097/5038/3891 2183/5090/3922 2167/5039/3892
f 1925/5058/3500 475/4959/3823 3022/4961/3501
f 1951/4907/3780 3365/4906/3779 3371/4900/3773
f 2011/5002/3860 2015/5063/3911 2085/4989/3848
f 1937/4899/3772 2001/4994/3852 3371/4900/3773
f 2167/5039/3892 2183/5090/3922 2178/5026/3880
f 628/4888/3761 654/5111/3942 1107/4939/3806
f 2175/5031/3884 3516/5030/3883 2918/5100/3931
f 1982/5010/3866 2019/5106/3937 1138/4978/3838
f 2100/5112/3943 2180/5118/3948 2183/5090/3922
f 2015/5063/3911 1999/4995/3853 1943/5122/3952
f 2096/5057/3907 2100/5112/3943 3737/5104/3935
f 1768/5042/3894 1787/5041/3083 1764/5123/3953
f 1770/5032/3885 1768/5042/3894 1965/4962/3824
f 2174/5099/3930 1986/4984/3843 1945/5092/3924
f 2104/4958/3822 2018/5088/3921 2016/4889/3762
f 2153/5028/3437 3699/5086/3436 2178/5026/3880
f 1766/5073/1473 1763/5083/3919 1755/5022/3877
f 2181/5094/3926 2174/5099/3930 3669/5124/3954
f 1946/5125/3955 1943/5122/3952 1938/4965/3827
f 2180/5118/3948 2173/5027/3881 2178/5026/3880
f 3397/5126/3956 3216/5105/3936 3399/5097/3928
f 1764/5123/3953 1787/5041/3083 1773/5127/3220
f 2099/4912/3785 3516/5030/3883 2098/5029/3882
f 1975/4977/3837 611/4970/3831 1967/4971/3832
f 2173/5027/3881 2176/5095/3927 2153/5028/3437
f 2918/5100/3931 3516/5030/3883 2095/4914/3787
f 3669/5124/3954 1945/5092/3924 1944/5034/3887
f 2087/4913/3786 2092/4986/3845 720/4924/3792
f 2090/5098/3929 1107/4939/3806 654/5111/3942
f 2015/5063/3911 2105/4956/3820 1999/4995/3853
f 1138/4978/3838 1975/4977/3837 1982/5010/3866
f 2016/4889/3762 2012/5109/3940 2006/5108/3939
f 1945/5092/3924 1986/4984/3843 1942/4999/3857
f 2918/5100/3931 2101/4983/3842 1986/4984/3843
f 2012/5109/3940 2018/5088/3921 3485/5014/3870
f 2101/4983/3842 2918/5100/3931 2102/4972/3833
f 2173/5027/3881 2184/5093/3925 2176/5095/3927
f 2175/5031/3884 2918/5100/3931 2174/5099/3930
f 1945/5092/3924 1941/5091/3923 1944/5034/3887
f 1948/5101/3932 2085/4989/3848 1940/5103/3934
f 3368/4932/3800 1940/5103/3934 1939/5120/3950
f 1971/4930/3798 3462/4929/3797 1970/5013/3869
f 3669/5124/3954 1944/5034/3887 1870/5128/3957
f 1870/5128/3957 1944/5034/3887 1879/4934/3801
f 2031/5068/3914 2097/5038/3891 2166/5037/3890
f 2002/4990/3849 1944/5034/3887 1941/5091/3923
f 1957/4901/3774 1956/5102/3933 1955/4945/3811
f 1879/4934/3801 1950/5035/3888 3368/4932/3800
f 2332/5067/3913 2033/5056/3906 3737/5104/3935
f 2019/5106/3937 1982/5010/3866 1993/4982/3841
f 2006/5108/3939 2008/4980/3839 2016/4889/3762
f 2184/5093/3925 2175/5031/3884 2174/5099/3930
f 3313/5114/3944 3310/5129/3486 3295/4948/3444
f 2097/5038/3891 2031/5068/3914 2332/5067/3913
f 3358/5130/3958 3399/5097/3928 3386/4931/3799
f 3137/4967/3829 475/4959/3823 1925/5058/3500
f 2153/5028/3437 2176/5095/3927 3677/5131/3482
f 1932/4943/3809 1924/5060/3908 1918/5059/3499
f 1142/5036/3889 2019/5106/3937 1992/4991/3850
f 2176/5095/3927 3672/5132/3484 3677/5131/3482
f 2018/5088/3921 2104/4958/3822 1968/5015/3871
f 3485/5014/3870 3473/5133/3959 3482/4975/3835
f 3366/5001/3859 3345/5134/3960 3309/5117/3947
f 2181/5094/3926 3672/5132/3484 2176/5095/3927
f 3672/5132/3484 2181/5094/3926 3669/5124/3954
f 3478/5025/3879 3390/5135/3961 3479/4957/3821
f 2004/5107/3938 1999/4995/3853 2008/4980/3839
f 1768/5042/3894 1764/5123/3953 1965/4962/3824
f 2181/5094/3926 2184/5093/3925 2174/5099/3930
f 1870/5128/3957 3668/5136/3454 3672/5132/3484
f 1975/4977/3837 1967/4971/3832 1980/5012/3868
f 3400/4974/3834 3216/5105/3936 3300/5137/3962
f 2015/5063/3911 1946/5125/3955 2085/4989/3848
f 3227/5138/3456 3668/5136/3454 1870/5128/3957
f 1932/4943/3809 1923/5061/3909 1924/5060/3908
f 3227/5138/3456 1870/5128/3957 3656/5139/3459
f 1998/4988/3847 2002/4990/3849 2000/4985/3844
f 3656/5139/3459 1879/4934/3801 3223/5140/3465
f 2090/5098/3929 718/5141/3005 716/5113/79
f 2090/5098/3929 654/5111/3942 656/5110/3941
f 1940/5103/3934 3368/4932/3800 1950/5035/3888
f 3223/5140/3465 1879/4934/3801 3222/4933/3466
f 698/4887/3760 654/5111/3942 628/4888/3761
f 641/5020/3875 698/4887/3760 633/4886/3759
f 2085/4989/3848 1948/5101/3932 2002/4990/3849
f 1999/4995/3853 1938/4965/3827 1943/5122/3952
f 1993/4982/3841 1992/4991/3850 2019/5106/3937
f 1992/4991/3850 1995/5046/3897 1142/5036/3889
f 1945/5092/3924 3669/5124/3954 2174/5099/3930
f 3669/5124/3954 1870/5128/3957 3672/5132/3484
f 3424/5142/3963 1958/4903/3776 2965/5143/3964
f 641/5020/3875 633/4886/3759 1142/5036/3889
f 3221/5019/3874 3371/4900/3773 3365/4906/3779
f 3368/4932/3800 1939/5120/3950 3215/5144/3965
f 1764/5123/3953 1773/5127/3220 1848/5023/3878
f 1925/5058/3500 1924/5060/3908 3137/4967/3829
f 2098/5029/3882 2180/5118/3948 2100/5112/3943
f 2018/5088/3921 2012/5109/3940 2016/4889/3762
f 1923/5061/3909 3290/4968/565 3137/4967/3829
f 1953/5069/3915 3442/5075/3916 1643/5074/561
f 3281/5116/3946 3343/5145/3966 3366/5001/3859
f 718/5141/3005 721/5146/3967 672/5147/2998
f 1946/5125/3955 1947/5119/3949 1940/5103/3934
f 1762/5148/1109 1763/5083/3919 1767/5084/1458
f 3424/5142/3963 3435/5149/3968 1958/4903/3776
f 718/5141/3005 2090/5098/3929 721/5146/3967
f 3316/4973/3495 3336/5085/3920 3219/5089/3475
f 3656/5139/3459 1870/5128/3957 1879/4934/3801
f 3440/5150/3969 3439/4897/3770 3056/4918/3789
f 3366/5001/3859 3342/5000/3858 3345/5134/3960
f 2180/5118/3948 2098/5029/3882 2175/5031/3884
f 3482/4975/3835 3385/4926/3794 2003/4925/3793
f 656/5110/3941 721/5146/3967 2090/5098/3929
f 3440/5150/3969 3056/4918/3789 3421/4997/3855
f 1926/5079/3547 1932/4943/3809 1918/5059/3499
f 698/4887/3760 1147/4885/3758 654/5111/3942
f 3368/4932/3800 3215/5144/3965 3316/4973/3495
f 3426/5121/3951 1450/5076/3917 1953/5069/3915
f 1954/4928/3796 3431/5151/3970 3462/4929/3797
f 3421/4997/3855 3424/5142/3963 3440/5150/3969
f 2015/5063/3911 1943/5122/3952 1946/5125/3955
f 3390/5135/3961 3437/5152/3971 3402/5153/3972
f 3439/4897/3770 3440/5150/3969 1752/4895/3768
f 3309/5117/3947 3281/5116/3946 3366/5001/3859
f 3410/4996/3854 3424/5142/3963 3421/4997/3855
f 2963/4927/3795 2004/5107/3938 2003/4925/3793
f 2963/4927/3795 3385/4926/3794 1951/4907/3780
f 3449/4920/1092 2669/5055/562 3056/4918/3789
f 3419/5054/3905 3056/4918/3789 2669/5055/562
f 3358/5130/3958 3390/5135/3961 3402/5153/3972
f 1773/5127/3220 1765/5024/3218 1848/5023/3878
f 3485/5014/3870 1970/5013/3869 3473/5133/3959
f 1755/5022/3877 1763/5083/3919 1761/5154/3973
f 3343/5145/3966 3363/4908/3781 3366/5001/3859
f 1951/4907/3780 3371/4900/3773 2001/4994/3852
f 1761/5154/3973 1760/5155/1108 1757/5156/3974
f 2966/4944/3810 1980/5012/3868 1960/4963/3825
f 3440/5150/3969 3465/5157/3975 1752/4895/3768
f 1956/5102/3933 1957/4901/3774 3166/5158/3976
f 3343/5145/3966 3357/4950/3814 3221/5019/3874
f 3077/4919/1101 3056/4918/3789 3439/4897/3770
f 2013/4911/3784 2016/4889/3762 1994/4909/3782
f 3478/5025/3879 3462/4929/3797 3431/5151/3970
f 1999/4995/3853 2001/4994/3852 1938/4965/3827
f 3410/4996/3854 3411/5159/3977 3424/5142/3963
f 3146/5160/1110 3169/5161/1102 1751/5162/3978
f 3088/4896/3769 1752/4895/3768 1751/5162/3978
f 3343/5145/3966 3365/4906/3779 3363/4908/3781
f 3437/5152/3971 3390/5135/3961 3431/5151/3970
f 3088/4896/3769 3169/5161/1102 3077/4919/1101
f 3215/5144/3965 1939/5120/3950 1947/5119/3949
f 1958/4903/3776 1969/4902/3775 1964/5163/3979
f 3435/5149/3968 1957/4901/3774 1958/4903/3776
f 3402/5153/3972 3425/5164/3980 3399/5097/3928
f 3425/5164/3980 3411/5159/3977 3410/4996/3854
f 3300/5137/3962 3363/4908/3781 3400/4974/3834
f 3482/4975/3835 2012/5109/3940 3485/5014/3870
f 1147/4885/3758 698/4887/3760 641/5020/3875
f 3439/4897/3770 3088/4896/3769 3077/4919/1101
f 1764/5123/3953 1848/5023/3878 1965/4962/3824
f 3310/5129/3486 3309/5117/3947 1933/5080/3492
f 1956/5102/3933 3166/5158/3976 1971/4930/3798
f 3056/4918/3789 3419/5054/3905 3417/4998/3856
f 1952/5115/3945 3426/5121/3951 1923/5061/3909
f 1960/4963/3825 1965/4962/3824 1962/5004/3862
f 1932/4943/3809 1933/5080/3492 3345/5134/3960
f 1450/5076/3917 3425/5164/3980 3410/4996/3854
f 2092/4986/3845 699/4922/3790 720/4924/3792
f 3313/5114/3944 3309/5117/3947 3310/5129/3486
f 3437/5152/3971 3431/5151/3970 1954/4928/3796
f 2918/5100/3931 2095/4914/3787 2102/4972/3833
f 1937/4899/3772 1938/4965/3827 2001/4994/3852
f 1751/5162/3978 3169/5161/1102 3088/4896/3769
f 1751/5162/3978 1760/5155/1108 3146/5160/1110
f 3357/4950/3814 3281/5116/3946 3313/5114/3944
f 2965/5143/3964 1964/5163/3979 3465/5157/3975
f 3358/5130/3958 3402/5153/3972 3399/5097/3928
f 3411/5159/3977 3425/5164/3980 3435/5149/3968
f 1643/5074/561 3290/4968/565 1953/5069/3915
f 3374/4966/3828 3215/5144/3965 1947/5119/3949
f 3036/5165/3981 1752/4895/3768 1756/5166/3982
f 3018/4960/566 3292/5167/1330 3022/4961/3501
f 1989/4894/3767 712/4893/3766 1997/4905/3778
f 1752/4895/3768 3036/5165/3981 1757/5156/3974
f 3429/4976/3836 3479/4957/3821 3385/4926/3794
f 3465/5157/3975 1964/5163/3979 1756/5166/3982
f 3425/5164/3980 1450/5076/3917 3426/5121/3951
f 721/5146/3967 715/4921/3060 672/5147/2998
f 3435/5149/3968 3166/5158/3976 1957/4901/3774
f 656/5110/3941 1147/4885/3758 721/5146/3967
f 2963/4927/3795 1951/4907/3780 2001/4994/3852
f 3345/5134/3960 1933/5080/3492 3309/5117/3947
f 3300/5137/3962 3342/5000/3858 3363/4908/3781
f 3345/5134/3960 3300/5137/3962 3304/4941/3807
f 3036/5165/3981 1756/5166/3982 1759/5168/3983
f 1979/4953/3817 2962/4954/3818 2105/4956/3820
f 3425/5164/3980 3402/5153/3972 3437/5152/3971
f 1992/4991/3850 1993/4982/3841 1991/4890/3763
f 641/5020/3875 712/4893/3766 1147/4885/3758
f 1758/5005/3863 1756/5166/3982 1962/5004/3862
f 3486/4898/3771 3336/5085/3920 3215/5144/3965
f 3304/4941/3807 3216/5105/3936 3392/4942/3808
f 3473/5133/3959 3478/5025/3879 3482/4975/3835
f 3442/5075/3916 1953/5069/3915 1450/5076/3917
f 1995/5046/3897 1992/4991/3850 1979/4953/3817
f 1759/5168/3983 1848/5023/3878 1755/5022/3877
f 2170/5087/3423 3742/5082/3422 2167/5039/3892
f 3425/5164/3980 3426/5121/3951 3393/5169/3984
f 3437/5152/3971 3166/5158/3976 3435/5149/3968
f 604/4964/3826 1770/5032/3885 1965/4962/3824
f 2965/5143/3964 1958/4903/3776 1964/5163/3979
f 2004/5107/3938 2963/4927/3795 1999/4995/3853
f 1755/5022/3877 1761/5154/3973 1759/5168/3983
f 3479/4957/3821 3390/5135/3961 3386/4931/3799
f 2966/4944/3810 1960/4963/3825 1963/5045/3896
f 3411/5159/3977 3435/5149/3968 3424/5142/3963
f 1997/4905/3778 620/4904/3777 1996/4937/3804
f 3440/5150/3969 3424/5142/3963 2965/5143/3964
f 3392/4942/3808 3397/5126/3956 1952/5115/3945
f 1757/5156/3974 3036/5165/3981 1759/5168/3983
f 3390/5135/3961 3358/5130/3958 3386/4931/3799
f 3397/5126/3956 3399/5097/3928 3425/5164/3980
f 1964/5163/3979 1963/5045/3896 1962/5004/3862
f 3374/4966/3828 3486/4898/3771 3215/5144/3965
f 3392/4942/3808 3216/5105/3936 3397/5126/3956
f 721/5146/3967 719/4884/3757 715/4921/3060
f 1964/5163/3979 1969/4902/3775 1963/5045/3896
f 719/4884/3757 721/5146/3967 1147/4885/3758
f 1968/5015/3871 1971/4930/3798 1970/5013/3869
f 1752/4895/3768 1757/5156/3974 1751/5162/3978
f 3215/5144/3965 3336/5085/3920 3316/4973/3495
f 3440/5150/3969 2965/5143/3964 3465/5157/3975
f 1952/5115/3945 3393/5169/3984 3426/5121/3951
f 2085/4989/3848 1946/5125/3955 1940/5103/3934
f 1924/5060/3908 1923/5061/3909 3137/4967/3829
f 1991/4890/3763 1977/4992/3851 1992/4991/3850
f 3397/5126/3956 3425/5164/3980 3393/5169/3984
f 1960/4963/3825 1962/5004/3862 1963/5045/3896
f 3465/5157/3975 1756/5166/3982 1752/4895/3768
f 3342/5000/3858 3300/5137/3962 3345/5134/3960
f 3166/5158/3976 3437/5152/3971 1954/4928/3796
f 1978/5011/3867 1994/4909/3782 1988/4891/3764
f 1758/5005/3863 1759/5168/3983 1756/5166/3982
f 1954/4928/3796 1971/4930/3798 3166/5158/3976
f 1762/5148/1109 1760/5155/1108 1761/5154/3973
f 1757/5156/3974 1759/5168/3983 1761/5154/3973
f 1147/4885/3758 712/4893/3766 713/4892/3765
f 1987/5021/3876 1995/5046/3897 1985/4936/3803
f 1970/5013/3869 3462/4929/3797 3473/5133/3959
f 3478/5025/3879 3473/5133/3959 3462/4929/3797
f 3216/5105/3936 3304/4941/3807 3300/5137/3962
f 1757/5156/3974 1760/5155/1108 1751/5162/3978
f 1962/5004/3862 1756/5166/3982 1964/5163/3979
f 3393/5169/3984 1952/5115/3945 3397/5126/3956
f 3221/5019/3874 3365/4906/3779 3343/5145/3966
f 1763/5083/3919 1762/5148/1109 1761/5154/3973
f 1947/5119/3949 1946/5125/3955 1938/4965/3827
f 2029/4917/3788 3168/4916/3023 2091/4979/2975
f 1759/5168/3983 1758/5005/3863 1848/5023/3878
f 2013/4911/3784 1972/4910/3783 2966/4944/3810
f 3435/5149/3968 3425/5164/3980 3437/5152/3971
f 1938/4965/3827 3374/4966/3828 1947/5119/3949
f 3304/4941/3807 1932/4943/3809 3345/5134/3960
f 2012/5109/3940 3482/4975/3835 2004/5107/3938
f 3357/4950/3814 3343/5145/3966 3281/5116/3946
f 1956/5102/3933 1971/4930/3798 1968/5015/3871
f 2093/5003/3861 3512/5009/3865 2064/4987/3846
f 3478/5025/3879 3431/5151/3970 3390/5135/3961
f 2004/5107/3938 3482/4975/3835 2003/4925/3793
f 1978/5011/3867 1972/4910/3783 1994/4909/3782
f 2081/4981/3840 2083/4952/3816 1942/4999/3857
f 3056/4918/3789 3417/4998/3856 3421/4997/3855
f 2005/4955/3819 2011/5002/3860 1998/4988/3847
f 1998/4988/3847 1996/4937/3804 2005/4955/3819
f 2919/5170/3985 724/5171/3986 619/5172/3987
f 572/5173/3988 1855/5174/3989 1862/5175/3990
f 1851/2831/2157 634/5176/3991 635/2832/2158
f 2103/5177/1223 573/5178/3992 574/5179/1226
f 1859/5180/1225 571/5181/3993 554/5182/1227
f 2919/5170/3985 2066/5183/15 724/5171/3986
f 1859/5180/1225 1860/5184/3994 571/5181/3993
f 1868/5185/3995 565/5186/3996 570/5187/3997
f 570/5187/3997 697/5188/3998 1862/5175/3990
f 697/5188/3998 1146/5189/3999 572/5173/3988
f 565/5186/3996 697/5188/3998 570/5187/3997
f 1851/2831/2157 1984/5190/4000 634/5176/3991
f 1857/5191/4001 1868/5185/3995 569/5192/4002
f 1990/5193/4003 724/5171/3986 1855/5174/3989
f 573/5178/3992 2103/5177/1223 571/5181/3993
f 1860/5184/3994 1862/5175/3990 571/5181/3993
f 1990/5193/4003 634/5176/3991 1984/5190/4000
f 634/5176/3991 1855/5174/3989 572/5173/3988
f 1860/5184/3994 1859/5180/1225 555/5194/4004
f 724/5171/3986 574/5179/1226 573/5178/3992
f 1855/5174/3989 634/5176/3991 1990/5193/4003
f 1862/5175/3990 697/5188/3998 572/5173/3988
f 569/5192/4002 570/5187/3997 555/5194/4004
f 564/5195/4005 697/5188/3998 565/5186/3996
f 571/5181/3993 1862/5175/3990 573/5178/3992
f 697/5188/3998 564/5195/4005 1146/5189/3999
f 3951/2834/2160 1146/5189/3999 3913/2835/2161
f 635/2832/2158 572/5173/3988 3952/2833/2159
f 634/5176/3991 572/5173/3988 635/2832/2158
f 1862/5175/3990 1855/5174/3989 573/5178/3992
f 1984/5190/4000 619/5172/3987 1990/5193/4003
f 1862/5175/3990 1860/5184/3994 570/5187/3997
f 570/5187/3997 569/5192/4002 1868/5185/3995
f 724/5171/3986 1990/5193/4003 619/5172/3987
f 1855/5174/3989 724/5171/3986 573/5178/3992
f 555/5194/4004 570/5187/3997 1860/5184/3994
f 569/5192/4002 555/5194/4004 1857/5191/4001
f 554/5182/1227 571/5181/3993 2103/5177/1223
f 574/5179/1226 724/5171/3986 1869/5196/14
f 555/5194/4004 1859/5180/1225 1857/5191/4001
f 1859/5180/1225 583/5197/1221 1857/5191/4001
f 724/5171/3986 2066/5183/15 1869/5196/14
f 790/5198/2898 3855/5199/4006 3854/5200/4007
f 1158/5201/2900 3856/5202/4008 3855/5199/4006 790/5198/2898
f 1159/5203/4009 3856/5202/4008 1160/5204/2819
f 760/5205/1560 3869/5206/2899 3854/5200/4007 3879/2786/2112
f 701/5207/4010 704/5208/4011 703/5209/4012
f 801/5210/911 2057/5211/4013 683/5212/4014
f 704/5208/4011 702/5213/4015 703/5209/4012
f 3939/2813/2139 817/5214/4016 3940/2814/2140
f 711/5215/4017 3510/5216/4018 710/5217/4019
f 708/5218/4020 707/5219/4021 1852/5220/4022
f 3954/2824/2150 3510/5216/4018 707/5219/4021 3972/2825/2151
f 1852/5220/4022 3510/5216/4018 709/5221/4023
f 3973/2805/2131 3858/5222/4024 3859/5223/4025 3974/2806/2132
f 1852/5220/4022 619/5172/3987 1984/5190/4000
f 708/5218/4020 1852/5220/4022 1984/5190/4000
f 709/5221/4023 2074/5224/4026 2082/5225/921
f 3916/2823/2149 710/5217/4019 3510/5216/4018 3954/2824/2150
f 3942/2818/2144 703/5209/4012 3941/2819/2145
f 702/5213/4015 711/5215/4017 710/5217/4019
f 3914/2821/2147 710/5217/4019 3917/2822/2148
f 2077/5226/922 2074/5224/4026 704/5208/4011
f 2057/5211/4013 2077/5226/922 704/5208/4011
f 2074/5224/4026 709/5221/4023 711/5215/4017
f 1984/5190/4000 1851/2831/2157 1983/2830/2156
f 805/5227/4027 2022/5228/4028 2259/5229/270
f 3978/2826/2152 707/5219/4021 3975/2827/2153
f 805/5227/4027 806/5230/4029 3857/5231/4030
f 784/5232/405 792/5233/404 791/2795/2121
f 1983/2830/2156 708/5218/4020 1984/5190/4000
f 764/5234/413 784/5232/405 791/2795/2121
f 3881/2829/2155 3880/2828/2154 708/5218/4020
f 702/5213/4015 704/5208/4011 2074/5224/4026
f 1852/5220/4022 2082/5225/921 2066/5183/15
f 619/5172/3987 1852/5220/4022 2919/5170/3985
f 3510/5216/4018 1852/5220/4022 707/5219/4021
f 2074/5224/4026 711/5215/4017 702/5213/4015
f 709/5221/4023 3510/5216/4018 711/5215/4017
f 3977/2799/2125 3976/2798/2124 2022/5228/4028
f 817/5214/4016 704/5208/4011 701/5207/4010
f 2058/5235/4031 2926/5236/4032 1109/5237/4033
f 3986/2807/2133 3867/5238/4034 3860/2808/2134
f 802/5239/4035 2282/5240/4036 2058/5235/4031
f 2057/5211/4013 704/5208/4011 817/5214/4016
f 709/5221/4023 2082/5225/921 1852/5220/4022
f 2077/5226/922 2082/5225/921 2074/5224/4026
f 681/5241/280 841/5242/279 680/5243/4037
f 683/5212/4014 817/5214/4016 2282/5240/4036
f 1109/5237/4033 2926/5236/4032 2262/5244/4038
f 1109/5237/4033 802/5239/4035 2058/5235/4031
f 802/5239/4035 683/5212/4014 2282/5240/4036
f 817/5214/4016 683/5212/4014 2057/5211/4013
f 3943/2803/2129 795/5245/4039 3944/2804/2130
f 2262/5244/4038 3867/5238/4034 3859/5223/4025 680/5243/4037
f 3956/2801/2127 3955/2800/2126 805/5227/4027
f 795/5245/4039 3857/5231/4030 806/5230/4029
f 2077/5226/922 2057/5211/4013 801/5210/911
f 841/5242/279 2262/5244/4038 680/5243/4037
f 2262/5244/4038 841/5242/279 1109/5237/4033
f 795/5245/4039 680/5243/4037 3858/5222/4024
f 1852/5220/4022 2066/5183/15 2919/5170/3985
f 1109/5237/4033 841/5242/279 840/5246/919
f 840/5246/919 802/5239/4035 1109/5237/4033
f 801/5210/911 683/5212/4014 802/5239/4035
f 806/5230/4029 805/5227/4027 786/5247/277
f 681/5241/280 795/5245/4039 806/5230/4029
f 801/5210/911 802/5239/4035 840/5246/919
f 680/5243/4037 795/5245/4039 681/5241/280
f 805/5227/4027 2259/5229/270 786/5247/277
f 2020/5248/278 2259/5229/270 2022/5228/4028
f 806/5230/4029 786/5247/277 681/5241/280
f 2021/5249/4040 2020/5248/278 2022/5228/4028
f 791/2795/2121 792/5233/404 2021/5249/4040
f 2020/5248/278 2021/5249/4040 792/5233/404
f 764/5234/413 3862/5250/4041 1160/5204/2819
f 551/5251/4042 1861/5252/4043 439/5253/4044
f 564/5254/4005 1143/5255/4045 1146/5256/3999
f 3931/2838/2164 3958/2837/2163 1143/5255/4045
f 568/5257/4046 438/5258/3261 1754/5259/3290
f 1867/5260/4047 3461/5261/3305 603/5262/3259
f 3461/5261/3305 1867/5260/4047 583/5263/1221
f 1861/5252/4043 567/5264/4048 557/5265/4049
f 567/5264/4048 1866/5266/4050 1865/5267/4051
f 541/5268/4052 547/5269/4053 549/5270/3323
f 566/5271/4054 1861/5252/4043 551/5251/4042
f 1865/5267/4051 1866/5266/4050 603/5262/3259
f 439/5253/4044 547/5269/4053 551/5251/4042
f 564/5254/4005 565/5272/3996 1143/5255/4045
f 549/5270/3323 568/5257/4046 1754/5259/3290
f 568/5257/4046 557/5265/4049 1865/5267/4051
f 603/5262/3259 1866/5266/4050 1867/5260/4047
f 547/5269/4053 439/5253/4044 549/5270/3323
f 568/5257/4046 1865/5267/4051 438/5258/3261
f 1865/5267/4051 603/5262/3259 438/5258/3261
f 566/5271/4054 565/5272/3996 1868/5273/3995
f 562/5274/4055 566/5271/4054 551/5251/4042
f 3920/2836/2162 3913/5275/2161 1146/5256/3999
f 1868/5273/3995 1857/5276/4001 1867/5260/4047
f 3903/2842/2168 4005/2841/2167 551/5251/4042
f 3883/2844/2170 3884/2843/2169 547/5269/4053
f 562/5274/4055 1143/5255/4045 566/5271/4054
f 566/5271/4054 1143/5255/4045 565/5272/3996
f 568/5257/4046 549/5270/3323 439/5253/4044
f 439/5253/4044 1861/5252/4043 557/5265/4049
f 1861/5252/4043 566/5271/4054 567/5264/4048
f 568/5257/4046 439/5253/4044 557/5265/4049
f 1868/5273/3995 567/5264/4048 566/5271/4054
f 557/5265/4049 567/5264/4048 1865/5267/4051
f 1866/5266/4050 567/5264/4048 1868/5273/3995
f 1868/5273/3995 1867/5260/4047 1866/5266/4050
f 1857/5276/4001 583/5263/1221 1867/5260/4047
f 3886/2737/2065 3991/2736/2064 543/5277/3393
f 544/5278/3324 541/5268/4052 549/5270/3323
f 541/5268/4052 544/5278/3324 1847/5279/4056
f 3960/2733/2061 541/5268/4052 1847/5279/4056 3981/2734/2062
f 1847/5279/4056 1737/5280/3299 543/5277/3393
f 1815/5281/3313 491/2740/2068 537/5282/3351
f 1737/5280/3299 1847/5279/4056 544/5278/3324
f 491/2740/2068 1815/5281/3313 1814/5283/3315
f 491/2740/2068 1814/5283/3315 3878/2741/2069
f 58/909/666 2876/908/47 2730/907/35 3143/917/694
f 2231/1097/826 3868/1109/833 758/1092/822
f 791/2795/2121 3862/5250/4041 764/5234/413
f 3861/2112/1559 2231/2110/826 788/5284/825
f 3864/1108/832 3866/1113/836 908/1093/823
f 3860/2808/2134 2926/5236/4032 3918/2809/2135
f 3983/2812/2138 3985/2811/2137 2058/5235/4031 2282/5240/4036
f 3861/3823/1559 3869/3822/2899 760/5285/1560
f 3860/2808/2134 3867/5238/4034 2262/5244/4038 2926/5236/4032
f 3870/2430/1825 3865/5286/4057 969/2398/1806
f 3870/2430/1825 969/2398/1806 945/2403/1810
f 3855/5199/4006 3856/5202/4008 1159/5203/4009
f 3964/2773/2100 3921/5287/307 2677/5288/306
f 1160/5204/2819 3856/5202/4008 1158/5201/2900
f 3865/5286/4057 3863/2412/1816 969/2398/1806
f 3854/5200/4007 3869/5206/2899 790/5198/2898
f 3859/5223/4025 3858/5222/4024 680/5243/4037
f 3868/1109/833 3864/1108/832 908/1093/823 758/1092/822
f 3963/2774/2101 3964/5289/2100 2677/5290/306 2678/5291/318
f 791/2795/2121 3984/2794/2120 3862/5250/4041
f 3957/2793/2119 3882/2792/2118 1160/5204/2819
f 4008/2785/2111 909/2109/831 3928/2108/1557
f 4006/2751/2078 3988/2750/2077 1135/1424/1062
f 3992/2745/2072 3933/2744/2071 509/1428/1066
f 3995/2762/2089 4004/2761/2088 20/5292/759
f 3988/2750/2077 3908/1425/1063 1135/1424/1062
f 2677/374/306 3871/373/305 962/379/311
f 4012/2777/2104 2621/2402/1809 3936/2778/2105
f 4007/2765/2092 3875/2764/2091 881/1005/760 123/1010/762
f 3875/2764/2091 3905/2763/2090 881/1005/760
f 3991/2736/2064 3885/2735/2063 543/5277/3393
f 3947/1423/1061 3876/2749/2076 278/1421/1059
f 4002/2791/2117 4003/2790/2116 1160/5204/2819
f 3953/2797/2123 3894/2796/2122 2021/5249/4040
f 4008/2785/2111 3923/5293/2110 909/2109/831
f 4010/2789/2115 3895/2788/2114 1159/5203/4009
f 3996/2755/2082 3997/2754/2081 213/247/215
f 3876/2749/2076 3925/2748/2075 278/1421/1059
f 917/2418/1820 3873/2417/1819 3865/5286/4057 3870/2430/1825
f 4013/2771/2098 119/381/313 3897/2772/2099
f 3871/373/305 3872/377/309 118/380/312 962/379/311
f 3873/2417/1819 3863/2412/1816 3865/5286/4057
f 4005/2841/2167 3901/2840/2166 551/5251/4042
f 3966/1418/1056 3926/1448/1086 1841/1419/1057
f 1159/5203/4009 1160/5204/2819 4003/2790/2116 4010/2789/2115
f 2621/2402/1809 4012/2777/2104 4000/2776/2103 917/2418/1820
f 213/247/215 3997/2754/2081 4009/5294/2080 1411/248/216
f 213/247/215 3998/2756/2083 3996/2755/2082
f 183/95/82 20/5292/759 4004/2761/2088 3994/2760/2087
f 205/93/80 183/95/82 3993/2759/2086 4001/5295/2085
f 183/95/82 3994/2760/2087 3993/2759/2086
f 3859/5223/4025 3867/5238/4034 3986/2807/2133 3974/2806/2132
f 707/5219/4021 3978/2826/2152 3972/2825/2151
f 917/2418/1820 4000/2776/2103 3969/2419/1821
f 2907/382/300 119/381/313 4013/2771/2098 3961/2770/2097
f 541/5268/4052 3960/2733/2061 3959/2732/2060
f 1160/5204/2819 3862/5250/4041 3984/2794/2120 3957/2793/2119
f 3857/5231/4030 3979/2802/2128 3956/2801/2127 805/5227/4027
f 2022/5228/4028 805/5227/4027 3955/2800/2126 3977/2799/2125
f 2022/5228/4028 3976/2798/2124 3953/2797/2123 2021/5249/4040
f 572/5173/3988 1146/5189/3999 3951/2834/2160 3952/2833/2159
f 969/2398/1806 3971/2420/1822 3950/2429/1824 986/2393/1801
f 932/1086/423 2615/1083/815 3945/1112/835 3965/1089/819
f 3858/5222/4024 3973/2805/2131 3944/2804/2130 795/5245/4039
f 3857/5231/4030 795/5245/4039 3943/2803/2129 3979/2802/2128
f 817/5214/4016 3939/2813/2139 3983/2812/2138 2282/5240/4036
f 703/5209/4012 3942/2818/2144 3938/2817/2143
f 817/5214/4016 3937/2815/2141 3940/2814/2140
f 509/1428/1066 3935/2746/2073 3992/2745/2072
f 305/1439/1077 3934/2747/2074 3935/2746/2073 509/1428/1066
f 932/554/423 3962/2783/820 3932/5296/2109 946/557/426
f 562/5274/4055 3980/2839/2165 3931/2838/2164 1143/5255/4045
f 703/5209/4012 702/5213/4015 3930/2820/2146 3941/2819/2145
f 1411/5297/216 3924/2752/2079 4006/2751/2078 1135/1424/1062
f 1411/5297/216 4009/2753/2080 3924/2752/2079
f 909/1107/831 3923/2784/2110 3946/1111/834 2615/1083/815
f 1143/5255/4045 3958/2837/2163 3920/2836/2162 1146/5256/3999
f 2926/5236/4032 2058/5235/4031 3985/2811/2137 3919/2810/2136
f 2926/5236/4032 3919/2810/2136 3918/2809/2135
f 710/5217/4019 3916/2823/2149 3917/2822/2148
f 817/5214/4016 701/5207/4010 3915/2816/2142 3937/2815/2141
f 703/5209/4012 3938/2817/2143 3915/2816/2142 701/5207/4010
f 710/5217/4019 3914/2821/2147 3930/2820/2146 702/5213/4015
f 2621/2402/1809 3912/2779/2106 3936/2778/2105
f 2621/2402/1809 4011/2780/2107 3912/2779/2106
f 946/2401/426 3932/2782/2109 3911/2781/2108
f 946/2401/426 3911/2781/2108 4011/2780/2107 2621/2402/1809
f 251/1422/1060 278/1421/1059 3925/2748/2075 3910/1453/1091
f 251/1422/1060 3909/1435/1073 3934/2747/2074 305/1439/1077
f 509/1428/1066 3933/2744/2071 3907/1429/1067 1099/1426/1064
f 20/1002/759 881/1005/760 3905/2763/2090 3995/5298/2089
f 123/1010/762 3904/2766/2093 4007/2765/2092
f 123/1010/762 3922/1014/763 3904/2766/2093
f 547/5269/4053 541/5268/4052 3959/2732/2060 3902/2845/2171
f 551/5251/4042 3901/2840/2166 3980/2839/2165 562/5274/4055
f 2231/2110/826 760/2113/1560 3967/2111/1558
f 119/381/313 3982/388/317 3897/2772/2099
f 1159/5203/4009 3895/2788/2114 3929/2787/2113
f 1095/383/299 2907/382/300 3892/2769/2096 3990/2768/2095
f 2907/382/300 3961/2770/2097 3892/2769/2096
f 1095/383/299 3990/2768/2095 3891/2767/2094
f 1372/384/314 1095/383/299 3891/2767/2094 3890/5299/756
f 119/381/313 3872/377/309 3889/376/308 3898/387/316
f 205/252/80 4001/2758/2085 3888/2757/2084 240/250/218
f 240/250/218 3888/2757/2084 3998/2756/2083 213/247/215
f 537/5282/3351 491/2740/2068 3896/2739/2067
f 537/5282/3351 3896/2739/2067 3887/2738/2066
f 543/5277/3393 537/5282/3351 3887/2738/2066 3886/2737/2065
f 1847/5279/4056 543/5277/3393 3885/2735/2063 3981/2734/2062
f 547/5269/4053 3884/2843/2169 3903/2842/2168 551/5251/4042
f 547/5269/4053 3902/2845/2171 3883/2844/2170
f 2021/5249/4040 3894/2796/2122 791/2795/2121
f 1160/5204/2819 3882/2792/2118 4002/2791/2117
f 708/5218/4020 1983/2830/2156 3881/2829/2155
f 707/5219/4021 708/5218/4020 3880/2828/2154 3975/2827/2153
f 3854/5200/4007 3855/5199/4006 1159/5203/4009 3929/2787/2113 3879/2786/2112
f 1814/4338/3315 519/4384/1085 3877/2742/2070 3878/5300/2069
f 2678/5291/318 3874/2775/2102 3963/2774/2101
f 986/2393/1801 3987/2410/1814 3874/5301/2102 2678/2421/318
