# Blender v2.82 (sub 7) OBJ File: ''
# www.blender.org
mtllib material.mtl
o AR-Code-Object-Capture-app-1758578309
v -0.029442 0.009769 -0.044263
v -0.030311 0.010436 -0.005525
v -0.046125 0.010618 -0.032414
v -0.080291 0.010998 -0.056733
v -0.131774 0.010248 0.038567
v -0.054314 0.009936 0.044968
v 0.028379 0.007707 -0.027400
v 0.023224 0.006165 0.060356
v -0.003544 0.009161 -0.100850
v 0.085159 0.005807 -0.033563
v -0.099103 0.026777 -0.122867
v -0.093098 0.031368 -0.133761
v -0.083422 0.026531 -0.129139
v -0.072059 0.027606 -0.136631
v -0.079913 0.033552 -0.142627
v -0.072015 0.023103 -0.128708
v -0.070150 0.031019 -0.142685
v -0.063970 0.029347 -0.142317
v -0.104787 0.047405 -0.137809
v -0.105693 0.048185 -0.136036
v -0.101469 0.048580 -0.138012
v -0.108009 0.046937 -0.136026
v -0.104904 0.045948 -0.137921
v -0.099489 0.046856 -0.135895
v -0.104180 0.047339 -0.134442
v -0.040074 0.031501 -0.135520
v -0.047605 0.030887 -0.133595
v -0.040619 0.028944 -0.131585
v -0.056163 0.032664 -0.135250
v -0.045848 0.033808 -0.138406
v -0.112537 0.045462 -0.134117
v -0.112025 0.043115 -0.135850
v -0.118725 0.044309 -0.130772
v -0.052835 0.039789 -0.144545
v -0.060655 0.043760 -0.146276
v -0.062978 0.037807 -0.140230
v -0.105580 0.033762 -0.132076
v -0.053762 0.036054 -0.140246
v -0.047448 0.036902 -0.141627
v -0.095336 0.042134 -0.133672
v -0.085738 0.044746 -0.139675
v -0.092836 0.046989 -0.138998
v -0.106449 0.044700 -0.139406
v -0.096674 0.048395 -0.139684
v -0.093661 0.048226 -0.141147
v -0.071614 0.047210 -0.146956
v -0.070218 0.043117 -0.143368
v -0.065806 0.046711 -0.147998
v -0.102126 0.046419 -0.139465
v -0.077224 0.045874 -0.143544
v -0.076286 0.048075 -0.147474
v -0.061243 0.047519 -0.151858
v -0.059848 0.047078 -0.150276
v -0.059387 0.047656 -0.152571
v -0.064597 0.048012 -0.151521
v -0.068923 0.047815 -0.149687
v -0.072622 0.048364 -0.149681
v -0.087624 0.047762 -0.142760
v -0.091760 0.047841 -0.142379
v -0.064215 0.045311 -0.152333
v -0.061640 0.046913 -0.152692
v -0.060614 0.045260 -0.152823
v -0.068235 0.043744 -0.152767
v -0.069217 0.046393 -0.151349
v -0.112801 0.030878 -0.122172
v -0.110005 0.025977 -0.115350
v -0.120608 0.029139 -0.113828
v -0.098663 0.047391 -0.140941
v -0.078330 0.040938 -0.139525
v -0.094401 0.047500 -0.142724
v -0.082055 0.047696 -0.144469
v -0.085358 0.047202 -0.146801
v -0.076837 0.047327 -0.149493
v -0.080006 0.047431 -0.148401
v -0.125307 0.034521 -0.120163
v -0.075006 0.048011 -0.149615
v -0.061374 0.042613 -0.154441
v -0.130795 0.032673 -0.111231
v -0.090198 0.047425 -0.144927
v -0.073823 0.046405 -0.149990
v -0.070564 0.039541 -0.151028
v -0.073210 0.044075 -0.151421
v -0.079309 0.038921 -0.147827
v -0.078348 0.042441 -0.149702
v -0.077102 0.045358 -0.148915
v -0.082046 0.044782 -0.147867
v -0.107108 0.039617 -0.137630
v -0.062807 0.038954 -0.152566
v -0.085485 0.044607 -0.146470
v -0.085665 0.040907 -0.146686
v -0.088515 0.044802 -0.144928
v -0.092521 0.045396 -0.143119
v -0.065089 0.034254 -0.147951
v -0.098066 0.045078 -0.142093
v -0.100246 0.041763 -0.141701
v -0.093693 0.042726 -0.143453
v -0.072205 0.038421 -0.138797
v -0.124541 0.039255 -0.125009
v -0.116531 0.037311 -0.128174
v -0.114806 0.040743 -0.132904
v -0.111105 0.037724 -0.133373
v -0.120587 0.041085 -0.129093
v -0.095425 0.037122 -0.140193
v -0.059015 0.014691 -0.133919
v -0.057444 0.015099 -0.130202
v -0.054845 0.015111 -0.132201
v -0.058255 0.019616 -0.129550
v -0.052352 0.021528 -0.132444
v -0.053518 0.018071 -0.129331
v -0.034204 0.047465 -0.153055
v -0.030837 0.046494 -0.152504
v -0.028806 0.047360 -0.154324
v -0.047971 0.047417 -0.152820
v -0.045040 0.047172 -0.154566
v -0.048074 0.046937 -0.154883
v -0.051435 0.046046 -0.149422
v -0.043433 0.043776 -0.148349
v -0.043592 0.046988 -0.152473
v -0.055644 0.048096 -0.152878
v -0.032481 0.033711 -0.138443
v -0.032925 0.030259 -0.133595
v -0.049001 0.017578 -0.131033
v -0.046325 0.020765 -0.134586
v -0.045390 0.017312 -0.133729
v -0.053962 0.031028 -0.146998
v -0.024970 0.042670 -0.147342
v -0.030446 0.040415 -0.146084
v -0.019934 0.036840 -0.142003
v -0.065228 0.019418 -0.127178
v -0.060568 0.015883 -0.128537
v -0.033374 0.044622 -0.149963
v -0.038899 0.046385 -0.151881
v -0.072903 0.014788 -0.131737
v -0.069793 0.014649 -0.129017
v -0.066943 0.014737 -0.133862
v -0.063744 0.014113 -0.129758
v -0.064874 0.015397 -0.126826
v -0.051300 0.015065 -0.132056
v -0.054003 0.015261 -0.129670
v -0.040310 0.018884 -0.135279
v -0.049043 0.042908 -0.147410
v -0.038359 0.046957 -0.154584
v -0.042127 0.046457 -0.155104
v -0.051842 0.016208 -0.129874
v -0.047991 0.015063 -0.134454
v -0.043685 0.015592 -0.136139
v -0.034042 0.037534 -0.143418
v -0.025287 0.046235 -0.151262
v -0.058698 0.046611 -0.153157
v -0.056261 0.045174 -0.153474
v -0.051067 0.047664 -0.153238
v -0.052668 0.046576 -0.153983
v -0.036910 0.029146 -0.142661
v -0.046769 0.025958 -0.139369
v -0.040467 0.032382 -0.148595
v -0.052731 0.015108 -0.135822
v -0.055163 0.038159 -0.153641
v -0.053640 0.042906 -0.155339
v -0.033097 0.045419 -0.154641
v -0.032178 0.042844 -0.155809
v -0.038384 0.044439 -0.154797
v -0.066741 0.014430 -0.128521
v -0.071933 0.015062 -0.137420
v -0.050273 0.045043 -0.154178
v -0.060480 0.024741 -0.134942
v -0.039455 0.025891 -0.138249
v -0.042520 0.023080 -0.136046
v -0.046505 0.036374 -0.152702
v -0.045843 0.041600 -0.155509
v -0.056741 0.016604 -0.128306
v -0.038747 0.037788 -0.154413
v -0.032232 0.039385 -0.155320
v -0.038133 0.041833 -0.155829
v -0.026000 0.044250 -0.154446
v -0.033661 0.031487 -0.147270
v -0.029046 0.034383 -0.151518
v -0.037515 0.041062 -0.146847
v -0.044477 0.045037 -0.154627
v -0.022586 0.031879 -0.136174
v -0.010922 0.030840 -0.131636
v -0.012142 0.026849 -0.124509
v -0.023249 0.028094 -0.130337
v -0.050655 0.046673 -0.154298
v -0.041664 0.043441 -0.155427
v -0.072318 0.018201 -0.125091
v -0.068742 0.015646 -0.125834
v -0.027433 0.031427 -0.135109
v -0.041039 0.036031 -0.141023
v -0.043527 0.039179 -0.145048
v -0.033505 0.027352 -0.127456
v -0.047264 0.041202 -0.146423
v 0.011169 0.018065 0.018827
v -0.002080 0.017731 0.018552
v 0.004289 0.017580 0.029802
v -0.009533 0.017642 0.029504
v 0.002645 0.018967 -0.023362
v -0.002020 0.018570 -0.012514
v 0.007438 0.018567 -0.009887
v -0.006969 0.018314 -0.019163
v 0.072652 0.027142 -0.044522
v 0.071439 0.026090 -0.037470
v 0.076048 0.028201 -0.040570
v 0.077532 0.028235 -0.034351
v 0.067984 0.024443 -0.046288
v 0.076859 0.029705 -0.046548
v -0.015906 0.018941 -0.059240
v -0.000356 0.019206 -0.052657
v -0.000341 0.019020 -0.066514
v -0.013081 0.018946 -0.045474
v 0.062459 0.021826 -0.048835
v 0.061660 0.020909 -0.043589
v 0.012393 0.019122 -0.068282
v 0.012824 0.018709 -0.057776
v -0.012139 0.019053 -0.029923
v 0.000574 0.018552 -0.038878
v 0.051528 0.019808 -0.051163
v 0.044474 0.018724 -0.046789
v 0.051317 0.018631 -0.046329
v 0.010701 0.018662 -0.046134
v 0.024582 0.017754 -0.053625
v 0.021454 0.018125 -0.057113
v 0.020065 0.018730 -0.050294
v 0.013926 0.018372 -0.033614
v 0.027198 0.017881 -0.058370
v 0.022735 0.019128 -0.065977
v 0.024888 0.017673 -0.045329
v 0.024431 0.017712 -0.050044
v 0.021981 0.018248 -0.029597
v 0.024563 0.017413 -0.033703
v 0.021791 0.017866 -0.036447
v 0.032998 0.018519 -0.055337
v 0.032813 0.018023 -0.063488
v 0.019785 0.017989 -0.042139
v 0.018889 0.017679 -0.019148
v 0.038844 0.017605 -0.034199
v 0.034462 0.018247 -0.036993
v 0.033008 0.017360 -0.032148
v 0.056691 0.019423 -0.046822
v 0.027912 0.018524 -0.054660
v 0.038565 0.018751 -0.051268
v 0.039060 0.019055 -0.055689
v 0.062432 0.019897 -0.015120
v 0.058953 0.018765 -0.027297
v 0.052515 0.018295 -0.017448
v 0.046574 0.017804 -0.038166
v 0.046180 0.018054 -0.029648
v 0.055474 0.018714 -0.038050
v 0.023290 0.017595 -0.040770
v 0.027947 0.018375 -0.050498
v 0.026342 0.018389 -0.039187
v 0.032722 0.018842 -0.044366
v 0.050936 0.017921 -0.024146
v 0.044569 0.017998 -0.020918
v 0.044348 0.019184 -0.054156
v 0.041689 0.019084 -0.061669
v 0.035801 0.018203 -0.028865
v 0.051738 0.020406 -0.058772
v 0.028550 0.018219 -0.033643
v 0.042389 0.017365 -0.011475
v 0.040594 0.017705 -0.040323
v 0.046712 0.017472 -0.042715
v 0.048849 0.017963 -0.044732
v 0.051345 0.018365 -0.042916
v 0.052509 0.018154 -0.006662
v -0.025386 0.018180 -0.051333
v 0.082868 0.029338 -0.027628
v 0.079590 0.027647 -0.026102
v 0.080665 0.027908 -0.022469
v 0.086671 0.032485 -0.028353
v 0.084978 0.031285 -0.032731
v 0.084592 0.030394 -0.021074
v 0.078808 0.029296 -0.015503
v 0.097459 0.037968 -0.041362
v 0.097915 0.042048 -0.047584
v 0.099359 0.041531 -0.037501
v 0.088294 0.033539 -0.035517
v -0.015196 0.018324 -0.010983
v -0.017745 0.017585 0.011055
v -0.000116 0.018785 0.002369
v 0.090027 0.035091 -0.030194
v 0.093103 0.038781 -0.034834
v 0.089097 0.035631 -0.041000
v 0.066063 0.023520 -0.053293
v 0.059722 0.021180 -0.054444
v 0.098067 0.043321 -0.043142
v 0.099018 0.042965 -0.040002
v 0.096639 0.043425 -0.045958
v 0.097175 0.042350 -0.039132
v 0.093692 0.041307 -0.045797
v 0.099697 0.043565 -0.033995
v 0.080900 0.031238 -0.046933
v 0.085339 0.033266 -0.043153
v 0.083622 0.033099 -0.050038
v 0.080166 0.030724 -0.040569
v 0.082054 0.029487 -0.033718
v 0.084249 0.031690 -0.037495
v 0.079945 0.028878 -0.030093
v 0.034499 0.017435 -0.000408
v 0.045829 0.018157 -0.000478
v 0.025683 0.017998 -0.025496
v 0.026176 0.018578 -0.028934
v 0.024334 0.018261 -0.028127
v 0.030020 0.017932 -0.028363
v 0.025216 0.017619 -0.030623
v 0.033551 0.018272 -0.021258
v 0.029380 0.017481 -0.010106
v 0.069285 0.025421 -0.052290
v 0.070319 0.025572 -0.056435
v 0.073185 0.028172 -0.052209
v 0.019775 0.017993 0.001023
v -0.019258 0.018277 0.041508
v 0.003327 0.018107 0.045952
v 0.024233 0.018045 0.019972
v 0.032683 0.018074 0.011418
v 0.042332 0.017610 0.008020
v 0.089360 0.034794 -0.024140
v 0.089060 0.036510 -0.048328
v 0.076293 0.025956 -0.022490
v 0.074395 0.024845 -0.013490
v 0.053157 0.019117 0.000514
v 0.061399 0.020701 0.002943
v 0.050602 0.018035 0.007083
v 0.065840 0.025107 -0.059385
v 0.071710 0.023792 -0.025017
v 0.070972 0.022913 -0.018856
v 0.070443 0.023667 -0.023040
v 0.073810 0.026477 -0.029173
v 0.063756 0.022026 -0.037227
v 0.068880 0.022172 -0.008218
v 0.067193 0.022008 -0.023204
v 0.077844 0.027717 -0.028376
v 0.068901 0.023332 -0.030228
v -0.038357 0.041868 0.122875
v -0.035323 0.043549 0.122187
v -0.039931 0.043260 0.122649
v -0.087906 0.018844 0.028049
v -0.086884 0.019064 0.013781
v -0.098068 0.019061 0.022933
v -0.109875 0.018678 0.021426
v -0.104331 0.018995 0.032835
v -0.031209 0.040036 0.124678
v -0.027130 0.040551 0.124367
v -0.030085 0.041198 0.122997
v -0.081977 0.018423 0.003016
v -0.078545 0.019072 -0.002271
v -0.088851 0.019402 -0.002998
v -0.043310 0.042797 0.120174
v -0.039971 0.043463 0.121367
v -0.037131 0.042715 0.119753
v -0.083538 0.020061 0.064457
v -0.073533 0.019049 0.057355
v -0.082808 0.018634 0.052859
v -0.073897 0.018151 0.015880
v -0.065264 0.017752 0.025495
v -0.065063 0.018574 0.012233
v -0.078612 0.018600 0.008461
v -0.090561 0.018888 0.057122
v -0.096893 0.018882 0.052616
v -0.094890 0.019569 0.057532
v -0.028472 0.043431 0.121791
v -0.029904 0.043012 0.119941
v -0.030415 0.043043 0.122362
v -0.076142 0.017850 0.030922
v -0.043109 0.041724 0.122826
v -0.040297 0.039820 0.124238
v -0.084203 0.018495 0.040501
v -0.094211 0.018884 0.035849
v -0.028865 0.037443 0.122808
v -0.022853 0.038115 0.123419
v -0.072895 0.018083 0.008256
v -0.052672 0.018136 0.059081
v -0.063978 0.018557 0.057558
v -0.068052 0.017781 0.067152
v -0.091200 0.017801 0.047176
v -0.056334 0.017735 0.018443
v -0.074649 0.019319 0.046283
v -0.046868 0.019109 -0.018230
v -0.053139 0.018790 -0.020697
v -0.055097 0.018181 -0.015216
v -0.053746 0.018527 0.032160
v -0.054006 0.018437 0.001432
v -0.033402 0.018483 -0.005463
v -0.044699 0.017919 0.021198
v -0.069774 0.019748 -0.007686
v -0.061720 0.019042 -0.011278
v -0.065971 0.019341 0.051084
v -0.093276 0.018677 0.059858
v -0.057075 0.019219 -0.021334
v -0.069607 0.019604 0.001693
v -0.054787 0.018809 -0.026616
v -0.048065 0.018856 -0.030536
v -0.076253 0.018973 0.002984
v -0.054146 0.018825 0.047109
v -0.025701 0.037069 0.113639
v -0.033574 0.037422 0.114510
v -0.033472 0.040123 0.116612
v -0.023638 0.041597 0.122921
v -0.027270 0.042320 0.122464
v -0.024285 0.043315 0.122015
v -0.026222 0.041153 0.117360
v -0.034099 0.035737 0.112332
v -0.031413 0.033843 0.109978
v -0.037831 0.032744 0.109708
v -0.025327 0.032896 0.107849
v -0.023606 0.043109 0.119795
v -0.026701 0.043359 0.121256
v -0.041309 0.036889 0.114430
v -0.044185 0.033786 0.110344
v -0.041353 0.041164 0.117840
v -0.052152 0.034319 0.110959
v -0.044745 0.030824 0.105980
v -0.033218 0.041342 0.124123
v -0.032422 0.042102 0.122815
v -0.034899 0.041974 0.123036
v -0.042833 0.043512 0.122309
v -0.038956 0.019013 -0.047363
v -0.033129 0.018839 -0.028333
v -0.024206 0.019357 -0.040681
v -0.046629 0.043321 0.122010
v -0.035634 0.017683 0.011584
v -0.030668 0.019098 0.038387
v -0.035568 0.019042 0.051093
v -0.034650 0.018649 0.065016
v -0.017022 0.019167 0.058440
v -0.027983 0.017937 0.027260
v -0.041027 0.019481 0.035999
v -0.044396 0.018201 0.061676
v -0.050663 0.018047 0.070176
v -0.048102 0.040740 0.123125
v -0.025066 0.019224 0.072968
v -0.029700 0.020420 0.083850
v -0.040778 0.019784 0.077395
v -0.024602 0.024108 0.093719
v -0.028293 0.022354 0.090329
v -0.032305 0.024277 0.095537
v -0.024095 0.027066 0.099024
v -0.020883 0.022571 0.087882
v -0.019028 0.020388 0.079803
v -0.034449 0.022736 0.089875
v -0.040848 0.023204 0.092450
v -0.048877 0.024209 0.094308
v -0.040982 0.026220 0.099956
v -0.039081 0.021080 0.085264
v -0.063630 0.019124 -0.025359
v -0.058933 0.019551 -0.037299
v -0.100420 0.018613 0.043353
v -0.049047 0.027786 0.100924
v -0.049245 0.021429 0.086100
v -0.053770 0.025882 0.097373
v -0.058125 0.028195 0.101344
v -0.051484 0.019700 0.077832
v -0.063596 0.020234 0.080225
v -0.056837 0.023446 0.091935
v -0.032031 0.028040 0.101894
v -0.047218 0.018568 -0.039571
v -0.067963 0.018261 -0.016679
v -0.061003 0.018850 -0.017462
v -0.036390 0.040827 0.123949
v -0.034300 0.040106 0.125483
v -0.037648 0.038902 0.124581
v -0.064497 0.018555 0.039299
v -0.044031 0.039125 0.123372
v -0.046342 0.037808 0.121610
v -0.078941 0.020664 0.075986
v -0.081326 0.022708 0.083205
v -0.073703 0.022395 0.083782
v -0.093303 0.019396 0.064330
v -0.050974 0.037511 0.121753
v -0.053209 0.040583 0.123029
v -0.049894 0.041616 0.118321
v -0.051196 0.030298 0.104884
v -0.062867 0.033991 0.108973
v -0.064772 0.030698 0.103856
v -0.065620 0.027846 0.098960
v -0.058168 0.039225 0.114906
v -0.070136 0.026717 0.096788
v -0.069534 0.029346 0.100764
v -0.040868 0.035676 0.121788
v -0.067627 0.024247 0.091995
v -0.076332 0.023807 0.087784
v -0.075851 0.026220 0.092583
v -0.059608 0.036820 0.112958
v -0.034315 0.038140 0.122928
v -0.026762 0.029872 0.103952
v -0.031970 0.030907 0.106465
v -0.037832 0.029826 0.104887
v -0.032529 0.033610 0.120045
v -0.029544 0.028467 0.115002
v -0.024436 0.032828 0.119891
v -0.049528 0.043317 0.121898
v -0.051990 0.042799 0.122024
v -0.055738 0.043388 0.120374
v -0.055516 0.042615 0.122182
v -0.103511 0.022228 -0.114507
v -0.096625 0.020967 -0.116998
v -0.123430 0.014980 -0.095668
v -0.118740 0.016779 -0.102491
v -0.120279 0.015819 -0.098649
v -0.118671 0.018377 -0.100259
v -0.108584 0.014885 -0.114734
v -0.113536 0.014746 -0.112307
v -0.078803 0.015052 -0.124811
v -0.073504 0.015364 -0.126698
v -0.077481 0.014508 -0.128556
v -0.094365 0.018179 -0.116557
v -0.094392 0.016258 -0.117256
v -0.098518 0.017169 -0.115386
v -0.087305 0.014872 -0.128878
v -0.083735 0.014402 -0.125952
v -0.081902 0.014850 -0.130415
v -0.117017 0.015090 -0.107336
v -0.120039 0.016148 -0.095760
v -0.090646 0.017026 -0.117565
v -0.086249 0.018609 -0.119494
v -0.086398 0.015953 -0.120296
v -0.083405 0.014429 -0.122633
v -0.088355 0.014985 -0.122423
v -0.127370 0.028064 -0.103038
v -0.116957 0.025309 -0.108494
v -0.118372 0.021739 -0.103084
v -0.104180 0.014818 -0.119491
v -0.100587 0.015067 -0.125656
v -0.120681 0.020183 -0.097776
v -0.119624 0.017983 -0.097269
v -0.121268 0.017908 -0.094402
v -0.091976 0.014552 -0.125395
v -0.089061 0.022724 -0.120997
v -0.077354 0.014803 -0.132223
v -0.097483 0.014961 -0.122101
v -0.093333 0.014744 -0.121560
v -0.110099 0.021719 -0.108420
v -0.109214 0.016314 -0.106020
v -0.104147 0.016626 -0.111705
v -0.109280 0.014783 -0.110950
v -0.134139 0.017850 -0.076313
v -0.137712 0.019052 -0.073465
v -0.136839 0.022283 -0.077009
v -0.121496 0.016131 -0.090560
v -0.124509 0.020673 -0.091830
v -0.133100 0.020066 -0.079465
v -0.128979 0.018743 -0.084211
v -0.131299 0.018394 -0.081388
v -0.131571 0.022361 -0.084783
v -0.091873 0.014952 -0.119197
v -0.105425 0.019184 -0.110635
v -0.101394 0.019109 -0.114108
v -0.076777 0.016909 -0.124061
v -0.079694 0.020598 -0.123352
v -0.123694 0.023534 -0.097929
v -0.133784 0.015911 -0.080546
v -0.130190 0.016009 -0.084453
v -0.127076 0.019450 -0.086787
v -0.137879 0.027343 -0.091359
v -0.128950 0.024541 -0.093744
v -0.081073 0.016710 -0.122031
v -0.140499 0.031239 -0.098311
v -0.116303 0.018393 -0.102100
v -0.112922 0.018990 -0.103699
v -0.090967 0.019483 -0.117965
v -0.097555 0.014998 -0.118511
v -0.115047 0.016578 -0.103963
v -0.128421 0.014703 -0.090015
v -0.139426 0.025457 -0.081752
v -0.136941 0.032490 -0.105306
v -0.103411 0.014840 -0.114896
v -0.126811 0.016418 -0.087020
v -0.123719 0.017056 -0.087036
v -0.126981 0.017637 -0.085840
v -0.146568 0.014219 -0.065983
v -0.137804 0.015175 -0.076333
v -0.141512 0.015666 -0.072413
v -0.141484 0.015808 -0.068376
v -0.136753 0.017060 -0.074390
v -0.138974 0.017153 -0.072225
v -0.145327 0.010907 -0.027003
v -0.039837 0.015153 -0.143291
v -0.038652 0.015774 -0.138820
v -0.032251 0.020436 -0.136885
v -0.033342 0.025507 -0.138845
v -0.025480 0.023283 -0.138981
v 0.013380 0.017477 -0.128041
v 0.009780 0.018355 -0.127535
v 0.013026 0.020959 -0.128704
v -0.006258 0.027377 -0.124655
v -0.002436 0.028497 -0.125660
v -0.008339 0.028684 -0.126975
v -0.020681 0.042512 -0.154606
v -0.015196 0.040748 -0.153502
v -0.024558 0.040135 -0.154429
v -0.003930 0.034531 -0.136101
v 0.006141 0.031003 -0.128503
v 0.000989 0.018427 -0.129687
v 0.003748 0.014870 -0.130647
v -0.001011 0.015874 -0.131736
v -0.009854 0.038367 -0.151634
v -0.002796 0.038397 -0.150091
v -0.007620 0.033978 -0.147742
v -0.002699 0.014980 -0.135056
v -0.006550 0.014853 -0.138370
v 0.000571 0.014099 -0.133815
v -0.017595 0.036504 -0.151159
v 0.008144 0.037435 -0.137126
v -0.005656 0.037912 -0.140864
v -0.014064 0.046426 -0.153110
v -0.010026 0.045861 -0.152552
v -0.010845 0.043392 -0.152686
v -0.004864 0.045910 -0.151227
v 0.000628 0.046606 -0.148112
v 0.001863 0.044118 -0.149405
v -0.001929 0.021671 -0.131954
v -0.005580 0.019491 -0.134003
v -0.009463 0.022736 -0.135827
v -0.017881 0.031474 -0.146553
v -0.009109 0.028423 -0.141016
v -0.015911 0.043224 -0.153870
v -0.024212 0.015024 -0.137336
v -0.018087 0.015838 -0.136015
v -0.022186 0.014313 -0.140215
v -0.006720 0.040808 -0.152247
v -0.010484 0.040852 -0.152866
v -0.027302 0.028941 -0.143810
v -0.018024 0.026001 -0.140814
v -0.030535 0.017405 -0.137100
v -0.029243 0.014991 -0.139857
v -0.034308 0.016926 -0.136706
v -0.013763 0.014674 -0.139147
v -0.017941 0.014441 -0.139348
v -0.018277 0.020660 -0.137128
v 0.009673 0.013981 -0.131716
v 0.004621 0.013801 -0.134741
v -0.001150 0.041402 -0.142802
v -0.010531 0.017134 -0.135150
v -0.004709 0.017075 -0.134370
v -0.037681 0.022861 -0.136328
v -0.025689 0.018243 -0.136870
v -0.019045 0.041060 -0.145944
v -0.001845 0.025856 -0.119388
v -0.014296 0.019001 -0.136158
v 0.018368 0.042906 -0.138095
v 0.006380 0.044079 -0.143847
v 0.007019 0.022855 -0.129357
v -0.002622 0.018481 -0.131533
v -0.003414 0.042391 -0.151248
v 0.008051 0.015633 -0.128778
v -0.005084 0.044573 -0.147417
v 0.003024 0.021217 -0.129330
v 0.005211 0.018358 -0.126574
v -0.010736 0.046279 -0.150620
v -0.012547 0.044720 -0.148598
v -0.034782 0.014520 -0.142956
v 0.011790 0.026837 -0.132129
v 0.011204 0.015746 -0.128835
v 0.027888 0.013869 -0.126159
v 0.026271 0.014506 -0.124681
v 0.030062 0.015426 -0.124412
v -0.011497 0.041150 -0.145785
v 0.005207 0.028404 -0.122146
v 0.022746 0.015747 -0.124634
v 0.018736 0.014363 -0.127341
v 0.017862 0.018163 -0.126823
v -0.019567 0.046477 -0.153012
v -0.019978 0.045987 -0.153993
v -0.023706 0.046654 -0.154181
v -0.018871 0.044318 -0.148244
v -0.015505 0.044577 -0.153081
v -0.016807 0.046255 -0.150729
v 0.023632 0.013339 -0.128653
v 0.016304 0.013652 -0.131999
v -0.017427 0.045714 -0.153704
v -0.019813 0.044575 -0.153782
v 0.014525 0.015268 -0.129004
v 0.018164 0.023339 -0.127733
v 0.009056 0.038082 -0.142397
v 0.005544 0.035140 -0.141636
v 0.003781 0.038601 -0.146512
v 0.000261 0.034867 -0.146127
v 0.002125 0.041011 -0.149214
v 0.024061 0.025868 -0.125351
v 0.024617 0.020772 -0.123110
v 0.012257 0.034246 -0.136656
v 0.006832 0.031013 -0.137572
v 0.002360 0.024316 -0.131599
v -0.002090 0.026230 -0.135900
v 0.008923 0.041015 -0.146578
v 0.004527 0.027294 -0.134334
v 0.018551 0.045297 -0.141406
v 0.014720 0.046156 -0.144358
v 0.013336 0.045315 -0.142868
v 0.000003 0.031103 -0.141162
v 0.015300 0.038071 -0.140952
v 0.021903 0.045402 -0.141067
v 0.020884 0.044080 -0.142333
v 0.017635 0.045588 -0.143639
v 0.024944 0.045106 -0.139964
v 0.021529 0.034749 -0.134724
v 0.025950 0.043967 -0.139786
v 0.019545 0.029376 -0.130800
v 0.022538 0.038717 -0.139338
v 0.030359 0.014266 -0.125718
v 0.024463 0.042063 -0.139991
v 0.017811 0.041389 -0.142911
v -0.026142 0.046729 -0.153465
v 0.013694 0.044276 -0.145594
v 0.009820 0.046543 -0.145952
v 0.005352 0.046600 -0.147666
v 0.007971 0.044553 -0.147667
v 0.029173 0.017361 -0.122906
v -0.011669 0.023878 -0.114986
v 0.083391 0.012838 -0.042991
v 0.083631 0.012744 -0.039184
v 0.086867 0.011780 -0.038961
v 0.080603 0.016110 -0.049007
v 0.081512 0.012638 -0.050081
v 0.078336 0.014064 -0.053408
v 0.087871 0.011308 -0.034146
v 0.083111 0.012032 -0.035329
v 0.082460 0.014939 -0.039063
v 0.087622 0.011624 -0.044756
v 0.091996 0.011568 -0.036858
v 0.086909 0.011688 -0.049352
v 0.083916 0.012371 -0.047014
v 0.082222 0.016937 -0.044365
v 0.082924 0.019554 -0.038716
v 0.081224 0.016563 -0.032968
v 0.082082 0.014150 -0.046921
v 0.083196 0.021380 -0.043553
v 0.083485 0.011642 -0.053822
v 0.081837 0.019526 -0.047547
v 0.079643 0.019508 -0.051812
v 0.080815 0.013011 -0.057921
v 0.082041 0.012422 -0.062136
v 0.089322 0.029948 -0.045151
v 0.093281 0.032816 -0.038809
v 0.086727 0.025927 -0.038135
v 0.084103 0.024513 -0.048571
v 0.093304 0.034768 -0.047246
v -0.092718 0.035380 -0.125701
v -0.090750 0.033112 -0.124116
v -0.089750 0.034840 -0.127408
v -0.130431 0.027332 -0.077115
v -0.124663 0.023734 -0.073311
v -0.125282 0.026198 -0.081045
v -0.080631 0.022052 -0.099520
v -0.068654 0.022072 -0.108971
v -0.078451 0.023603 -0.109016
v -0.080340 0.027203 -0.117523
v -0.071185 0.025595 -0.117956
v -0.074099 0.027760 -0.121151
v -0.078436 0.035996 -0.134236
v -0.080548 0.033764 -0.129103
v -0.075372 0.031849 -0.129192
v -0.102905 0.038652 -0.125974
v -0.103909 0.035482 -0.120519
v -0.097467 0.034295 -0.123066
v -0.136196 0.028604 -0.073692
v -0.131644 0.026832 -0.071739
v -0.145956 0.033249 -0.070413
v -0.140947 0.031421 -0.075342
v -0.146215 0.035067 -0.075557
v -0.149601 0.038200 -0.077891
v -0.144340 0.036007 -0.082221
v -0.135306 0.027695 -0.069126
v -0.096109 0.020153 -0.085694
v -0.096057 0.021732 -0.089099
v -0.099465 0.021408 -0.086758
v -0.110355 0.022234 -0.081216
v -0.110831 0.020905 -0.077990
v -0.106205 0.020876 -0.080737
v -0.109791 0.029882 -0.105482
v -0.116669 0.032992 -0.107501
v -0.113700 0.029176 -0.100500
v -0.108260 0.033750 -0.114894
v -0.111831 0.033860 -0.113809
v -0.109329 0.031637 -0.112217
v -0.110973 0.035486 -0.116357
v -0.106882 0.035084 -0.117339
v -0.109894 0.037297 -0.119587
v -0.109208 0.035745 -0.116481
v -0.130135 0.025856 -0.065765
v -0.149991 0.035765 -0.071920
v -0.088877 0.019954 -0.066815
v -0.077193 0.019605 -0.062148
v -0.075095 0.019851 -0.071951
v -0.090495 0.020568 -0.081275
v -0.077622 0.019780 -0.085701
v -0.064625 0.021159 -0.102917
v -0.058825 0.020658 -0.094415
v -0.058430 0.021500 -0.107394
v -0.062460 0.020043 -0.078822
v -0.087518 0.020575 -0.090413
v -0.149724 0.014576 -0.053370
v -0.148463 0.014763 -0.057753
v -0.152407 0.014464 -0.055504
v -0.138936 0.029756 -0.070014
v -0.155061 0.040217 -0.073219
v -0.152694 0.042330 -0.079847
v -0.105313 0.044572 -0.130797
v -0.145868 0.045658 -0.096660
v -0.143728 0.046377 -0.100708
v -0.146592 0.047788 -0.099692
v -0.145813 0.014846 -0.061862
v -0.149599 0.015434 -0.050166
v -0.147410 0.017296 -0.054380
v -0.123787 0.026880 -0.087149
v -0.119353 0.026513 -0.089582
v -0.122784 0.028683 -0.093199
v -0.111767 0.032261 -0.110350
v -0.102182 0.032387 -0.116610
v -0.070560 0.033990 -0.134414
v -0.121543 0.031844 -0.100503
v -0.117419 0.028842 -0.096098
v -0.152428 0.045904 -0.088963
v -0.152976 0.047551 -0.092167
v -0.154533 0.047145 -0.088470
v -0.124843 0.039074 -0.109405
v -0.132680 0.038279 -0.102572
v -0.127470 0.035409 -0.100377
v -0.133767 0.042060 -0.106277
v -0.112630 0.026036 -0.094797
v -0.116848 0.026816 -0.092542
v -0.126455 0.031588 -0.096546
v -0.137276 0.031945 -0.083365
v -0.133676 0.032270 -0.089376
v -0.139447 0.035211 -0.088628
v -0.126772 0.029935 -0.093586
v -0.154514 0.046179 -0.086938
v -0.153627 0.044678 -0.084497
v -0.131843 0.035288 -0.099327
v -0.129671 0.033562 -0.097508
v -0.130285 0.032045 -0.094151
v -0.132455 0.034690 -0.096475
v -0.151404 0.043434 -0.087389
v -0.147922 0.042919 -0.091281
v -0.161987 0.043492 -0.082858
v -0.166459 0.040996 -0.076799
v -0.165268 0.044467 -0.077309
v -0.155999 0.047186 -0.085260
v -0.159307 0.046793 -0.083346
v -0.157706 0.044649 -0.088479
v -0.128296 0.030015 -0.089749
v -0.164680 0.045993 -0.074125
v -0.162608 0.045508 -0.079187
v -0.149818 0.046298 -0.093121
v -0.119157 0.024441 -0.085670
v -0.091655 0.022022 -0.097190
v -0.138332 0.027822 -0.065415
v -0.121814 0.025233 -0.083771
v -0.113609 0.024980 -0.088577
v -0.109063 0.023986 -0.086575
v -0.107346 0.023911 -0.091324
v -0.104425 0.022192 -0.085999
v -0.033147 0.024217 -0.116664
v -0.045536 0.021228 -0.107733
v -0.032757 0.021813 -0.104229
v -0.100517 0.020104 -0.082671
v -0.111223 0.022892 -0.084233
v -0.108235 0.022295 -0.083050
v -0.052080 0.023578 -0.117232
v -0.042641 0.024273 -0.118076
v -0.153021 0.045094 -0.094499
v -0.156019 0.046673 -0.089046
v -0.059676 0.023534 -0.113540
v -0.060705 0.025018 -0.119768
v -0.158799 0.045264 -0.073649
v -0.158967 0.042641 -0.069397
v -0.021861 0.025173 -0.121111
v -0.121754 0.022142 -0.066261
v -0.110879 0.021781 -0.059307
v -0.113349 0.021120 -0.070321
v -0.116323 0.021629 -0.063888
v -0.160724 0.047385 -0.077513
v -0.156391 0.045326 -0.079720
v -0.114082 0.022670 -0.082706
v -0.153658 0.014443 -0.049541
v -0.149995 0.048155 -0.096450
v -0.148708 0.046377 -0.100406
v -0.126498 0.043064 -0.125765
v -0.131733 0.039984 -0.120546
v -0.131373 0.043175 -0.122129
v -0.027983 0.025914 -0.124568
v -0.148149 0.043274 -0.101761
v -0.104065 0.027173 -0.106828
v -0.104850 0.030863 -0.111950
v -0.108303 0.030097 -0.109585
v -0.096371 0.028211 -0.111809
v -0.114099 0.034826 -0.112123
v -0.149512 0.040988 -0.084410
v -0.144282 0.039441 -0.088491
v -0.100898 0.020855 -0.075388
v -0.095926 0.020269 -0.082167
v -0.117421 0.038059 -0.113454
v -0.098130 0.023127 -0.099280
v -0.096408 0.022075 -0.093945
v -0.132072 0.030467 -0.085984
v -0.129411 0.029272 -0.083119
v -0.114069 0.036494 -0.116606
v -0.100022 0.023446 -0.095768
v -0.157035 0.041896 -0.091248
v -0.160928 0.039107 -0.084058
v -0.105470 0.025690 -0.098973
v -0.101684 0.024785 -0.102703
v -0.101169 0.022719 -0.091760
v -0.119501 0.046404 -0.123735
v -0.118548 0.043252 -0.121844
v -0.116064 0.045526 -0.124676
v -0.092657 0.020369 -0.090756
v -0.092361 0.019997 -0.086241
v -0.093888 0.020775 -0.087842
v -0.144848 0.047428 -0.102988
v -0.162569 0.046852 -0.071927
v -0.134709 0.029809 -0.079250
v -0.132976 0.030558 -0.083002
v -0.021968 0.022242 -0.108993
v -0.009583 0.021724 -0.103472
v -0.161340 0.045316 -0.069060
v -0.167553 0.044109 -0.073130
v -0.142311 0.015162 -0.064470
v -0.145187 0.016625 -0.059036
v -0.102979 0.021023 -0.065584
v -0.111216 0.042204 -0.124850
v -0.154662 0.024974 -0.051598
v -0.159607 0.028705 -0.059849
v -0.148991 0.025299 -0.062709
v -0.149300 0.022719 -0.056208
v -0.145893 0.020322 -0.058740
v -0.148238 0.020183 -0.054334
v -0.144302 0.025961 -0.073892
v -0.154659 0.034097 -0.085206
v -0.154938 0.030498 -0.073507
v -0.162528 0.035803 -0.076416
v -0.162971 0.032980 -0.068343
v -0.147039 0.028772 -0.082975
v -0.143469 0.035619 -0.102381
v -0.142427 0.017452 -0.061492
v -0.140306 0.021874 -0.071903
v -0.143310 0.021629 -0.062982
v -0.146617 0.030965 -0.090826
v -0.149658 0.034627 -0.094890
v -0.142302 0.022687 -0.067365
v -0.150390 0.022189 -0.051753
v -0.139987 0.019386 -0.069750
v -0.140470 0.019193 -0.065154
v -0.152344 0.042280 -0.096366
v -0.144089 0.040698 -0.092249
v -0.134911 0.044637 -0.107759
v -0.137879 0.044222 -0.105748
v -0.140176 0.038935 -0.092564
v -0.138836 0.043192 -0.101060
v -0.136890 0.046396 -0.108249
v -0.142125 0.041810 -0.095320
v -0.135958 0.038289 -0.097334
v -0.135270 0.035526 -0.093366
v -0.139616 0.047230 -0.107493
v -0.138719 0.046326 -0.106415
v -0.140694 0.046749 -0.104084
v -0.142217 0.047317 -0.106200
v -0.115615 0.043045 -0.122212
v -0.114329 0.040094 -0.120488
v -0.117160 0.041461 -0.120403
v -0.116821 0.038971 -0.117866
v -0.119184 0.041182 -0.117086
v -0.118863 0.023264 -0.079526
v -0.121924 0.043957 -0.118639
v -0.132059 0.045333 -0.111691
v -0.125773 0.045447 -0.116774
v -0.126725 0.047326 -0.120452
v -0.129230 0.046523 -0.116692
v -0.123029 0.047087 -0.121515
v -0.116694 0.046341 -0.130735
v -0.120468 0.046358 -0.127743
v -0.117318 0.047839 -0.127731
v -0.124353 0.045480 -0.126584
v -0.121273 0.047624 -0.125435
v -0.124700 0.047180 -0.124172
v -0.129642 0.045869 -0.122654
v -0.127777 0.046708 -0.121624
v -0.042049 0.019044 -0.060712
v -0.033825 0.019062 -0.055171
v -0.052801 0.019548 -0.058835
v -0.054713 0.018642 -0.049432
v -0.051628 0.020369 -0.068791
v -0.037455 0.018804 -0.064151
v -0.034374 0.018984 -0.060673
v -0.030673 0.019296 -0.067937
v -0.041192 0.019538 -0.068555
v -0.028497 0.018384 -0.058147
v -0.038674 0.020489 -0.093233
v -0.045049 0.020090 -0.079505
v -0.027885 0.019454 -0.081754
v -0.004038 0.019342 -0.079066
v -0.005788 0.019851 -0.091060
v -0.015198 0.019972 -0.083074
v -0.021808 0.020738 -0.094530
v -0.065815 0.019814 -0.065013
v -0.099775 0.019720 -0.055668
v -0.091402 0.019128 -0.050341
v -0.062097 0.019832 -0.055646
v -0.064396 0.020075 -0.048790
v -0.071887 0.019120 -0.053288
v -0.082514 0.019618 -0.051636
v -0.128022 0.047435 -0.120836
v -0.129889 0.047330 -0.119430
v -0.134822 0.043842 -0.118981
v -0.132782 0.046836 -0.116849
v -0.131634 0.047305 -0.116146
v -0.133683 0.046068 -0.117999
v -0.138510 0.045249 -0.114653
v -0.135055 0.047253 -0.114081
v -0.142761 0.031027 -0.067846
v -0.138281 0.047749 -0.109316
v -0.140143 0.046759 -0.109918
v -0.136339 0.047676 -0.110979
v -0.070737 0.021356 -0.098874
v -0.094571 0.023787 -0.101462
v -0.088534 0.024766 -0.106108
v -0.081386 0.025609 -0.112286
v -0.077914 0.028688 -0.123415
v -0.087439 0.026979 -0.112540
v -0.098010 0.025473 -0.104387
v -0.082789 0.028344 -0.119799
v -0.080185 0.031453 -0.126000
v -0.088050 0.028014 -0.117061
v -0.149627 0.017247 -0.048693
v -0.149362 0.019654 -0.050025
v -0.085107 0.033032 -0.126770
v -0.085048 0.035350 -0.130370
v -0.085498 0.030494 -0.121934
v -0.093276 0.037163 -0.128905
v -0.093865 0.030667 -0.119469
v -0.015156 0.019840 -0.072339
v -0.112164 0.046626 -0.128576
v -0.113056 0.048016 -0.132096
v -0.108313 0.047973 -0.132841
v -0.064354 0.032935 -0.133938
v -0.044997 0.026993 -0.125322
v -0.053790 0.028265 -0.128322
v -0.069448 0.029700 -0.127204
v -0.046972 0.029185 -0.129908
v -0.039576 0.027084 -0.127139
v -0.086296 0.039476 -0.134516
v -0.038586 0.026816 -0.123534
v -0.060880 0.029676 -0.130128
v -0.059253 0.027841 -0.126066
v -0.064150 0.027377 -0.124901
v -0.144675 0.045827 -0.105125
v -0.150707 0.039154 -0.097765
v -0.155577 0.037759 -0.090638
v -0.170097 0.042055 -0.069789
v -0.168029 0.037146 -0.068479
v -0.144125 0.040015 -0.105598
v -0.138791 0.040763 -0.113409
v -0.142472 0.043708 -0.108606
v -0.133761 0.036777 -0.115234
v -0.138659 0.036041 -0.109505
v -0.002274 0.023098 -0.110957
v 0.002514 0.021896 -0.103826
v 0.018155 0.033987 -0.129033
v 0.024650 0.038422 -0.131231
v 0.030801 0.018461 -0.070875
v 0.073613 0.042329 -0.092943
v 0.071607 0.043209 -0.098588
v 0.067042 0.040087 -0.098052
v 0.070533 0.043771 -0.102374
v 0.073131 0.043102 -0.099680
v 0.073414 0.043592 -0.098448
v 0.075283 0.042511 -0.099191
v 0.072559 0.040208 -0.101043
v 0.072121 0.042762 -0.102937
v 0.075049 0.044059 -0.096375
v 0.067451 0.043231 -0.103133
v 0.080658 0.041494 -0.091175
v 0.077484 0.040947 -0.094703
v 0.080052 0.043387 -0.090978
v 0.077904 0.043117 -0.094136
v 0.077048 0.043412 -0.092488
v 0.077244 0.042880 -0.096078
v 0.077738 0.042884 -0.088519
v 0.034336 0.041555 -0.128843
v 0.040756 0.043530 -0.127643
v 0.034302 0.044675 -0.132562
v 0.048856 0.034086 -0.109073
v 0.042579 0.035720 -0.116526
v 0.043190 0.032705 -0.110787
v 0.050953 0.036458 -0.110715
v 0.036355 0.018900 -0.069065
v 0.034813 0.019642 -0.075615
v 0.028243 0.034566 -0.124112
v 0.089035 0.043569 -0.068126
v 0.085135 0.041980 -0.071626
v 0.087485 0.041237 -0.066224
v 0.091211 0.042302 -0.059043
v 0.093652 0.043728 -0.056107
v 0.093659 0.043404 -0.060682
v 0.090677 0.042821 -0.070572
v 0.088286 0.043176 -0.072391
v 0.091759 0.043520 -0.065550
v 0.090059 0.042668 -0.064828
v 0.091122 0.043192 -0.062636
v 0.088983 0.041035 -0.062311
v 0.074678 0.039430 -0.086594
v 0.076819 0.039194 -0.081995
v 0.079146 0.041130 -0.083416
v 0.095002 0.043279 -0.050442
v 0.096718 0.043930 -0.049424
v 0.096339 0.043945 -0.052226
v 0.082676 0.042515 -0.079598
v 0.079090 0.039545 -0.076594
v 0.056044 0.043775 -0.118261
v 0.053503 0.044308 -0.120705
v 0.053238 0.043727 -0.118937
v 0.086342 0.043109 -0.076733
v 0.048246 0.043102 -0.121364
v 0.050758 0.044512 -0.122071
v 0.048199 0.044687 -0.123843
v 0.054913 0.042712 -0.120449
v 0.084938 0.037600 -0.063252
v 0.088287 0.038783 -0.057619
v 0.051846 0.043435 -0.122772
v 0.039546 0.027860 -0.102520
v 0.031391 0.028391 -0.109779
v 0.031680 0.025948 -0.102374
v 0.073117 0.035595 -0.080628
v 0.025578 0.026552 -0.109589
v 0.085405 0.039471 -0.067388
v 0.009066 0.018915 -0.077101
v 0.003713 0.019251 -0.086251
v 0.081894 0.037432 -0.068743
v 0.082183 0.035489 -0.064961
v 0.074781 0.033569 -0.071506
v 0.079486 0.033721 -0.066383
v 0.080403 0.033664 -0.062221
v 0.075275 0.030519 -0.063533
v 0.045773 0.044920 -0.126249
v 0.058337 0.043163 -0.117620
v 0.017128 0.019110 -0.080852
v 0.017709 0.018581 -0.074085
v 0.058829 0.044194 -0.115525
v 0.014156 0.028812 -0.119586
v 0.008936 0.026465 -0.117363
v 0.068851 0.043715 -0.105579
v 0.025354 0.019193 -0.079325
v 0.069645 0.041887 -0.105614
v 0.042281 0.044562 -0.129042
v 0.042764 0.043430 -0.130075
v 0.029985 0.031363 -0.127406
v 0.029385 0.025179 -0.122265
v 0.040986 0.014052 -0.117924
v 0.037141 0.014804 -0.121542
v 0.035501 0.017390 -0.121068
v 0.038746 0.016840 -0.116589
v 0.045350 0.024853 -0.111940
v 0.039477 0.024333 -0.115489
v 0.041635 0.029519 -0.116426
v 0.032183 0.016900 -0.123283
v 0.033694 0.015671 -0.122744
v 0.057135 0.043662 -0.115560
v 0.055243 0.042081 -0.113897
v 0.060401 0.043862 -0.112085
v 0.028451 0.044657 -0.138734
v 0.025846 0.044779 -0.137668
v 0.038265 0.018056 -0.065564
v 0.046576 0.042488 -0.126862
v 0.034944 0.027222 -0.119179
v 0.034077 0.014046 -0.124376
v 0.027826 0.043014 -0.133536
v 0.017477 0.025930 -0.112620
v 0.023633 0.028251 -0.115557
v 0.037844 0.032364 -0.121340
v 0.043463 0.036239 -0.119489
v 0.048071 0.032049 -0.113124
v 0.051789 0.037411 -0.115252
v 0.034375 0.020610 -0.118980
v 0.018901 0.028265 -0.116633
v 0.048929 0.039293 -0.116109
v 0.061300 0.043279 -0.114625
v 0.041613 0.014832 -0.114233
v 0.050265 0.040759 -0.122183
v 0.037710 0.036308 -0.125352
v 0.042962 0.040103 -0.127205
v 0.067099 0.042652 -0.108938
v 0.067804 0.039847 -0.106664
v 0.064010 0.041182 -0.111701
v 0.044691 0.014539 -0.112149
v 0.042328 0.018729 -0.112791
v 0.049239 0.043824 -0.124799
v 0.027528 0.036840 -0.134757
v 0.039852 0.041905 -0.131567
v 0.064932 0.043889 -0.107775
v 0.061252 0.041513 -0.106296
v 0.034355 0.039291 -0.133082
v 0.027747 0.040467 -0.136901
v 0.032654 0.043727 -0.136442
v 0.028635 0.042728 -0.137568
v 0.026814 0.042383 -0.137962
v 0.034659 0.037833 -0.124493
v 0.041795 0.040369 -0.122591
v 0.064065 0.043862 -0.111340
v 0.047305 0.015328 -0.109099
v -0.001576 0.020842 -0.098543
v 0.070938 0.038373 -0.091248
v 0.070561 0.035235 -0.086851
v 0.066191 0.035744 -0.092452
v 0.055239 0.038706 -0.109565
v 0.088995 0.043330 -0.075085
v 0.087129 0.042779 -0.079953
v 0.084767 0.043262 -0.081340
v 0.084946 0.039385 -0.082244
v 0.085006 0.042694 -0.084226
v 0.081678 0.043074 -0.085557
v 0.082932 0.041995 -0.087690
v 0.030757 0.021519 -0.088496
v 0.023001 0.020625 -0.091293
v 0.089413 0.041458 -0.075495
v 0.088131 0.037836 -0.074501
v 0.048947 0.020145 -0.108352
v 0.052798 0.026469 -0.106993
v 0.060146 0.032949 -0.102679
v 0.058605 0.026467 -0.101208
v 0.060328 0.022388 -0.096880
v 0.057638 0.017169 -0.100350
v 0.056640 0.022300 -0.102107
v 0.052631 0.016318 -0.106268
v 0.057203 0.036875 -0.110672
v 0.053726 0.033449 -0.109615
v 0.063876 0.020377 -0.089013
v 0.065712 0.025428 -0.087718
v 0.067598 0.022212 -0.082175
v 0.064006 0.025855 -0.092178
v 0.067870 0.031384 -0.090963
v 0.068582 0.036834 -0.099944
v 0.080464 0.038877 -0.089180
v 0.057659 0.040643 -0.115545
v 0.020152 0.019179 -0.085344
v 0.069175 0.026601 -0.083265
v 0.073361 0.012190 -0.078286
v 0.073668 0.038619 -0.097271
v 0.069883 0.013057 -0.081418
v 0.069607 0.012860 -0.085353
v 0.066702 0.014448 -0.085967
v 0.076115 0.011876 -0.073565
v 0.013027 0.019486 -0.088581
v 0.074401 0.037291 -0.092337
v 0.068417 0.012372 -0.090631
v 0.063723 0.015659 -0.090081
v 0.065129 0.016905 -0.086899
v 0.078549 0.034126 -0.085015
v 0.033506 0.021056 -0.082153
v 0.015168 0.022650 -0.101544
v 0.004477 0.019171 -0.095214
v 0.062115 0.027753 -0.096979
v 0.073292 0.029482 -0.081968
v 0.063041 0.037632 -0.108698
v 0.062210 0.013434 -0.095033
v 0.067353 0.017355 -0.082663
v 0.061084 0.017891 -0.094083
v 0.046973 0.029490 -0.100805
v 0.044522 0.027439 -0.099409
v 0.071888 0.014887 -0.075180
v 0.053653 0.020102 -0.104964
v 0.041608 0.018758 -0.067645
v 0.073520 0.024342 -0.075280
v 0.096163 0.042991 -0.055391
v 0.092301 0.041194 -0.065626
v 0.094679 0.040433 -0.057800
v 0.096431 0.039351 -0.050019
v 0.019676 0.028838 -0.118701
v 0.021042 0.031013 -0.121872
v 0.006695 0.024263 -0.111261
v 0.039205 0.021043 -0.080706
v 0.036365 0.021566 -0.086582
v 0.041185 0.020133 -0.073667
v 0.059189 0.023134 -0.063213
v 0.051141 0.021350 -0.067330
v 0.023101 0.025120 -0.105562
v 0.025627 0.022560 -0.099786
v 0.029336 0.021879 -0.094953
v 0.045373 0.020059 -0.066834
v 0.028243 0.032334 -0.120181
v 0.047019 0.020273 -0.071636
v 0.051695 0.022051 -0.072646
v 0.050599 0.022252 -0.075494
v 0.095409 0.037706 -0.048120
v 0.091470 0.041675 -0.053072
v 0.094193 0.036770 -0.054318
v 0.088162 0.030798 -0.056716
v 0.080049 0.022651 -0.057933
v 0.034955 0.035496 -0.120923
v 0.035137 0.032917 -0.117637
v 0.053646 0.022884 -0.075653
v 0.044617 0.030833 -0.106700
v 0.038747 0.030083 -0.109620
v 0.078203 0.017005 -0.060745
v 0.075444 0.019204 -0.066621
v 0.078384 0.019000 -0.060143
v 0.070943 0.019346 -0.076339
v 0.079114 0.029897 -0.076046
v 0.091713 0.036165 -0.059773
v 0.079177 0.026446 -0.066645
v 0.090343 0.040716 -0.071051
v 0.046370 0.021956 -0.078717
v 0.053168 0.025251 -0.080271
v 0.039756 0.044639 -0.131014
v 0.084026 0.034881 -0.077439
v 0.037169 0.043368 -0.134009
v 0.040087 0.043617 -0.131692
v 0.093100 0.038599 -0.063787
v 0.074901 0.013571 -0.068354
v 0.075392 0.023116 -0.069153
v 0.093411 0.037891 -0.060037
v 0.092454 0.037270 -0.062263
v 0.059299 0.025286 -0.072188
v 0.054522 0.023238 -0.072873
v 0.086278 0.033514 -0.069585
v 0.078222 0.017663 -0.056406
v 0.056015 0.024298 -0.076176
v 0.030881 0.023034 -0.098309
v 0.034578 0.023080 -0.093695
v 0.041821 0.023405 -0.087710
v 0.059248 0.025993 -0.078786
v 0.039444 0.025981 -0.095917
v 0.065853 0.032178 -0.087094
v 0.060823 0.030237 -0.087447
v 0.064977 0.030495 -0.083098
v 0.062544 0.028591 -0.082582
v 0.047976 0.024474 -0.085211
v 0.078427 0.014367 -0.062726
v 0.057642 0.027871 -0.083779
v 0.061598 0.027916 -0.080847
v 0.045144 0.027040 -0.091052
v 0.079025 0.031132 -0.051986
v 0.077489 0.030699 -0.057922
v 0.043371 0.027350 -0.097210
v 0.073737 0.027886 -0.058762
v 0.070489 0.027437 -0.061189
v 0.051027 0.026985 -0.087699
v 0.047662 0.028186 -0.094742
v 0.053306 0.028822 -0.091865
v 0.067330 0.027580 -0.067140
v 0.083543 0.034093 -0.056469
v 0.078999 0.015294 -0.058198
v 0.065894 0.029673 -0.077444
v 0.068461 0.032758 -0.082734
v 0.049555 0.032050 -0.104076
v 0.057684 0.035241 -0.101963
v 0.055477 0.030942 -0.096252
v 0.061570 0.032645 -0.092570
v 0.029780 0.030631 -0.116146
v 0.090278 0.035843 -0.063707
v 0.090429 0.038132 -0.067979
v 0.082819 0.020368 -0.028939
v 0.086539 0.026039 -0.026828
v 0.084229 0.020733 -0.024665
v 0.082996 0.016690 -0.026478
v 0.084481 0.018049 -0.021873
v 0.085733 0.022251 -0.018896
v 0.083101 0.021915 -0.033247
v 0.088249 0.013587 -0.017177
v 0.090404 0.011809 -0.020299
v 0.086176 0.014159 -0.022508
v 0.085555 0.012456 -0.029407
v 0.094434 0.011355 -0.026994
v 0.093427 0.011582 -0.031484
v 0.088764 0.014929 -0.011066
v 0.091069 0.011505 -0.014766
v 0.090587 0.012008 -0.025452
v 0.085881 0.017066 -0.017245
v 0.093113 0.011210 -0.018724
v 0.087471 0.020056 -0.011721
v 0.091795 0.032018 -0.030507
v -0.076013 0.042694 0.117477
v -0.079208 0.041466 0.118340
v -0.073235 0.041478 0.120183
v -0.069536 0.042773 0.119116
v -0.070428 0.042758 0.116387
v -0.066263 0.042398 0.120814
v -0.061555 0.042371 0.121465
v -0.064683 0.042741 0.119559
v -0.083639 0.042787 0.115997
v -0.086170 0.041134 0.116207
v -0.067971 0.042649 0.122063
v -0.063783 0.042306 0.122838
v -0.070433 0.042131 0.119987
v -0.081229 0.040230 0.116633
v -0.074799 0.038475 0.117947
v -0.089679 0.042391 0.113585
v -0.084595 0.042516 0.113284
v -0.074193 0.030282 0.111744
v -0.069784 0.029443 0.111945
v -0.069223 0.033648 0.114245
v -0.083608 0.038179 0.114699
v -0.090955 0.039967 0.112667
v -0.070251 0.025773 0.108520
v -0.134345 0.014795 0.068724
v -0.130705 0.020304 0.074654
v -0.137239 0.019776 0.067034
v -0.080280 0.032344 0.109394
v -0.077633 0.035178 0.113091
v -0.084698 0.035197 0.110948
v -0.107637 0.012023 0.093535
v -0.103866 0.011955 0.097245
v -0.095309 0.011720 0.101716
v -0.093727 0.012022 0.105069
v -0.089978 0.012325 0.102923
v -0.119591 0.024078 0.055885
v -0.115874 0.023699 0.056090
v -0.118763 0.022096 0.051390
v -0.122585 0.025412 0.059602
v -0.123225 0.023837 0.053010
v -0.128123 0.025532 0.052561
v -0.125126 0.023644 0.048027
v -0.115766 0.024052 0.061568
v -0.090789 0.036651 0.110058
v -0.112563 0.021781 0.053944
v -0.113472 0.021625 0.048784
v -0.095427 0.038807 0.110513
v -0.097395 0.040826 0.110482
v -0.102354 0.039195 0.107386
v -0.098137 0.020304 0.063418
v -0.099493 0.022567 0.068810
v -0.118847 0.022309 0.044126
v -0.105490 0.020259 0.051183
v -0.122741 0.017671 0.079842
v -0.118402 0.020461 0.082259
v -0.123280 0.024375 0.081309
v -0.110208 0.021183 0.041901
v -0.107055 0.021325 0.058877
v -0.112060 0.022346 0.059096
v -0.102478 0.021152 0.063133
v -0.105747 0.037536 0.103515
v -0.109771 0.039041 0.102971
v -0.110039 0.036180 0.102043
v -0.107743 0.022604 0.065259
v -0.105170 0.024057 0.073117
v -0.090717 0.021928 0.073177
v -0.089026 0.027354 0.104295
v -0.094437 0.031246 0.106512
v -0.096179 0.024634 0.100212
v -0.118974 0.022149 0.036137
v -0.056431 0.037987 0.123379
v -0.054804 0.033608 0.118224
v -0.115623 0.012552 0.087354
v -0.114877 0.015994 0.084565
v -0.119717 0.013238 0.084527
v -0.099677 0.021086 0.058077
v -0.133454 0.025543 0.044758
v -0.057513 0.028244 0.113462
v -0.050982 0.028294 0.115241
v -0.134158 0.013173 0.072828
v -0.131227 0.014826 0.073764
v -0.093301 0.041614 0.113257
v -0.115231 0.031891 0.082490
v -0.124173 0.034923 0.080054
v -0.116203 0.036662 0.089036
v -0.096828 0.038615 0.102896
v -0.101452 0.038032 0.097790
v -0.100923 0.041357 0.103441
v -0.107227 0.032178 0.087138
v -0.109216 0.035997 0.091991
v -0.111354 0.038736 0.095059
v -0.106584 0.037440 0.095281
v -0.122654 0.032095 0.076006
v -0.119133 0.030887 0.077374
v -0.122091 0.030122 0.072567
v -0.117856 0.042600 0.096825
v -0.115503 0.041630 0.095181
v -0.120977 0.043065 0.091715
v -0.129701 0.043319 0.088986
v -0.127411 0.042766 0.090175
v -0.128217 0.043022 0.087834
v -0.128452 0.039406 0.080924
v -0.125847 0.041149 0.085222
v -0.111912 0.042297 0.098044
v -0.107098 0.040815 0.099338
v -0.124847 0.042705 0.089088
v -0.125557 0.043155 0.090577
v -0.110006 0.029601 0.081278
v -0.109967 0.042426 0.101897
v -0.094454 0.035347 0.108008
v -0.097193 0.034546 0.106934
v -0.130693 0.035360 0.072958
v -0.131495 0.038461 0.077778
v -0.033760 0.024533 0.112502
v -0.036521 0.019974 0.110998
v -0.029586 0.021459 0.110809
v -0.136945 0.042561 0.077624
v -0.131993 0.041093 0.080444
v -0.134658 0.040882 0.077394
v -0.133105 0.042643 0.083203
v -0.127971 0.030790 0.067777
v -0.137508 0.034878 0.064950
v -0.115243 0.042331 0.101513
v -0.035810 0.012048 0.115017
v -0.031066 0.012304 0.114923
v -0.033232 0.014023 0.112793
v -0.136142 0.039989 0.072964
v -0.140373 0.042682 0.073154
v -0.058560 0.013070 0.111538
v -0.093037 0.034124 0.099175
v -0.142950 0.019238 0.061753
v -0.139230 0.015654 0.063859
v -0.049243 0.012902 0.114161
v -0.045395 0.013172 0.114961
v -0.088742 0.034601 0.108662
v -0.113900 0.029006 0.078293
v -0.046520 0.017819 0.112260
v -0.053121 0.013845 0.112022
v -0.085454 0.040937 0.110020
v -0.082678 0.038176 0.108051
v -0.090365 0.038867 0.106368
v -0.104682 0.034294 0.093314
v -0.077141 0.042574 0.115036
v -0.076493 0.040324 0.112148
v -0.092154 0.042700 0.111570
v -0.091642 0.041682 0.109476
v -0.104263 0.042515 0.105483
v -0.108651 0.041465 0.105817
v -0.037135 0.013637 0.113090
v -0.125425 0.033128 0.073949
v -0.096112 0.041340 0.106399
v -0.083953 0.034323 0.103523
v -0.121263 0.042150 0.096572
v -0.126900 0.042593 0.092423
v -0.092536 0.028535 0.091211
v -0.099626 0.032329 0.092526
v -0.085011 0.030361 0.097019
v -0.083973 0.027362 0.091797
v -0.067057 0.039678 0.122043
v -0.076293 0.031378 0.101072
v -0.097883 0.042707 0.108297
v -0.099062 0.042797 0.110284
v -0.028789 0.024478 0.112322
v -0.027387 0.013940 0.112545
v -0.030192 0.016913 0.110912
v -0.037871 0.015887 0.111646
v -0.132031 0.043311 0.086506
v -0.132817 0.029569 0.078227
v -0.136379 0.025161 0.071113
v -0.094975 0.042123 0.111276
v -0.078800 0.028276 0.095769
v -0.141701 0.040475 0.068274
v -0.073940 0.028333 0.097284
v -0.056362 0.015832 0.110153
v -0.061472 0.014206 0.109276
v -0.076604 0.035531 0.107489
v -0.040783 0.012928 0.114414
v -0.106404 0.034884 0.101786
v -0.110884 0.034244 0.099543
v -0.142270 0.026112 0.066443
v -0.097286 0.037234 0.107638
v -0.115415 0.036191 0.099435
v -0.103726 0.013459 0.094020
v -0.108017 0.014126 0.091678
v -0.101598 0.032849 0.103998
v -0.102944 0.035998 0.104271
v -0.097799 0.016110 0.096984
v -0.098780 0.012442 0.098905
v -0.093567 0.012756 0.099433
v -0.082779 0.028082 0.106491
v -0.077343 0.027960 0.108896
v -0.064750 0.028776 0.111721
v -0.101360 0.037494 0.105707
v -0.143675 0.032524 0.070397
v -0.144500 0.038687 0.072805
v -0.148136 0.032711 0.066209
v -0.113379 0.023878 0.085825
v -0.118494 0.028896 0.086430
v -0.148755 0.038774 0.067717
v -0.151091 0.041400 0.064636
v -0.147422 0.042694 0.070394
v -0.153489 0.032058 0.058350
v -0.151578 0.037177 0.063899
v -0.040505 0.023188 0.113343
v -0.149404 0.043778 0.066733
v -0.151512 0.044216 0.062443
v -0.045737 0.025434 0.114543
v -0.128497 0.027234 0.057509
v -0.122265 0.027512 0.067166
v -0.126748 0.027898 0.062528
v -0.061710 0.037038 0.121170
v -0.112720 0.029859 0.091302
v -0.105901 0.026511 0.092733
v -0.107358 0.031323 0.098231
v -0.113301 0.032624 0.096222
v -0.062633 0.034737 0.117575
v -0.067476 0.036584 0.119015
v -0.101064 0.013262 0.096624
v -0.118772 0.033187 0.091824
v -0.120158 0.037474 0.094661
v -0.061340 0.039621 0.124190
v -0.112661 0.020041 0.031662
v -0.147248 0.016251 0.056472
v -0.145349 0.016270 0.058877
v -0.146785 0.018948 0.057600
v -0.132577 0.029805 0.060123
v -0.140313 0.032045 0.054866
v -0.146655 0.014011 0.058617
v -0.133945 0.028062 0.053024
v -0.147403 0.024856 0.059262
v -0.143386 0.014674 0.061328
v -0.147709 0.013340 0.062745
v -0.151838 0.013506 0.057965
v -0.137832 0.012893 0.070496
v -0.142017 0.013071 0.065979
v -0.144681 0.013087 0.062037
v -0.108663 0.019238 0.088280
v -0.110334 0.015993 0.089044
v -0.104643 0.016744 0.092110
v -0.112408 0.014809 0.087592
v -0.101414 0.021156 0.093233
v -0.107353 0.022719 0.089598
v -0.101292 0.017850 0.093542
v -0.094854 0.020323 0.098365
v -0.100800 0.025278 0.096109
v -0.089180 0.014594 0.101161
v -0.088057 0.018074 0.100394
v -0.057167 0.019777 0.109064
v -0.083054 0.015156 0.102691
v -0.079758 0.017387 0.103131
v -0.089512 0.022584 0.101074
v -0.082253 0.021176 0.102414
v -0.076552 0.019970 0.104225
v -0.084726 0.024835 0.103489
v -0.060823 0.016718 0.107351
v -0.077819 0.014032 0.106103
v -0.077682 0.024163 0.105537
v -0.072695 0.016594 0.106667
v -0.066149 0.015287 0.106820
v -0.071733 0.020760 0.105696
v -0.064631 0.020235 0.105647
v -0.068738 0.017766 0.105074
v -0.060968 0.024494 0.109756
v -0.046085 0.031082 0.117432
v -0.038397 0.028938 0.116165
v -0.052653 0.023962 0.111884
v -0.047711 0.035328 0.120152
v -0.103037 0.041613 0.108752
v -0.117938 0.042060 0.098698
v -0.118720 0.041240 0.098980
v -0.057109 0.043407 0.121526
v -0.059801 0.043351 0.120644
v -0.058167 0.042787 0.121757
v -0.058156 0.041797 0.123329
v -0.060690 0.042282 0.117785
v -0.065436 0.039648 0.113576
v -0.070146 0.036474 0.110198
v -0.082321 0.024367 0.087923
v -0.069618 0.032964 0.105737
v -0.088922 0.025841 0.086453
v -0.095668 0.019415 0.060919
v -0.086643 0.022276 0.079400
v -0.131968 0.041892 0.087217
v -0.130933 0.038683 0.088303
v -0.124272 0.039318 0.093676
v -0.117941 0.039352 0.098564
v -0.099818 0.035933 0.105573
v -0.125484 0.031113 0.085054
v -0.061842 0.032028 0.114793
v -0.086559 0.032083 0.107148
v -0.100891 0.028304 0.099972
v -0.124801 0.036075 0.089708
v -0.129893 0.013498 0.076397
v -0.114494 0.012793 0.091511
v -0.111840 0.013656 0.090196
v -0.139301 0.030658 0.072721
v -0.124873 0.014056 0.080479
v -0.130847 0.035145 0.084498
v -0.138696 0.043342 0.080964
v -0.143187 0.043273 0.075482
v -0.135518 0.042920 0.084426
v -0.102709 0.026504 0.079351
v -0.097934 0.024611 0.077341
v -0.091710 0.023359 0.081025
v -0.099005 0.026599 0.081296
v -0.134067 0.037692 0.084494
v -0.135837 0.036447 0.080780
v -0.136324 0.040182 0.082990
v -0.141055 0.040656 0.078003
v -0.138568 0.035229 0.076520
v -0.120163 0.015048 0.082140
v -0.141432 0.037977 0.076071
v -0.141596 0.035489 0.073426
v -0.139338 0.038263 0.079503
v -0.120167 0.039901 0.097000
v -0.128190 0.015875 0.076296
v -0.131119 0.016338 0.073559
v -0.117417 0.026081 0.066078
v -0.111873 0.025343 0.069495
v -0.116312 0.028212 0.072500
v -0.105809 0.028073 0.082198
v -0.109600 0.026631 0.076775
v -0.100353 0.028185 0.085521
v -0.095083 0.026270 0.083801
v -0.086359 0.023624 0.083837
v -0.145126 0.041721 0.073061
v -0.146986 0.043141 0.064768
v -0.147959 0.043457 0.067606
v -0.143828 0.043126 0.070654
v -0.142127 0.035729 0.058983
v -0.144203 0.038377 0.062026
v -0.169900 0.045818 -0.049430
v -0.171294 0.046592 -0.050964
v -0.171921 0.046541 -0.048267
v -0.077465 0.019155 -0.026883
v -0.070605 0.019252 -0.032629
v -0.078181 0.019585 -0.038951
v -0.121011 0.020514 0.023818
v -0.117937 0.019336 0.012368
v -0.124504 0.019978 0.014781
v -0.081167 0.018989 -0.009573
v -0.088064 0.018743 -0.015389
v -0.082985 0.018614 -0.022940
v -0.089832 0.019167 -0.024584
v -0.104611 0.019771 0.005964
v -0.094361 0.018548 -0.018700
v -0.100632 0.019620 -0.011725
v -0.083057 0.018786 -0.029388
v -0.087833 0.019176 -0.034506
v -0.126585 0.020521 0.006713
v -0.098854 0.019061 -0.021830
v -0.156383 0.042097 0.056770
v -0.155425 0.039187 0.058901
v -0.153840 0.042590 0.060122
v -0.155926 0.043344 0.057899
v -0.153756 0.044421 0.059122
v -0.154881 0.043309 0.054678
v -0.155314 0.043865 0.056492
v -0.151765 0.042296 0.057082
v -0.158821 0.035810 0.053272
v -0.140418 0.027627 0.038683
v -0.134775 0.024450 0.034926
v -0.140028 0.029300 0.045931
v -0.159974 0.020569 0.044179
v -0.162112 0.023083 0.040778
v -0.160286 0.026147 0.045318
v -0.157557 0.022414 0.047199
v -0.157088 0.027916 0.051022
v -0.162981 0.030035 0.041698
v -0.139930 0.027090 0.033497
v -0.161928 0.033374 0.047326
v -0.147048 0.030464 0.038279
v -0.151954 0.031502 0.029819
v -0.153587 0.033933 0.036390
v -0.138209 0.027548 0.043942
v -0.094183 0.019526 -0.040404
v -0.099028 0.019837 -0.030684
v -0.149736 0.019439 0.054162
v -0.152497 0.025115 0.054468
v -0.154619 0.021199 0.050010
v -0.147982 0.033810 0.045829
v -0.099674 0.019826 -0.047102
v -0.147165 0.036929 0.054954
v -0.152877 0.038965 0.048902
v -0.159264 0.016267 -0.000347
v -0.159524 0.019339 -0.005567
v -0.159818 0.016175 -0.005149
v -0.165628 0.022687 0.013814
v -0.167129 0.028069 0.018741
v -0.167539 0.029274 0.011602
v -0.164349 0.032386 0.035795
v -0.165515 0.029451 0.029733
v -0.163714 0.026020 0.035790
v -0.170831 0.032882 0.008184
v -0.171581 0.032613 0.000368
v -0.167954 0.029718 0.005224
v -0.111741 0.020052 -0.006380
v -0.173359 0.034451 0.005630
v -0.173675 0.036712 0.009671
v -0.174750 0.036939 0.002119
v -0.164298 0.020378 0.007427
v -0.165464 0.025805 0.006205
v -0.163285 0.023663 0.001435
v -0.161868 0.017419 0.003763
v -0.170529 0.033979 0.015126
v -0.111034 0.020057 -0.017163
v -0.104341 0.019823 -0.018622
v -0.106499 0.020101 -0.039551
v -0.158031 0.034748 0.027422
v -0.107629 0.020439 -0.049779
v -0.168580 0.044755 -0.046792
v -0.171869 0.046591 -0.046060
v -0.111860 0.020664 -0.028123
v -0.105207 0.019555 -0.022944
v -0.143473 0.026265 -0.048687
v -0.140416 0.024629 -0.045610
v -0.139141 0.025589 -0.050637
v -0.123287 0.021120 -0.036419
v -0.121542 0.021380 -0.042752
v -0.128964 0.021813 -0.043263
v -0.165957 0.043249 0.024034
v -0.168370 0.042899 0.016833
v -0.169643 0.044413 0.019882
v -0.162507 0.036595 0.015554
v -0.155804 0.031925 0.022211
v -0.143604 0.026371 -0.044306
v -0.120076 0.019820 -0.019377
v -0.165198 0.044009 -0.053380
v -0.176534 0.045939 -0.008091
v -0.177121 0.044113 -0.014300
v -0.177555 0.042354 -0.009031
v -0.165883 0.046933 -0.069093
v -0.167900 0.044913 -0.068496
v -0.167787 0.046645 -0.065261
v -0.165033 0.046185 -0.065160
v -0.167549 0.046193 -0.056472
v -0.162527 0.043783 -0.062240
v -0.117658 0.020575 -0.049071
v -0.116698 0.020452 -0.035002
v -0.123716 0.019821 -0.026767
v -0.175440 0.046421 -0.011646
v -0.157969 0.037131 -0.059147
v -0.160037 0.039008 -0.055065
v -0.158827 0.037088 -0.053442
v -0.112100 0.019908 -0.045304
v -0.116088 0.019878 -0.041710
v -0.129709 0.020312 -0.014533
v -0.147481 0.026337 0.007018
v -0.144139 0.025718 0.004917
v -0.148168 0.026725 0.001327
v -0.176678 0.044212 -0.004263
v -0.154946 0.031073 -0.032622
v -0.151994 0.029099 -0.039235
v -0.155832 0.031872 -0.038509
v -0.176369 0.043254 -0.001789
v -0.176355 0.044701 -0.000726
v -0.120711 0.019091 -0.009954
v -0.118889 0.019971 0.000911
v -0.172873 0.046134 -0.047850
v -0.174463 0.046515 -0.046194
v -0.139906 0.027549 -0.061105
v -0.141530 0.027310 -0.055801
v -0.135731 0.024798 -0.060379
v -0.156685 0.032125 0.015951
v -0.120748 0.021230 -0.059018
v -0.151434 0.028435 0.011706
v -0.150756 0.029096 0.018333
v -0.147610 0.028154 0.016604
v -0.171836 0.044480 0.006568
v -0.171507 0.044754 0.012360
v -0.168524 0.042037 0.010247
v -0.174062 0.045831 0.008358
v -0.174706 0.046375 0.002766
v -0.165397 0.021861 0.029314
v -0.165965 0.025170 0.024741
v -0.167173 0.030039 0.024573
v -0.169376 0.033810 0.021926
v -0.168899 0.033335 0.026779
v -0.153886 0.030469 0.013422
v -0.153407 0.030900 0.018360
v -0.178416 0.042587 -0.021675
v -0.176947 0.044846 -0.020777
v -0.178061 0.039149 -0.012920
v -0.178486 0.041589 -0.015382
v -0.163470 0.035213 -0.007194
v -0.167918 0.039309 -0.006384
v -0.163932 0.035894 0.001776
v -0.124702 0.022946 -0.062393
v -0.133860 0.021663 -0.030470
v -0.132125 0.020544 -0.022416
v -0.171494 0.046339 -0.056273
v -0.173042 0.046006 -0.051393
v -0.170747 0.046835 -0.054527
v -0.169365 0.046845 -0.059634
v -0.169467 0.045215 -0.062779
v -0.171060 0.044765 0.016201
v -0.171568 0.043476 -0.000278
v -0.174573 0.045354 -0.013819
v -0.175927 0.045889 -0.016212
v -0.174851 0.046019 -0.002954
v -0.176964 0.043580 -0.023396
v -0.125037 0.021534 -0.052447
v -0.166680 0.039435 0.007136
v -0.177069 0.042142 -0.004132
v -0.162500 0.040935 -0.049576
v -0.150444 0.028523 0.005651
v -0.154359 0.029815 0.006146
v -0.165129 0.020968 0.020332
v -0.160940 0.020535 0.000439
v -0.166803 0.027898 -0.002456
v -0.165274 0.020953 0.024647
v -0.158072 0.032123 0.010273
v -0.169744 0.036721 0.025389
v -0.165277 0.034797 0.040409
v -0.161896 0.023695 -0.005303
v -0.172209 0.046287 -0.041961
v -0.128831 0.022957 -0.058435
v -0.174998 0.044983 -0.041669
v -0.160736 0.034183 0.007657
v -0.168095 0.040003 0.001481
v -0.169231 0.042389 0.004810
v -0.173589 0.045323 -0.029593
v -0.175025 0.046047 -0.025041
v -0.171855 0.044696 -0.026857
v -0.172656 0.044512 -0.008111
v -0.177089 0.044587 -0.025981
v -0.176980 0.043047 -0.026405
v -0.128530 0.020016 -0.002951
v -0.176176 0.046287 -0.029914
v -0.179125 0.038380 -0.020394
v -0.153325 0.028837 0.001809
v -0.136866 0.023100 -0.037292
v -0.167007 0.040827 0.036511
v -0.167820 0.042132 0.033340
v -0.168298 0.040019 0.032552
v -0.168949 0.041898 0.030141
v -0.170019 0.042611 0.026988
v -0.170357 0.039969 0.027031
v -0.160652 0.042276 0.037597
v -0.165484 0.044288 0.032097
v -0.163771 0.044377 0.038632
v -0.167760 0.043216 0.034722
v -0.169350 0.043961 0.030768
v -0.166642 0.044339 0.036920
v -0.166466 0.042483 0.037012
v -0.166322 0.038128 0.037289
v -0.168329 0.044752 0.027878
v -0.170231 0.044944 0.026780
v -0.171051 0.043941 0.025203
v -0.167569 0.035762 0.031874
v -0.162870 0.041769 0.031013
v -0.165683 0.035558 0.036467
v -0.164339 0.043029 0.041445
v -0.165611 0.040814 0.040614
v -0.162657 0.041546 0.046009
v -0.164234 0.037838 0.043961
v -0.169881 0.042208 -0.012718
v -0.172578 0.044854 -0.013440
v -0.164158 0.044784 0.041291
v -0.164393 0.034236 0.043630
v -0.159250 0.041045 0.052883
v -0.160853 0.043183 0.050189
v -0.172410 0.044342 -0.021469
v -0.168948 0.042054 -0.025496
v -0.158300 0.043702 0.054487
v -0.162681 0.044144 0.045897
v -0.161918 0.038384 0.049139
v -0.159311 0.044138 0.049868
v -0.137237 0.023210 -0.042759
v -0.172509 0.037711 0.014595
v -0.171820 0.038582 0.019694
v -0.160621 0.043906 0.043841
v -0.151486 0.028197 -0.001620
v -0.158926 0.032036 0.003116
v -0.155638 0.029890 -0.002035
v -0.173840 0.045246 -0.011453
v -0.173744 0.045790 -0.033486
v -0.130417 0.023044 -0.051199
v -0.135280 0.023611 -0.054385
v -0.135065 0.024273 -0.048030
v -0.153205 0.028584 -0.009167
v -0.156671 0.031140 -0.009487
v -0.142501 0.025348 -0.040141
v -0.159346 0.033165 -0.032766
v -0.154603 0.014789 -0.044252
v -0.175166 0.045808 -0.020000
v -0.157988 0.040189 -0.064762
v -0.174585 0.046416 -0.037676
v -0.176404 0.045578 -0.033671
v -0.155737 0.029652 -0.015221
v -0.160127 0.015994 -0.026948
v -0.134812 0.021952 -0.006007
v -0.155549 0.014273 -0.040937
v -0.173996 0.045086 -0.016952
v -0.151059 0.029951 0.024121
v -0.158106 0.018894 -0.030573
v -0.173746 0.039884 0.013144
v -0.164142 0.026172 -0.012703
v -0.167623 0.027967 -0.023303
v -0.161879 0.023802 -0.019791
v -0.154550 0.021139 -0.038441
v -0.152899 0.021921 -0.045962
v -0.151844 0.018225 -0.044406
v -0.159111 0.023391 -0.033385
v -0.165233 0.029132 -0.041055
v -0.156937 0.024747 -0.041737
v -0.156829 0.020694 -0.033688
v -0.171176 0.033912 -0.042023
v -0.171840 0.033654 -0.035499
v -0.170016 0.034206 -0.049945
v -0.162707 0.024992 -0.028242
v -0.159710 0.021584 -0.012771
v -0.171556 0.031438 -0.029744
v -0.174145 0.032308 -0.020306
v -0.170300 0.029651 -0.011489
v -0.172461 0.036732 -0.045539
v -0.160514 0.019777 -0.025014
v -0.149384 0.033863 -0.066549
v -0.166421 0.032910 -0.058420
v -0.170014 0.037089 -0.059169
v -0.148194 0.027583 0.010952
v -0.152626 0.016100 0.050123
v -0.149376 0.014329 0.053568
v -0.170293 0.039913 -0.064742
v -0.171660 0.040519 -0.059548
v -0.154519 0.029321 -0.025934
v -0.158432 0.031906 -0.025462
v -0.174600 0.033407 -0.011950
v -0.173205 0.031294 -0.006205
v -0.174711 0.034861 -0.004966
v -0.175632 0.035689 -0.028307
v -0.176850 0.035496 -0.017135
v -0.170257 0.030205 -0.004652
v -0.176046 0.037000 -0.011190
v -0.156608 0.015457 -0.033158
v -0.158679 0.016392 -0.020498
v -0.158545 0.019579 -0.018446
v -0.174850 0.037390 -0.038113
v -0.152235 0.015163 -0.042271
v -0.151338 0.015612 -0.046272
v -0.177168 0.035449 -0.021643
v -0.161413 0.040219 -0.057709
v -0.176840 0.039343 -0.005045
v -0.158560 0.018156 -0.013840
v -0.158335 0.015463 -0.016207
v -0.158987 0.015939 -0.012210
v -0.159426 0.017890 -0.009979
v -0.153219 0.016188 -0.037644
v -0.153931 0.035675 -0.064758
v -0.155643 0.018875 -0.034294
v -0.172174 0.044863 -0.037522
v -0.159950 0.032832 -0.005285
v -0.177489 0.040366 -0.029216
v -0.173658 0.040147 -0.045936
v -0.142993 0.029072 -0.061756
v -0.157371 0.041273 0.044217
v -0.155900 0.043031 0.050234
v -0.171878 0.038271 -0.052613
v -0.168439 0.042758 -0.041616
v -0.146597 0.032274 -0.063793
v -0.155808 0.037785 0.040820
v -0.139504 0.021979 -0.016926
v -0.141789 0.023902 -0.026192
v -0.145971 0.025355 -0.021785
v -0.157817 0.016964 0.046355
v -0.143313 0.027602 0.031777
v -0.140516 0.025956 0.026919
v -0.177294 0.037887 -0.015620
v -0.175963 0.042942 0.002154
v -0.176374 0.040337 0.001189
v -0.175450 0.040648 0.006886
v -0.176709 0.041679 -0.001517
v -0.165247 0.036320 -0.012040
v -0.167525 0.038862 -0.013521
v -0.165447 0.036759 -0.017759
v -0.169804 0.040141 -0.018691
v -0.171821 0.043310 -0.016823
v -0.077372 0.018895 -0.017180
v -0.071623 0.018795 -0.023032
v -0.156688 0.043930 0.053683
v -0.086295 0.019917 -0.042763
v -0.069543 0.019590 -0.042842
v -0.147812 0.039890 0.059776
v -0.173845 0.044398 -0.047487
v -0.172458 0.043940 -0.052565
v -0.172946 0.042803 -0.048865
v -0.163050 0.035688 -0.032239
v -0.166228 0.038510 -0.028772
v -0.162850 0.035347 -0.025057
v -0.172689 0.041897 -0.054143
v -0.171823 0.045046 -0.055180
v -0.171529 0.043889 -0.056276
v -0.170712 0.045037 -0.058514
v -0.171502 0.043340 -0.059617
v -0.170613 0.042860 -0.064326
v -0.169391 0.042389 -0.033712
v -0.155037 0.033836 -0.056014
v -0.148660 0.030755 -0.055846
v -0.150608 0.033187 -0.061674
v -0.160811 0.032656 -0.015324
v -0.166591 0.038702 -0.023127
v -0.146367 0.028162 -0.050440
v -0.156353 0.030436 -0.020653
v -0.152824 0.029241 -0.020443
v -0.160788 0.035253 -0.038853
v -0.154149 0.030627 -0.044088
v -0.157061 0.032596 -0.042800
v -0.159447 0.035227 -0.047749
v -0.150656 0.029117 -0.047258
v -0.154268 0.031586 -0.049349
v -0.164270 0.038981 -0.041040
v -0.158241 0.033199 -0.038808
v -0.151422 0.027963 -0.031716
v -0.147279 0.026689 -0.036054
v -0.146774 0.027554 -0.043963
v -0.159409 0.037942 0.033305
v -0.161958 0.039050 0.026395
v -0.152436 0.028003 -0.015192
v -0.148492 0.026632 -0.006526
v -0.150457 0.026528 -0.012718
v -0.149964 0.027151 -0.018229
v -0.146509 0.025802 -0.014130
v -0.141897 0.025840 0.020115
v -0.138741 0.025499 0.020983
v -0.140416 0.025831 0.017458
v -0.144476 0.026978 0.020866
v -0.165115 0.037769 -0.035145
v -0.176338 0.043706 -0.031452
v -0.175523 0.044236 -0.036926
v -0.176231 0.041819 -0.038121
v -0.175239 0.043462 -0.040102
v -0.174076 0.043033 -0.043785
v -0.172054 0.045390 0.018140
v -0.170238 0.045383 0.023067
v -0.172462 0.045110 0.014989
v -0.174811 0.043763 0.007368
v -0.174150 0.044638 0.013433
v -0.172908 0.042206 0.016502
v -0.172560 0.044055 0.019857
v -0.171344 0.042091 0.022438
v -0.173787 0.042322 0.011306
v -0.147046 0.025794 -0.028962
v -0.150423 0.027430 -0.024815
v -0.141506 0.025516 -0.032956
v -0.137247 0.022773 0.003873
v -0.139430 0.023325 -0.006465
v -0.143703 0.026249 -0.001979
v -0.147012 0.027876 0.024282
v -0.146651 0.029211 0.031771
v -0.132246 0.022626 0.023112
v -0.143803 0.025752 0.013320
v -0.137099 0.024076 0.015328
v -0.126546 0.023128 0.040594
v -0.126718 0.022282 0.032090
v -0.130839 0.022198 0.013276
v -0.136577 0.021604 -0.011090
v -0.127164 0.021060 0.018569
v -0.143865 0.025462 -0.009270
v -0.019540 0.014920 0.111854
v -0.024923 0.016119 0.111625
v 0.011960 0.029220 0.106521
v 0.006099 0.029039 0.110101
v 0.005496 0.023725 0.106669
v -0.023227 0.018928 0.111472
v -0.023258 0.028737 0.115876
v 0.003936 0.017684 0.106631
v -0.003281 0.020351 0.109643
v 0.016008 0.017510 0.099294
v 0.009869 0.017858 0.102358
v 0.026334 0.017831 0.094968
v 0.020326 0.019174 0.097379
v 0.021676 0.014759 0.097148
v -0.000347 0.029004 0.112711
v -0.008846 0.026942 0.113184
v 0.014616 0.023146 0.101002
v 0.018023 0.027687 0.102615
v -0.010085 0.015579 0.110231
v 0.040879 0.030906 0.095678
v 0.038595 0.024314 0.091857
v 0.046331 0.027663 0.087980
v 0.047605 0.021381 0.082215
v 0.041790 0.019506 0.086676
v 0.023776 0.023592 0.098211
v 0.032017 0.020942 0.092914
v 0.031746 0.027828 0.098349
v 0.031940 0.016067 0.090648
v 0.040560 0.029200 0.076479
v 0.040453 0.028501 0.073329
v 0.036620 0.028593 0.076795
v 0.057909 0.037276 0.073246
v 0.064114 0.041398 0.072315
v 0.065066 0.038446 0.066362
v 0.056168 0.032725 0.066967
v 0.061560 0.035108 0.064647
v 0.060703 0.030726 0.059687
v -0.023238 0.024698 0.112903
v -0.017088 0.029984 0.116080
v 0.067025 0.034959 0.058500
v 0.049665 0.032929 0.074197
v 0.045042 0.029846 0.072950
v 0.043245 0.031055 0.076990
v 0.044626 0.028913 0.069383
v 0.050160 0.030333 0.067482
v 0.048034 0.028908 0.065234
v 0.080771 0.030657 -0.000457
v 0.085746 0.032839 0.004035
v 0.086757 0.034003 -0.004095
v 0.081860 0.030131 0.011042
v 0.081205 0.032050 0.023378
v 0.087805 0.034760 0.012069
v 0.076551 0.026933 0.009129
v 0.073284 0.026039 0.016201
v 0.076111 0.028300 0.018982
v 0.070610 0.023357 0.012276
v 0.073203 0.024741 0.004757
v 0.076220 0.027332 0.001032
v 0.026500 0.026117 0.077639
v 0.032039 0.027009 0.076698
v 0.030337 0.025760 0.073178
v 0.035106 0.026471 0.072170
v 0.034271 0.024972 0.069016
v 0.037633 0.026297 0.064646
v 0.037762 0.026679 0.068345
v 0.042384 0.026993 0.064100
v 0.040436 0.027175 0.069844
v 0.049046 0.027367 0.060706
v 0.045180 0.026704 0.059884
v 0.043248 0.025979 0.061105
v 0.044885 0.027479 0.066073
v 0.041344 0.025637 0.059501
v -0.014820 0.021503 0.111637
v 0.036990 0.026926 0.074282
v 0.045508 0.016703 0.081318
v 0.066874 0.015532 0.044728
v 0.086784 0.037161 0.037402
v 0.087813 0.040145 0.041956
v 0.082583 0.036428 0.043754
v 0.077099 0.018349 0.026847
v 0.074723 0.018010 0.032525
v 0.073820 0.013955 0.029058
v 0.095272 0.033816 -0.016279
v 0.098649 0.038243 -0.019130
v 0.098359 0.037708 -0.012953
v 0.085570 0.032952 0.033077
v 0.091476 0.034872 0.025520
v 0.091235 0.037816 0.031422
v 0.099740 0.040076 0.000214
v 0.098983 0.038809 -0.004961
v 0.100425 0.040752 -0.004921
v 0.100206 0.041990 -0.006542
v 0.098038 0.042576 -0.004260
v 0.099750 0.042255 -0.002108
v 0.082944 0.043030 0.049597
v 0.082284 0.042103 0.054399
v 0.082402 0.039334 0.051419
v 0.099563 0.039427 -0.026292
v 0.100470 0.040978 -0.021022
v 0.099075 0.039801 -0.033167
v 0.100692 0.041698 -0.029894
v 0.085292 0.040682 0.046712
v 0.087631 0.042060 0.044857
v 0.084889 0.042949 0.045188
v 0.089123 0.025045 -0.013296
v 0.088591 0.027333 0.014807
v 0.085335 0.021632 0.011196
v 0.089465 0.027097 0.007290
v 0.096699 0.035310 -0.025236
v 0.096849 0.036200 -0.032314
v 0.100400 0.040649 -0.013472
v 0.101145 0.040939 -0.007235
v 0.081783 0.023378 0.024914
v 0.080724 0.019759 0.023401
v 0.084125 0.022147 0.019520
v 0.079027 0.016520 0.023905
v 0.100845 0.041892 -0.010146
v 0.098910 0.042225 -0.008841
v -0.009312 0.033929 0.117144
v 0.073262 0.013996 0.033717
v 0.085262 0.028265 0.027655
v 0.080625 0.027026 0.033891
v 0.037335 0.020423 0.090054
v 0.036318 0.018008 0.089451
v 0.086286 0.026767 0.021304
v 0.091605 0.028081 0.000029
v 0.087752 0.022048 0.002602
v 0.082144 0.017699 0.021761
v 0.084356 0.018101 0.017626
v 0.092060 0.029844 0.009767
v 0.094867 0.032508 0.013786
v 0.091182 0.030883 0.020264
v 0.098729 0.042675 0.003567
v 0.074435 0.022956 0.036430
v 0.070957 0.016719 0.038186
v 0.076935 0.027357 -0.006651
v 0.073399 0.024521 -0.005974
v 0.069975 0.023259 -0.000503
v 0.073666 0.026282 -0.001159
v 0.098968 0.037395 -0.008328
v 0.098069 0.034787 -0.005435
v 0.097231 0.033842 -0.010248
v 0.068849 0.022748 0.006168
v 0.069313 0.025412 0.020419
v 0.072835 0.026494 0.020003
v 0.071976 0.027959 0.024162
v 0.065941 0.022381 0.009730
v 0.063680 0.022094 0.016248
v 0.068528 0.026903 0.026446
v 0.038518 0.018283 0.031669
v 0.040141 0.018437 0.024694
v 0.034511 0.017654 0.022825
v 0.044494 0.020196 0.039118
v 0.040197 0.021435 0.051294
v 0.051015 0.023207 0.045635
v 0.047014 0.018102 0.015067
v 0.054365 0.019696 0.016053
v 0.064381 0.023903 0.025880
v 0.066309 0.026227 0.031222
v 0.054342 0.021725 0.035758
v 0.061077 0.024445 0.031885
v 0.057427 0.021782 0.025667
v 0.047447 0.018561 0.026477
v 0.040321 0.018344 0.017951
v 0.063096 0.026261 0.034696
v 0.029333 0.043136 0.102982
v 0.024646 0.041990 0.103558
v 0.026177 0.043681 0.105560
v 0.034508 0.041412 0.102645
v 0.034129 0.043009 0.101018
v 0.029935 0.042273 0.105367
v 0.030271 0.041537 0.099744
v 0.036296 0.041739 0.097042
v 0.038973 0.043089 0.098771
v 0.040747 0.042634 0.095809
v 0.041152 0.040415 0.091863
v 0.014188 0.019883 0.063017
v 0.019097 0.020989 0.054786
v 0.010686 0.019358 0.055297
v -0.018795 0.041269 0.116926
v -0.014215 0.038548 0.113031
v 0.000289 0.042360 0.114794
v 0.006098 0.042104 0.111377
v -0.004329 0.040513 0.113333
v -0.002286 0.037705 0.109836
v -0.006972 0.035501 0.108973
v 0.078798 0.023129 0.030382
v -0.017392 0.034220 0.109210
v 0.001900 0.039048 0.109599
v 0.009298 0.038042 0.106542
v -0.018637 0.030309 0.104391
v -0.012234 0.032694 0.106359
v -0.000805 0.033660 0.103679
v -0.006986 0.032510 0.104722
v -0.010853 0.030143 0.102982
v 0.001479 0.037149 0.106247
v -0.003301 0.030951 0.101210
v 0.008036 0.033996 0.102127
v -0.007188 0.028921 0.099258
v 0.017538 0.035005 0.099552
v 0.018559 0.040530 0.104827
v -0.013635 0.027188 0.098801
v -0.006254 0.026719 0.095987
v 0.037313 0.030208 0.081024
v -0.001019 0.029348 0.096809
v -0.018224 0.024522 0.094009
v 0.025006 0.038323 0.099324
v 0.027057 0.033957 0.093457
v 0.013187 0.031501 0.096834
v 0.005227 0.028530 0.094391
v 0.005096 0.030702 0.098216
v -0.011078 0.025267 0.093216
v 0.036464 0.034323 0.088033
v 0.029218 0.030319 0.085997
v 0.000647 0.026739 0.093301
v -0.004046 0.024955 0.091222
v -0.009120 0.021441 0.082684
v -0.008291 0.024678 0.088477
v -0.001377 0.024717 0.085974
v 0.006946 0.026904 0.090878
v 0.013216 0.028647 0.091224
v 0.025973 0.018324 0.041426
v 0.027982 0.021674 0.050904
v 0.034751 0.019070 0.041294
v 0.013411 0.019173 0.050738
v 0.031579 0.028948 0.080502
v 0.027331 0.028873 0.082833
v 0.015307 0.023266 0.079669
v 0.017034 0.021023 0.070795
v 0.010184 0.021280 0.074605
v 0.021333 0.029305 0.084890
v 0.020437 0.030985 0.091890
v 0.002250 0.026077 0.089343
v -0.013584 0.024095 0.089316
v 0.033350 0.022379 0.057152
v 0.033840 0.024249 0.063431
v 0.037042 0.023449 0.057741
v 0.027432 0.027325 0.080677
v 0.029406 0.017686 0.032695
v 0.006492 0.025354 0.082954
v 0.003770 0.026023 0.086122
v 0.007234 0.027107 0.087005
v 0.025175 0.021743 0.062914
v 0.018837 0.018664 0.045834
v 0.011148 0.026944 0.088659
v 0.014324 0.026649 0.087719
v 0.012337 0.026222 0.085131
v 0.001593 0.019436 0.074762
v 0.001003 0.022245 0.081066
v 0.007242 0.022374 0.078517
v 0.019588 0.026997 0.081594
v 0.016571 0.026927 0.084170
v 0.009445 0.020197 0.069086
v 0.023949 0.023239 0.073855
v 0.021961 0.025178 0.078881
v 0.016722 0.027956 0.087257
v 0.100112 0.042307 -0.012474
v 0.101144 0.042100 -0.014871
v 0.023137 0.027247 0.080685
v 0.002192 0.019314 0.062738
v 0.021170 0.017853 0.041566
v -0.011879 0.041798 0.115920
v -0.014159 0.043671 0.118543
v 0.092256 0.029644 -0.011654
v 0.089770 0.028813 -0.018387
v 0.029680 0.023834 0.068841
v 0.101431 0.041062 -0.017603
v 0.089524 0.024841 -0.006293
v 0.101503 0.041480 -0.008278
v 0.037591 0.015143 0.087842
v 0.094020 0.030664 -0.005777
v 0.092280 0.032141 -0.022901
v 0.099613 0.040662 0.005841
v 0.090703 0.040214 0.036536
v 0.100059 0.040218 -0.008763
v 0.095462 0.032795 -0.001507
v 0.097008 0.036708 -0.000399
v 0.094671 0.032582 0.005172
v 0.064709 0.017597 0.050944
v 0.096271 0.034877 -0.021107
v 0.085298 0.016866 0.013372
v 0.094211 0.039056 0.025345
v 0.080219 0.037216 0.054482
v 0.079764 0.034520 0.051637
v 0.061928 0.015621 0.063649
v 0.092579 0.041455 0.032780
v 0.094518 0.041150 0.027932
v 0.097428 0.038523 0.004815
v 0.098007 0.042348 -0.000368
v 0.095483 0.038406 0.020877
v 0.095804 0.040824 0.022544
v 0.099205 0.039267 0.008693
v 0.096782 0.037184 0.009812
v 0.101147 0.042062 -0.024189
v 0.100056 0.042503 -0.014275
v 0.098777 0.039327 0.011803
v 0.097441 0.037962 0.015381
v 0.098906 0.042123 0.007386
v 0.092996 0.042593 0.030453
v 0.082720 0.034465 0.038412
v 0.077697 0.029487 0.040399
v 0.075057 0.034130 0.058450
v 0.069360 0.031126 0.066165
v 0.070704 0.029839 0.060677
v 0.094771 0.034983 0.019029
v 0.079644 0.039701 0.056698
v 0.076455 0.039789 0.062014
v 0.069331 0.022450 0.043364
v 0.042994 0.014665 0.084680
v 0.044065 0.037040 0.085904
v 0.048657 0.040811 0.086341
v 0.043523 0.033616 0.081213
v 0.049532 0.036792 0.080940
v 0.053875 0.040166 0.080972
v 0.091414 0.041460 0.022727
v 0.087208 0.038524 0.028124
v 0.089649 0.041453 0.029018
v 0.086613 0.041005 0.034449
v 0.087140 0.037131 0.021514
v 0.090094 0.036307 0.001150
v 0.093448 0.040019 0.007749
v 0.093789 0.039000 -0.001383
v 0.083930 0.035802 0.027717
v 0.079987 0.035145 0.033874
v 0.083724 0.037360 0.033750
v 0.091312 0.039836 0.015977
v 0.075579 0.031981 0.035171
v 0.100000 0.043086 -0.016862
v 0.097843 0.041816 -0.012741
v 0.101138 0.042410 -0.020111
v 0.099597 0.043001 -0.021843
v 0.092725 0.037639 -0.010161
v 0.097104 0.041260 -0.018400
v 0.093302 0.037493 -0.022540
v 0.099735 0.043141 -0.027509
v 0.097170 0.041366 -0.025970
v 0.097583 0.042206 -0.032187
v 0.088221 0.043205 0.042434
v 0.089896 0.041961 0.039566
v 0.046433 0.013253 0.080764
v 0.077685 0.031786 0.046938
v 0.069926 0.027590 0.055345
v 0.067377 0.023281 0.050925
v 0.072304 0.027278 0.048047
v 0.080743 0.030037 -0.008991
v 0.075467 0.031056 0.051978
v 0.070884 0.039945 0.060920
v 0.073607 0.036827 0.051792
v 0.055208 0.030094 0.062621
v 0.051568 0.029430 0.062613
v 0.084071 0.031348 -0.013396
v 0.075246 0.029638 0.026766
v 0.083475 0.032363 -0.007581
v 0.087179 0.033878 -0.010380
v 0.066177 0.025785 0.062331
v 0.062961 0.016769 0.058366
v 0.049061 0.012491 0.076150
v 0.025344 0.040809 0.107299
v 0.020931 0.039138 0.109823
v 0.026280 0.038264 0.107241
v 0.013092 0.042108 0.108659
v 0.017021 0.043293 0.109921
v 0.017015 0.042313 0.108164
v 0.029278 0.036645 0.105110
v 0.024047 0.034516 0.107129
v 0.021052 0.042284 0.109617
v 0.016111 0.041772 0.111774
v 0.028988 0.039654 0.105438
v 0.002494 0.041984 0.116638
v -0.001475 0.041494 0.117944
v 0.000949 0.040096 0.117774
v -0.003772 0.043639 0.116698
v -0.008656 0.043780 0.117247
v -0.005915 0.041448 0.118982
v 0.061630 0.020032 0.063834
v 0.061191 0.026286 0.071209
v 0.056914 0.019604 0.069044
v 0.065532 0.035223 0.075773
v 0.054035 0.021495 0.072931
v 0.052701 0.018137 0.071513
v 0.057931 0.016385 0.066663
v 0.055507 0.013714 0.069484
v 0.054110 0.016071 0.069248
v 0.025294 0.042894 0.107686
v -0.010946 0.019947 0.072121
v 0.010471 0.042981 0.113596
v 0.013707 0.038554 0.112886
v -0.001588 0.037059 0.117874
v 0.008193 0.039071 0.115145
v 0.006048 0.040931 0.115571
v 0.004356 0.039043 0.116576
v 0.005727 0.042330 0.115619
v 0.008348 0.041315 0.114581
v 0.032888 0.039269 0.103056
v 0.034763 0.034704 0.101049
v 0.038615 0.040156 0.099689
v 0.005201 0.043062 0.114677
v 0.021101 0.043369 0.107221
v 0.012318 0.043064 0.111305
v 0.040832 0.035874 0.098088
v 0.018888 0.035266 0.110196
v 0.046953 0.015003 0.078321
v 0.048790 0.018260 0.076028
v 0.052897 0.025547 0.078765
v 0.051168 0.014544 0.071962
v -0.011506 0.042318 0.120217
v 0.055259 0.028789 0.058463
v 0.060544 0.028181 0.051833
v 0.054529 0.026593 0.054846
v 0.092364 0.042377 0.027750
v 0.090452 0.042882 0.032804
v 0.091274 0.042700 0.036346
v 0.088138 0.042898 0.038473
v 0.086447 0.043060 0.042058
v 0.079955 0.040592 0.046725
v 0.084660 0.041850 0.041045
v 0.082717 0.039935 0.039330
v 0.076092 0.041344 0.056257
v 0.080788 0.037448 0.039187
v 0.077441 0.035635 0.042570
v 0.073407 0.033121 0.044846
v 0.070909 0.028084 0.032216
v 0.070051 0.030424 0.040902
v 0.065158 0.029567 0.047089
v 0.069138 0.032439 0.050060
v 0.068603 0.028115 0.036422
v 0.096662 0.042923 0.011697
v 0.094349 0.042033 0.013953
v 0.096403 0.041968 0.006776
v 0.096267 0.041697 0.000633
v 0.096242 0.040876 -0.006383
v 0.057990 0.030992 0.078696
v 0.068549 0.026809 0.033707
v 0.066266 0.026942 0.035963
v 0.066004 0.027589 0.040765
v 0.062791 0.026460 0.038905
v 0.048477 0.025122 0.054341
v 0.014073 0.034002 0.110327
v 0.007425 0.034163 0.113505
v 0.017887 0.017619 0.034447
v 0.053387 0.031691 0.083895
v 0.049647 0.037101 0.090656
v 0.057021 0.036192 0.083244
v 0.001767 0.042798 0.115763
v -0.000205 0.042541 0.116517
v 0.032719 0.038529 0.094647
v 0.094475 0.042609 0.023547
v 0.094295 0.042508 0.020964
v 0.096974 0.040860 0.017538
v 0.096071 0.042394 0.019638
v 0.094310 0.042079 0.018156
v -0.008983 0.039107 0.119350
v 0.098647 0.041326 0.010082
v 0.097486 0.042079 0.014970
v 0.097754 0.040845 0.013783
v -0.012357 0.040438 0.120255
v 0.096363 0.042461 0.016191
v -0.021558 0.043726 0.121295
v -0.020124 0.041876 0.122163
v -0.016410 0.041162 0.121324
v -0.019151 0.042883 0.121506
v -0.022104 0.042534 0.121895
v -0.012955 0.038220 0.120755
v 0.098044 0.042537 0.008214
v -0.015576 0.043277 0.120831
v -0.018851 0.043423 0.119874
v -0.019947 0.040886 0.123483
v -0.017451 0.038327 0.122514
v 0.087496 0.017579 -0.003642
v 0.086439 0.016240 0.006333
v 0.091641 0.036718 -0.028033
v 0.089696 0.013861 -0.005167
v 0.088791 0.033907 -0.016770
v 0.065118 0.021950 0.056901
v 0.055931 0.025895 0.048794
v 0.028862 0.032598 0.102959
v 0.045793 0.032713 0.092394
v 0.044414 0.035063 0.095312
v 0.018724 0.031719 0.107030
v -0.015025 0.035260 0.119965
v 0.023904 0.029656 0.102791
v 0.069079 0.042965 0.070078
v 0.070245 0.041437 0.071123
v 0.072778 0.040886 0.067452
v 0.067546 0.041796 0.074368
v 0.066711 0.039529 0.075208
v 0.069398 0.039465 0.071745
v 0.066099 0.042652 0.073414
v 0.068648 0.041411 0.066805
v 0.071967 0.036992 0.066962
v 0.064495 0.040868 0.078545
v 0.072882 0.042362 0.064303
v 0.075411 0.041524 0.064355
v 0.064214 0.042829 0.075878
v 0.073852 0.041916 0.060664
v 0.064622 0.030825 0.053394
v -0.019476 0.034897 0.120959
v 0.060274 0.024583 0.036993
v 0.058042 0.024998 0.041994
v 0.061724 0.027722 0.045131
v 0.062245 0.028563 0.047678
v 0.078902 0.042905 0.058395
v 0.079803 0.042438 0.053196
v 0.076589 0.042567 0.062458
v 0.075803 0.042437 0.060427
v 0.054997 0.039672 0.086292
v 0.059670 0.040356 0.083022
v 0.053342 0.041403 0.088748
v 0.055986 0.041559 0.086103
v 0.054185 0.042313 0.084774
v 0.044069 0.037968 0.096361
v 0.042698 0.042145 0.097000
v 0.044328 0.040053 0.095374
v 0.046998 0.042894 0.091025
v 0.043893 0.043205 0.093917
v 0.046985 0.041526 0.093780
v 0.059419 0.041881 0.078554
v 0.050209 0.041481 0.091151
v 0.050885 0.042820 0.088488
vt 0.773771 0.935655
vt 0.771824 0.938637
vt 0.771835 0.935704
vt 0.329080 0.964076
vt 0.324322 0.970986
vt 0.322528 0.960314
vt 0.312769 0.967711
vt 0.319485 0.965286
vt 0.319036 0.968831
vt 0.313986 0.958014
vt 0.972551 0.906219
vt 0.979324 0.898794
vt 0.978449 0.904787
vt 0.985957 0.902484
vt 0.976438 0.906158
vt 0.973844 0.908264
vt 0.240167 0.916967
vt 0.245200 0.909931
vt 0.250624 0.914044
vt 0.258991 0.910855
vt 0.254597 0.905194
vt 0.257392 0.916034
vt 0.260503 0.907336
vt 0.264185 0.908630
vt 0.231126 0.893139
vt 0.228372 0.891694
vt 0.232616 0.889722
vt 0.228242 0.894556
vt 0.231200 0.893886
vt 0.234394 0.885829
vt 0.229991 0.886660
vt 0.282766 0.862507
vt 0.274677 0.860875
vt 0.281647 0.858338
vt 0.266206 0.864372
vt 0.278879 0.866841
vt 0.225575 0.899475
vt 0.226420 0.901879
vt 0.220355 0.903670
vt 0.278633 0.877499
vt 0.273282 0.882408
vt 0.266578 0.874864
vt 0.235575 0.908997
vt 0.273070 0.870830
vt 0.279600 0.871315
vt 0.238391 0.881978
vt 0.248349 0.883419
vt 0.241534 0.885773
vt 0.230973 0.897696
vt 0.237743 0.888555
vt 0.241004 0.889186
vt 0.264567 0.887335
vt 0.263595 0.881433
vt 0.270914 0.887003
vt 0.233793 0.892607
vt 0.258041 0.884435
vt 0.260023 0.888980
vt 0.277641 0.893178
vt 0.278060 0.890177
vt 0.280321 0.894396
vt 0.274056 0.890856
vt 0.269107 0.890170
vt 0.265112 0.890674
vt 0.247348 0.888231
vt 0.243339 0.889446
vt 0.273363 0.894733
vt 0.276610 0.893222
vt 0.276856 0.893755
vt 0.269249 0.897230
vt 0.267928 0.892351
vt 0.230230 0.914387
vt 0.232469 0.920576
vt 0.225174 0.918556
vt 0.236843 0.891029
vt 0.254105 0.879676
vt 0.241265 0.891558
vt 0.253457 0.887743
vt 0.251071 0.891402
vt 0.260040 0.891477
vt 0.256444 0.890988
vt 0.218827 0.916411
vt 0.261922 0.890812
vt 0.275481 0.900985
vt 0.213885 0.921157
vt 0.245832 0.891738
vt 0.263328 0.892086
vt 0.264123 0.900282
vt 0.264063 0.895002
vt 0.256594 0.899929
vt 0.258486 0.897539
vt 0.259935 0.893292
vt 0.254882 0.893925
vt 0.232011 0.904611
vt 0.270416 0.901604
vt 0.251388 0.893908
vt 0.251266 0.898600
vt 0.247838 0.894265
vt 0.243466 0.893917
vt 0.265432 0.906130
vt 0.238169 0.894960
vt 0.237749 0.900555
vt 0.243092 0.897357
vt 0.258095 0.876255
vt 0.218272 0.914452
vt 0.225725 0.911817
vt 0.225711 0.906944
vt 0.228827 0.908122
vt 0.220740 0.909267
vt 0.242564 0.903663
vt 0.354552 0.854464
vt 0.350038 0.854891
vt 0.350630 0.851295
vt 0.344132 0.856911
vt 0.340789 0.851553
vt 0.344498 0.852093
vt 0.304329 0.841713
vt 0.301668 0.839798
vt 0.302761 0.838027
vt 0.307259 0.854405
vt 0.309323 0.851311
vt 0.309591 0.854420
vt 0.304306 0.857012
vt 0.301183 0.850557
vt 0.306816 0.849969
vt 0.309870 0.861728
vt 0.311323 0.866542
vt 0.308322 0.866964
vt 0.284265 0.845647
vt 0.281740 0.852621
vt 0.275323 0.847328
vt 0.344126 0.847330
vt 0.339747 0.844762
vt 0.343134 0.842767
vt 0.332455 0.862358
vt 0.327241 0.863265
vt 0.327231 0.854823
vt 0.294302 0.835215
vt 0.293121 0.840913
vt 0.285041 0.832696
vt 0.345640 0.862909
vt 0.348898 0.857920
vt 0.299664 0.842371
vt 0.305007 0.845759
vt 0.358685 0.866171
vt 0.354814 0.864672
vt 0.357509 0.859364
vt 0.352420 0.859402
vt 0.350100 0.861969
vt 0.348030 0.846920
vt 0.347631 0.851630
vt 0.341179 0.839513
vt 0.297507 0.858645
vt 0.300409 0.855140
vt 0.308074 0.842276
vt 0.309442 0.849103
vt 0.346531 0.850138
vt 0.303421 0.868826
vt 0.290445 0.844679
vt 0.299543 0.834841
vt 0.312260 0.865548
vt 0.313385 0.860405
vt 0.308833 0.856698
vt 0.310646 0.857605
vt 0.328036 0.840602
vt 0.333827 0.846387
vt 0.323470 0.843096
vt 0.347055 0.843554
vt 0.351731 0.846184
vt 0.320509 0.857006
vt 0.318985 0.863372
vt 0.315426 0.857124
vt 0.306562 0.839555
vt 0.309997 0.837125
vt 0.310045 0.842076
vt 0.352947 0.862457
vt 0.363045 0.862041
vt 0.311587 0.855256
vt 0.336834 0.869066
vt 0.338328 0.859081
vt 0.332998 0.841286
vt 0.336903 0.842438
vt 0.343624 0.868605
vt 0.314346 0.864657
vt 0.315405 0.863468
vt 0.320148 0.851030
vt 0.314754 0.851104
vt 0.346911 0.854528
vt 0.317267 0.842390
vt 0.313440 0.838932
vt 0.312890 0.843690
vt 0.303171 0.836381
vt 0.323484 0.839354
vt 0.318924 0.837507
vt 0.296481 0.846119
vt 0.311008 0.850805
vt 0.277341 0.838637
vt 0.269976 0.830811
vt 0.261797 0.830616
vt 0.261875 0.844505
vt 0.310491 0.855781
vt 0.311832 0.848323
vt 0.348537 0.870053
vt 0.350657 0.865394
vt 0.276473 0.842825
vt 0.345871 0.839688
vt 0.290243 0.851432
vt 0.296255 0.850927
vt 0.277364 0.856424
vt 0.322591 0.863329
vt 0.266808 0.853966
vt 0.285676 0.858183
vt 0.290225 0.859982
vt 0.298208 0.853836
vt 0.812452 0.152542
vt 0.820108 0.165493
vt 0.806844 0.165082
vt 0.814237 0.177885
vt 0.854717 0.139371
vt 0.848983 0.146892
vt 0.841516 0.139564
vt 0.854945 0.149835
vt 0.840260 0.056490
vt 0.834486 0.061914
vt 0.834494 0.055252
vt 0.828751 0.056775
vt 0.844083 0.061543
vt 0.840231 0.050528
vt 0.901692 0.142709
vt 0.887219 0.129039
vt 0.902597 0.121969
vt 0.884032 0.146814
vt 0.850486 0.065863
vt 0.845258 0.069736
vt 0.898379 0.106258
vt 0.887322 0.112632
vt 0.867226 0.151824
vt 0.871368 0.135601
vt 0.858844 0.076170
vt 0.858579 0.085662
vt 0.854475 0.078767
vt 0.876065 0.120826
vt 0.877322 0.102618
vt 0.882468 0.104008
vt 0.875668 0.109274
vt 0.860464 0.123673
vt 0.881069 0.097003
vt 0.890350 0.096912
vt 0.867887 0.105654
vt 0.872996 0.104780
vt 0.852687 0.116734
vt 0.855779 0.111330
vt 0.860889 0.113854
vt 0.874452 0.092646
vt 0.883144 0.087845
vt 0.867912 0.113121
vt 0.843996 0.123723
vt 0.848828 0.097380
vt 0.854312 0.100331
vt 0.850212 0.104298
vt 0.851753 0.073005
vt 0.876798 0.098350
vt 0.866749 0.089005
vt 0.871034 0.086437
vt 0.817503 0.084286
vt 0.831442 0.081091
vt 0.824902 0.093303
vt 0.848591 0.087348
vt 0.840097 0.092880
vt 0.843575 0.078533
vt 0.864827 0.110127
vt 0.872048 0.100633
vt 0.861274 0.107935
vt 0.862997 0.098121
vt 0.832128 0.091147
vt 0.832530 0.099087
vt 0.866075 0.081816
vt 0.875655 0.080279
vt 0.845092 0.103009
vt 0.867354 0.071108
vt 0.853976 0.107532
vt 0.825585 0.106007
vt 0.853998 0.092592
vt 0.853310 0.085500
vt 0.854139 0.082152
vt 0.851125 0.080392
vt 0.814428 0.098263
vt 0.895096 0.156203
vt 0.818345 0.056068
vt 0.818943 0.060359
vt 0.814770 0.061429
vt 0.816529 0.050962
vt 0.823472 0.049664
vt 0.811286 0.057268
vt 0.809781 0.065316
vt 0.819263 0.021325
vt 0.826018 0.025146
vt 0.816291 0.026781
vt 0.823497 0.044069
vt 0.852090 0.159901
vt 0.832222 0.175268
vt 0.833736 0.153603
vt 0.816089 0.045934
vt 0.818959 0.038153
vt 0.828730 0.040117
vt 0.852953 0.059607
vt 0.858142 0.065509
vt 0.824212 0.026772
vt 0.818219 0.028800
vt 0.826762 0.027590
vt 0.818131 0.031381
vt 0.828278 0.030686
vt 0.815183 0.027255
vt 0.838390 0.046236
vt 0.832276 0.043845
vt 0.837266 0.041541
vt 0.832229 0.050703
vt 0.825929 0.052565
vt 0.827592 0.047416
vt 0.822912 0.057758
vt 0.818311 0.118414
vt 0.812743 0.107212
vt 0.846698 0.114193
vt 0.849786 0.111841
vt 0.849954 0.113920
vt 0.847287 0.108595
vt 0.852596 0.112856
vt 0.839606 0.109200
vt 0.831197 0.118568
vt 0.850139 0.056297
vt 0.852325 0.054054
vt 0.846866 0.052772
vt 0.824825 0.134225
vt 0.807817 0.192998
vt 0.798588 0.179689
vt 0.803075 0.138264
vt 0.807451 0.125463
vt 0.805505 0.114333
vt 0.811003 0.049525
vt 0.832511 0.036263
vt 0.817876 0.066121
vt 0.811046 0.072057
vt 0.807329 0.101788
vt 0.801114 0.094756
vt 0.804457 0.106811
vt 0.857334 0.056778
vt 0.823060 0.069069
vt 0.816686 0.073962
vt 0.821271 0.071527
vt 0.825690 0.064513
vt 0.838740 0.070281
vt 0.808587 0.080836
vt 0.823278 0.074724
vt 0.822786 0.060500
vt 0.829255 0.069750
vt 0.182837 0.041699
vt 0.185202 0.036324
vt 0.185352 0.041905
vt 0.297452 0.090402
vt 0.311814 0.086251
vt 0.303989 0.101795
vt 0.306154 0.117772
vt 0.292542 0.109857
vt 0.178717 0.032520
vt 0.178344 0.029015
vt 0.181143 0.030702
vt 0.323182 0.080049
vt 0.329073 0.077142
vt 0.330798 0.085588
vt 0.188956 0.045149
vt 0.186002 0.042945
vt 0.187997 0.037878
vt 0.258500 0.087239
vt 0.265971 0.075003
vt 0.271016 0.085194
vt 0.309255 0.073233
vt 0.299097 0.064773
vt 0.312551 0.064149
vt 0.317012 0.077413
vt 0.266638 0.094387
vt 0.271784 0.101386
vt 0.268204 0.099672
vt 0.183528 0.029856
vt 0.186605 0.030118
vt 0.183263 0.031300
vt 0.293662 0.076732
vt 0.184547 0.045606
vt 0.179442 0.044152
vt 0.284282 0.086735
vt 0.288638 0.098432
vt 0.174073 0.030190
vt 0.175970 0.022773
vt 0.317051 0.072808
vt 0.263632 0.052525
vt 0.266683 0.064876
vt 0.255693 0.068682
vt 0.276893 0.094446
vt 0.305607 0.054580
vt 0.277903 0.075874
vt 0.343962 0.045141
vt 0.346478 0.049121
vt 0.340982 0.051140
vt 0.291218 0.052557
vt 0.323542 0.051885
vt 0.334627 0.031329
vt 0.304805 0.041846
vt 0.333695 0.067726
vt 0.338300 0.058112
vt 0.273524 0.066977
vt 0.265754 0.097688
vt 0.347722 0.052461
vt 0.324114 0.068326
vt 0.353229 0.049493
vt 0.356344 0.042267
vt 0.323347 0.075087
vt 0.276303 0.054015
vt 0.195238 0.025168
vt 0.196613 0.033267
vt 0.191485 0.034540
vt 0.180158 0.023849
vt 0.181235 0.029626
vt 0.181595 0.025332
vt 0.188792 0.025537
vt 0.199693 0.033557
vt 0.202395 0.030540
vt 0.204208 0.038118
vt 0.203994 0.024302
vt 0.184291 0.023478
vt 0.183164 0.027862
vt 0.198522 0.041267
vt 0.204837 0.043864
vt 0.192609 0.041059
vt 0.204439 0.053585
vt 0.210855 0.044506
vt 0.180477 0.035060
vt 0.182313 0.033725
vt 0.183306 0.035797
vt 0.186513 0.044809
vt 0.380036 0.031635
vt 0.359283 0.030110
vt 0.373639 0.022332
vt 0.188019 0.047753
vt 0.340172 0.013830
vt 0.315444 0.034315
vt 0.283331 0.017642
vt 0.285089 0.030114
vt 0.271906 0.036143
vt 0.360727 0.007571
vt 0.316632 0.014637
vt 0.256955 0.035071
vt 0.263690 0.018306
vt 0.297670 0.025755
vt 0.288230 0.039924
vt 0.297662 0.006906
vt 0.260467 0.045962
vt 0.251997 0.050530
vt 0.185224 0.048305
vt 0.247049 0.024729
vt 0.234726 0.031043
vt 0.242945 0.041152
vt 0.223151 0.024978
vt 0.227499 0.028596
vt 0.222190 0.032644
vt 0.216379 0.024521
vt 0.229278 0.022514
vt 0.238697 0.019256
vt 0.228614 0.034682
vt 0.226600 0.040435
vt 0.225851 0.047611
vt 0.218016 0.040510
vt 0.234679 0.038413
vt 0.353766 0.059979
vt 0.365724 0.052352
vt 0.280972 0.105488
vt 0.217941 0.048492
vt 0.234966 0.047964
vt 0.221256 0.054708
vt 0.216510 0.060289
vt 0.243880 0.050054
vt 0.240701 0.064463
vt 0.227601 0.057879
vt 0.213948 0.031357
vt 0.365919 0.040347
vt 0.344824 0.065501
vt 0.345010 0.057071
vt 0.181025 0.039327
vt 0.179439 0.036012
vt 0.178570 0.039312
vt 0.285149 0.064237
vt 0.181078 0.046986
vt 0.180469 0.049302
vt 0.244956 0.081766
vt 0.236766 0.082813
vt 0.235120 0.077109
vt 0.261575 0.097651
vt 0.181843 0.051239
vt 0.184964 0.050880
vt 0.192734 0.050326
vt 0.212644 0.051380
vt 0.206895 0.064621
vt 0.213204 0.066844
vt 0.219331 0.068288
vt 0.197346 0.061412
vt 0.222625 0.070888
vt 0.217188 0.070169
vt 0.173944 0.045213
vt 0.227991 0.069370
vt 0.231015 0.078665
vt 0.225334 0.078265
vt 0.200748 0.062711
vt 0.174559 0.036256
vt 0.209541 0.026389
vt 0.207759 0.031227
vt 0.210716 0.037384
vt 0.167683 0.034454
vt 0.159896 0.030799
vt 0.166348 0.027157
vt 0.187832 0.050378
vt 0.187318 0.051204
vt 0.187920 0.052600
vt 0.185309 0.051970
vt 0.385699 0.020224
vt 0.379002 0.010344
vt 0.846054 0.379653
vt 0.842457 0.371723
vt 0.848341 0.374810
vt 0.846475 0.402302
vt 0.843352 0.405891
vt 0.842410 0.401432
vt 0.863454 0.355639
vt 0.864541 0.349288
vt 0.867090 0.354041
vt 0.853828 0.372706
vt 0.856941 0.373471
vt 0.854639 0.377567
vt 0.866802 0.344711
vt 0.869024 0.348533
vt 0.869720 0.363935
vt 0.865544 0.361278
vt 0.869939 0.358143
vt 0.842023 0.411114
vt 0.839870 0.406665
vt 0.855981 0.368996
vt 0.854728 0.363214
vt 0.859119 0.364092
vt 0.862466 0.360787
vt 0.862500 0.366346
vt 0.831699 0.395674
vt 0.839903 0.390347
vt 0.840611 0.394715
vt 0.838625 0.403097
vt 0.839951 0.403863
vt 0.838047 0.406779
vt 0.847598 0.365975
vt 0.867385 0.369573
vt 0.864274 0.375864
vt 0.863622 0.371489
vt 0.844644 0.387314
vt 0.840822 0.382578
vt 0.848763 0.391469
vt 0.852720 0.384601
vt 0.855225 0.390083
vt 0.821764 0.422741
vt 0.817639 0.424983
vt 0.821266 0.420006
vt 0.835166 0.410154
vt 0.833344 0.407715
vt 0.823733 0.419828
vt 0.829158 0.417336
vt 0.826803 0.420146
vt 0.827197 0.413922
vt 0.859593 0.370557
vt 0.848163 0.384282
vt 0.849881 0.379765
vt 0.861705 0.352816
vt 0.854065 0.355527
vt 0.861233 0.347013
vt 0.833772 0.398278
vt 0.826495 0.390316
vt 0.834069 0.387086
vt 0.831246 0.412583
vt 0.831902 0.419964
vt 0.821686 0.403719
vt 0.828959 0.401118
vt 0.859203 0.357329
vt 0.869065 0.378282
vt 0.857320 0.394189
vt 0.859032 0.388453
vt 0.821795 0.399727
vt 0.843856 0.398878
vt 0.845647 0.395480
vt 0.853003 0.368391
vt 0.859971 0.376419
vt 0.853224 0.347818
vt 0.847580 0.398243
vt 0.838007 0.417736
vt 0.863488 0.383031
vt 0.820228 0.417506
vt 0.822860 0.394552
vt 0.858041 0.383129
vt 0.828014 0.423920
vt 0.870830 0.353068
vt 0.852408 0.399385
vt 0.863890 0.343282
vt 0.844449 0.358069
vt 0.832955 0.416395
vt 0.832807 0.413679
vt 0.830664 0.416386
vt 0.778907 0.851785
vt 0.779129 0.848364
vt 0.781314 0.850716
vt 0.779596 0.854976
vt 0.775924 0.851623
vt 0.776538 0.845789
vt 0.774178 0.858915
vt 0.780225 0.843003
vt 0.673088 0.018338
vt 0.721565 0.017687
vt 0.702225 0.040832
vt 0.479934 0.382313
vt 0.485410 0.384082
vt 0.480020 0.390667
vt 0.456138 0.428774
vt 0.459464 0.426031
vt 0.460347 0.429123
vt 0.530528 0.443197
vt 0.526254 0.444701
vt 0.529844 0.438964
vt 0.501756 0.403149
vt 0.497366 0.406671
vt 0.499803 0.398679
vt 0.516395 0.434751
vt 0.529178 0.429247
vt 0.516935 0.448671
vt 0.462560 0.416471
vt 0.457315 0.417381
vt 0.460317 0.412873
vt 0.491134 0.411997
vt 0.489868 0.417327
vt 0.485236 0.411935
vt 0.492503 0.403510
vt 0.506289 0.441785
vt 0.511857 0.429759
vt 0.501183 0.411393
vt 0.499720 0.415283
vt 0.497430 0.413383
vt 0.519046 0.417731
vt 0.498365 0.420462
vt 0.497517 0.426487
vt 0.494425 0.425523
vt 0.467779 0.413699
vt 0.465398 0.408881
vt 0.470536 0.406552
vt 0.486497 0.401816
vt 0.477754 0.409056
vt 0.500420 0.407444
vt 0.505507 0.399292
vt 0.505165 0.393469
vt 0.470730 0.387203
vt 0.468688 0.393803
vt 0.466593 0.386973
vt 0.493598 0.415382
vt 0.494199 0.412579
vt 0.501006 0.385515
vt 0.493627 0.393920
vt 0.486714 0.392170
vt 0.492334 0.387641
vt 0.479727 0.399083
vt 0.475900 0.382376
vt 0.471492 0.381282
vt 0.477838 0.378205
vt 0.463158 0.396392
vt 0.465200 0.391751
vt 0.473780 0.396071
vt 0.452316 0.421117
vt 0.452346 0.414195
vt 0.505745 0.430217
vt 0.477744 0.372400
vt 0.465207 0.402521
vt 0.462200 0.408370
vt 0.459022 0.403382
vt 0.485149 0.378353
vt 0.483589 0.373412
vt 0.488693 0.373677
vt 0.474946 0.387351
vt 0.513385 0.414704
vt 0.517247 0.407310
vt 0.539660 0.431321
vt 0.531784 0.453963
vt 0.469096 0.399960
vt 0.494965 0.446457
vt 0.498884 0.434629
vt 0.465465 0.422545
vt 0.464000 0.412861
vt 0.494233 0.419396
vt 0.456854 0.422496
vt 0.502555 0.423082
vt 0.465840 0.418355
vt 0.462259 0.422131
vt 0.502006 0.416078
vt 0.505510 0.417084
vt 0.472012 0.373862
vt 0.475083 0.367950
vt 0.467411 0.427819
vt 0.458432 0.408990
vt 0.456632 0.412643
vt 0.455530 0.425837
vt 0.445807 0.436938
vt 0.448275 0.438985
vt 0.446472 0.443752
vt 0.509284 0.420791
vt 0.521385 0.456425
vt 0.451571 0.437766
vt 0.451648 0.432405
vt 0.456077 0.433623
vt 0.506322 0.406765
vt 0.505759 0.405597
vt 0.507865 0.403377
vt 0.509715 0.412358
vt 0.513692 0.403383
vt 0.501915 0.408309
vt 0.505504 0.411377
vt 0.503674 0.407369
vt 0.504308 0.405179
vt 0.452951 0.428006
vt 0.448235 0.427740
vt 0.482885 0.368656
vt 0.462482 0.433665
vt 0.482693 0.428462
vt 0.481304 0.423902
vt 0.487102 0.423945
vt 0.485177 0.418909
vt 0.490950 0.423819
vt 0.462780 0.440124
vt 0.456104 0.443007
vt 0.475755 0.430241
vt 0.475507 0.423992
vt 0.469585 0.418580
vt 0.473790 0.414509
vt 0.486947 0.429829
vt 0.472082 0.420787
vt 0.491184 0.443032
vt 0.491267 0.437548
vt 0.493504 0.439002
vt 0.479900 0.417300
vt 0.480666 0.433350
vt 0.487753 0.443167
vt 0.486324 0.440405
vt 0.489715 0.440396
vt 0.487620 0.444819
vt 0.475761 0.437094
vt 0.486149 0.444117
vt 0.469446 0.434666
vt 0.508915 0.399634
vt 0.480965 0.438408
vt 0.484178 0.442008
vt 0.483805 0.436908
vt 0.510540 0.402248
vt 0.489374 0.435351
vt 0.446489 0.433256
vt 0.493565 0.434013
vt 0.495166 0.430139
vt 0.491748 0.430760
vt 0.449690 0.445188
vt 0.543999 0.447762
vt 0.444802 0.440297
vt 0.491043 0.383354
vt 0.488630 0.379079
vt 0.078329 0.318064
vt 0.076217 0.316230
vt 0.080018 0.315728
vt 0.073422 0.325441
vt 0.077970 0.325782
vt 0.074241 0.332299
vt 0.079920 0.309074
vt 0.074500 0.313489
vt 0.073125 0.316743
vt 0.083839 0.318973
vt 0.079540 0.323614
vt 0.072852 0.320528
vt 0.067442 0.316688
vt 0.083664 0.325269
vt 0.066039 0.308919
vt 0.076399 0.323520
vt 0.067472 0.319503
vt 0.069413 0.323563
vt 0.068730 0.326883
vt 0.080331 0.332872
vt 0.077906 0.339527
vt 0.085120 0.311032
vt 0.054576 0.319853
vt 0.048692 0.317187
vt 0.060209 0.315954
vt 0.062961 0.322627
vt 0.047402 0.318675
vt 0.041308 0.316843
vt 0.152263 0.558678
vt 0.149659 0.558997
vt 0.150718 0.555940
vt 0.157709 0.618821
vt 0.148951 0.621053
vt 0.154384 0.613736
vt 0.126700 0.571508
vt 0.122035 0.557607
vt 0.129492 0.564026
vt 0.137572 0.557531
vt 0.130045 0.552784
vt 0.134957 0.550936
vt 0.150532 0.543564
vt 0.145757 0.550250
vt 0.140541 0.546693
vt 0.160992 0.563568
vt 0.157675 0.568433
vt 0.154341 0.563021
vt 0.161462 0.623994
vt 0.156463 0.624215
vt 0.169519 0.631207
vt 0.166672 0.624243
vt 0.172977 0.626333
vt 0.178502 0.625325
vt 0.174026 0.619762
vt 0.158512 0.628332
vt 0.130492 0.591984
vt 0.132664 0.588653
vt 0.134077 0.593366
vt 0.140486 0.604777
vt 0.138713 0.608209
vt 0.136604 0.602822
vt 0.153956 0.583025
vt 0.161645 0.585068
vt 0.155089 0.590027
vt 0.157685 0.574856
vt 0.159609 0.577263
vt 0.156201 0.577667
vt 0.161128 0.575009
vt 0.158739 0.572222
vt 0.161792 0.572110
vt 0.160228 0.573854
vt 0.151040 0.632907
vt 0.175475 0.630631
vt 0.112937 0.603098
vt 0.102681 0.599036
vt 0.105851 0.588187
vt 0.124218 0.592178
vt 0.115718 0.579525
vt 0.115747 0.559799
vt 0.107762 0.562965
vt 0.113069 0.553520
vt 0.100868 0.576761
vt 0.125834 0.581719
vt 0.244206 0.621534
vt 0.245193 0.617439
vt 0.248323 0.619563
vt 0.162676 0.628979
vt 0.182639 0.630612
vt 0.184752 0.622573
vt 0.171143 0.552128
vt 0.170660 0.558775
vt 0.164534 0.552264
vt 0.184623 0.606703
vt 0.184242 0.603063
vt 0.185917 0.605763
vt 0.242320 0.623598
vt 0.239835 0.620965
vt 0.156146 0.607146
vt 0.153632 0.602793
vt 0.159151 0.600664
vt 0.158285 0.580107
vt 0.153814 0.570680
vt 0.145874 0.530300
vt 0.150333 0.536471
vt 0.145395 0.538336
vt 0.162491 0.594084
vt 0.155974 0.595557
vt 0.186676 0.615031
vt 0.189243 0.614284
vt 0.188155 0.617612
vt 0.171491 0.587758
vt 0.174065 0.597822
vt 0.168182 0.597443
vt 0.177883 0.595229
vt 0.150453 0.594529
vt 0.153067 0.598962
vt 0.165091 0.599456
vt 0.166840 0.615237
vt 0.166946 0.608367
vt 0.172079 0.612015
vt 0.162901 0.602338
vt 0.187570 0.618106
vt 0.187102 0.618666
vt 0.171111 0.600508
vt 0.168295 0.600883
vt 0.166751 0.603258
vt 0.170361 0.603040
vt 0.185389 0.615409
vt 0.183081 0.611709
vt 0.195409 0.626963
vt 0.199994 0.634593
vt 0.196621 0.632781
vt 0.189037 0.620667
vt 0.191514 0.623848
vt 0.192823 0.619944
vt 0.162202 0.606238
vt 0.194780 0.634060
vt 0.194359 0.629445
vt 0.186440 0.610801
vt 0.150849 0.606493
vt 0.134328 0.579467
vt 0.159841 0.633525
vt 0.152408 0.609662
vt 0.147779 0.600480
vt 0.142756 0.599322
vt 0.143736 0.594246
vt 0.138217 0.596857
vt 0.099679 0.531315
vt 0.103535 0.545748
vt 0.092582 0.541039
vt 0.132669 0.597805
vt 0.142892 0.603021
vt 0.139785 0.601916
vt 0.114213 0.540845
vt 0.108208 0.534745
vt 0.191868 0.613305
vt 0.190115 0.618234
vt 0.116465 0.549819
vt 0.122257 0.545017
vt 0.188596 0.629474
vt 0.186110 0.634976
vt 0.089818 0.511465
vt 0.079247 0.493808
vt 0.097883 0.502441
vt 0.142057 0.627766
vt 0.126629 0.629335
vt 0.136371 0.616979
vt 0.135942 0.624261
vt 0.191839 0.628871
vt 0.187707 0.624554
vt 0.144778 0.606102
vt 0.187906 0.609721
vt 0.189717 0.606424
vt 0.188828 0.571334
vt 0.192720 0.569991
vt 0.193641 0.577500
vt 0.197093 0.573958
vt 0.188827 0.566404
vt 0.189915 0.576658
vt 0.099704 0.513373
vt 0.193380 0.605513
vt 0.148913 0.578939
vt 0.152960 0.575459
vt 0.154402 0.578850
vt 0.146059 0.571262
vt 0.162006 0.579496
vt 0.181835 0.618037
vt 0.178246 0.612689
vt 0.071045 0.504094
vt 0.128454 0.604665
vt 0.128747 0.595187
vt 0.166390 0.580537
vt 0.140059 0.582270
vt 0.136193 0.584738
vt 0.163712 0.610407
vt 0.159953 0.612832
vt 0.163421 0.576695
vt 0.140183 0.585951
vt 0.195390 0.618562
vt 0.199031 0.627756
vt 0.146681 0.586801
vt 0.144434 0.581535
vt 0.138460 0.589998
vt 0.175164 0.572082
vt 0.172070 0.574547
vt 0.173322 0.569131
vt 0.130567 0.584996
vt 0.127979 0.588729
vt 0.130089 0.588321
vt 0.185823 0.602860
vt 0.192427 0.634116
vt 0.162401 0.617720
vt 0.163074 0.613465
vt 0.086294 0.531524
vt 0.064147 0.515755
vt 0.189299 0.632855
vt 0.197700 0.637422
vt 0.237369 0.606623
vt 0.244483 0.609832
vt 0.240465 0.610710
vt 0.240283 0.617433
vt 0.243585 0.613824
vt 0.124217 0.615085
vt 0.168115 0.567992
vt 0.233687 0.622377
vt 0.224215 0.626046
vt 0.227389 0.616753
vt 0.233595 0.618636
vt 0.236478 0.616278
vt 0.237381 0.620324
vt 0.220301 0.601556
vt 0.224800 0.602881
vt 0.225503 0.607898
vt 0.207803 0.614175
vt 0.215434 0.619885
vt 0.203747 0.633297
vt 0.208714 0.638537
vt 0.218229 0.605387
vt 0.203580 0.596710
vt 0.205866 0.588889
vt 0.209587 0.594689
vt 0.239347 0.613497
vt 0.228577 0.603381
vt 0.229213 0.606402
vt 0.234590 0.613472
vt 0.213297 0.601469
vt 0.204588 0.604940
vt 0.155738 0.539009
vt 0.231696 0.610193
vt 0.235507 0.621553
vt 0.232439 0.607376
vt 0.236130 0.610288
vt 0.215113 0.596728
vt 0.194876 0.612962
vt 0.231358 0.604915
vt 0.179502 0.609878
vt 0.180545 0.594014
vt 0.181405 0.596909
vt 0.176322 0.607912
vt 0.179750 0.601035
vt 0.182758 0.594570
vt 0.179942 0.606438
vt 0.174916 0.602859
vt 0.171263 0.606635
vt 0.184530 0.596278
vt 0.183071 0.596645
vt 0.183608 0.599366
vt 0.185542 0.599354
vt 0.170119 0.572471
vt 0.166872 0.573231
vt 0.169321 0.574860
vt 0.166763 0.576806
vt 0.169553 0.578482
vt 0.146970 0.611927
vt 0.173818 0.578397
vt 0.180749 0.589461
vt 0.176974 0.582292
vt 0.180285 0.578806
vt 0.180187 0.583472
vt 0.177423 0.575723
vt 0.182354 0.563388
vt 0.182454 0.567481
vt 0.179244 0.566724
vt 0.185839 0.570134
vt 0.185305 0.564043
vt 0.179036 0.571504
vt 0.181974 0.573307
vt 0.186094 0.577142
vt 0.183470 0.577200
vt 0.075267 0.578609
vt 0.062486 0.585748
vt 0.067251 0.576940
vt 0.080103 0.588568
vt 0.075343 0.594078
vt 0.086158 0.578225
vt 0.073564 0.571828
vt 0.069726 0.573418
vt 0.070487 0.564986
vt 0.064454 0.594980
vt 0.078485 0.571046
vt 0.064459 0.571910
vt 0.090714 0.552435
vt 0.086725 0.564680
vt 0.074986 0.552661
vt 0.049842 0.540515
vt 0.057006 0.528107
vt 0.065843 0.544630
vt 0.079131 0.542124
vt 0.094372 0.590058
vt 0.115813 0.619936
vt 0.106284 0.618092
vt 0.084266 0.593459
vt 0.082909 0.602647
vt 0.091689 0.602037
vt 0.099530 0.608949
vt 0.181733 0.578339
vt 0.182758 0.580661
vt 0.189522 0.582334
vt 0.183534 0.584473
vt 0.182169 0.584438
vt 0.185213 0.583766
vt 0.189491 0.588965
vt 0.185060 0.588129
vt 0.165475 0.633121
vt 0.184997 0.594572
vt 0.187135 0.594887
vt 0.184305 0.592044
vt 0.118548 0.566935
vt 0.138524 0.578531
vt 0.136116 0.571273
vt 0.134687 0.562615
vt 0.139229 0.552157
vt 0.139770 0.565561
vt 0.142625 0.577613
vt 0.140684 0.557352
vt 0.142605 0.551471
vt 0.143340 0.562189
vt 0.240053 0.626886
vt 0.236971 0.626070
vt 0.146663 0.554089
vt 0.149080 0.551192
vt 0.144248 0.557744
vt 0.155123 0.556322
vt 0.149222 0.563999
vt 0.061520 0.551986
vt 0.041377 0.555176
vt 0.058996 0.574889
vt 0.054667 0.563910
vt 0.175345 0.563573
vt 0.179568 0.561592
vt 0.182034 0.559082
vt 0.174030 0.555557
vt 0.176247 0.558658
vt 0.178711 0.556226
vt 0.176564 0.554929
vt 0.108627 0.510181
vt 0.140783 0.533974
vt 0.114775 0.528176
vt 0.124854 0.530786
vt 0.135123 0.544088
vt 0.119758 0.525293
vt 0.111661 0.521734
vt 0.115930 0.519105
vt 0.157898 0.547325
vt 0.108632 0.524179
vt 0.132441 0.535372
vt 0.126723 0.537496
vt 0.129012 0.542167
vt 0.128834 0.520311
vt 0.162359 0.543632
vt 0.188765 0.601071
vt 0.135351 0.527870
vt 0.198958 0.611301
vt 0.199319 0.620399
vt 0.202409 0.642720
vt 0.207660 0.640250
vt 0.196616 0.600475
vt 0.194982 0.589465
vt 0.191518 0.596729
vt 0.197515 0.582307
vt 0.200667 0.589086
vt 0.250066 0.625433
vt 0.202233 0.581528
vt 0.597062 0.621656
vt 0.608264 0.625543
vt 0.594627 0.631039
vt 0.573317 0.592400
vt 0.568610 0.606396
vt 0.559977 0.605777
vt 0.574647 0.676504
vt 0.585055 0.682490
vt 0.573416 0.687096
vt 0.591734 0.613204
vt 0.601886 0.608021
vt 0.520083 0.655339
vt 0.521017 0.649251
vt 0.526732 0.649509
vt 0.519847 0.645340
vt 0.518480 0.647858
vt 0.518920 0.649059
vt 0.515569 0.647856
vt 0.514318 0.642441
vt 0.517275 0.643056
vt 0.517289 0.651792
vt 0.523400 0.643880
vt 0.510634 0.654447
vt 0.511867 0.649588
vt 0.512728 0.657023
vt 0.513575 0.653470
vt 0.515716 0.655811
vt 0.514125 0.651412
vt 0.516387 0.659738
vt 0.550759 0.609083
vt 0.543772 0.611590
vt 0.548415 0.604023
vt 0.544375 0.635502
vt 0.547419 0.626521
vt 0.549711 0.632485
vt 0.540932 0.633760
vt 0.568666 0.679748
vt 0.569849 0.671781
vt 0.559272 0.614456
vt 0.505482 0.681250
vt 0.510263 0.677955
vt 0.508851 0.683485
vt 0.503717 0.689717
vt 0.499790 0.691202
vt 0.500048 0.687068
vt 0.502732 0.677357
vt 0.506121 0.676998
vt 0.502770 0.683252
vt 0.505426 0.684947
vt 0.503972 0.686246
vt 0.507041 0.687315
vt 0.521021 0.662657
vt 0.519250 0.667426
vt 0.516100 0.665440
vt 0.498286 0.695992
vt 0.496074 0.696380
vt 0.496256 0.693658
vt 0.512177 0.668719
vt 0.517227 0.672624
vt 0.529894 0.625258
vt 0.531338 0.621897
vt 0.533025 0.623607
vt 0.507587 0.671858
vt 0.537390 0.620160
vt 0.533789 0.619649
vt 0.536228 0.617193
vt 0.528188 0.622754
vt 0.512859 0.686818
vt 0.508652 0.691748
vt 0.531092 0.619407
vt 0.557953 0.641623
vt 0.562943 0.632053
vt 0.566554 0.641164
vt 0.524588 0.669348
vt 0.568805 0.631833
vt 0.511776 0.682783
vt 0.597177 0.663509
vt 0.600680 0.651801
vt 0.618328 0.654845
vt 0.515951 0.681079
vt 0.516419 0.685075
vt 0.524517 0.679352
vt 0.519852 0.684672
vt 0.518611 0.688991
vt 0.525055 0.688158
vt 0.537780 0.614255
vt 0.621691 0.669525
vt 0.599131 0.677736
vt 0.527181 0.626325
vt 0.587656 0.662705
vt 0.588308 0.669297
vt 0.528777 0.629318
vt 0.583657 0.611436
vt 0.575867 0.615740
vt 0.581212 0.601997
vt 0.581666 0.617955
vt 0.520561 0.641414
vt 0.579094 0.665520
vt 0.518480 0.638723
vt 0.541084 0.610633
vt 0.538599 0.609655
vt 0.531348 0.598252
vt 0.524149 0.595699
vt 0.528618 0.591554
vt 0.503170 0.596450
vt 0.507987 0.591092
vt 0.511322 0.592707
vt 0.507986 0.598450
vt 0.511199 0.611541
vt 0.514795 0.604593
vt 0.519597 0.609371
vt 0.512878 0.587412
vt 0.510866 0.589085
vt 0.513277 0.584363
vt 0.530895 0.628131
vt 0.533211 0.629933
vt 0.528167 0.632828
vt 0.548030 0.597435
vt 0.551290 0.594876
vt 0.552965 0.596522
vt 0.563723 0.687783
vt 0.567007 0.684536
vt 0.532888 0.613613
vt 0.520789 0.601917
vt 0.523876 0.586752
vt 0.555284 0.601404
vt 0.575294 0.625894
vt 0.568580 0.623913
vt 0.525468 0.605549
vt 0.524770 0.613842
vt 0.516137 0.586983
vt 0.517035 0.617306
vt 0.521526 0.622183
vt 0.515169 0.596267
vt 0.572418 0.620579
vt 0.540043 0.626665
vt 0.525970 0.630487
vt 0.503684 0.600653
vt 0.528485 0.617901
vt 0.528858 0.608077
vt 0.532440 0.611005
vt 0.521390 0.636795
vt 0.518086 0.636656
vt 0.521683 0.632575
vt 0.501391 0.604572
vt 0.506741 0.604946
vt 0.509090 0.586470
vt 0.512183 0.581778
vt 0.533797 0.617216
vt 0.539806 0.596854
vt 0.539478 0.591325
vt 0.538280 0.606632
vt 0.524357 0.638461
vt 0.529751 0.639573
vt 0.537398 0.603988
vt 0.543360 0.596658
vt 0.544908 0.601474
vt 0.544706 0.592147
vt 0.545320 0.597531
vt 0.535375 0.589112
vt 0.547433 0.593165
vt 0.545612 0.595483
vt 0.552251 0.615298
vt 0.545047 0.618049
vt 0.523928 0.634786
vt 0.548605 0.595062
vt 0.499278 0.609091
vt 0.601335 0.634382
vt 0.613788 0.640720
vt 0.524757 0.657881
vt 0.526989 0.663153
vt 0.530333 0.656446
vt 0.535892 0.634959
vt 0.504462 0.673532
vt 0.505809 0.668404
vt 0.509214 0.667221
vt 0.504255 0.661448
vt 0.508941 0.662369
vt 0.512372 0.662539
vt 0.562079 0.593536
vt 0.509821 0.658856
vt 0.571995 0.656006
vt 0.579223 0.651904
vt 0.501645 0.671811
vt 0.498251 0.667405
vt 0.503167 0.613665
vt 0.507467 0.620836
vt 0.510411 0.631857
vt 0.503948 0.628852
vt 0.497075 0.631097
vt 0.493920 0.623623
vt 0.500279 0.624875
vt 0.496483 0.615434
vt 0.517488 0.627413
vt 0.515186 0.624076
vt 0.491796 0.638037
vt 0.496128 0.642628
vt 0.490557 0.646152
vt 0.498063 0.638550
vt 0.502763 0.643342
vt 0.511350 0.639216
vt 0.507268 0.654262
vt 0.523608 0.625825
vt 0.584433 0.657596
vt 0.494942 0.647690
vt 0.510883 0.644470
vt 0.481365 0.644964
vt 0.480624 0.640034
vt 0.484059 0.639387
vt 0.590543 0.651769
vt 0.507966 0.646877
vt 0.487029 0.634712
vt 0.487206 0.638658
vt 0.501924 0.653105
vt 0.570279 0.664496
vt 0.583343 0.637193
vt 0.596289 0.640512
vt 0.480451 0.633731
vt 0.502089 0.634576
vt 0.496329 0.650808
vt 0.517130 0.632389
vt 0.486732 0.644241
vt 0.491188 0.631101
vt 0.486341 0.628199
vt 0.550673 0.644569
vt 0.554235 0.646049
vt 0.480975 0.651232
vt 0.477692 0.649003
vt 0.499973 0.619480
vt 0.563288 0.681892
vt 0.489258 0.654180
vt 0.493012 0.697196
vt 0.496236 0.690774
vt 0.498784 0.681983
vt 0.495848 0.688105
vt 0.490623 0.688469
vt 0.570948 0.618345
vt 0.567936 0.615015
vt 0.586156 0.623722
vt 0.564195 0.666448
vt 0.566780 0.659979
vt 0.562622 0.673743
vt 0.552905 0.692678
vt 0.543969 0.697814
vt 0.544296 0.688697
vt 0.552745 0.683326
vt 0.573812 0.635492
vt 0.573942 0.643161
vt 0.572027 0.649556
vt 0.558985 0.682970
vt 0.561181 0.619438
vt 0.557103 0.678055
vt 0.551974 0.677448
vt 0.552730 0.674111
vt 0.486135 0.694658
vt 0.486396 0.685665
vt 0.488913 0.685528
vt 0.507745 0.701861
vt 0.499607 0.700061
vt 0.503889 0.694979
vt 0.491593 0.681264
vt 0.484941 0.674988
vt 0.479653 0.682540
vt 0.475680 0.679577
vt 0.475082 0.672894
vt 0.480194 0.669198
vt 0.553542 0.619789
vt 0.555150 0.623839
vt 0.549542 0.674433
vt 0.550956 0.637415
vt 0.555193 0.633169
vt 0.553765 0.591832
vt 0.560464 0.588675
vt 0.476162 0.663109
vt 0.480967 0.658725
vt 0.477370 0.664829
vt 0.485646 0.651226
vt 0.493998 0.657400
vt 0.491680 0.676193
vt 0.486234 0.662897
vt 0.499360 0.676199
vt 0.475840 0.653199
vt 0.556484 0.669811
vt 0.548762 0.669193
vt 0.542795 0.607629
vt 0.498527 0.660663
vt 0.542036 0.604250
vt 0.540772 0.607132
vt 0.495625 0.679431
vt 0.475348 0.656470
vt 0.484688 0.657701
vt 0.492703 0.679696
vt 0.493639 0.677517
vt 0.543191 0.678842
vt 0.548671 0.677656
vt 0.492561 0.665077
vt 0.474999 0.667791
vt 0.546804 0.674232
vt 0.569916 0.645814
vt 0.566444 0.651584
vt 0.560621 0.659260
vt 0.542732 0.671963
vt 0.560511 0.649020
vt 0.532775 0.662751
vt 0.538495 0.662091
vt 0.534948 0.666774
vt 0.538315 0.667814
vt 0.553470 0.662499
vt 0.543261 0.665916
vt 0.474854 0.661282
vt 0.539628 0.669729
vt 0.555671 0.655625
vt 0.527432 0.700050
vt 0.520285 0.699743
vt 0.522618 0.693615
vt 0.555992 0.648223
vt 0.532152 0.696125
vt 0.527967 0.693174
vt 0.531301 0.690983
vt 0.549880 0.660117
vt 0.518396 0.704923
vt 0.522679 0.705156
vt 0.515049 0.701694
vt 0.536322 0.692763
vt 0.551951 0.651925
vt 0.546068 0.655884
vt 0.534603 0.684425
vt 0.514904 0.695088
vt 0.470868 0.669668
vt 0.473397 0.665663
vt 0.534610 0.673368
vt 0.530541 0.667494
vt 0.546384 0.641236
vt 0.470422 0.665708
vt 0.468884 0.663780
vt 0.537524 0.644972
vt 0.542253 0.650948
vt 0.536321 0.656428
vt 0.561736 0.624151
vt 0.492521 0.672790
vt 0.495647 0.674143
vt 0.495693 0.699096
vt 0.065779 0.285469
vt 0.059723 0.285044
vt 0.065797 0.281777
vt 0.069851 0.282018
vt 0.070425 0.290493
vt 0.068995 0.278262
vt 0.062596 0.275469
vt 0.063427 0.289936
vt 0.075100 0.269815
vt 0.078548 0.271652
vt 0.073567 0.276097
vt 0.076654 0.284520
vt 0.081563 0.289515
vt 0.076815 0.292837
vt 0.057972 0.295968
vt 0.070589 0.262218
vt 0.079615 0.267419
vt 0.080591 0.277978
vt 0.086269 0.284296
vt 0.070641 0.272214
vt 0.064465 0.296131
vt 0.082894 0.270132
vt 0.085627 0.278927
vt 0.085257 0.290357
vt 0.062824 0.266323
vt 0.048149 0.298200
vt 0.052379 0.291238
vt 0.621600 0.097251
vt 0.617572 0.094046
vt 0.625198 0.093025
vt 0.629890 0.096567
vt 0.626960 0.100145
vt 0.634109 0.094638
vt 0.640547 0.094494
vt 0.635943 0.097431
vt 0.614024 0.099115
vt 0.610580 0.096929
vt 0.633230 0.092946
vt 0.636962 0.092456
vt 0.628938 0.094315
vt 0.613814 0.091139
vt 0.621269 0.088339
vt 0.607824 0.101838
vt 0.613323 0.103913
vt 0.615238 0.075628
vt 0.619850 0.073176
vt 0.622548 0.078438
vt 0.609766 0.089515
vt 0.603630 0.096445
vt 0.616656 0.067710
vt 0.515616 0.091910
vt 0.526612 0.093477
vt 0.513969 0.100711
vt 0.608065 0.079075
vt 0.613992 0.082915
vt 0.605454 0.085072
vt 0.578351 0.053492
vt 0.581810 0.049649
vt 0.586188 0.053111
vt 0.558146 0.157589
vt 0.562364 0.158821
vt 0.557299 0.162310
vt 0.554686 0.155023
vt 0.551883 0.161154
vt 0.546323 0.159117
vt 0.548107 0.165206
vt 0.564209 0.153643
vt 0.600193 0.090216
vt 0.565896 0.161644
vt 0.562618 0.165589
vt 0.597471 0.096296
vt 0.596625 0.099945
vt 0.588600 0.099344
vt 0.584613 0.157697
vt 0.585998 0.152264
vt 0.592198 0.158583
vt 0.554832 0.168770
vt 0.571994 0.166250
vt 0.537745 0.082761
vt 0.545803 0.082785
vt 0.542169 0.090622
vt 0.562855 0.173342
vt 0.573214 0.158530
vt 0.567885 0.156866
vt 0.579436 0.155691
vt 0.581668 0.097426
vt 0.578215 0.101606
vt 0.575541 0.097365
vt 0.574339 0.152171
vt 0.580989 0.146703
vt 0.596725 0.149985
vt 0.594359 0.075360
vt 0.592060 0.084081
vt 0.583722 0.074989
vt 0.554047 0.177206
vt 0.646472 0.083086
vt 0.641301 0.084717
vt 0.640084 0.075767
vt 0.547655 0.068032
vt 0.549033 0.074554
vt 0.542268 0.071673
vt 0.580142 0.161841
vt 0.539454 0.165890
vt 0.633961 0.068634
vt 0.641961 0.067983
vt 0.518170 0.084174
vt 0.521621 0.087385
vt 0.602795 0.100609
vt 0.570698 0.133632
vt 0.558013 0.131272
vt 0.570031 0.124327
vt 0.596324 0.112957
vt 0.590144 0.117586
vt 0.591445 0.110110
vt 0.581272 0.129464
vt 0.579079 0.123047
vt 0.576805 0.118027
vt 0.582991 0.119392
vt 0.559268 0.136766
vt 0.563994 0.137175
vt 0.558836 0.141167
vt 0.568085 0.113064
vt 0.571231 0.115954
vt 0.563398 0.117519
vt 0.553023 0.116979
vt 0.555942 0.116670
vt 0.554223 0.118998
vt 0.551306 0.127249
vt 0.555965 0.123556
vt 0.576893 0.113966
vt 0.583308 0.114064
vt 0.558279 0.118934
vt 0.557964 0.116887
vt 0.577201 0.135984
vt 0.580188 0.110227
vt 0.594936 0.089338
vt 0.591500 0.089733
vt 0.547614 0.135697
vt 0.546995 0.130101
vt 0.657930 0.058468
vt 0.656029 0.052029
vt 0.664610 0.053585
vt 0.540888 0.125743
vt 0.547208 0.125250
vt 0.543492 0.127842
vt 0.546777 0.121107
vt 0.550978 0.142799
vt 0.537794 0.140515
vt 0.573528 0.108814
vt 0.656429 0.037746
vt 0.663133 0.037633
vt 0.660911 0.041716
vt 0.539771 0.131709
vt 0.534930 0.128379
vt 0.600385 0.119992
vt 0.504098 0.106184
vt 0.507541 0.098125
vt 0.600234 0.085673
vt 0.571888 0.138939
vt 0.638989 0.042046
vt 0.643164 0.050485
vt 0.633968 0.044870
vt 0.611642 0.107780
vt 0.614831 0.112045
vt 0.605717 0.112190
vt 0.585072 0.123236
vt 0.620536 0.101437
vt 0.621505 0.107161
vt 0.604309 0.104668
vt 0.604551 0.107496
vt 0.587655 0.106859
vt 0.582231 0.105466
vt 0.655783 0.040533
vt 0.554971 0.137456
vt 0.598746 0.109635
vt 0.612788 0.118877
vt 0.564474 0.111257
vt 0.557170 0.114188
vt 0.598633 0.130718
vt 0.591158 0.125891
vt 0.609086 0.125525
vt 0.608670 0.132095
vt 0.631726 0.088608
vt 0.621029 0.123292
vt 0.596937 0.106450
vt 0.595846 0.103169
vt 0.663083 0.057364
vt 0.668862 0.041702
vt 0.666943 0.047246
vt 0.655017 0.045736
vt 0.549542 0.118159
vt 0.534363 0.103494
vt 0.522045 0.103994
vt 0.601126 0.103442
vt 0.616140 0.128364
vt 0.531905 0.133796
vt 0.623253 0.129773
vt 0.630295 0.049116
vt 0.622731 0.047011
vt 0.626860 0.044151
vt 0.621605 0.114780
vt 0.628791 0.126078
vt 0.578638 0.093726
vt 0.572510 0.095181
vt 0.513571 0.111032
vt 0.649945 0.041318
vt 0.643825 0.041974
vt 0.592912 0.093757
vt 0.569647 0.101132
vt 0.561582 0.061288
vt 0.567001 0.061692
vt 0.560426 0.065037
vt 0.584426 0.089532
vt 0.583990 0.093963
vt 0.575995 0.064085
vt 0.574400 0.056436
vt 0.580744 0.057233
vt 0.602444 0.074099
vt 0.609642 0.072967
vt 0.625242 0.070447
vt 0.587781 0.095736
vt 0.521978 0.116503
vt 0.527414 0.122849
vt 0.515343 0.120704
vt 0.555561 0.082895
vt 0.554251 0.091678
vt 0.521618 0.125408
vt 0.520498 0.129765
vt 0.526133 0.128894
vt 0.502465 0.131450
vt 0.516285 0.127870
vt 0.650948 0.058771
vt 0.670007 0.063288
vt 0.523035 0.132104
vt 0.519383 0.134153
vt 0.646281 0.063254
vt 0.546520 0.153811
vt 0.557337 0.147231
vt 0.551042 0.150070
vt 0.634986 0.081800
vt 0.563399 0.089932
vt 0.568909 0.081668
vt 0.574251 0.089098
vt 0.567530 0.093843
vt 0.631018 0.078742
vt 0.628404 0.082795
vt 0.567688 0.056634
vt 0.571041 0.057917
vt 0.559929 0.096759
vt 0.562293 0.104055
vt 0.637604 0.087870
vt 0.574806 0.194243
vt 0.558476 0.183554
vt 0.493108 0.108160
vt 0.497091 0.105500
vt 0.496998 0.109666
vt 0.542292 0.149450
vt 0.533163 0.150381
vt 0.493887 0.102865
vt 0.539361 0.156752
vt 0.575886 0.175455
vt 0.498318 0.117668
vt 0.500814 0.100594
vt 0.500109 0.092427
vt 0.502263 0.094357
vt 0.507076 0.090742
vt 0.493324 0.095099
vt 0.559810 0.074382
vt 0.556645 0.070563
vt 0.565629 0.068524
vt 0.553102 0.070184
vt 0.572049 0.073478
vt 0.563541 0.077971
vt 0.571090 0.069941
vt 0.581807 0.068525
vt 0.576216 0.077989
vt 0.587477 0.057422
vt 0.589835 0.062360
vt 0.630519 0.055881
vt 0.595425 0.056070
vt 0.600467 0.058414
vt 0.590231 0.068904
vt 0.598706 0.064296
vt 0.605716 0.061102
vt 0.597658 0.069992
vt 0.624624 0.052296
vt 0.602473 0.051941
vt 0.606481 0.067256
vt 0.609828 0.054684
vt 0.612234 0.061036
vt 0.620809 0.058322
vt 0.617789 0.051546
vt 0.615233 0.056280
vt 0.627784 0.063651
vt 0.660253 0.080863
vt 0.649250 0.072021
vt 0.657384 0.067913
vt 0.637781 0.061441
vt 0.649298 0.078429
vt 0.651472 0.081487
vt 0.589967 0.103191
vt 0.568701 0.110734
vt 0.568228 0.109145
vt 0.646547 0.095666
vt 0.648303 0.098023
vt 0.642992 0.097374
vt 0.645153 0.095408
vt 0.641770 0.091478
vt 0.639705 0.101680
vt 0.644278 0.088271
vt 0.647546 0.093236
vt 0.631370 0.105588
vt 0.639440 0.106669
vt 0.652758 0.103768
vt 0.628702 0.112302
vt 0.635969 0.115579
vt 0.617686 0.133041
vt 0.627449 0.131277
vt 0.609890 0.137666
vt 0.616333 0.138432
vt 0.609839 0.142436
vt 0.629100 0.118610
vt 0.633892 0.122382
vt 0.602224 0.136858
vt 0.637328 0.108750
vt 0.587624 0.160622
vt 0.602511 0.144891
vt 0.609622 0.149825
vt 0.586996 0.164565
vt 0.589968 0.162447
vt 0.601446 0.160649
vt 0.549012 0.116212
vt 0.582502 0.167981
vt 0.549428 0.111654
vt 0.558941 0.108889
vt 0.567943 0.106308
vt 0.588312 0.092913
vt 0.547393 0.099076
vt 0.630498 0.074185
vt 0.600404 0.080597
vt 0.580448 0.082246
vt 0.554289 0.104335
vt 0.512958 0.085779
vt 0.554389 0.066159
vt 0.551523 0.062332
vt 0.525984 0.110628
vt 0.545365 0.107039
vt 0.539819 0.122477
vt 0.533562 0.124805
vt 0.544647 0.119187
vt 0.585001 0.140510
vt 0.589620 0.144090
vt 0.597616 0.142007
vt 0.589236 0.139370
vt 0.543573 0.112208
vt 0.538577 0.111721
vt 0.541859 0.116588
vt 0.534493 0.119950
vt 0.532140 0.114214
vt 0.541689 0.075897
vt 0.531476 0.119090
vt 0.527909 0.117348
vt 0.536558 0.115792
vt 0.564747 0.107535
vt 0.534370 0.077877
vt 0.527640 0.085658
vt 0.522568 0.089490
vt 0.525331 0.081913
vt 0.671193 0.074996
vt 0.562922 0.149332
vt 0.570618 0.146885
vt 0.566006 0.142801
vt 0.582061 0.136833
vt 0.576747 0.141708
vt 0.588661 0.134181
vt 0.593799 0.137808
vt 0.604545 0.140864
vt 0.529031 0.126477
vt 0.524377 0.135978
vt 0.524311 0.131658
vt 0.530463 0.129748
vt 0.554415 0.195166
vt 0.531345 0.143978
vt 0.528481 0.140240
vt 0.323092 0.479930
vt 0.325189 0.475255
vt 0.325734 0.479165
vt 0.232580 0.562958
vt 0.222558 0.561929
vt 0.226786 0.548340
vt 0.305962 0.599815
vt 0.295044 0.597058
vt 0.307437 0.587025
vt 0.297369 0.580154
vt 0.304474 0.577388
vt 0.249960 0.580675
vt 0.249654 0.568454
vt 0.261179 0.583012
vt 0.239882 0.562967
vt 0.244906 0.556590
vt 0.280623 0.582305
vt 0.253399 0.561333
vt 0.264246 0.565442
vt 0.235924 0.556077
vt 0.238435 0.546244
vt 0.282143 0.602171
vt 0.261571 0.602171
vt 0.300486 0.569157
vt 0.255793 0.555450
vt 0.367938 0.589532
vt 0.370642 0.592800
vt 0.366499 0.593331
vt 0.367185 0.599245
vt 0.369907 0.602171
vt 0.366668 0.590395
vt 0.364518 0.592337
vt 0.379398 0.599857
vt 0.364596 0.596403
vt 0.363007 0.587787
vt 0.364794 0.589684
vt 0.360645 0.591464
vt 0.373386 0.586542
vt 0.334541 0.584418
vt 0.331039 0.594120
vt 0.328111 0.584030
vt 0.338119 0.590399
vt 0.337814 0.600445
vt 0.392372 0.570856
vt 0.396664 0.575614
vt 0.387411 0.577558
vt 0.393401 0.580845
vt 0.384375 0.585869
vt 0.381827 0.572499
vt 0.331020 0.579539
vt 0.374754 0.579934
vt 0.315086 0.596935
vt 0.341392 0.580006
vt 0.341268 0.570922
vt 0.348013 0.574244
vt 0.334617 0.590801
vt 0.240316 0.537489
vt 0.251163 0.545394
vt 0.397036 0.594149
vt 0.388668 0.593245
vt 0.394472 0.585929
vt 0.344746 0.596598
vt 0.347240 0.584972
vt 0.232234 0.528615
vt 0.225419 0.512783
vt 0.241913 0.526893
vt 0.353204 0.592727
vt 0.355067 0.585092
vt 0.398184 0.601184
vt 0.390803 0.602171
vt 0.389991 0.516280
vt 0.385678 0.511213
vt 0.389466 0.510521
vt 0.387691 0.535516
vt 0.381353 0.543499
vt 0.379197 0.535423
vt 0.378319 0.565349
vt 0.381831 0.557277
vt 0.387712 0.564556
vt 0.372897 0.533406
vt 0.369532 0.523517
vt 0.375121 0.528267
vt 0.278197 0.564445
vt 0.369597 0.530627
vt 0.366341 0.535713
vt 0.363746 0.527880
vt 0.386858 0.527218
vt 0.380263 0.527487
vt 0.381195 0.521062
vt 0.371905 0.541075
vt 0.270492 0.553346
vt 0.263223 0.555736
vt 0.253182 0.532124
vt 0.346773 0.564750
vt 0.247704 0.519596
vt 0.322006 0.485039
vt 0.326367 0.482009
vt 0.265183 0.541044
vt 0.261437 0.550450
vt 0.288906 0.502906
vt 0.286318 0.507577
vt 0.283337 0.502034
vt 0.271973 0.526354
vt 0.266808 0.520552
vt 0.274269 0.516371
vt 0.354705 0.557241
vt 0.351798 0.549701
vt 0.355619 0.551628
vt 0.342533 0.554924
vt 0.339045 0.566001
vt 0.290916 0.506366
vt 0.278152 0.545945
vt 0.315972 0.480353
vt 0.344774 0.522067
vt 0.343118 0.514367
vt 0.347597 0.517424
vt 0.316261 0.459466
vt 0.320168 0.456066
vt 0.319739 0.460130
vt 0.315388 0.464717
vt 0.319109 0.473394
vt 0.310280 0.471375
vt 0.259322 0.515217
vt 0.240360 0.503230
vt 0.266084 0.531361
vt 0.277734 0.536170
vt 0.341655 0.518498
vt 0.303465 0.480856
vt 0.307772 0.483888
vt 0.306539 0.486082
vt 0.255498 0.522912
vt 0.261784 0.524710
vt 0.290108 0.544875
vt 0.319605 0.556757
vt 0.315045 0.557203
vt 0.316789 0.551277
vt 0.348467 0.524353
vt 0.306546 0.511842
vt 0.300749 0.507120
vt 0.305303 0.503916
vt 0.351106 0.526728
vt 0.348712 0.529105
vt 0.284480 0.555359
vt 0.289704 0.567889
vt 0.327156 0.479107
vt 0.329258 0.480168
vt 0.279165 0.487470
vt 0.283172 0.493425
vt 0.274533 0.491116
vt 0.336177 0.560004
vt 0.258389 0.501168
vt 0.327168 0.559195
vt 0.330556 0.566314
vt 0.326224 0.566189
vt 0.349337 0.540273
vt 0.353345 0.543655
vt 0.347775 0.545842
vt 0.353223 0.539033
vt 0.349866 0.533966
vt 0.248555 0.496907
vt 0.256152 0.490475
vt 0.386392 0.549802
vt 0.379696 0.550930
vt 0.373407 0.548648
vt 0.374827 0.554098
vt 0.331344 0.558907
vt 0.334105 0.563664
vt 0.342729 0.505337
vt 0.339677 0.507947
vt 0.351396 0.511348
vt 0.346712 0.510709
vt 0.328081 0.533773
vt 0.334015 0.531133
vt 0.335911 0.541306
vt 0.261894 0.494408
vt 0.285856 0.527017
vt 0.289030 0.535921
vt 0.327473 0.469192
vt 0.327935 0.474603
vt 0.324417 0.471302
vt 0.322867 0.466675
vt 0.323496 0.462119
vt 0.354691 0.547853
vt 0.342988 0.533114
vt 0.338774 0.517150
vt 0.339869 0.513743
vt 0.345533 0.528080
vt 0.340367 0.505457
vt 0.266986 0.507819
vt 0.343110 0.543777
vt 0.351004 0.521995
vt 0.313083 0.487141
vt 0.322562 0.553660
vt 0.327017 0.551948
vt 0.390964 0.542414
vt 0.389093 0.521884
vt 0.385213 0.519092
vt 0.374454 0.518184
vt 0.391664 0.547618
vt 0.333646 0.553353
vt 0.369911 0.553252
vt 0.373916 0.570539
vt 0.380326 0.513123
vt 0.327920 0.487095
vt 0.269223 0.497846
vt 0.331623 0.485023
vt 0.334851 0.548804
vt 0.340971 0.537542
vt 0.345142 0.539552
vt 0.331491 0.500750
vt 0.335448 0.505042
vt 0.330926 0.505454
vt 0.339514 0.524849
vt 0.338787 0.503126
vt 0.339990 0.501663
vt 0.296391 0.557859
vt 0.335397 0.498874
vt 0.348694 0.502960
vt 0.308492 0.464846
vt 0.322931 0.548877
vt 0.284740 0.518896
vt 0.365539 0.566342
vt 0.364240 0.562999
vt 0.366290 0.562166
vt 0.364276 0.559499
vt 0.362882 0.556660
vt 0.365603 0.555738
vt 0.357426 0.571459
vt 0.358862 0.563643
vt 0.360957 0.570158
vt 0.363746 0.564255
vt 0.362287 0.559967
vt 0.362532 0.566574
vt 0.363969 0.566623
vt 0.369412 0.567450
vt 0.359252 0.558499
vt 0.360489 0.556531
vt 0.361089 0.554478
vt 0.372321 0.560632
vt 0.355006 0.564506
vt 0.372790 0.566231
vt 0.364627 0.571774
vt 0.366289 0.571346
vt 0.366673 0.577224
vt 0.369976 0.575407
vt 0.333344 0.522325
vt 0.336725 0.519407
vt 0.362776 0.572277
vt 0.375158 0.574728
vt 0.369112 0.584836
vt 0.366101 0.582068
vt 0.333589 0.511179
vt 0.327569 0.509812
vt 0.366412 0.586648
vt 0.364606 0.576834
vt 0.264953 0.483904
vt 0.370780 0.581026
vt 0.364068 0.581777
vt 0.283569 0.512483
vt 0.366043 0.541357
vt 0.392052 0.554624
vt 0.365948 0.547354
vt 0.360813 0.576806
vt 0.318651 0.546369
vt 0.330360 0.545803
vt 0.323103 0.543682
vt 0.339585 0.520339
vt 0.331544 0.496263
vt 0.273362 0.506121
vt 0.277238 0.499423
vt 0.279739 0.507124
vt 0.316930 0.537200
vt 0.321026 0.534837
vt 0.290889 0.512153
vt 0.310930 0.507705
vt 0.337572 0.509705
vt 0.304614 0.466151
vt 0.304490 0.473224
vt 0.298899 0.465150
vt 0.274512 0.481797
vt 0.331578 0.490913
vt 0.335556 0.495264
vt 0.314581 0.530008
vt 0.300007 0.550909
vt 0.337078 0.514231
vt 0.334849 0.570799
vt 0.362450 0.540891
vt 0.372819 0.506440
vt 0.364111 0.496412
vt 0.373185 0.496932
vt 0.370306 0.473247
vt 0.366358 0.465386
vt 0.371492 0.465722
vt 0.368690 0.479525
vt 0.356620 0.478625
vt 0.363655 0.471444
vt 0.371827 0.478297
vt 0.347586 0.478935
vt 0.350465 0.485780
vt 0.358953 0.462897
vt 0.344941 0.468928
vt 0.368474 0.486940
vt 0.367443 0.459332
vt 0.379923 0.503764
vt 0.363227 0.458930
vt 0.355072 0.490941
vt 0.357618 0.500376
vt 0.366649 0.510870
vt 0.342816 0.476305
vt 0.376169 0.488796
vt 0.291620 0.475024
vt 0.286461 0.472337
vt 0.289436 0.466620
vt 0.344492 0.457702
vt 0.337346 0.460444
vt 0.323235 0.560329
vt 0.351138 0.458695
vt 0.402253 0.585325
vt 0.329639 0.447675
vt 0.403972 0.591473
vt 0.401618 0.596619
vt 0.340137 0.446111
vt 0.323998 0.452892
vt 0.329986 0.456349
vt 0.411709 0.591859
vt 0.404957 0.597110
vt 0.310969 0.457135
vt 0.313949 0.454012
vt 0.318095 0.449491
vt 0.332956 0.462829
vt 0.308348 0.519296
vt 0.313226 0.517362
vt 0.361280 0.509534
vt 0.366636 0.516386
vt 0.361714 0.518750
vt 0.350618 0.492433
vt 0.354461 0.504161
vt 0.369834 0.517630
vt 0.380060 0.484794
vt 0.374384 0.481324
vt 0.356019 0.511952
vt 0.382183 0.492692
vt 0.379507 0.496401
vt 0.343022 0.485312
vt 0.377979 0.465056
vt 0.375797 0.468599
vt 0.373684 0.463229
vt 0.352432 0.498792
vt 0.308683 0.480236
vt 0.354631 0.520349
vt 0.383076 0.500439
vt 0.384740 0.497288
vt 0.386619 0.501721
vt 0.385353 0.505516
vt 0.378549 0.468818
vt 0.374874 0.473068
vt 0.298211 0.474649
vt 0.371353 0.460233
vt 0.376319 0.458822
vt 0.373200 0.477278
vt 0.328131 0.493152
vt 0.376676 0.477899
vt 0.372967 0.458772
vt 0.326766 0.537950
vt 0.343170 0.496007
vt 0.338320 0.477865
vt 0.279066 0.475658
vt 0.282732 0.484414
vt 0.357329 0.578990
vt 0.360124 0.584004
vt 0.338893 0.469377
vt 0.321822 0.492497
vt 0.287535 0.479472
vt 0.353026 0.577229
vt 0.298837 0.537165
vt 0.295325 0.527486
vt 0.301408 0.529596
vt 0.333139 0.577152
vt 0.325948 0.578677
vt 0.352562 0.506181
vt 0.354169 0.531160
vt 0.358702 0.528968
vt 0.359321 0.535160
vt 0.354055 0.526007
vt 0.327090 0.527376
vt 0.329019 0.523658
vt 0.324291 0.520010
vt 0.329782 0.516018
vt 0.334053 0.516522
vt 0.238897 0.573012
vt 0.233463 0.602171
vt 0.230365 0.571959
vt 0.363994 0.586135
vt 0.253835 0.597640
vt 0.217065 0.578101
vt 0.225400 0.588350
vt 0.223181 0.532387
vt 0.231559 0.538710
vt 0.209657 0.563653
vt 0.197838 0.566183
vt 0.198805 0.550906
vt 0.216928 0.549285
vt 0.212364 0.536070
vt 0.208356 0.547106
vt 0.357914 0.596224
vt 0.402937 0.577975
vt 0.331262 0.478190
vt 0.331803 0.473440
vt 0.334528 0.476130
vt 0.316322 0.506897
vt 0.321935 0.508449
vt 0.318302 0.514340
vt 0.334117 0.469947
vt 0.329904 0.470234
vt 0.331082 0.468922
vt 0.327907 0.465980
vt 0.329761 0.464535
vt 0.326995 0.459612
vt 0.324097 0.500361
vt 0.300336 0.484712
vt 0.291440 0.488839
vt 0.293865 0.480432
vt 0.320295 0.526411
vt 0.324128 0.513729
vt 0.290043 0.498300
vt 0.311946 0.524425
vt 0.308500 0.527440
vt 0.312121 0.500726
vt 0.300733 0.498549
vt 0.305178 0.498305
vt 0.307676 0.492915
vt 0.295339 0.498341
vt 0.299625 0.492176
vt 0.315491 0.495676
vt 0.307983 0.500896
vt 0.302598 0.515934
vt 0.297194 0.513690
vt 0.294203 0.505822
vt 0.352806 0.569223
vt 0.350553 0.561718
vt 0.311114 0.532046
vt 0.313137 0.541961
vt 0.312041 0.535273
vt 0.306966 0.531444
vt 0.307717 0.535966
vt 0.323088 0.572360
vt 0.320801 0.574796
vt 0.320170 0.571021
vt 0.325820 0.571802
vt 0.361944 0.600836
vt 0.318530 0.502318
vt 0.338300 0.496162
vt 0.334763 0.490237
vt 0.337068 0.487581
vt 0.334355 0.486010
vt 0.333867 0.480433
vt 0.356804 0.548706
vt 0.358551 0.552668
vt 0.355274 0.545762
vt 0.355669 0.538204
vt 0.356463 0.543339
vt 0.360331 0.545209
vt 0.359289 0.548501
vt 0.362120 0.551783
vt 0.359008 0.541439
vt 0.298517 0.521853
vt 0.303838 0.523949
vt 0.291942 0.520349
vt 0.355346 0.599977
vt 0.350568 0.598659
vt 0.307811 0.559978
vt 0.304253 0.547830
vt 0.311482 0.549318
vt 0.330209 0.573053
vt 0.336485 0.575433
vt 0.316491 0.580984
vt 0.320042 0.565297
vt 0.315790 0.570903
vt 0.326325 0.601559
vt 0.320156 0.600125
vt 0.324487 0.593479
vt 0.319994 0.589165
vt 0.309232 0.572128
vt 0.298366 0.544911
vt 0.309022 0.579124
vt 0.307318 0.542453
vt 0.378532 0.353046
vt 0.381699 0.340971
vt 0.382348 0.350362
vt 0.416015 0.299486
vt 0.413718 0.306490
vt 0.404646 0.306319
vt 0.381432 0.358518
vt 0.386896 0.347051
vt 0.389499 0.356305
vt 0.405276 0.344080
vt 0.410272 0.348880
vt 0.397926 0.358033
vt 0.411030 0.274704
vt 0.408860 0.282987
vt 0.403713 0.279781
vt 0.409318 0.317203
vt 0.402745 0.327527
vt 0.394600 0.318829
vt 0.409692 0.292698
vt 0.417664 0.291347
vt 0.399657 0.297825
vt 0.395104 0.307219
vt 0.432235 0.269699
vt 0.425043 0.265037
vt 0.432814 0.259333
vt 0.428940 0.250711
vt 0.423059 0.256325
vt 0.403465 0.288480
vt 0.417040 0.281195
vt 0.418874 0.269206
vt 0.424770 0.276628
vt 0.466534 0.275928
vt 0.469703 0.274683
vt 0.468005 0.279945
vt 0.462422 0.257235
vt 0.460849 0.251283
vt 0.467591 0.249586
vt 0.470378 0.258897
vt 0.470721 0.253178
vt 0.477713 0.253448
vt 0.396103 0.345813
vt 0.407989 0.338329
vt 0.475998 0.246940
vt 0.465165 0.266227
vt 0.468344 0.270271
vt 0.465020 0.272905
vt 0.472733 0.269877
vt 0.472007 0.264540
vt 0.475755 0.265944
vt 0.530586 0.211045
vt 0.524260 0.207618
vt 0.528463 0.200308
vt 0.520465 0.216786
vt 0.508857 0.221603
vt 0.516112 0.207789
vt 0.525901 0.221765
vt 0.519922 0.228288
vt 0.516090 0.225958
vt 0.525484 0.229707
vt 0.531383 0.223542
vt 0.532954 0.217530
vt 0.470643 0.290191
vt 0.470292 0.284696
vt 0.474357 0.285370
vt 0.473289 0.280010
vt 0.477009 0.280517
vt 0.480192 0.276233
vt 0.476121 0.276796
vt 0.478706 0.271763
vt 0.473362 0.274648
vt 0.480961 0.264780
vt 0.482854 0.268513
vt 0.482287 0.270853
vt 0.476396 0.269612
vt 0.484406 0.272002
vt 0.392750 0.355031
vt 0.393771 0.334863
vt 0.385920 0.327770
vt 0.470187 0.278848
vt 0.423677 0.248018
vt 0.478458 0.213716
vt 0.479564 0.218048
vt 0.472642 0.218220
vt 0.471162 0.192006
vt 0.466484 0.197186
vt 0.465010 0.192168
vt 0.515273 0.170249
vt 0.520302 0.174480
vt 0.514482 0.177905
vt 0.476955 0.208672
vt 0.485159 0.202567
vt 0.484383 0.208432
vt 0.508884 0.186580
vt 0.510868 0.182702
vt 0.513284 0.185013
vt 0.515988 0.185278
vt 0.517072 0.188387
vt 0.513169 0.188007
vt 0.476949 0.226803
vt 0.472458 0.229447
vt 0.471945 0.225669
vt 0.525926 0.169663
vt 0.524207 0.173926
vt 0.530999 0.165772
vt 0.535878 0.165055
vt 0.530712 0.169245
vt 0.477572 0.222508
vt 0.480632 0.220870
vt 0.480819 0.223327
vt 0.518323 0.155275
vt 0.504934 0.168416
vt 0.510141 0.159262
vt 0.483178 0.192294
vt 0.482218 0.183837
vt 0.488941 0.187914
vt 0.523022 0.166867
vt 0.523340 0.161080
vt 0.527535 0.162029
vt 0.519665 0.179318
vt 0.515427 0.183848
vt 0.473789 0.196298
vt 0.474423 0.189723
vt 0.478013 0.190778
vt 0.519052 0.182461
vt 0.519720 0.184984
vt 0.535239 0.157507
vt 0.412982 0.330214
vt 0.476070 0.203175
vt 0.469781 0.208582
vt 0.421228 0.262616
vt 0.417597 0.261705
vt 0.412752 0.265676
vt 0.479244 0.197477
vt 0.495524 0.183641
vt 0.490185 0.178088
vt 0.474230 0.184635
vt 0.477718 0.181234
vt 0.489492 0.189420
vt 0.490517 0.193511
vt 0.484616 0.197718
vt 0.511365 0.190831
vt 0.463592 0.206229
vt 0.460016 0.202471
vt 0.545064 0.205438
vt 0.546610 0.212042
vt 0.538890 0.212256
vt 0.546427 0.221298
vt 0.541314 0.218098
vt 0.538348 0.225033
vt 0.536095 0.219375
vt 0.512034 0.180173
vt 0.507325 0.180644
vt 0.508890 0.176207
vt 0.532109 0.228772
vt 0.516835 0.233572
vt 0.515877 0.229680
vt 0.539431 0.234409
vt 0.511754 0.232096
vt 0.530140 0.233468
vt 0.524053 0.238112
vt 0.510680 0.236495
vt 0.516617 0.264696
vt 0.524412 0.261665
vt 0.527750 0.266416
vt 0.505482 0.262793
vt 0.494205 0.271041
vt 0.496103 0.258917
vt 0.531279 0.253744
vt 0.527528 0.246290
vt 0.538351 0.247323
vt 0.513879 0.241224
vt 0.507401 0.241037
vt 0.506344 0.254248
vt 0.508301 0.246530
vt 0.516232 0.247990
vt 0.519054 0.257069
vt 0.531288 0.258879
vt 0.541191 0.253720
vt 0.504336 0.245498
vt 0.437180 0.289393
vt 0.438153 0.294761
vt 0.435071 0.293085
vt 0.435597 0.283669
vt 0.437447 0.284212
vt 0.433984 0.289066
vt 0.440210 0.288803
vt 0.441485 0.282573
vt 0.438950 0.279193
vt 0.441086 0.277423
vt 0.446576 0.277098
vt 0.490677 0.301231
vt 0.498083 0.293447
vt 0.501248 0.303307
vt 0.428817 0.356175
vt 0.427061 0.344695
vt 0.432111 0.352266
vt 0.432719 0.338770
vt 0.428920 0.322897
vt 0.432875 0.315572
vt 0.431596 0.327671
vt 0.435268 0.325419
vt 0.438852 0.330715
vt 0.469183 0.200723
vt 0.438353 0.341881
vt 0.439995 0.356016
vt 0.436094 0.320193
vt 0.438541 0.311631
vt 0.445548 0.344917
vt 0.442519 0.336637
vt 0.443798 0.323410
vt 0.443448 0.330126
vt 0.446098 0.335474
vt 0.437872 0.320822
vt 0.447324 0.327462
vt 0.443929 0.314121
vt 0.450976 0.331384
vt 0.443987 0.302222
vt 0.438787 0.302040
vt 0.452842 0.338537
vt 0.455588 0.329935
vt 0.461998 0.280005
vt 0.453587 0.324329
vt 0.454732 0.351225
vt 0.460088 0.343122
vt 0.442685 0.294120
vt 0.449406 0.292153
vt 0.448302 0.307865
vt 0.456213 0.317392
vt 0.450774 0.317806
vt 0.459827 0.335288
vt 0.453689 0.282255
vt 0.458374 0.289410
vt 0.458864 0.322388
vt 0.462216 0.327330
vt 0.471749 0.331064
vt 0.465156 0.331407
vt 0.467214 0.322252
vt 0.459055 0.313754
vt 0.456937 0.306686
vt 0.513249 0.283820
vt 0.499979 0.283342
vt 0.508254 0.273630
vt 0.505539 0.299044
vt 0.465636 0.285772
vt 0.463815 0.290908
vt 0.472969 0.302567
vt 0.481435 0.299604
vt 0.478676 0.308718
vt 0.462790 0.297437
vt 0.452620 0.299542
vt 0.462174 0.318651
vt 0.466043 0.337183
vt 0.490678 0.278933
vt 0.483220 0.279799
vt 0.488365 0.275689
vt 0.466978 0.290231
vt 0.521784 0.276712
vt 0.470228 0.313845
vt 0.466249 0.317243
vt 0.464145 0.313160
vt 0.486640 0.288846
vt 0.509724 0.292255
vt 0.460887 0.308858
vt 0.463109 0.306246
vt 0.466324 0.307772
vt 0.480611 0.318972
vt 0.473449 0.319713
vt 0.475156 0.312344
vt 0.468275 0.298686
vt 0.466265 0.302075
vt 0.485083 0.308227
vt 0.475546 0.291793
vt 0.470830 0.295157
vt 0.462810 0.303410
vt 0.521799 0.181893
vt 0.522159 0.179226
vt 0.426142 0.352197
vt 0.468441 0.294541
vt 0.494644 0.314478
vt 0.515267 0.289037
vt 0.428555 0.337387
vt 0.424304 0.339350
vt 0.467845 0.345557
vt 0.508007 0.174824
vt 0.512052 0.166712
vt 0.478371 0.285356
vt 0.535881 0.168607
vt 0.522761 0.176738
vt 0.499326 0.172664
vt 0.529125 0.156051
vt 0.516624 0.183439
vt 0.414968 0.257853
vt 0.502491 0.181234
vt 0.528062 0.152034
vt 0.518272 0.165038
vt 0.506039 0.190790
vt 0.483720 0.213390
vt 0.516031 0.182261
vt 0.501742 0.184589
vt 0.504829 0.184224
vt 0.495978 0.187945
vt 0.519728 0.168433
vt 0.490367 0.204001
vt 0.467175 0.227352
vt 0.465989 0.223660
vt 0.488398 0.211353
vt 0.491137 0.207363
vt 0.503252 0.189024
vt 0.515988 0.190297
vt 0.492996 0.200364
vt 0.494873 0.203506
vt 0.502056 0.191882
vt 0.498071 0.190911
vt 0.461407 0.196340
vt 0.527567 0.173131
vt 0.523236 0.180871
vt 0.500010 0.194069
vt 0.496481 0.195766
vt 0.480164 0.177077
vt 0.507539 0.193091
vt 0.471668 0.187691
vt 0.491573 0.210441
vt 0.473829 0.213713
vt 0.466413 0.215163
vt 0.460059 0.229343
vt 0.451964 0.235020
vt 0.453645 0.230312
vt 0.490512 0.197769
vt 0.467881 0.230606
vt 0.463989 0.235291
vt 0.452114 0.208612
vt 0.457160 0.213374
vt 0.417877 0.250729
vt 0.453077 0.273351
vt 0.449670 0.268224
vt 0.459744 0.274041
vt 0.456868 0.267091
vt 0.454188 0.262353
vt 0.501549 0.208494
vt 0.500074 0.215923
vt 0.496069 0.213678
vt 0.492704 0.218889
vt 0.507576 0.213619
vt 0.521430 0.198377
vt 0.512549 0.198541
vt 0.520316 0.193548
vt 0.502743 0.220313
vt 0.497690 0.226774
vt 0.496120 0.221980
vt 0.508132 0.205603
vt 0.499301 0.232327
vt 0.525685 0.179340
vt 0.524036 0.184171
vt 0.525703 0.175942
vt 0.529650 0.176608
vt 0.527855 0.189086
vt 0.529310 0.181655
vt 0.538515 0.182493
vt 0.532458 0.172587
vt 0.535889 0.176392
vt 0.539014 0.172045
vt 0.483366 0.219287
vt 0.483431 0.216009
vt 0.419286 0.244628
vt 0.464834 0.220438
vt 0.453586 0.225997
vt 0.452482 0.218776
vt 0.458851 0.220828
vt 0.536898 0.205585
vt 0.460925 0.223957
vt 0.449205 0.215171
vt 0.469798 0.242097
vt 0.480599 0.239130
vt 0.475826 0.258957
vt 0.477482 0.262420
vt 0.545683 0.194939
vt 0.539068 0.199588
vt 0.508242 0.229738
vt 0.533281 0.202802
vt 0.534204 0.196762
vt 0.447193 0.230928
vt 0.431155 0.293645
vt 0.426893 0.297276
vt 0.429976 0.290688
vt 0.435266 0.307718
vt 0.431984 0.303444
vt 0.435004 0.303944
vt 0.430440 0.286805
vt 0.425906 0.291513
vt 0.431115 0.298824
vt 0.428256 0.303575
vt 0.432146 0.289104
vt 0.424870 0.319844
vt 0.424029 0.324678
vt 0.422817 0.321873
vt 0.426849 0.327458
vt 0.425866 0.333679
vt 0.422709 0.329642
vt 0.439783 0.228337
vt 0.442007 0.239250
vt 0.435913 0.234884
vt 0.450564 0.244893
vt 0.434894 0.240334
vt 0.431790 0.238078
vt 0.433442 0.229888
vt 0.428505 0.232214
vt 0.431079 0.234998
vt 0.436005 0.224117
vt 0.433501 0.294794
vt 0.485767 0.331705
vt 0.428842 0.310637
vt 0.424269 0.306316
vt 0.418659 0.323087
vt 0.476496 0.341127
vt 0.485765 0.361947
vt 0.422896 0.312464
vt 0.425060 0.315310
vt 0.422323 0.317239
vt 0.425808 0.316506
vt 0.426206 0.313010
vt 0.459606 0.350602
vt 0.432565 0.283954
vt 0.431398 0.279042
vt 0.436732 0.278508
vt 0.428003 0.317114
vt 0.435013 0.299213
vt 0.431365 0.307842
vt 0.435526 0.274035
vt 0.504242 0.333704
vt 0.425353 0.298176
vt 0.423614 0.243815
vt 0.421744 0.239439
vt 0.428732 0.243473
vt 0.436159 0.248133
vt 0.426835 0.236996
vt 0.421636 0.336035
vt 0.543363 0.168379
vt 0.481072 0.257928
vt 0.486489 0.251581
vt 0.486021 0.258324
vt 0.494686 0.210000
vt 0.491482 0.214052
vt 0.486846 0.214395
vt 0.487496 0.218502
vt 0.484219 0.221116
vt 0.482524 0.229339
vt 0.486207 0.222894
vt 0.489380 0.224616
vt 0.474002 0.235809
vt 0.491571 0.226657
vt 0.489449 0.232298
vt 0.489294 0.238035
vt 0.504167 0.236657
vt 0.495214 0.241491
vt 0.490835 0.246701
vt 0.485560 0.243841
vt 0.500981 0.240915
vt 0.505791 0.197874
vt 0.505212 0.201925
vt 0.510834 0.195135
vt 0.516800 0.192696
vt 0.522186 0.188256
vt 0.442487 0.248083
vt 0.503821 0.239517
vt 0.502314 0.242693
vt 0.497739 0.244888
vt 0.500077 0.247032
vt 0.488560 0.263995
vt 0.421360 0.301294
vt 0.419095 0.309571
vt 0.513626 0.308772
vt 0.522483 0.332837
vt 0.536956 0.276303
vt 0.524630 0.289965
vt 0.543645 0.293444
vt 0.440575 0.254997
vt 0.441042 0.264138
vt 0.445434 0.254807
vt 0.447011 0.353660
vt 0.426325 0.321226
vt 0.426221 0.323163
vt 0.446121 0.286020
vt 0.540923 0.264189
vt 0.532888 0.303840
vt 0.497155 0.206181
vt 0.500418 0.204934
vt 0.497908 0.199042
vt 0.499025 0.202200
vt 0.502836 0.203542
vt 0.418834 0.332091
vt 0.504478 0.194232
vt 0.501190 0.198470
vt 0.500574 0.196209
vt 0.418845 0.336558
vt 0.501678 0.199885
vt 0.425407 0.350083
vt 0.423843 0.353138
vt 0.423339 0.348180
vt 0.422765 0.343944
vt 0.424402 0.347450
vt 0.424034 0.350458
vt 0.417276 0.337362
vt 0.507718 0.194468
vt 0.423659 0.342402
vt 0.425190 0.345230
vt 0.422262 0.349083
vt 0.423081 0.352184
vt 0.415917 0.351669
vt 0.418685 0.344450
vt 0.500157 0.164529
vt 0.505575 0.153088
vt 0.486168 0.171798
vt 0.547356 0.175397
vt 0.544267 0.186934
vt 0.544938 0.181547
vt 0.548013 0.183009
vt 0.538369 0.191231
vt 0.496074 0.159692
vt 0.446678 0.223006
vt 0.442230 0.221089
vt 0.491590 0.255032
vt 0.427230 0.284455
vt 0.436236 0.265779
vt 0.436965 0.269552
vt 0.421741 0.294472
vt 0.414329 0.338816
vt 0.422548 0.286970
vt 0.460478 0.245685
vt 0.458484 0.244500
vt 0.460603 0.240051
vt 0.456157 0.247719
vt 0.453559 0.246720
vt 0.456788 0.242722
vt 0.458051 0.249233
vt 0.464656 0.246005
vt 0.457832 0.237477
vt 0.452753 0.250420
vt 0.465293 0.240358
vt 0.463591 0.238125
vt 0.456539 0.251534
vt 0.469046 0.239055
vt 0.483135 0.248475
vt 0.413791 0.344318
vt 0.503398 0.248970
vt 0.498606 0.251927
vt 0.493815 0.249365
vt 0.490936 0.249501
vt 0.469308 0.233937
vt 0.475171 0.231569
vt 0.465654 0.236980
vt 0.469315 0.236915
vt 0.445316 0.259485
vt 0.449111 0.255380
vt 0.444939 0.262526
vt 0.447170 0.259632
vt 0.449356 0.262071
vt 0.437835 0.271111
vt 0.439777 0.274441
vt 0.439095 0.271632
vt 0.444741 0.270842
vt 0.442681 0.274270
vt 0.441774 0.269733
vt 0.454647 0.256331
vt 0.443626 0.266347
vt 0.446168 0.266176
vn -0.0317 -0.9995 0.0078
vn -0.0328 -0.9993 -0.0155
vn -0.0282 -0.9995 0.0166
vn -0.0020 -0.9999 -0.0103
vn -0.0110 -0.9999 -0.0017
vn -0.0177 -0.9996 -0.0202
vn -0.0451 -0.9990 -0.0066
vn -0.0500 -0.9984 -0.0264
vn -0.0309 -0.9995 -0.0019
vn -0.2562 -0.8102 -0.5272
vn -0.2214 -0.8238 -0.5219
vn -0.2299 -0.8223 -0.5206
vn -0.2001 -0.8473 -0.4920
vn -0.2443 -0.7496 -0.6152
vn -0.2202 -0.7495 -0.6244
vn -0.1964 -0.7879 -0.5837
vn -0.1388 -0.8267 -0.5453
vn -0.3917 0.5390 -0.7456
vn -0.1654 0.9819 -0.0927
vn -0.0404 0.9944 -0.0973
vn -0.3877 0.6991 -0.6008
vn -0.3514 0.6266 -0.6957
vn 0.2908 0.7283 0.6205
vn 0.2565 0.8151 0.5195
vn 0.0251 0.8200 0.5718
vn 0.0749 0.8616 0.5021
vn 0.0483 0.8967 0.4400
vn 0.0980 0.8154 0.5706
vn 0.0482 0.7943 0.6056
vn -0.4964 0.4966 -0.7120
vn -0.5613 -0.0517 -0.8260
vn -0.5480 0.1998 -0.8123
vn 0.1331 0.6761 0.7247
vn 0.1446 0.6840 0.7151
vn 0.1473 0.7225 0.6755
vn -0.2992 -0.7905 -0.5344
vn 0.1039 0.7657 0.6347
vn 0.0545 0.7615 0.6459
vn 0.3043 0.6743 0.6728
vn 0.2607 0.6812 0.6841
vn 0.2760 0.7664 0.5800
vn -0.4527 0.2181 -0.8646
vn 0.0648 0.9915 0.1128
vn 0.1506 0.9860 0.0720
vn 0.1709 0.8162 0.5519
vn 0.1887 0.6608 0.7265
vn 0.1641 0.7979 0.5800
vn -0.3750 0.5663 -0.7340
vn 0.2182 0.7043 0.6756
vn -0.0102 0.9800 0.1986
vn 0.0472 0.9936 -0.1030
vn 0.0773 0.8832 0.4626
vn -0.0969 0.9597 -0.2638
vn -0.0929 0.9513 -0.2940
vn 0.0627 0.9976 0.0281
vn 0.0419 0.9491 -0.3122
vn 0.1369 0.9600 0.2444
vn 0.0655 0.9977 0.0189
vn -0.1346 0.3738 -0.9177
vn -0.1904 0.3201 -0.9281
vn -0.1275 0.3097 -0.9422
vn -0.2213 0.1011 -0.9699
vn -0.1698 0.4726 -0.8647
vn -0.3153 -0.8063 -0.5004
vn -0.3348 -0.8076 -0.4855
vn -0.3566 -0.8436 -0.4014
vn -0.3381 0.6286 -0.7004
vn 0.2526 0.6453 0.7210
vn -0.3129 0.6081 -0.7296
vn 0.0722 0.9500 0.3037
vn -0.2749 0.6037 -0.7484
vn -0.3012 0.3977 -0.8667
vn -0.2699 0.6495 -0.7109
vn -0.3935 -0.7438 -0.5402
vn -0.2049 0.7110 -0.6727
vn -0.1659 -0.0045 -0.9861
vn -0.3965 -0.8243 -0.4042
vn -0.2913 0.5207 -0.8025
vn -0.2442 0.2353 -0.9407
vn -0.2399 -0.5010 -0.8315
vn -0.3036 0.1115 -0.9462
vn -0.2744 -0.5688 -0.7753
vn -0.3187 -0.0856 -0.9440
vn -0.3009 0.1744 -0.9376
vn -0.3130 0.0622 -0.9477
vn -0.3853 -0.5220 -0.7609
vn -0.1875 -0.5491 -0.8145
vn -0.4136 0.0035 -0.9104
vn -0.3672 -0.3484 -0.8624
vn -0.4008 0.0062 -0.9162
vn -0.3260 0.0188 -0.9452
vn -0.1808 -0.6991 -0.6918
vn -0.3047 0.2075 -0.9296
vn -0.3078 -0.3053 -0.9011
vn -0.3111 -0.1109 -0.9439
vn 0.1781 0.6940 0.6976
vn -0.4685 -0.5511 -0.6905
vn -0.4208 -0.6771 -0.6037
vn -0.5444 -0.4315 -0.7193
vn -0.4453 -0.6603 -0.6048
vn -0.5014 -0.4288 -0.7514
vn -0.2703 -0.6413 -0.7182
vn -0.0643 0.9940 -0.0884
vn 0.0359 0.9588 -0.2818
vn -0.0371 0.9981 -0.0491
vn -0.1208 -0.5781 -0.8070
vn -0.2125 -0.6993 -0.6825
vn -0.2548 -0.3533 -0.9001
vn -0.0241 0.9778 0.2082
vn 0.0082 0.8431 0.5378
vn 0.0070 0.8746 -0.4848
vn 0.0394 0.9861 0.1612
vn 0.0707 0.8252 -0.5605
vn -0.0419 0.4533 -0.8904
vn 0.0740 0.7589 0.6470
vn 0.0691 0.6668 0.7420
vn 0.0881 0.9343 0.3455
vn 0.0128 0.9659 -0.2586
vn 0.0000 0.7925 0.6099
vn -0.0023 0.8550 0.5186
vn -0.5481 -0.0391 -0.8355
vn -0.2649 -0.5173 -0.8138
vn -0.4381 0.2570 -0.8614
vn -0.0703 -0.7923 -0.6061
vn -0.0620 0.6668 0.7426
vn -0.0504 0.6703 0.7404
vn -0.0667 0.7633 0.6426
vn -0.2594 -0.4899 -0.8323
vn -0.2138 0.5791 -0.7867
vn -0.0030 0.7229 0.6909
vn -0.0024 0.8558 0.5174
vn 0.0195 0.9997 -0.0124
vn 0.0616 0.9930 -0.1007
vn 0.0443 0.9962 0.0756
vn -0.1272 0.9847 -0.1191
vn -0.2925 0.4568 -0.8401
vn -0.2510 0.9395 -0.2333
vn -0.1629 0.7660 -0.6218
vn -0.2110 0.1507 -0.9658
vn 0.0845 0.5762 0.8129
vn 0.0222 0.8442 -0.5355
vn 0.0204 0.5421 -0.8401
vn -0.4155 0.4233 -0.8051
vn -0.0065 0.7552 0.6555
vn -0.0218 0.8804 0.4737
vn -0.0896 0.1791 -0.9798
vn -0.1182 0.3536 -0.9279
vn 0.0224 0.9985 -0.0498
vn -0.1568 0.2666 -0.9510
vn -0.0116 -0.8332 -0.5528
vn -0.0252 -0.7843 -0.6199
vn -0.0064 -0.7994 -0.6007
vn -0.3037 0.8079 -0.5051
vn -0.0184 0.9998 0.0045
vn -0.0946 -0.5642 -0.8202
vn -0.0733 0.0768 -0.9943
vn 0.0222 0.3744 -0.9270
vn 0.0767 0.1387 -0.9874
vn -0.0056 0.2263 -0.9740
vn 0.0554 0.9861 -0.1565
vn 0.0285 0.9981 0.0540
vn -0.0967 0.1798 -0.9789
vn -0.1392 -0.8185 -0.5574
vn -0.0110 -0.7220 -0.6918
vn 0.0094 -0.5022 -0.8647
vn -0.0425 -0.6397 -0.7674
vn -0.0686 -0.1565 -0.9853
vn -0.0824 0.1294 -0.9882
vn -0.0432 -0.5836 -0.8109
vn 0.0682 -0.4114 -0.9089
vn -0.0155 -0.0589 -0.9981
vn 0.0828 0.1317 -0.9878
vn -0.0298 -0.8486 -0.5282
vn 0.0593 -0.7058 -0.7059
vn 0.0202 0.6531 0.7570
vn -0.0398 0.1063 -0.9935
vn -0.0756 0.8021 0.5924
vn -0.1133 0.8488 0.5164
vn -0.0699 0.9241 0.3758
vn -0.0527 0.8990 0.4349
vn -0.2057 0.2747 -0.9393
vn -0.0257 0.3061 -0.9516
vn -0.2544 -0.1540 -0.9548
vn -0.0775 0.5168 -0.8526
vn 0.0104 0.8275 0.5614
vn -0.3943 0.6197 -0.6786
vn 0.0317 0.7798 0.6252
vn 0.0413 0.7108 0.7022
vn 0.0263 0.9474 0.3190
vn 0.0665 0.6022 0.7956
vn -0.0004 0.9997 0.0260
vn -0.0192 0.9992 0.0348
vn -0.0049 1.0000 -0.0014
vn 0.0102 0.9998 -0.0191
vn 0.0234 0.9997 0.0057
vn -0.0226 0.9997 -0.0001
vn 0.0420 0.9991 0.0021
vn -0.0120 0.9993 0.0347
vn -0.4748 0.8759 0.0852
vn -0.4500 0.8893 0.0813
vn -0.4449 0.8886 0.1117
vn -0.3623 0.9258 0.1082
vn -0.4940 0.8690 0.0295
vn -0.4447 0.8910 0.0918
vn -0.0224 0.9990 0.0398
vn 0.0097 0.9999 0.0118
vn 0.0180 0.9998 0.0123
vn -0.0043 1.0000 -0.0085
vn -0.3948 0.9166 0.0631
vn -0.3968 0.9176 0.0255
vn 0.0040 1.0000 -0.0065
vn 0.0243 0.9995 0.0192
vn 0.0078 0.9998 0.0204
vn 0.0198 0.9998 0.0053
vn -0.0948 0.9865 0.1338
vn 0.0021 0.9877 0.1561
vn -0.0842 0.9724 0.2177
vn 0.0270 0.9992 0.0282
vn -0.0023 1.0000 -0.0049
vn 0.0901 0.9949 0.0462
vn 0.0739 0.9972 0.0148
vn 0.0384 0.9993 0.0039
vn -0.0177 0.9991 0.0386
vn 0.0374 0.9984 0.0412
vn -0.0434 0.9989 0.0148
vn 0.0452 0.9989 0.0081
vn 0.0237 0.9993 -0.0294
vn -0.0061 0.9991 0.0412
vn 0.0342 0.9994 -0.0099
vn -0.0612 0.9976 -0.0324
vn -0.0023 0.9999 0.0148
vn 0.0846 0.9957 0.0370
vn 0.0301 0.9995 0.0105
vn -0.0092 0.9999 -0.0128
vn 0.0735 0.9923 0.0993
vn 0.0331 0.9994 0.0129
vn -0.2235 0.9682 0.1121
vn -0.1010 0.9935 -0.0528
vn -0.0315 0.9993 0.0189
vn -0.0599 0.9981 0.0139
vn -0.2551 0.9667 -0.0206
vn -0.2394 0.9697 0.0487
vn -0.0980 0.9951 -0.0093
vn -0.0727 0.9967 -0.0353
vn -0.0239 0.9997 -0.0088
vn -0.2070 0.9783 0.0062
vn -0.0442 0.9983 -0.0371
vn -0.1173 0.9929 0.0196
vn -0.0980 0.9952 0.0065
vn -0.0150 0.9997 0.0212
vn -0.0504 0.9987 0.0065
vn -0.0039 0.9998 0.0200
vn -0.0878 0.9949 0.0488
vn -0.1545 0.9879 -0.0165
vn -0.0238 0.9967 -0.0777
vn -0.1736 0.9782 0.1135
vn -0.0126 0.9994 0.0325
vn -0.0256 0.9996 0.0149
vn 0.0675 0.9941 0.0846
vn -0.0070 0.9974 0.0714
vn -0.0727 0.9730 0.2193
vn -0.1644 0.9861 0.0259
vn -0.1412 0.9891 -0.0413
vn 0.0026 0.9994 -0.0339
vn -0.5066 0.8596 0.0671
vn -0.3531 0.9217 0.1609
vn -0.4604 0.8783 -0.1291
vn -0.6279 0.7782 0.0063
vn -0.5562 0.8271 0.0811
vn -0.5529 0.8299 -0.0743
vn -0.5263 0.8446 -0.0985
vn 0.8267 -0.5488 -0.1241
vn 0.9810 -0.0354 -0.1907
vn 0.9622 -0.2309 -0.1443
vn -0.6304 0.7697 0.1011
vn -0.0023 0.9998 0.0183
vn -0.0070 0.9997 0.0224
vn -0.0086 0.9997 0.0248
vn -0.6856 0.7279 0.0081
vn -0.6835 0.7245 0.0888
vn -0.6636 0.7365 0.1311
vn -0.3927 0.9156 0.0867
vn -0.2643 0.9489 0.1725
vn 0.2260 0.9740 -0.0150
vn 0.5760 0.8124 -0.0905
vn -0.1989 0.9720 0.1247
vn -0.4930 0.8632 0.1091
vn -0.6446 0.7432 0.1792
vn 0.2641 0.9640 -0.0304
vn -0.4136 0.9073 0.0757
vn -0.4915 0.8613 0.1290
vn -0.5041 0.8538 0.1301
vn -0.4166 0.8971 0.1474
vn -0.3772 0.9124 0.1586
vn -0.4519 0.8720 0.1882
vn -0.3066 0.9444 0.1188
vn 0.0013 0.9998 -0.0205
vn -0.0810 0.9967 -0.0086
vn -0.0078 0.9985 0.0541
vn -0.0115 0.9997 -0.0222
vn -0.0675 0.9954 -0.0676
vn 0.0479 0.9984 -0.0304
vn -0.1070 0.9836 -0.1454
vn -0.0038 0.9994 0.0347
vn 0.0164 0.9997 0.0186
vn -0.5431 0.8390 -0.0316
vn -0.4509 0.8852 0.1145
vn -0.5262 0.8503 0.0080
vn 0.0310 0.9995 -0.0101
vn 0.0302 0.9987 -0.0412
vn -0.0059 0.9980 -0.0629
vn 0.0061 0.9999 0.0145
vn 0.0042 0.9999 -0.0164
vn -0.0123 0.9997 -0.0227
vn -0.6365 0.7709 0.0253
vn -0.6835 0.7117 0.1625
vn -0.4631 0.8857 0.0324
vn -0.5838 0.8116 -0.0226
vn -0.1584 0.9873 -0.0134
vn -0.2465 0.9680 -0.0470
vn -0.1638 0.9865 -0.0040
vn -0.3584 0.9016 0.2423
vn -0.4269 0.8944 0.1334
vn -0.3839 0.9228 0.0318
vn -0.3328 0.9383 0.0940
vn -0.4513 0.8800 0.1477
vn -0.4223 0.9040 0.0675
vn -0.3542 0.9343 -0.0405
vn -0.3753 0.9249 0.0604
vn -0.3289 0.9300 0.1638
vn -0.4329 0.8907 0.1386
vn -0.0230 0.4817 0.8761
vn 0.0396 0.9331 0.3575
vn 0.0005 0.5608 0.8280
vn 0.0467 0.9988 0.0127
vn 0.0503 0.9986 0.0149
vn 0.0002 0.9998 0.0196
vn 0.0515 0.9987 -0.0047
vn 0.0852 0.9954 -0.0445
vn 0.1476 -0.1904 0.9706
vn 0.1057 0.1692 0.9799
vn 0.0412 0.6698 0.7414
vn 0.0357 0.9989 0.0303
vn -0.0399 0.9982 0.0451
vn 0.0346 0.9994 0.0023
vn -0.0385 0.8903 -0.4538
vn -0.0067 0.9728 -0.2316
vn -0.0005 0.8464 -0.5325
vn 0.0562 0.9929 -0.1046
vn 0.0298 0.9990 0.0334
vn -0.0509 0.9972 -0.0549
vn 0.0293 0.9994 0.0198
vn -0.0060 1.0000 -0.0053
vn 0.0085 0.9982 0.0595
vn 0.0439 0.9988 0.0233
vn 0.0025 0.9973 -0.0733
vn 0.1630 0.9758 -0.1458
vn 0.2387 0.9707 -0.0282
vn -0.0024 0.9637 0.2670
vn -0.0410 0.9016 -0.4307
vn 0.0328 0.7753 0.6307
vn 0.0316 0.9993 -0.0194
vn -0.0642 0.3375 0.9391
vn -0.1738 0.0161 0.9846
vn -0.0135 0.9999 0.0030
vn 0.0176 0.9990 0.0401
vn -0.0173 -0.5424 0.8399
vn 0.0641 -0.3625 0.9298
vn -0.0347 0.9959 0.0841
vn -0.0065 0.9989 0.0472
vn 0.0458 0.9952 0.0865
vn 0.0621 0.9960 -0.0642
vn 0.0113 0.9999 -0.0087
vn 0.0013 0.9999 0.0107
vn -0.0244 0.9988 -0.0415
vn -0.0069 0.9998 0.0202
vn -0.0060 0.9985 0.0548
vn 0.0076 0.9998 0.0178
vn -0.0333 0.9982 -0.0494
vn 0.0351 0.9991 0.0235
vn 0.0160 0.9993 0.0326
vn 0.0053 0.9994 -0.0338
vn 0.0182 0.9992 -0.0342
vn 0.0495 0.9982 -0.0326
vn 0.0300 0.9995 0.0051
vn 0.1034 0.9946 0.0011
vn 0.0329 0.9984 0.0462
vn 0.0036 0.9976 0.0696
vn 0.0160 0.9997 0.0174
vn 0.0194 0.9998 -0.0050
vn -0.0458 0.9950 0.0885
vn -0.0043 0.9999 0.0125
vn -0.0734 0.7364 -0.6726
vn -0.0441 0.7011 -0.7117
vn -0.0302 0.6935 -0.7198
vn 0.0850 0.4630 0.8823
vn 0.0114 0.6394 0.7688
vn -0.0193 0.8389 0.5439
vn -0.0395 0.7337 -0.6783
vn -0.0540 0.7550 -0.6535
vn -0.0800 0.7745 -0.6275
vn -0.0093 0.7960 -0.6053
vn -0.0561 0.7962 -0.6025
vn -0.0422 0.8993 -0.4353
vn 0.0046 0.9900 0.1410
vn 0.0068 0.7031 -0.7110
vn 0.0367 0.8047 -0.5925
vn -0.0141 0.7112 -0.7029
vn 0.0534 0.7742 -0.6306
vn 0.0429 0.8296 -0.5567
vn 0.0726 0.7516 0.6556
vn 0.0770 0.6045 0.7929
vn -0.0495 0.6408 0.7661
vn -0.0898 0.9387 0.3327
vn 0.0042 0.9999 0.0108
vn -0.0035 0.9999 0.0118
vn -0.0012 0.9997 -0.0225
vn -0.1242 0.9514 0.2819
vn 0.0135 0.9998 0.0159
vn 0.0619 0.9977 -0.0265
vn -0.0052 0.9997 0.0251
vn -0.0406 0.9987 -0.0316
vn -0.0068 0.9992 -0.0403
vn 0.0313 0.9983 -0.0489
vn -0.0052 0.9991 -0.0422
vn -0.0362 0.9991 0.0234
vn -0.0156 0.9946 -0.1024
vn -0.0517 0.0152 0.9985
vn -0.0266 0.9970 -0.0723
vn -0.0208 0.9788 -0.2038
vn -0.0068 0.9888 -0.1492
vn -0.0829 0.9149 -0.3950
vn -0.0389 0.9496 -0.3109
vn -0.0302 0.9087 -0.4164
vn -0.0494 0.8673 -0.4954
vn -0.0926 0.9487 -0.3023
vn -0.0596 0.9817 -0.1807
vn 0.0160 0.9532 -0.3018
vn 0.0094 0.9475 -0.3196
vn 0.0394 0.9180 -0.3946
vn 0.0250 0.8723 -0.4884
vn 0.0129 0.9686 -0.2482
vn -0.0184 0.9991 0.0370
vn 0.0395 0.9991 0.0148
vn 0.1488 0.9887 -0.0192
vn 0.0431 0.8595 -0.5093
vn 0.0155 0.9678 -0.2514
vn 0.0340 0.8881 -0.4584
vn 0.0716 0.8563 -0.5114
vn -0.0065 0.9783 -0.2072
vn 0.0531 0.9695 -0.2394
vn 0.0615 0.9314 -0.3588
vn -0.0621 0.8492 -0.5245
vn 0.0161 0.9998 -0.0088
vn 0.0055 0.9995 -0.0303
vn -0.0085 0.9991 0.0419
vn -0.1589 0.6183 0.7697
vn 0.0078 -0.1833 0.9830
vn -0.0894 -0.4569 0.8850
vn -0.0014 0.9982 -0.0607
vn -0.1636 -0.3051 0.9382
vn -0.1229 -0.4903 0.8629
vn 0.1055 0.9778 -0.1809
vn 0.0877 0.9570 -0.2764
vn 0.0865 0.9555 -0.2820
vn 0.0397 0.9623 -0.2692
vn 0.0645 -0.5351 0.8423
vn 0.0825 0.0935 0.9922
vn 0.0439 0.8007 -0.5975
vn 0.0221 0.8410 -0.5406
vn 0.1232 0.7699 -0.6261
vn 0.1189 0.8248 -0.5528
vn 0.0850 0.8595 -0.5040
vn 0.1121 0.6789 -0.7257
vn 0.1566 0.8700 -0.4676
vn 0.1732 0.8113 -0.5583
vn -0.0775 -0.6062 0.7915
vn 0.0799 0.9259 -0.3693
vn 0.0974 0.9275 -0.3610
vn 0.1715 0.8691 -0.4640
vn 0.1352 0.6875 -0.7135
vn 0.0525 -0.6316 0.7736
vn -0.0612 0.8330 -0.5498
vn -0.0743 0.8187 -0.5694
vn -0.0046 0.8353 -0.5498
vn -0.0068 -0.6243 0.7811
vn -0.0090 -0.6493 0.7605
vn 0.0099 -0.6482 0.7614
vn -0.0941 0.9726 0.2125
vn 0.0541 0.9075 0.4165
vn 0.1215 0.9640 -0.2366
vn 0.0805 0.7215 0.6877
vn -0.4319 -0.6505 -0.6248
vn -0.2873 -0.5484 -0.7853
vn -0.4336 0.7363 -0.5194
vn -0.7949 0.5853 -0.1598
vn -0.8742 0.0113 -0.4855
vn -0.2326 0.8855 -0.4023
vn -0.1068 0.8967 -0.4296
vn -0.0507 0.9980 -0.0368
vn -0.2446 -0.0936 -0.9651
vn -0.1619 0.6412 -0.7501
vn -0.4157 0.3090 -0.8554
vn 0.0327 0.9917 0.1245
vn 0.0014 1.0000 0.0063
vn 0.0391 0.9935 0.1071
vn -0.3951 0.8921 -0.2191
vn -0.6622 0.5999 -0.4491
vn -0.3330 0.3077 -0.8913
vn -0.4091 -0.2266 -0.8839
vn -0.2728 0.6665 -0.6937
vn -0.1445 0.9067 -0.3963
vn -0.0255 0.9855 -0.1678
vn -0.4015 -0.8389 -0.3676
vn -0.3989 -0.7883 -0.4684
vn -0.5275 -0.6077 -0.5937
vn -0.7429 -0.5167 -0.4256
vn -0.9460 -0.1052 -0.3067
vn -0.8639 -0.0592 -0.5001
vn -0.2692 -0.7129 -0.6475
vn 0.0148 0.9993 -0.0338
vn 0.0230 0.9997 -0.0105
vn -0.0026 0.9987 -0.0502
vn -0.4740 -0.6469 -0.5974
vn -0.5240 0.4658 -0.7131
vn -0.5788 0.4763 -0.6619
vn -0.1342 0.9669 -0.2172
vn -0.7859 0.1078 -0.6089
vn -0.7536 -0.2481 -0.6087
vn -0.5947 -0.6703 -0.4439
vn -0.7950 0.4887 -0.3594
vn -0.6272 -0.6718 -0.3940
vn -0.7257 -0.4913 -0.4817
vn -0.6569 -0.2151 -0.7226
vn -0.8494 -0.0186 -0.5274
vn -0.5352 -0.7524 -0.3841
vn -0.1466 0.9029 -0.4041
vn -0.6201 -0.3340 -0.7099
vn -0.5229 -0.2678 -0.8092
vn -0.3531 0.2911 -0.8891
vn -0.3342 -0.5334 -0.7770
vn -0.5543 -0.7437 -0.3738
vn -0.5859 -0.5819 -0.5641
vn -0.5832 0.5584 -0.5900
vn -0.3722 -0.8741 -0.3121
vn -0.4334 -0.8213 -0.3711
vn -0.4253 0.2482 -0.8704
vn 0.0200 0.9996 0.0177
vn 0.0063 0.9993 -0.0358
vn 0.0036 0.9998 0.0185
vn -0.4027 -0.8309 -0.3839
vn -0.4783 0.0664 -0.8757
vn -0.5235 -0.2951 -0.7993
vn -0.3114 -0.4180 -0.8534
vn -0.0703 0.9580 -0.2781
vn -0.2329 0.7535 -0.6149
vn -0.2094 0.9371 -0.2793
vn -0.0094 0.9999 0.0056
vn -0.4226 -0.8740 -0.2398
vn -0.4118 -0.8272 -0.3823
vn -0.2040 0.9456 -0.2535
vn -0.6358 0.6326 -0.4422
vn 0.0114 0.9962 0.0869
vn -0.0619 0.9535 -0.2949
vn -0.3202 0.8235 -0.4683
vn -0.7856 0.2165 -0.5796
vn -0.4936 0.1204 -0.8613
vn -0.6050 0.4827 -0.6333
vn -0.6954 0.5138 -0.5024
vn -0.4385 0.7827 -0.4418
vn -0.4546 0.8655 -0.2104
vn -0.7681 0.6097 -0.1956
vn -0.0006 -0.9999 -0.0100
vn -0.1452 -0.2048 -0.9680
vn -0.1697 -0.6206 -0.7655
vn -0.0511 -0.5272 -0.8482
vn 0.0672 0.1704 -0.9831
vn -0.0954 -0.0298 -0.9950
vn 0.1186 -0.3355 -0.9346
vn -0.1026 0.9001 0.4234
vn -0.1310 0.8851 0.4465
vn -0.0892 0.8673 0.4898
vn 0.0729 0.0176 -0.9972
vn 0.1350 -0.3186 -0.9382
vn 0.1099 -0.3438 -0.9326
vn -0.1148 0.8154 0.5675
vn -0.1542 0.8639 0.4794
vn 0.4757 0.1429 -0.8679
vn 0.1999 0.8067 -0.5561
vn 0.4303 0.6168 -0.6590
vn 0.1285 -0.5505 -0.8249
vn 0.2946 -0.4984 -0.8153
vn 0.1532 -0.7200 -0.6769
vn 0.1080 -0.6005 -0.7923
vn -0.2100 0.7305 0.6498
vn -0.1439 0.7417 0.6551
vn 0.1534 0.7349 -0.6605
vn 0.1956 0.5659 -0.8009
vn 0.1789 0.0772 -0.9808
vn 0.2084 0.7537 -0.6234
vn -0.0710 0.9866 0.1472
vn 0.2995 0.1483 -0.9425
vn 0.4269 -0.3904 -0.8157
vn 0.4294 0.0405 -0.9022
vn 0.2767 -0.4428 -0.8528
vn 0.0939 -0.7367 -0.6697
vn 0.1964 -0.7300 -0.6547
vn 0.1708 0.1693 -0.9706
vn 0.1749 0.7238 -0.6675
vn 0.0558 0.4961 -0.8665
vn -0.0061 0.9639 -0.2662
vn 0.2392 -0.1811 -0.9539
vn 0.1455 -0.1751 -0.9737
vn -0.0481 -0.7692 -0.6372
vn 0.1098 -0.6535 -0.7489
vn -0.0844 0.4410 -0.8935
vn -0.0250 0.8093 -0.5869
vn -0.0624 0.5495 -0.8332
vn -0.0572 0.8844 -0.4632
vn 0.0348 0.9231 -0.3829
vn 0.1320 -0.3812 -0.9150
vn -0.0030 0.9087 -0.4174
vn 0.0737 0.9714 -0.2258
vn -0.1816 0.6890 0.7017
vn 0.0134 0.8727 -0.4880
vn 0.1135 0.4064 -0.9066
vn 0.4118 0.6064 -0.6802
vn 0.1384 0.8239 -0.5495
vn -0.1554 -0.3742 -0.9143
vn 0.0793 0.0366 -0.9962
vn -0.0161 0.6421 0.7665
vn -0.1058 0.9358 0.3363
vn 0.1655 -0.1804 -0.9696
vn -0.2654 0.7152 0.6466
vn -0.1906 0.7387 0.6465
vn 0.0436 -0.5888 -0.8071
vn 0.5698 0.1149 -0.8137
vn 0.2818 -0.0184 -0.9593
vn 0.0221 0.7143 -0.6995
vn -0.1417 0.7889 0.5980
vn 0.3638 -0.4468 -0.8173
vn 0.2235 0.0818 -0.9713
vn 0.0322 0.9605 0.2764
vn -0.0465 0.7163 0.6963
vn 0.0731 0.9727 -0.2203
vn 0.1387 0.9770 -0.1622
vn 0.2406 -0.5578 -0.7943
vn 0.4835 0.7348 -0.4758
vn 0.2288 0.8923 -0.3893
vn 0.0193 0.6408 -0.7675
vn -0.0610 0.8863 -0.4591
vn 0.1164 0.7426 -0.6595
vn 0.1227 0.6496 -0.7503
vn -0.1076 0.6879 0.7178
vn -0.1538 0.9022 0.4031
vn 0.3068 0.4608 -0.8328
vn 0.2932 0.7336 -0.6131
vn 0.3921 0.0540 -0.9183
vn 0.0339 0.9934 -0.1093
vn 0.1239 0.3585 -0.9253
vn 0.1022 0.7621 -0.6393
vn -0.0380 0.6842 0.7283
vn 0.1366 0.0880 -0.9867
vn -0.0178 0.9215 0.3880
vn 0.1395 0.1881 -0.9722
vn 0.1166 0.1212 -0.9858
vn 0.1696 0.6786 -0.7147
vn 0.1525 0.9338 -0.3236
vn 0.4156 -0.3602 -0.8352
vn 0.2839 -0.7416 -0.6078
vn 0.4406 -0.6289 -0.6405
vn 0.4119 -0.6236 -0.6645
vn 0.3627 -0.6702 -0.6475
vn 0.3495 -0.3004 -0.8875
vn 0.4122 -0.5065 -0.7574
vn 0.4245 -0.0662 -0.9030
vn 0.2861 -0.6311 -0.7210
vn 0.3526 -0.6123 -0.7076
vn 0.2854 -0.6411 -0.7124
vn 0.2934 -0.6956 -0.6558
vn 0.3245 -0.4986 -0.8038
vn 0.2140 -0.7324 -0.6463
vn -0.1201 0.9016 0.4156
vn 0.1457 0.9668 -0.2098
vn -0.1766 0.8160 0.5504
vn 0.2880 -0.7356 -0.6132
vn 0.1998 -0.7487 -0.6321
vn 0.1960 0.9454 -0.2605
vn 0.4299 -0.0299 -0.9024
vn 0.3414 0.6941 -0.6337
vn 0.2739 0.8165 -0.5083
vn 0.2359 -0.7225 -0.6499
vn 0.4555 -0.1823 -0.8714
vn 0.3336 -0.5593 -0.7588
vn 0.3329 -0.6167 -0.7133
vn 0.4646 -0.3791 -0.8003
vn 0.3516 -0.4447 -0.8238
vn 0.1283 0.9695 0.2087
vn 0.3560 -0.0068 -0.9345
vn 0.1619 0.9191 -0.3593
vn 0.0222 0.9966 -0.0794
vn 0.0361 0.9777 -0.2068
vn 0.3146 0.0916 -0.9448
vn 0.1606 0.5397 -0.8264
vn -0.0360 0.9678 0.2490
vn 0.1273 0.7811 -0.6113
vn 0.6620 0.7487 -0.0356
vn 0.5776 0.8094 0.1063
vn 0.1801 0.9814 0.0665
vn 0.9129 0.0806 -0.4001
vn 0.5317 0.8186 -0.2172
vn 0.8673 0.4665 -0.1740
vn 0.0624 0.9968 -0.0509
vn 0.5981 0.7968 -0.0861
vn 0.9787 0.1900 0.0774
vn 0.2338 0.9722 -0.0137
vn 0.3550 0.9297 -0.0980
vn 0.9848 0.0016 -0.1735
vn 0.9390 -0.3402 0.0498
vn 0.1921 0.9790 -0.0688
vn 0.9896 0.1195 -0.0795
vn 0.8601 0.4269 -0.2792
vn 0.9135 -0.3822 -0.1393
vn 0.9022 -0.3064 -0.3036
vn 0.8896 -0.3450 -0.2993
vn 0.3367 0.9410 -0.0356
vn 0.5857 0.8073 0.0731
vn -0.0327 0.9980 0.0535
vn 0.7366 -0.6647 -0.1249
vn 0.7233 -0.6874 -0.0657
vn 0.7857 -0.6179 -0.0293
vn 0.7956 -0.5809 -0.1722
vn 0.7435 -0.6552 -0.1337
vn 0.2501 0.8003 0.5450
vn 0.2485 0.7968 0.5508
vn 0.2995 0.8003 0.5194
vn 0.3770 0.8872 0.2661
vn 0.3214 0.9371 0.1360
vn 0.4103 0.8811 0.2351
vn 0.0838 0.9800 0.1805
vn 0.0895 0.9697 0.2273
vn 0.1647 0.9471 0.2756
vn 0.1456 0.9397 0.3096
vn 0.1537 0.9176 0.3666
vn 0.1205 0.9200 0.3728
vn 0.2431 0.7641 0.5976
vn 0.2252 0.8290 0.5119
vn 0.2259 0.8197 0.5264
vn 0.3415 0.7250 0.5981
vn 0.3411 0.8033 0.4882
vn 0.2829 0.7886 0.5459
vn 0.3919 0.9000 0.1909
vn 0.3592 0.9265 0.1118
vn 0.4592 0.8627 0.2117
vn 0.4741 0.8496 0.2312
vn 0.5156 0.8083 0.2841
vn 0.5846 0.7370 0.3392
vn 0.5481 0.7734 0.3184
vn 0.3343 0.9318 0.1414
vn 0.1335 0.9613 0.2411
vn 0.2048 0.9625 0.1782
vn 0.1676 0.9414 0.2927
vn 0.1185 0.9384 0.3247
vn 0.1417 0.9867 0.0794
vn 0.1446 0.9763 0.1612
vn 0.3796 0.8740 0.3033
vn 0.4081 0.8080 0.4250
vn 0.3110 0.8764 0.3678
vn 0.2495 0.7536 0.6081
vn 0.3733 0.7957 0.4769
vn 0.2589 0.8197 0.5110
vn 0.1375 0.8018 0.5815
vn 0.3654 0.8001 0.4756
vn 0.3000 0.7927 0.5307
vn 0.2102 0.8138 0.5418
vn 0.3166 0.9289 0.1923
vn 0.5084 0.8043 0.3076
vn 0.0371 0.9987 0.0338
vn 0.0144 0.9995 0.0297
vn -0.0025 0.9999 0.0098
vn 0.0244 0.9997 0.0001
vn 0.0146 0.9982 0.0583
vn 0.0377 0.9967 0.0714
vn 0.0034 0.9985 0.0540
vn 0.0157 0.9867 0.1618
vn -0.0169 0.9998 0.0125
vn -0.0199 0.9935 0.1122
vn -0.4041 0.9066 -0.1213
vn -0.5473 0.8098 -0.2113
vn -0.0502 0.9985 0.0223
vn 0.4352 0.8822 0.1799
vn 0.6504 0.6820 0.3344
vn 0.6319 0.6954 0.3424
vn 0.3582 0.6786 0.6413
vn 0.5235 0.7122 0.4677
vn 0.4641 0.8001 0.3801
vn 0.2059 0.9716 0.1170
vn -0.6096 0.7546 -0.2429
vn -0.9196 0.2137 -0.3297
vn 0.4204 0.8650 0.2738
vn 0.2262 0.9051 0.3600
vn 0.2732 0.8915 0.3613
vn 0.4409 0.8283 0.3457
vn 0.3204 0.8286 0.4591
vn 0.1485 0.7996 0.5819
vn 0.3526 0.8235 0.4445
vn 0.2916 0.8720 0.3931
vn 0.5985 0.6993 0.3909
vn -0.0630 0.9980 -0.0036
vn 0.3267 0.9248 0.1948
vn 0.4242 0.7465 0.5127
vn 0.4815 0.7095 0.5145
vn 0.3347 0.7909 0.5124
vn 0.4810 0.7071 0.5182
vn 0.2802 0.9038 0.3235
vn 0.2615 0.9086 0.3256
vn 0.3250 0.7921 0.5167
vn 0.4336 0.8614 0.2645
vn 0.4495 0.8302 0.3296
vn 0.5343 0.7445 0.4003
vn 0.3579 0.8838 0.3014
vn 0.5967 0.7356 0.3207
vn 0.6439 0.7150 0.2724
vn 0.4422 0.7392 0.5080
vn 0.3209 0.8024 0.5032
vn 0.4790 0.8119 0.3338
vn 0.5726 0.7476 0.3364
vn 0.6287 0.6953 0.3483
vn 0.5527 0.7054 0.4439
vn -0.8029 0.2838 -0.5242
vn -0.8344 -0.2674 -0.4819
vn -0.7442 0.5089 -0.4326
vn 0.3006 0.9199 0.2518
vn -0.3907 0.9018 -0.1846
vn -0.7498 0.4333 -0.5001
vn 0.3966 0.8926 0.2146
vn -0.5050 0.8332 -0.2251
vn -0.6038 0.7201 -0.3419
vn 0.5374 0.7162 0.4453
vn 0.2359 0.9216 0.3082
vn 0.0598 0.9627 0.2637
vn 0.3689 0.8849 0.2844
vn 0.3916 0.9032 0.1755
vn 0.1728 0.9404 0.2927
vn 0.1994 0.9497 0.2413
vn 0.2274 0.9530 0.2000
vn 0.2463 0.9345 0.2570
vn 0.0056 0.9663 0.2572
vn -0.0270 0.9890 0.1455
vn -0.0256 0.9901 0.1381
vn 0.1457 0.9850 0.0926
vn 0.0715 0.9363 0.3439
vn 0.2034 0.9214 0.3310
vn 0.0199 0.9519 0.3057
vn -0.0456 0.9447 0.3248
vn -0.7577 0.3543 -0.5480
vn -0.5787 0.7354 -0.3526
vn 0.0448 0.9631 0.2655
vn 0.0631 0.9392 0.3375
vn 0.6504 0.7026 0.2885
vn 0.7049 0.6460 0.2928
vn -0.0276 0.9647 0.2618
vn 0.2585 0.9590 0.1157
vn 0.0545 0.9974 0.0480
vn 0.1009 0.9946 0.0255
vn 0.0278 0.9996 0.0084
vn 0.0751 0.9971 0.0084
vn 0.5549 0.7815 0.2853
vn 0.1531 0.9483 0.2782
vn -0.0685 0.9976 -0.0134
vn -0.6924 0.4737 -0.5442
vn -0.5720 -0.1377 -0.8086
vn -0.5722 -0.4950 -0.6539
vn -0.6337 -0.0514 -0.7718
vn 0.0224 0.9574 0.2878
vn -0.7796 0.0064 -0.6262
vn 0.2806 0.8777 0.3886
vn 0.2277 0.8265 0.5147
vn 0.3386 0.8716 0.3545
vn 0.2078 0.9016 0.3794
vn 0.5087 0.7533 0.4167
vn 0.5841 0.7491 0.3124
vn 0.5322 0.7516 0.3897
vn 0.0345 0.9992 -0.0220
vn -0.0224 0.9962 -0.0847
vn 0.4871 0.7541 0.4405
vn 0.1892 0.9533 0.2353
vn 0.2193 0.9644 0.1477
vn 0.3350 0.9227 0.1910
vn 0.4186 0.8739 0.2472
vn 0.4387 0.7622 0.4761
vn 0.2845 0.9442 0.1662
vn -0.8066 -0.0338 -0.5901
vn -0.7458 -0.4694 -0.4727
vn 0.3091 0.9162 0.2551
vn 0.2453 0.9215 0.3011
vn 0.1913 0.9592 0.2084
vn 0.4229 0.7296 0.5375
vn 0.4625 0.6589 0.5932
vn 0.3654 0.7040 0.6090
vn 0.1623 0.9716 0.1722
vn -0.0211 0.9996 0.0204
vn 0.2678 0.9374 0.2226
vn -0.0917 0.9884 -0.1211
vn 0.2127 0.9702 0.1164
vn 0.3514 0.8891 0.2933
vn 0.3085 0.9274 0.2115
vn 0.0001 0.9852 0.1715
vn 0.0001 0.9872 0.1593
vn 0.5895 0.7539 0.2901
vn -0.7782 0.5322 -0.3334
vn -0.1735 0.9847 -0.0191
vn -0.5986 0.7763 -0.1976
vn -0.7477 0.4331 -0.5035
vn -0.4092 0.8430 -0.3493
vn 0.0740 0.9971 0.0199
vn 0.4049 0.6700 0.6222
vn -0.5142 -0.8329 -0.2048
vn -0.4428 -0.8773 -0.1850
vn -0.4603 -0.8439 -0.2756
vn -0.6603 -0.6891 -0.2985
vn -0.7488 -0.4697 -0.4676
vn -0.8314 -0.4406 -0.3386
vn -0.4593 -0.8572 -0.2330
vn -0.5482 -0.7768 -0.3098
vn -0.4271 -0.8703 -0.2451
vn -0.5860 -0.7318 -0.3479
vn -0.5223 -0.8131 -0.2570
vn -0.4213 -0.8785 -0.2253
vn -0.5805 -0.6458 -0.4959
vn -0.7927 0.1559 -0.5893
vn -0.7108 -0.5928 -0.3787
vn -0.6352 -0.6106 -0.4730
vn -0.4456 -0.8393 -0.3113
vn -0.5555 -0.7017 -0.4461
vn -0.6638 -0.7052 -0.2489
vn -0.6675 -0.6891 -0.2821
vn -0.9202 -0.1281 -0.3700
vn -0.9577 -0.0786 -0.2770
vn -0.7661 0.0537 -0.6405
vn 0.4693 0.7778 0.4180
vn 0.4935 0.6288 0.6009
vn 0.5602 0.6839 0.4674
vn 0.5260 0.7246 0.4452
vn 0.5759 0.6941 0.4320
vn 0.4785 0.6993 0.5311
vn 0.5096 0.7082 0.4886
vn 0.5995 0.6958 0.3955
vn 0.5502 0.7241 0.4159
vn 0.1568 0.9716 0.1772
vn 0.5984 0.6315 0.4931
vn 0.4624 0.7875 0.4075
vn -0.1851 0.9712 -0.1500
vn 0.3600 0.6571 0.6622
vn 0.3569 0.6784 0.6422
vn 0.4447 0.6725 0.5916
vn 0.5483 0.7139 0.4356
vn 0.5134 0.7260 0.4575
vn 0.2856 0.9481 0.1399
vn 0.5243 0.6755 0.5184
vn 0.4481 0.7700 0.4542
vn 0.4012 0.7648 0.5041
vn 0.1596 0.9705 0.1806
vn 0.2686 0.9057 0.3281
vn 0.2831 0.8845 0.3708
vn -0.4835 0.6210 -0.6169
vn -0.3714 0.7235 -0.5819
vn 0.0540 0.9915 0.1188
vn -0.4654 0.5222 -0.7146
vn -0.0200 0.9998 0.0091
vn -0.2315 0.9267 -0.2961
vn -0.5189 0.5793 -0.6286
vn -0.2269 0.9105 -0.3458
vn 0.0566 0.9983 0.0128
vn 0.0534 0.9985 0.0137
vn 0.0188 0.9982 0.0561
vn 0.0479 0.9986 0.0223
vn 0.0173 0.9993 0.0341
vn 0.0144 0.9982 0.0576
vn 0.0199 0.9997 0.0138
vn 0.0000 0.9984 0.0573
vn 0.0547 0.9963 0.0667
vn 0.0170 0.9987 0.0485
vn -0.0017 0.9976 0.0688
vn 0.0259 0.9994 0.0233
vn 0.0001 0.9990 0.0440
vn 0.0420 0.9989 0.0209
vn 0.0579 0.9949 0.0823
vn 0.0142 0.9992 0.0372
vn 0.0045 0.9950 0.0994
vn -0.0170 0.9995 0.0282
vn 0.0944 0.9937 0.0610
vn -0.0014 1.0000 0.0062
vn 0.0214 0.9997 0.0133
vn 0.0225 0.9997 -0.0045
vn -0.0189 0.9998 0.0006
vn 0.0118 0.9999 0.0008
vn -0.1201 0.9188 -0.3761
vn -0.2110 0.9633 -0.1658
vn -0.7199 0.0487 -0.6924
vn -0.3004 0.9127 -0.2770
vn 0.1893 0.9505 0.2466
vn -0.4722 0.7537 -0.4570
vn -0.7279 0.3841 -0.5680
vn -0.1081 0.9888 -0.1029
vn 0.4637 0.8583 0.2199
vn 0.0306 0.9874 0.1553
vn -0.5234 0.7352 -0.4308
vn 0.2524 0.9654 0.0661
vn 0.0441 0.9941 0.0990
vn 0.0971 0.9282 0.3593
vn 0.1444 0.9351 0.3237
vn 0.1968 0.9174 0.3460
vn 0.1757 0.8776 0.4461
vn 0.1594 0.9425 0.2938
vn 0.1040 0.9156 0.3884
vn 0.2046 0.8840 0.4203
vn 0.2533 0.8005 0.5432
vn 0.1931 0.9113 0.3636
vn -0.9083 0.0794 -0.4108
vn -0.8582 -0.3512 -0.3744
vn 0.2076 0.8361 0.5078
vn 0.2410 0.7818 0.5751
vn 0.2256 0.8288 0.5120
vn 0.2820 0.7591 0.5868
vn 0.2535 0.8481 0.4654
vn 0.0045 0.9994 0.0343
vn 0.3402 0.7683 0.5422
vn -0.1963 0.9433 -0.2676
vn 0.1607 0.9285 0.3349
vn 0.1320 0.8085 0.5736
vn 0.0136 0.9376 0.3475
vn 0.0353 0.9018 0.4307
vn 0.1445 0.8740 0.4640
vn 0.0549 0.9100 0.4110
vn 0.0164 0.9677 0.2517
vn 0.2839 0.6938 0.6618
vn 0.0031 0.9572 0.2895
vn 0.1053 0.8568 0.5048
vn 0.0569 0.9110 0.4086
vn 0.1196 0.9037 0.4111
vn -0.6946 0.4081 -0.5924
vn -0.7010 -0.3668 -0.6117
vn -0.6884 -0.5475 -0.4758
vn -0.9497 0.0079 -0.3129
vn -0.7318 -0.6237 -0.2748
vn -0.7318 -0.3476 -0.5862
vn -0.7314 -0.3387 -0.5919
vn -0.7995 0.0716 -0.5964
vn -0.5274 -0.6625 -0.5320
vn -0.5775 -0.6413 -0.5051
vn -0.1978 0.9669 -0.1612
vn -0.0509 0.9697 0.2389
vn -0.0466 0.9678 0.2474
vn -0.2392 0.8041 0.5443
vn -0.3218 0.6912 0.6471
vn 0.0008 0.9967 0.0813
vn -0.5210 0.7701 0.3682
vn -0.3449 0.9080 0.2379
vn -0.5314 0.7168 0.4514
vn 0.0946 0.9955 -0.0029
vn 0.1822 0.9620 -0.2033
vn -0.0939 0.9696 -0.2261
vn 0.7804 0.2118 -0.5883
vn 0.6453 -0.5728 -0.5056
vn 0.7313 0.3438 -0.5890
vn 0.0549 0.9984 -0.0116
vn -0.3570 0.8742 0.3292
vn 0.7908 -0.1629 -0.5900
vn 0.7387 -0.4542 -0.4981
vn 0.4621 0.8434 -0.2742
vn 0.6840 0.6241 -0.3776
vn -0.1178 0.9818 0.1491
vn 0.8020 0.3798 -0.4611
vn -0.3752 0.8724 0.3132
vn -0.3560 0.7010 0.6180
vn -0.3154 0.8199 0.4777
vn -0.1134 0.9665 0.2304
vn -0.4049 0.7962 0.4496
vn -0.3937 0.7437 0.5403
vn -0.3667 0.8102 0.4573
vn -0.4671 0.7225 0.5097
vn -0.0640 0.9843 0.1642
vn -0.1120 0.9782 0.1750
vn -0.3053 0.7880 0.5347
vn -0.3210 0.9386 0.1266
vn -0.5477 0.7931 0.2665
vn -0.6409 0.6944 0.3272
vn -0.6108 0.7800 0.1362
vn -0.3006 0.9533 0.0292
vn 0.5355 0.8221 -0.1934
vn 0.7758 0.5907 -0.2217
vn -0.1446 0.9889 0.0348
vn 0.3441 0.9305 -0.1258
vn -0.5398 0.8017 0.2565
vn -0.4722 0.8653 0.1680
vn -0.6608 0.7145 0.2298
vn -0.6133 0.7047 0.3566
vn -0.5890 0.7681 0.2510
vn -0.5130 0.8166 0.2644
vn -0.4776 0.8633 0.1630
vn 0.3365 0.9397 0.0618
vn 0.4305 0.8938 -0.1256
vn -0.4206 0.8894 0.1791
vn -0.5864 0.7568 0.2887
vn 0.2083 0.9494 -0.2350
vn 0.3705 0.8757 -0.3096
vn -0.2239 0.9108 0.3468
vn -0.1615 0.9848 0.0647
vn -0.3930 0.7616 0.5153
vn -0.0064 0.9982 0.0594
vn -0.0744 0.9800 0.1846
vn 0.6103 -0.2853 -0.7390
vn -0.6440 0.7209 0.2561
vn -0.7007 0.6835 0.2044
vn 0.5799 0.0383 -0.8138
vn -0.2091 0.9303 0.3014
vn -0.2488 0.9080 0.3372
vn -0.2750 0.8868 0.3715
vn -0.6081 0.7557 0.2431
vn -0.2171 0.9316 0.2915
vn -0.6296 0.6944 0.3484
vn 0.0169 0.9996 0.0216
vn 0.0209 0.9996 0.0177
vn -0.5968 0.6963 0.3987
vn -0.6545 0.7098 0.2604
vn -0.5277 0.7809 0.3342
vn -0.5199 0.7861 0.3342
vn -0.5724 0.7985 0.1866
vn -0.4822 0.8305 0.2790
vn 0.0932 0.9871 -0.1303
vn 0.6819 -0.0651 -0.7286
vn -0.0036 0.9987 0.0507
vn -0.0125 0.9999 -0.0025
vn 0.1686 0.9743 -0.1493
vn -0.1563 0.8991 0.4088
vn -0.1424 0.9105 0.3882
vn 0.3110 0.9053 -0.2892
vn -0.0855 0.9916 0.0973
vn 0.7623 -0.1186 -0.6363
vn -0.0087 0.9988 -0.0480
vn 0.6388 -0.0193 -0.7691
vn 0.4313 -0.6383 -0.6376
vn 0.4417 -0.4121 -0.7969
vn 0.6549 0.6666 -0.3559
vn 0.5711 0.5241 -0.6318
vn 0.4891 0.6426 -0.5898
vn 0.6913 0.4655 -0.5526
vn 0.5488 -0.2567 -0.7955
vn 0.5446 -0.1936 -0.8160
vn 0.5063 -0.4257 -0.7499
vn 0.2510 0.5991 -0.7603
vn 0.3807 0.4922 -0.7829
vn -0.3048 0.9119 0.2749
vn -0.4472 0.7627 0.4673
vn -0.2196 0.9454 0.2409
vn 0.4827 0.5451 -0.6854
vn -0.0825 0.9467 0.3113
vn -0.0709 0.9971 0.0263
vn 0.5965 -0.2680 -0.7566
vn 0.5554 -0.3829 -0.7381
vn -0.3208 0.7084 0.6287
vn -0.1426 0.9363 0.3211
vn -0.2322 0.8919 0.3880
vn 0.5433 -0.5476 -0.6364
vn 0.4614 -0.6696 -0.5821
vn 0.5305 -0.4429 -0.7227
vn 0.4328 -0.7010 -0.5669
vn 0.5309 0.1238 -0.8384
vn -0.1139 0.9117 0.3948
vn -0.4582 0.6936 0.5559
vn 0.6872 0.2287 -0.6896
vn 0.6971 0.3381 -0.6322
vn 0.4431 -0.7050 -0.5537
vn 0.5107 -0.6932 -0.5086
vn 0.4402 -0.7264 -0.5278
vn 0.7154 0.2753 -0.6422
vn 0.6011 -0.6091 -0.5174
vn 0.5915 -0.4199 -0.6883
vn 0.6679 0.3035 -0.6795
vn 0.6065 0.0088 -0.7951
vn 0.2905 0.7410 -0.6054
vn 0.6106 0.1878 -0.7694
vn 0.3602 -0.6571 -0.6621
vn 0.5127 -0.4929 -0.7029
vn -0.1053 0.9850 0.1369
vn -0.4975 0.7344 0.4617
vn 0.4137 -0.6153 -0.6710
vn 0.4637 -0.3813 -0.7998
vn 0.5347 0.2498 -0.8073
vn 0.3928 -0.4699 -0.7905
vn 0.5047 -0.4207 -0.7539
vn -0.3722 0.7210 0.5844
vn -0.4005 0.7123 0.5765
vn 0.4896 0.7470 -0.4496
vn 0.6276 0.1082 -0.7710
vn 0.0619 0.9784 0.1970
vn -0.5949 0.6624 0.4553
vn -0.5933 0.7310 0.3370
vn -0.5208 0.7234 0.4532
vn -0.5308 0.6772 0.5095
vn 0.4544 0.8714 -0.1849
vn 0.7923 0.4404 -0.4222
vn -0.0040 1.0000 -0.0056
vn 0.7648 -0.4756 -0.4346
vn 0.7726 0.4024 -0.4911
vn -0.1024 0.9930 0.0595
vn 0.8650 0.0794 -0.4955
vn -0.1484 0.9787 0.1420
vn -0.0907 0.9793 0.1810
vn 0.9040 -0.1958 -0.3800
vn 0.7835 -0.5260 -0.3309
vn 0.5593 -0.0983 -0.8231
vn 0.6375 -0.2516 -0.7282
vn 0.6134 -0.5669 -0.5500
vn 0.7375 -0.2715 -0.6184
vn 0.8435 -0.2051 -0.4964
vn 0.8243 0.0194 -0.5658
vn 0.7567 -0.1274 -0.6412
vn 0.6377 0.0767 -0.7665
vn 0.3857 -0.7426 -0.5476
vn 0.5710 -0.5125 -0.6413
vn 0.8869 -0.1029 -0.4503
vn 0.8268 -0.3788 -0.4158
vn 0.8323 -0.2144 -0.5111
vn 0.8298 -0.3557 -0.4300
vn 0.6175 -0.6359 -0.4630
vn 0.5088 -0.7654 -0.3940
vn 0.6295 -0.6145 -0.4756
vn 0.4503 -0.6794 -0.5793
vn -0.0594 0.9921 0.1105
vn 0.6920 -0.5254 -0.4952
vn 0.5595 -0.7430 -0.3673
vn 0.7271 0.5566 -0.4019
vn 0.4889 0.8582 -0.1565
vn 0.6983 0.6468 -0.3066
vn -0.0418 0.9919 0.1198
vn 0.5334 -0.7074 -0.4637
vn 0.7848 0.4620 -0.4131
vn 0.8680 0.1749 -0.4648
vn 0.5442 -0.7052 -0.4545
vn -0.1045 0.9803 0.1674
vn -0.1060 0.9585 0.2645
vn -0.0376 0.9856 0.1648
vn 0.5079 0.8312 -0.2261
vn 0.7909 -0.3144 -0.5251
vn 0.5243 -0.7094 -0.4710
vn 0.4195 -0.7622 -0.4930
vn 0.8642 0.1587 -0.4774
vn 0.8806 0.0859 -0.4661
vn 0.7893 0.4521 -0.4155
vn -0.3350 0.8813 0.3332
vn -0.2871 0.9216 0.2610
vn 0.8199 0.4101 -0.3996
vn 0.5659 0.7651 -0.3072
vn 0.6844 -0.0754 -0.7252
vn -0.1643 0.9811 0.1023
vn 0.7363 -0.5160 -0.4376
vn 0.8940 0.3172 -0.3163
vn 0.9457 -0.0154 -0.3246
vn 0.9446 -0.1973 -0.2624
vn 0.8851 -0.4233 -0.1936
vn -0.1255 0.8987 0.4201
vn -0.2243 0.8544 0.4687
vn -0.1109 0.9553 0.2741
vn -0.1455 0.9711 0.1891
vn -0.1467 0.9711 0.1883
vn -0.1129 0.9750 0.1914
vn -0.3296 0.9213 0.2065
vn -0.2881 0.9539 0.0835
vn -0.1748 0.9305 0.3220
vn -0.1031 0.9291 0.3552
vn -0.1648 0.9739 0.1562
vn -0.2615 0.9649 -0.0247
vn -0.2548 0.8466 0.4673
vn -0.2183 0.9652 0.1439
vn -0.3221 0.9413 0.1005
vn -0.2555 0.9185 0.3017
vn 0.7768 -0.6142 -0.1390
vn -0.7002 0.6860 0.1977
vn 0.7901 -0.5896 -0.1674
vn 0.7064 -0.6780 -0.2031
vn 0.8146 -0.5262 -0.2438
vn -0.3568 0.7471 0.5608
vn -0.3197 0.8153 0.4827
vn -0.3187 0.9049 0.2820
vn -0.3615 0.8388 0.4071
vn -0.2698 0.8851 0.3792
vn 0.9537 0.2113 -0.2138
vn 0.9038 -0.1388 -0.4048
vn 0.9445 -0.1682 -0.2823
vn 0.8674 -0.1164 -0.4839
vn 0.5991 -0.7198 -0.3506
vn 0.7178 -0.6606 -0.2201
vn 0.6976 -0.6338 -0.3340
vn 0.9191 -0.2707 -0.2864
vn 0.5915 0.7785 -0.2099
vn -0.2470 0.9339 0.2583
vn -0.3045 0.8891 0.3417
vn 0.1073 0.9762 -0.1887
vn 0.6587 -0.6568 -0.3670
vn 0.4248 0.1262 -0.8965
vn 0.5641 0.1827 -0.8053
vn 0.8727 -0.3271 -0.3625
vn 0.8664 0.2374 -0.4393
vn 0.8039 -0.4158 -0.4253
vn 0.8377 -0.5200 -0.1670
vn 0.6839 -0.7042 -0.1908
vn -0.3941 0.9057 0.1564
vn -0.4128 0.9089 0.0597
vn 0.6750 -0.6881 -0.2663
vn 0.9832 -0.1457 -0.1100
vn -0.3819 0.8933 0.2369
vn -0.3094 0.8716 0.3802
vn -0.2942 0.9120 0.2859
vn -0.3101 0.8940 0.3233
vn -0.3676 0.8950 0.2526
vn -0.3241 0.8937 0.3102
vn -0.4711 0.8073 0.3554
vn -0.3646 0.8709 0.3296
vn -0.4931 0.8260 0.2730
vn -0.4039 0.8655 0.2963
vn -0.3374 0.8672 0.3662
vn -0.2822 0.9026 0.3252
vn 0.8600 0.4486 -0.2433
vn -0.3933 0.8814 0.2617
vn -0.3173 0.8867 0.3362
vn -0.4423 0.8918 0.0949
vn -0.5305 0.8412 0.1051
vn -0.2030 0.9704 0.1309
vn -0.5423 0.8315 0.1206
vn -0.3798 0.8783 0.2906
vn -0.2748 0.9083 0.3154
vn -0.2486 0.9512 0.1829
vn -0.2934 0.9167 0.2712
vn -0.4242 0.8704 0.2500
vn -0.5683 0.8005 0.1902
vn 0.9175 0.3977 0.0026
vn -0.5178 0.8333 0.1937
vn -0.5574 0.8050 0.2030
vn -0.3975 0.8208 0.4102
vn 0.4523 0.8907 0.0458
vn -0.5070 0.7342 0.4515
vn -0.3915 0.8462 0.3615
vn -0.4601 0.7943 0.3967
vn -0.2589 0.8674 0.4249
vn 0.6990 -0.6666 -0.2590
vn 0.8113 -0.4825 -0.3301
vn 0.9172 -0.3487 -0.1925
vn 0.8004 -0.5940 -0.0804
vn 0.9275 -0.3089 -0.2105
vn 0.9233 0.2662 -0.2767
vn 0.9504 0.1026 -0.2937
vn 0.9083 -0.3466 -0.2342
vn 0.8595 -0.5097 0.0382
vn 0.7037 0.6901 -0.1691
vn 0.4279 0.9028 -0.0433
vn 0.6696 0.7169 -0.1944
vn 0.4210 0.8803 -0.2185
vn 0.8969 0.4168 -0.1480
vn 0.5886 0.7950 -0.1465
vn 0.2560 0.9638 -0.0746
vn 0.0615 0.9970 -0.0468
vn 0.9299 0.2474 -0.2720
vn 0.1864 0.9821 0.0278
vn 0.1574 0.9875 0.0091
vn 0.9743 -0.1274 -0.1859
vn 0.6935 -0.7204 0.0018
vn -0.0724 0.9667 0.2454
vn -0.2594 0.0189 0.9656
vn -0.3707 0.0946 0.9239
vn -0.0482 0.9829 0.1779
vn 0.0839 0.9102 -0.4055
vn -0.0190 0.9951 0.0968
vn -0.0755 0.9358 0.3443
vn -0.0259 0.9987 0.0440
vn -0.1442 0.9007 0.4098
vn -0.3402 -0.2643 0.9025
vn -0.2548 0.5499 0.7954
vn -0.1068 0.5899 0.8003
vn -0.1246 0.9550 0.2693
vn -0.2503 -0.5484 0.7978
vn -0.2649 -0.6515 0.7109
vn -0.1630 0.9067 0.3891
vn 0.0980 0.9400 -0.3268
vn -0.2665 -0.5203 0.8114
vn -0.0902 -0.5779 0.8111
vn -0.1761 -0.6431 0.7453
vn -0.2619 -0.6656 0.6988
vn -0.3242 -0.5961 0.7346
vn -0.1556 -0.5873 0.7943
vn -0.6648 0.3326 0.6689
vn -0.6571 -0.2559 0.7090
vn -0.6684 -0.3228 0.6700
vn -0.3408 -0.5238 0.7807
vn -0.2584 -0.6550 0.7101
vn -0.2380 -0.7026 0.6706
vn -0.1012 0.9662 0.2373
vn -0.1043 0.9933 -0.0501
vn -0.4048 0.8429 0.3545
vn 0.1689 0.9568 -0.2368
vn 0.2544 0.9405 -0.2253
vn 0.1839 0.9706 -0.1552
vn 0.2895 0.9226 -0.2550
vn 0.2813 0.9307 -0.2339
vn 0.3451 0.9085 -0.2356
vn 0.2591 0.9599 -0.1071
vn 0.2718 0.9380 -0.2154
vn -0.2776 -0.5629 0.7785
vn 0.2017 0.9685 -0.1460
vn 0.1341 0.9909 -0.0093
vn -0.3096 -0.5965 0.7405
vn -0.3690 -0.4186 0.8298
vn -0.3553 -0.6315 0.6892
vn 0.2645 0.9537 -0.1431
vn 0.1714 0.9451 -0.2783
vn 0.1412 0.9899 -0.0144
vn 0.1624 0.9825 -0.0911
vn -0.5134 0.0482 0.8568
vn -0.4700 -0.1323 0.8727
vn -0.4365 -0.4029 0.8044
vn 0.1939 0.9789 -0.0646
vn 0.1246 0.9856 -0.1147
vn 0.2836 0.9453 -0.1612
vn 0.1445 0.9782 -0.1491
vn -0.3082 -0.5642 0.7660
vn -0.3895 -0.4543 0.8012
vn -0.2882 -0.5018 0.8156
vn 0.2161 0.9449 -0.2459
vn 0.1854 0.9371 -0.2957
vn 0.1509 0.9686 -0.1973
vn -0.1851 -0.5459 0.8172
vn -0.2213 -0.5754 0.7874
vn -0.4154 -0.5531 0.7222
vn 0.1387 0.9844 -0.1087
vn 0.0663 -0.5306 0.8451
vn -0.1121 -0.6705 0.7334
vn -0.4802 0.7129 0.5110
vn -0.5311 0.3113 0.7881
vn -0.3781 0.6863 0.6213
vn 0.1608 0.9820 -0.0989
vn 0.3470 0.9188 -0.1882
vn -0.2315 -0.5652 0.7918
vn -0.1660 -0.5402 0.8250
vn -0.4910 0.7893 0.3686
vn -0.6701 0.5145 0.5351
vn -0.4012 -0.0227 0.9157
vn 0.3355 0.7957 -0.5043
vn 0.4667 0.7317 -0.4969
vn 0.4237 0.7287 -0.5380
vn 0.3657 0.7482 -0.5535
vn 0.3386 0.7335 -0.5894
vn 0.2683 0.8403 -0.4710
vn 0.3212 0.8046 -0.4995
vn 0.3328 0.7788 -0.5316
vn 0.3465 0.7229 -0.5978
vn 0.2758 0.7293 -0.6262
vn 0.4843 0.7915 -0.3728
vn 0.3742 0.8426 -0.3874
vn 0.4007 0.8273 -0.3937
vn 0.0456 0.9982 0.0390
vn 0.3689 0.8324 -0.4135
vn 0.3256 0.9048 -0.2744
vn -0.2601 0.9152 0.3077
vn 0.0040 0.9958 0.0918
vn 0.1788 0.9555 -0.2347
vn 0.4789 0.6445 -0.5961
vn 0.4325 0.7337 -0.5240
vn 0.2002 0.9048 -0.3758
vn 0.2656 0.8314 -0.4881
vn 0.1840 0.9172 -0.3535
vn -0.0252 0.9985 0.0481
vn 0.3051 0.8127 -0.4963
vn 0.0689 0.9964 -0.0487
vn -0.3271 -0.3227 0.8882
vn -0.4013 -0.3175 0.8592
vn 0.4993 0.7540 -0.4269
vn 0.5253 0.7180 -0.4567
vn 0.1197 -0.4917 0.8625
vn 0.1236 -0.1642 0.9787
vn -0.0437 -0.2112 0.9765
vn 0.3328 0.9036 -0.2696
vn 0.4415 0.7504 -0.4918
vn 0.5547 0.7217 -0.4142
vn 0.2229 0.9425 -0.2491
vn 0.4479 0.7940 -0.4111
vn 0.5104 0.7475 -0.4251
vn -0.3579 0.6190 0.6991
vn 0.0362 0.7950 0.6056
vn 0.0136 0.7862 0.6178
vn 0.0062 0.6584 0.7527
vn 0.5422 0.7117 -0.4466
vn 0.3688 0.8767 -0.3088
vn 0.3130 0.7688 -0.5576
vn -0.6807 -0.2245 0.6973
vn -0.6337 0.2339 0.7374
vn -0.1128 -0.6061 0.7874
vn 0.3389 0.8556 -0.3914
vn -0.2942 0.5090 0.8089
vn -0.1085 0.1298 0.9856
vn -0.2647 0.4547 0.8504
vn 0.1813 0.7822 -0.5961
vn 0.2205 0.6991 -0.6802
vn 0.2506 0.7433 -0.6203
vn 0.2917 0.7635 -0.5762
vn 0.0753 0.9087 -0.4106
vn 0.1670 0.7325 -0.6600
vn 0.0320 0.9964 -0.0786
vn 0.2043 0.8353 -0.5105
vn -0.0278 0.9963 -0.0811
vn -0.4964 0.2173 0.8404
vn 0.0595 0.6764 0.7341
vn 0.4575 0.7922 -0.4040
vn 0.3071 0.7807 -0.5443
vn 0.2140 0.7848 -0.5817
vn -0.5252 0.6340 0.5676
vn -0.4941 0.4006 0.7717
vn 0.2396 0.8501 -0.4689
vn 0.3184 0.7741 -0.5471
vn 0.1925 0.8307 -0.5223
vn 0.1833 0.8637 -0.4695
vn -0.2996 -0.4314 0.8509
vn 0.1736 0.8236 -0.5399
vn 0.1153 0.9666 -0.2291
vn -0.2753 0.7961 0.5389
vn -0.0247 -0.5131 0.8579
vn -0.0227 0.5118 0.8588
vn -0.0035 0.2319 0.9727
vn 0.1113 0.3774 0.9193
vn -0.1752 0.9765 0.1253
vn -0.5803 -0.4848 0.6545
vn -0.6479 -0.4302 0.6286
vn -0.0860 0.9554 0.2824
vn 0.1680 0.8527 -0.4947
vn 0.5383 0.7118 -0.4512
vn 0.2152 0.8307 -0.5134
vn -0.3010 0.4349 0.8487
vn -0.2931 0.6328 0.7167
vn -0.2646 0.5977 0.7568
vn 0.1874 0.7619 -0.6200
vn -0.3639 -0.5280 0.7673
vn -0.3000 -0.7008 0.6473
vn -0.6184 -0.4686 0.6309
vn 0.1733 0.6286 0.7582
vn -0.0244 0.4994 0.8660
vn -0.3695 -0.5370 0.7583
vn -0.5260 -0.5059 0.6836
vn -0.3179 0.7132 0.6247
vn -0.4494 0.5868 0.6736
vn -0.3884 0.5126 0.7658
vn -0.4485 -0.4967 0.7430
vn -0.4293 -0.3280 0.8415
vn -0.4520 0.3154 0.8344
vn -0.2692 0.6514 0.7094
vn -0.2910 0.6265 0.7230
vn -0.2925 -0.4853 0.8239
vn -0.2885 -0.5503 0.7835
vn -0.1670 -0.5634 0.8091
vn -0.3604 -0.5947 0.7187
vn -0.6003 -0.4341 0.6717
vn -0.7268 -0.2800 0.6272
vn -0.6899 -0.4198 0.5898
vn -0.4790 -0.3386 0.8098
vn -0.3809 -0.6163 0.6893
vn -0.7747 -0.1627 0.6110
vn -0.8302 0.0910 0.5499
vn -0.6932 0.4595 0.5552
vn -0.7325 -0.3769 0.5669
vn -0.7920 -0.1968 0.5779
vn 0.1492 -0.4163 0.8969
vn -0.4026 0.8763 0.2645
vn -0.1574 0.9759 0.1512
vn -0.0899 -0.4002 0.9120
vn 0.3730 0.8875 -0.2705
vn 0.3210 0.8816 -0.3461
vn 0.3926 0.8690 -0.3013
vn -0.1674 -0.7626 0.6248
vn -0.4258 -0.7034 0.5691
vn -0.4965 -0.5934 0.6335
vn -0.4137 -0.7043 0.5769
vn -0.3921 -0.7767 0.4930
vn -0.1656 -0.7855 0.5963
vn -0.2244 -0.7516 0.6203
vn -0.3205 0.8546 0.4086
vn -0.4400 0.6794 0.5871
vn -0.4632 -0.6911 0.5548
vn -0.5649 -0.5522 0.6132
vn -0.1485 -0.2656 0.9526
vn 0.1665 0.9777 -0.1279
vn -0.7873 0.0153 0.6163
vn -0.7564 0.0768 0.6495
vn -0.7404 -0.1882 0.6453
vn 0.4395 0.8353 -0.3303
vn 0.5028 0.8052 -0.3144
vn -0.3941 0.8233 0.4085
vn 0.4174 0.8698 -0.2631
vn -0.6869 -0.4148 0.5968
vn -0.6711 0.3855 0.6333
vn 0.0362 0.9931 0.1113
vn -0.2089 0.9449 0.2522
vn -0.3144 0.8870 0.3383
vn -0.1024 0.9865 0.1282
vn -0.5479 0.1151 0.8286
vn -0.5262 0.5380 0.6585
vn -0.4986 0.3310 0.8012
vn -0.5473 0.6263 0.5551
vn -0.6069 -0.1696 0.7765
vn -0.5505 -0.2737 0.7886
vn -0.5557 0.2014 0.8066
vn -0.4415 -0.2499 0.8618
vn -0.5769 -0.5376 0.6150
vn -0.4035 0.3848 0.8302
vn -0.3112 0.0146 0.9502
vn -0.3608 -0.1582 0.9191
vn -0.3000 0.3205 0.8985
vn -0.3579 0.2251 0.9062
vn -0.2495 -0.4088 0.8779
vn -0.2890 -0.2591 0.9216
vn -0.3480 -0.0810 0.9340
vn -0.2394 -0.5131 0.8243
vn -0.3417 0.3042 0.8892
vn -0.3391 0.5049 0.7938
vn -0.2742 -0.4919 0.8263
vn -0.1393 0.3382 0.9307
vn -0.0999 -0.1870 0.9773
vn -0.2398 -0.2751 0.9310
vn -0.1676 0.4478 0.8783
vn 0.0225 0.2231 0.9745
vn -0.2435 -0.5133 0.8229
vn -0.0851 -0.5462 0.8333
vn 0.0497 -0.5779 0.8146
vn -0.2669 -0.4079 0.8732
vn -0.0970 -0.5533 0.8273
vn -0.4621 0.0943 0.8818
vn -0.3502 0.8490 0.3956
vn -0.6233 -0.0778 0.7781
vn 0.0089 0.9113 0.4116
vn -0.1258 0.9919 0.0184
vn -0.1297 0.7728 0.6213
vn 0.0412 0.4792 0.8767
vn 0.0761 0.8484 -0.5239
vn 0.1500 0.6915 -0.7066
vn 0.1469 0.7056 -0.6933
vn 0.1731 0.8782 -0.4458
vn 0.1674 0.8015 -0.5741
vn 0.2347 0.8643 -0.4448
vn 0.3049 0.9523 -0.0149
vn 0.1260 0.9688 -0.2136
vn -0.6827 0.0940 0.7246
vn -0.5893 -0.3986 0.7027
vn -0.5432 -0.4488 0.7096
vn -0.5852 -0.4023 0.7041
vn -0.4500 -0.2759 0.8493
vn -0.4521 -0.5904 0.6686
vn -0.2131 -0.6251 0.7509
vn -0.1721 -0.5299 0.8305
vn -0.4730 -0.6456 0.5995
vn -0.4672 -0.6112 0.6388
vn -0.3061 0.8953 0.3236
vn -0.4438 0.7645 0.4675
vn -0.2953 0.9554 -0.0001
vn -0.6041 -0.4612 0.6499
vn -0.5109 -0.5946 0.6208
vn -0.4585 0.7855 0.4156
vn -0.4979 0.7405 0.4515
vn -0.5695 0.5821 0.5804
vn 0.1660 0.9132 -0.3722
vn 0.2260 0.9217 -0.3152
vn 0.2601 0.9141 -0.3112
vn 0.2230 0.9157 -0.3342
vn -0.6359 -0.5210 0.5694
vn -0.6138 -0.5264 0.5883
vn -0.7033 -0.2206 0.6758
vn -0.7725 -0.1350 0.6205
vn -0.6426 -0.5119 0.5701
vn -0.4078 0.5171 0.7525
vn -0.6946 -0.4812 0.5347
vn -0.6209 -0.4318 0.6542
vn -0.6514 -0.4577 0.6051
vn -0.5875 -0.4169 0.6936
vn -0.5006 0.4804 0.7201
vn -0.6536 0.1906 0.7325
vn -0.7736 -0.0292 0.6331
vn -0.6332 0.5368 0.5576
vn 0.2640 0.9123 -0.3132
vn 0.3267 0.8986 -0.2928
vn 0.3246 0.8866 -0.3294
vn 0.2855 0.8374 -0.4662
vn 0.2944 0.8876 -0.3543
vn 0.2689 0.8626 -0.4285
vn 0.2772 0.8855 -0.3729
vn 0.1773 0.9125 -0.3687
vn -0.7496 -0.1602 0.6422
vn 0.4930 0.8196 -0.2917
vn 0.3286 0.9391 0.1002
vn 0.2416 0.9526 -0.1850
vn 0.5436 0.7531 -0.3707
vn 0.5636 0.7087 -0.4244
vn 0.4274 0.8939 0.1352
vn 0.0514 0.9976 0.0461
vn 0.1124 0.9936 0.0132
vn -0.0224 0.9992 0.0340
vn -0.0017 0.9993 0.0382
vn 0.0063 0.9997 0.0229
vn 0.1526 0.9821 -0.1107
vn 0.0537 0.9985 0.0137
vn 0.1934 0.9803 -0.0403
vn -0.0233 0.9993 -0.0276
vn 0.0145 0.9995 -0.0284
vn -0.0026 1.0000 0.0096
vn 0.0361 0.9983 0.0447
vn 0.0140 0.9994 0.0304
vn 0.0336 0.9994 -0.0070
vn 0.0597 0.9980 -0.0221
vn -0.0011 0.9990 0.0437
vn 0.0272 0.9987 0.0439
vn 0.1752 0.9842 -0.0255
vn 0.0671 0.9974 0.0259
vn -0.8063 0.0132 0.5913
vn -0.8166 -0.0757 0.5722
vn -0.7724 0.2051 0.6012
vn -0.6951 0.4434 0.5660
vn 0.0064 0.9999 0.0112
vn 0.4075 0.8994 -0.1580
vn 0.1780 0.9791 -0.0983
vn 0.5662 0.7478 -0.3465
vn -0.7950 -0.2191 0.5657
vn 0.4015 0.9020 -0.1589
vn 0.3252 0.9386 -0.1149
vn 0.4587 0.8516 -0.2538
vn -0.9152 -0.1515 0.3734
vn -0.7804 -0.1231 0.6130
vn -0.8278 -0.2406 0.5068
vn -0.7515 -0.2058 0.6268
vn -0.7479 -0.3397 0.5703
vn -0.9253 -0.2752 0.2610
vn 0.3860 0.9129 -0.1328
vn -0.8298 -0.2749 0.4856
vn 0.4592 0.8582 -0.2294
vn 0.4825 0.8567 -0.1823
vn 0.5662 0.7817 -0.2614
vn 0.4533 0.8629 -0.2236
vn 0.0276 0.9996 -0.0054
vn 0.0551 0.9980 0.0317
vn -0.7127 -0.2490 0.6557
vn -0.6670 -0.3918 0.6337
vn -0.6741 -0.2796 0.6836
vn 0.5391 0.7849 -0.3055
vn 0.0697 0.9976 -0.0018
vn 0.5711 0.7454 -0.3438
vn 0.6368 0.6919 -0.3403
vn -0.9601 -0.1704 -0.2218
vn -0.9617 -0.2633 -0.0758
vn -0.9892 0.1200 0.0836
vn -0.9644 -0.2566 -0.0639
vn -0.9364 -0.3456 0.0604
vn -0.8745 -0.4845 -0.0243
vn -0.9374 -0.2735 0.2156
vn -0.9345 -0.2403 0.2625
vn -0.9677 -0.0961 0.2329
vn -0.7279 -0.6756 0.1171
vn -0.6956 -0.7041 0.1428
vn -0.7600 -0.6485 0.0420
vn -0.0138 0.9999 -0.0052
vn -0.7830 -0.6148 0.0946
vn -0.8763 -0.4370 0.2028
vn -0.8818 -0.4587 0.1093
vn -0.9322 -0.2516 -0.2601
vn -0.9003 -0.4239 -0.0984
vn -0.7985 -0.5631 -0.2131
vn -0.8564 -0.4955 0.1448
vn 0.0007 0.9997 0.0252
vn 0.0686 0.9971 -0.0338
vn 0.0204 0.9997 -0.0117
vn 0.6396 0.7462 -0.1849
vn 0.0480 0.9969 0.0621
vn 0.5665 0.8004 0.1960
vn 0.2461 0.9659 0.0802
vn 0.0131 0.9997 0.0211
vn 0.0880 0.9952 0.0430
vn 0.3888 0.9080 0.1564
vn 0.3083 0.9417 0.1350
vn 0.3128 0.9417 0.1240
vn 0.1111 0.9911 0.0731
vn 0.1459 0.9890 0.0223
vn 0.1639 0.9842 0.0664
vn 0.6355 0.7471 -0.1950
vn 0.6420 0.7489 -0.1641
vn 0.4951 0.8532 -0.1642
vn 0.6879 0.7117 -0.1422
vn 0.5401 0.8330 -0.1197
vn 0.4278 0.9026 0.0482
vn -0.0039 0.9989 0.0474
vn 0.6269 0.7595 0.1739
vn -0.5483 0.8352 0.0437
vn -0.8645 0.5020 0.0228
vn -0.9854 0.1408 0.0956
vn -0.2802 0.9528 -0.1169
vn -0.7340 0.6373 -0.2347
vn -0.4222 0.8938 -0.1514
vn 0.3490 0.9232 0.1612
vn 0.4330 0.8905 0.1394
vn 0.6647 0.7079 0.2390
vn 0.0815 0.9945 0.0663
vn 0.0201 0.9998 -0.0032
vn 0.0451 0.9973 0.0575
vn -0.0693 0.9956 0.0637
vn 0.6826 0.6975 0.2179
vn 0.7218 0.6887 0.0681
vn 0.7686 0.6122 0.1855
vn -0.0089 0.9982 0.0601
vn 0.0933 0.9956 -0.0056
vn 0.1380 0.9904 -0.0049
vn 0.4034 0.9131 -0.0590
vn 0.2963 0.9545 0.0323
vn 0.3196 0.9476 -0.0021
vn -0.9265 0.3640 0.0950
vn 0.5501 0.8292 0.0989
vn 0.4807 0.8745 0.0643
vn 0.5287 0.8481 0.0358
vn -0.9841 0.1137 0.1368
vn -0.8913 0.4377 0.1183
vn 0.0061 1.0000 -0.0003
vn 0.0169 0.9998 -0.0145
vn -0.1372 0.9886 -0.0629
vn -0.6388 0.7693 -0.0100
vn 0.4682 0.8604 0.2015
vn 0.4316 0.8846 0.1765
vn 0.3263 0.9118 0.2494
vn 0.5245 0.8463 -0.0936
vn 0.0959 0.9926 0.0740
vn 0.3772 0.9241 -0.0615
vn 0.4451 0.8902 -0.0974
vn 0.3456 0.9352 -0.0767
vn 0.5903 0.8049 -0.0608
vn 0.4369 0.8977 -0.0565
vn 0.6915 0.7176 -0.0835
vn -0.1318 0.9845 0.1153
vn -0.2001 0.9789 0.0415
vn -0.9811 -0.1732 0.0859
vn -0.9087 -0.3880 0.1542
vn -0.9093 -0.3969 0.1247
vn -0.8964 -0.3736 0.2384
vn 0.4961 0.8600 -0.1199
vn 0.4527 0.8892 -0.0656
vn -0.9412 0.3303 -0.0714
vn -0.7473 0.6643 -0.0182
vn -0.9322 -0.3219 0.1657
vn -0.9759 0.2017 0.0830
vn 0.6293 0.7758 -0.0458
vn 0.7266 0.6869 -0.0175
vn 0.6542 0.7536 -0.0643
vn 0.3193 0.9280 0.1920
vn 0.2388 0.9656 0.1026
vn 0.1608 0.9861 0.0417
vn -0.8001 0.5214 -0.2967
vn -0.8349 0.5026 -0.2242
vn -0.0431 0.9987 0.0286
vn -0.2740 0.9527 -0.1315
vn -0.8175 0.5260 -0.2344
vn 0.4868 0.8685 -0.0934
vn 0.6746 0.7350 -0.0685
vn 0.4181 0.9052 -0.0761
vn -0.2310 0.9721 -0.0395
vn 0.0952 0.9952 -0.0244
vn -0.9224 0.3694 -0.1127
vn 0.1898 0.9803 0.0554
vn 0.7344 0.6690 -0.1147
vn -0.9914 0.0506 0.1208
vn 0.7017 0.6783 0.2180
vn 0.4070 0.9122 -0.0464
vn 0.4436 0.8934 -0.0708
vn -0.9788 -0.2041 0.0183
vn -0.8800 -0.1915 -0.4346
vn -0.8678 -0.4081 -0.2835
vn -0.6752 -0.7376 0.0108
vn -0.9878 -0.1548 -0.0172
vn 0.5520 0.8267 -0.1087
vn -0.9376 -0.2637 0.2267
vn -0.9494 -0.2705 0.1599
vn -0.7685 -0.6330 -0.0929
vn 0.3309 0.9319 0.1486
vn 0.2150 0.9611 0.1735
vn -0.9223 0.3703 -0.1101
vn 0.6352 0.7661 -0.0980
vn 0.7286 0.6783 -0.0951
vn 0.7099 0.6957 -0.1096
vn 0.4702 0.8824 -0.0131
vn 0.0786 0.9955 0.0526
vn 0.5595 0.8288 0.0131
vn 0.5976 0.8000 0.0540
vn -0.9134 0.4054 -0.0373
vn -0.9443 0.3068 -0.1192
vn 0.1619 0.9857 -0.0475
vn -0.4284 0.9035 -0.0110
vn -0.9700 -0.2364 -0.0576
vn 0.3456 0.9360 -0.0671
vn 0.3088 0.9511 0.0083
vn -0.9468 0.0135 0.3217
vn -0.9363 -0.0729 0.3434
vn -0.9423 -0.0860 0.3236
vn -0.9422 -0.0342 0.3334
vn -0.9518 -0.0905 0.2930
vn -0.9513 -0.1227 0.2830
vn 0.6784 0.6855 -0.2644
vn 0.3353 0.9368 -0.0999
vn 0.3358 0.9312 -0.1419
vn -0.9110 -0.1420 0.3871
vn -0.8059 0.4899 0.3325
vn -0.5741 0.7842 0.2356
vn -0.9225 0.0730 0.3789
vn -0.9451 -0.1631 0.2831
vn 0.2290 0.9727 0.0385
vn -0.4648 0.8595 0.2123
vn -0.9595 0.1341 0.2477
vn -0.8930 -0.3094 0.3269
vn 0.7370 0.6373 -0.2251
vn -0.9086 -0.3651 0.2027
vn -0.9024 0.1598 0.4002
vn -0.9171 0.0898 0.3885
vn -0.8990 0.1209 0.4209
vn -0.9204 0.0033 0.3909
vn 0.7688 0.6375 -0.0496
vn 0.5826 0.8112 -0.0499
vn -0.2587 0.9520 0.1633
vn -0.8902 -0.2527 0.3790
vn -0.8521 0.0175 0.5231
vn -0.8504 0.2791 0.4460
vn 0.6445 0.7579 0.1008
vn 0.7305 0.6744 0.1075
vn -0.7005 0.5688 0.4310
vn -0.6326 0.7033 0.3243
vn -0.8753 -0.0102 0.4835
vn 0.0254 0.9996 0.0112
vn 0.2432 0.9645 0.1030
vn -0.8842 -0.4016 0.2385
vn -0.9911 -0.0679 0.1144
vn -0.9356 -0.2779 0.2179
vn 0.4212 0.8921 -0.1637
vn 0.3820 0.9228 -0.0513
vn 0.5659 0.8233 -0.0447
vn 0.4988 0.8667 -0.0019
vn 0.4671 0.8838 -0.0265
vn 0.4217 0.9047 0.0616
vn 0.2363 0.9710 0.0374
vn 0.3129 0.9484 0.0506
vn 0.2467 0.9634 0.1051
vn 0.4912 0.8697 -0.0487
vn 0.5163 0.8558 -0.0321
vn 0.3830 0.9235 0.0218
vn 0.5330 0.8426 0.0776
vn 0.1723 0.9850 0.0023
vn 0.6997 0.6549 0.2855
vn -0.2268 0.9728 -0.0463
vn -0.7706 0.6261 -0.1192
vn 0.4814 0.8764 0.0131
vn 0.2652 0.9632 -0.0436
vn 0.4791 0.8776 -0.0179
vn 0.4517 0.8832 -0.1262
vn -0.9621 -0.1323 0.2385
vn -0.6096 -0.7927 0.0099
vn -0.5643 -0.8236 -0.0570
vn -0.7434 -0.6666 0.0548
vn -0.8153 -0.4977 -0.2958
vn -0.7337 -0.6178 -0.2830
vn -0.9241 -0.1724 -0.3411
vn -0.6280 -0.7059 -0.3275
vn -0.5547 -0.8185 -0.1498
vn -0.5638 -0.7995 -0.2071
vn -0.7428 -0.4754 -0.4714
vn -0.6915 -0.7114 -0.1253
vn -0.6871 -0.7069 -0.1682
vn -0.7138 -0.6826 -0.1565
vn -0.7095 -0.6924 -0.1314
vn -0.8550 -0.5158 -0.0537
vn -0.6373 -0.7555 -0.1518
vn -0.6421 -0.7654 -0.0432
vn -0.5410 -0.8410 0.0054
vn -0.8583 -0.4769 -0.1894
vn -0.9225 -0.3622 -0.1336
vn 0.4037 0.8867 0.2252
vn -0.6122 -0.7720 -0.1711
vn -0.8161 -0.5500 -0.1773
vn 0.4115 0.9062 -0.0969
vn -0.6973 -0.1343 0.7041
vn -0.7314 0.3080 0.6084
vn -0.9246 -0.3282 -0.1936
vn -0.9569 -0.2253 -0.1833
vn 0.4951 0.8681 0.0359
vn 0.5543 0.8278 0.0864
vn -0.7994 -0.5982 0.0561
vn -0.7008 -0.7049 0.1098
vn -0.8775 -0.4609 0.1324
vn -0.7895 -0.5840 -0.1886
vn -0.8241 -0.5470 0.1473
vn -0.5308 -0.8340 0.1510
vn -0.8866 0.1705 -0.4299
vn -0.8550 -0.2274 -0.4662
vn -0.8834 -0.4538 0.1171
vn -0.9600 -0.0935 0.2639
vn -0.9306 -0.3488 0.1114
vn -0.8587 -0.4793 -0.1815
vn -0.2241 0.9746 0.0037
vn -0.6916 0.7004 -0.1767
vn -0.6442 0.7273 -0.2366
vn -0.7690 -0.6322 -0.0947
vn 0.7439 0.6427 0.1831
vn -0.9431 -0.3130 0.1120
vn -0.9821 -0.1337 -0.1324
vn -0.9994 0.0197 0.0282
vn -0.9760 0.0449 -0.2131
vn -0.9958 -0.0540 -0.0746
vn -0.2623 0.9493 -0.1736
vn -0.9068 0.0228 -0.4210
vn 0.5784 0.7666 0.2789
vn -0.8523 -0.1682 -0.4952
vn 0.5844 0.7999 0.1363
vn -0.8190 0.0957 -0.5658
vn 0.5506 0.8346 -0.0165
vn -0.9822 -0.0719 -0.1733
vn -0.9634 -0.1656 -0.2108
vn 0.4753 0.8490 0.2308
vn 0.6805 0.6643 -0.3092
vn 0.5533 0.7843 -0.2806
vn -0.9036 -0.3981 -0.1581
vn 0.6167 0.7586 0.2101
vn 0.4445 0.8630 0.2401
vn 0.6605 0.6792 -0.3200
vn 0.3357 0.9419 -0.0028
vn 0.3272 0.9358 0.1315
vn 0.4146 0.9099 0.0089
vn 0.3332 0.9311 -0.1483
vn 0.3267 0.9410 -0.0879
vn -0.8353 -0.5109 0.2029
vn -0.9680 0.1758 0.1789
vn -0.9689 -0.1933 0.1547
vn -0.9728 -0.1113 0.2031
vn -0.9906 0.0390 0.1307
vn 0.6762 0.7365 -0.0159
vn 0.7394 0.6716 -0.0470
vn 0.6465 0.7608 0.0570
vn 0.7249 0.6869 0.0510
vn 0.7352 0.6720 -0.0891
vn -0.0003 0.9998 -0.0200
vn 0.0168 0.9986 0.0504
vn 0.1969 0.9766 -0.0866
vn -0.0169 0.9999 0.0033
vn -0.0254 0.9996 0.0112
vn 0.6203 0.6576 -0.4276
vn -0.7129 -0.0734 0.6974
vn -0.9528 -0.2218 -0.2072
vn -0.9748 -0.0068 -0.2228
vn -0.9866 -0.0247 -0.1615
vn 0.6141 0.7860 0.0707
vn 0.7313 0.6816 0.0223
vn 0.6429 0.7637 0.0590
vn -0.9892 0.0047 -0.1466
vn -0.9560 -0.0265 -0.2921
vn -0.9392 0.2871 -0.1883
vn -0.9025 0.3286 -0.2785
vn -0.9309 0.3131 -0.1879
vn -0.9336 0.2943 -0.2044
vn 0.6647 0.7450 0.0559
vn 0.5487 0.8085 0.2128
vn 0.4276 0.8701 0.2452
vn 0.3959 0.8882 0.2331
vn 0.5666 0.8239 0.0073
vn 0.6946 0.7085 0.1251
vn 0.4071 0.8926 0.1937
vn 0.4459 0.8946 0.0288
vn 0.4406 0.8972 0.0301
vn 0.6279 0.7676 0.1283
vn 0.5353 0.8421 0.0663
vn 0.5922 0.8017 0.0813
vn 0.7125 0.6745 0.1935
vn 0.3949 0.9048 0.1592
vn 0.5300 0.8230 0.2045
vn 0.7029 0.6781 0.2149
vn 0.5579 0.8260 0.0802
vn 0.4878 0.8694 0.0786
vn 0.3119 0.9461 0.0878
vn 0.3654 0.9261 0.0934
vn 0.7199 0.6409 -0.2665
vn 0.7604 0.6226 -0.1847
vn 0.4953 0.8646 0.0845
vn 0.2732 0.9596 -0.0670
vn 0.3633 0.9316 -0.0138
vn 0.4303 0.9003 0.0655
vn 0.3522 0.9352 -0.0361
vn 0.1973 0.9788 -0.0540
vn 0.3473 0.9376 -0.0200
vn 0.2330 0.9648 -0.1221
vn 0.3730 0.9247 -0.0760
vn 0.6950 0.7029 0.1513
vn -0.9836 0.1479 -0.1034
vn -0.9609 0.2287 -0.1561
vn -0.9799 -0.0408 -0.1952
vn -0.9664 0.1236 -0.2255
vn -0.9666 -0.0380 -0.2535
vn -0.1005 0.9940 0.0432
vn 0.0591 0.9983 0.0009
vn 0.0524 0.9932 -0.1043
vn -0.9738 0.1675 0.1541
vn -0.8846 0.4424 0.1474
vn -0.9677 -0.1181 0.2228
vn -0.9435 0.1906 0.2711
vn -0.9613 -0.1009 0.2562
vn -0.9756 -0.0205 0.2186
vn 0.3162 0.9451 0.0829
vn 0.4553 0.8902 -0.0172
vn 0.3185 0.9443 0.0825
vn 0.3133 0.9481 -0.0536
vn 0.4202 0.9024 -0.0957
vn 0.3432 0.9391 -0.0155
vn 0.3729 0.9233 -0.0923
vn 0.4302 0.8870 -0.1679
vn 0.2855 0.9562 -0.0641
vn 0.3225 0.9417 -0.0964
vn 0.3289 0.9380 -0.1091
vn 0.1800 0.9791 -0.0951
vn 0.1631 0.9811 -0.1043
vn 0.2780 0.9592 -0.0516
vn 0.2231 0.9703 -0.0935
vn 0.2477 0.9658 -0.0767
vn 0.3743 0.9195 -0.1205
vn 0.0021 0.0548 0.9985
vn -0.0404 0.2422 0.9694
vn 0.3523 -0.5971 0.7207
vn 0.3816 -0.5548 0.7393
vn 0.4513 -0.3686 0.8126
vn -0.0736 -0.0561 0.9957
vn 0.0135 -0.6506 0.7593
vn 0.4190 -0.2555 0.8713
vn 0.3536 -0.1930 0.9153
vn 0.3723 0.0898 0.9238
vn 0.2472 -0.4867 0.8379
vn 0.1415 -0.4297 0.8918
vn 0.2497 -0.2958 0.9220
vn 0.4058 -0.3754 0.8333
vn 0.2550 -0.6201 0.7419
vn 0.4790 -0.1872 0.8576
vn 0.4618 -0.1156 0.8794
vn 0.4816 -0.5096 0.7130
vn 0.4620 -0.5086 0.7266
vn 0.6279 -0.4600 0.6278
vn 0.7058 -0.4493 0.5478
vn 0.5713 -0.3611 0.7371
vn 0.4497 -0.0989 0.8877
vn 0.2909 -0.4882 0.8228
vn 0.4092 -0.4604 0.7878
vn 0.3610 -0.5485 0.7542
vn -0.3101 0.8867 -0.3429
vn -0.3432 0.8899 -0.3006
vn -0.2559 0.8828 -0.3938
vn -0.4958 0.7407 -0.4534
vn -0.4840 0.7786 -0.3994
vn -0.5416 0.7205 -0.4331
vn -0.4288 0.7905 -0.4373
vn -0.5188 0.7238 -0.4549
vn -0.4444 0.8096 -0.3836
vn -0.0646 -0.4542 0.8885
vn 0.1178 -0.5718 0.8119
vn -0.5681 0.7123 -0.4121
vn -0.4393 0.7941 -0.4200
vn -0.3905 0.8665 -0.3109
vn -0.4287 0.7846 -0.4478
vn -0.3603 0.8851 -0.2945
vn -0.3445 0.8856 -0.3115
vn -0.3924 0.8577 -0.3321
vn -0.5436 0.8388 0.0310
vn -0.5507 0.8343 0.0252
vn -0.5068 0.8620 0.0053
vn -0.5331 0.8441 -0.0580
vn -0.5726 0.7928 -0.2090
vn -0.6644 0.7362 -0.1288
vn -0.5644 0.8246 -0.0376
vn -0.4771 0.8601 -0.1804
vn -0.4852 0.8533 -0.1907
vn -0.3945 0.9095 -0.1307
vn -0.5211 0.8519 0.0519
vn -0.5401 0.8406 0.0409
vn -0.2453 0.8804 -0.4060
vn -0.2185 0.9114 -0.3487
vn -0.2782 0.9028 -0.3280
vn -0.2191 0.9532 -0.2082
vn -0.3223 0.9246 -0.2028
vn -0.3235 0.9250 -0.1993
vn -0.2702 0.9558 -0.1158
vn -0.1686 0.9704 -0.1726
vn -0.2699 0.9440 -0.1897
vn -0.2674 0.9111 -0.3136
vn -0.1941 0.9427 -0.2714
vn -0.2403 0.9445 -0.2240
vn -0.3048 0.9150 -0.2643
vn -0.2554 0.9045 -0.3416
vn 0.0891 -0.2706 0.9586
vn 0.1577 -0.0985 0.9826
vn -0.2828 0.9015 -0.3275
vn 0.8260 -0.1587 0.5408
vn 0.6174 -0.6911 0.3757
vn 0.7210 -0.5744 0.3877
vn 0.7121 -0.6534 0.2567
vn 0.7881 -0.4432 0.4272
vn 0.8397 -0.3727 0.3949
vn 0.9074 -0.2498 0.3379
vn 0.7309 -0.6712 -0.1234
vn 0.7955 -0.6059 -0.0009
vn 0.8659 -0.4916 -0.0923
vn 0.6817 -0.5764 0.4507
vn 0.7544 -0.5432 0.3686
vn 0.7373 -0.5827 0.3418
vn 0.9160 -0.3868 0.1066
vn 0.8976 -0.4294 0.0999
vn 0.9434 -0.3009 0.1397
vn 0.5180 0.8495 0.0996
vn -0.2424 0.9680 -0.0645
vn 0.7036 0.7064 0.0770
vn 0.3795 0.9141 0.1427
vn 0.8643 0.2923 0.4093
vn 0.8792 -0.3533 0.3195
vn 0.8316 -0.5543 -0.0348
vn 0.8580 -0.5103 -0.0584
vn 0.8586 -0.5051 -0.0872
vn 0.9861 -0.1321 -0.1003
vn 0.7700 -0.3218 0.5510
vn 0.7854 0.1186 0.6075
vn -0.1059 0.9860 0.1286
vn 0.8682 -0.4578 -0.1912
vn 0.7359 -0.6618 0.1430
vn 0.9392 -0.2803 0.1984
vn 0.7962 -0.5881 0.1420
vn 0.7023 -0.7107 -0.0409
vn 0.7443 -0.6659 -0.0516
vn 0.8876 -0.4563 0.0635
vn 0.9119 -0.3481 0.2174
vn 0.7293 -0.5616 0.3907
vn 0.7366 -0.2812 0.6151
vn 0.8697 -0.3454 0.3526
vn 0.8192 0.5621 -0.1141
vn -0.1590 0.9869 -0.0271
vn 0.1854 -0.4878 0.8530
vn 0.7024 -0.6125 0.3627
vn 0.6661 -0.5913 0.4546
vn 0.4313 -0.4534 0.7800
vn 0.4435 -0.3485 0.8257
vn 0.4459 -0.3490 0.8243
vn 0.7267 -0.6272 0.2801
vn 0.8029 -0.5906 0.0811
vn 0.9279 -0.3421 0.1484
vn 0.7563 -0.1059 0.6455
vn 0.9534 -0.0376 0.2995
vn 0.6852 -0.7275 0.0362
vn 0.7860 -0.6103 0.0982
vn 0.7012 -0.6558 0.2796
vn 0.3738 0.9275 -0.0036
vn 0.7210 -0.4977 0.4821
vn 0.8134 -0.2187 0.5390
vn -0.5977 0.8003 -0.0483
vn -0.5526 0.8270 -0.1037
vn -0.4266 0.9039 -0.0325
vn -0.5651 0.8243 -0.0342
vn 0.9359 -0.3495 -0.0438
vn 0.8537 -0.5019 0.1387
vn 0.7752 -0.6158 -0.1412
vn -0.3008 0.9537 -0.0028
vn -0.4081 0.8768 -0.2543
vn -0.4248 0.8617 -0.2777
vn -0.3904 0.8992 -0.1975
vn -0.2266 0.9725 -0.0530
vn -0.2730 0.9544 -0.1212
vn -0.4538 0.8775 -0.1550
vn -0.0912 0.9924 -0.0831
vn -0.0687 0.9976 -0.0046
vn -0.0363 0.9993 0.0076
vn -0.1841 0.9681 -0.1698
vn -0.1680 0.9559 -0.2410
vn -0.2899 0.9262 -0.2410
vn -0.0908 0.9944 -0.0538
vn -0.2511 0.9647 -0.0793
vn -0.3890 0.9013 -0.1904
vn -0.3176 0.9357 -0.1538
vn -0.3077 0.9371 -0.1650
vn -0.4045 0.8930 -0.1973
vn -0.3112 0.9400 -0.1396
vn -0.1667 0.9823 -0.0851
vn -0.0260 0.9992 -0.0311
vn -0.3687 0.9151 -0.1633
vn -0.0675 0.9671 -0.2452
vn -0.2977 0.7630 -0.5738
vn 0.0198 0.9974 -0.0696
vn 0.5717 0.2382 0.7851
vn 0.1508 0.9801 0.1289
vn 0.4936 0.3815 0.7815
vn -0.2948 0.7790 -0.5534
vn -0.2784 0.8387 -0.4681
vn 0.1690 0.9252 0.3399
vn -0.2038 0.9374 -0.2823
vn -0.3965 0.7348 -0.5504
vn -0.1161 0.9924 -0.0419
vn -0.1408 0.9857 -0.0931
vn -0.1137 0.9915 -0.0633
vn -0.1140 0.7527 -0.6484
vn -0.1238 0.7067 -0.6966
vn -0.0969 0.9358 -0.3391
vn -0.1930 0.8304 -0.5226
vn -0.1610 0.7230 -0.6718
vn -0.2659 0.7681 -0.5825
vn -0.1913 0.7496 -0.6337
vn 0.7121 -0.5752 0.4025
vn -0.0831 0.7575 -0.6475
vn -0.2079 0.7665 -0.6076
vn -0.2218 0.7240 -0.6531
vn -0.0458 0.8215 -0.5684
vn -0.1229 0.7806 -0.6129
vn -0.2151 0.7521 -0.6229
vn -0.2083 0.7848 -0.5837
vn -0.1532 0.8189 -0.5531
vn -0.2029 0.7583 -0.6195
vn -0.2044 0.8273 -0.5232
vn -0.1747 0.7578 -0.6287
vn -0.2193 0.8300 -0.5129
vn -0.2884 0.7420 -0.6052
vn -0.2910 0.7187 -0.6316
vn -0.0848 0.8769 -0.4732
vn -0.1660 0.8544 -0.4924
vn -0.3053 0.8376 -0.4531
vn -0.1840 0.8257 -0.5332
vn -0.0807 0.9312 -0.3554
vn -0.3506 0.6933 -0.6296
vn -0.3258 0.7562 -0.5675
vn -0.2275 0.8262 -0.5154
vn -0.1785 0.8309 -0.5270
vn -0.1582 0.8421 -0.5156
vn -0.0856 0.9565 -0.2789
vn -0.3698 0.7435 -0.5573
vn -0.2127 0.8832 -0.4180
vn -0.1850 0.8705 -0.4560
vn -0.1145 0.9657 -0.2331
vn -0.0803 0.9422 -0.3254
vn -0.1079 0.9474 -0.3015
vn -0.2038 0.9196 -0.3358
vn -0.1566 0.9530 -0.2593
vn -0.2669 0.8412 -0.4703
vn -0.1032 0.9803 -0.1684
vn -0.0756 0.9797 -0.1859
vn -0.0854 0.9792 -0.1842
vn -0.0940 0.9837 -0.1532
vn -0.2378 0.8872 -0.3955
vn -0.1590 0.8823 -0.4431
vn -0.1593 0.8899 -0.4275
vn -0.1570 0.9716 -0.1769
vn -0.1414 0.9554 -0.2592
vn -0.1909 0.9205 -0.3410
vn -0.2427 0.8724 -0.4242
vn -0.2092 0.9674 -0.1424
vn -0.1389 0.9333 -0.3310
vn -0.1275 0.9725 -0.1948
vn -0.3021 0.9281 -0.2177
vn -0.2647 0.8996 -0.3473
vn -0.1727 0.8727 -0.4567
vn -0.0298 0.9987 -0.0409
vn -0.1194 0.8521 -0.5095
vn -0.2296 0.9383 -0.2586
vn -0.0766 0.9817 -0.1744
vn -0.1838 0.9783 -0.0952
vn -0.0703 0.9774 -0.1992
vn -0.0326 0.9654 -0.2589
vn -0.2402 0.9160 -0.3213
vn -0.0236 0.9422 -0.3343
vn -0.0556 0.9829 -0.1755
vn -0.1908 0.8545 -0.4831
vn -0.1318 0.8780 -0.4602
vn -0.3146 0.7704 -0.5545
vn -0.3713 0.8501 -0.3734
vn -0.1005 0.9899 -0.0997
vn -0.2636 0.9236 -0.2784
vn -0.2830 0.7840 -0.5525
vn -0.4635 0.7846 -0.4118
vn 0.3870 0.9168 0.0989
vn 0.9176 0.3771 0.1257
vn -0.1539 0.8401 -0.5202
vn -0.0226 0.9984 -0.0510
vn -0.0085 0.9958 -0.0906
vn -0.1417 0.7119 -0.6879
vn -0.0672 0.9614 -0.2668
vn 0.7494 -0.6441 -0.1534
vn 0.7856 -0.5963 -0.1652
vn -0.2570 0.9443 -0.2057
vn 0.9514 -0.3078 -0.0106
vn 0.8872 -0.4605 -0.0276
vn 0.9952 0.0326 -0.0919
vn 0.4660 -0.2436 0.8506
vn 0.7433 -0.6690 0.0025
vn 0.6743 -0.7365 -0.0538
vn 0.9908 -0.1339 0.0215
vn 0.7781 -0.5157 0.3586
vn 0.8269 -0.5617 -0.0273
vn 0.8110 -0.5712 0.1264
vn 0.8747 -0.4588 0.1565
vn 0.8339 -0.5507 0.0366
vn 0.6946 -0.7193 -0.0094
vn 0.8314 -0.4747 0.2889
vn 0.7636 -0.4421 0.4706
vn 0.7308 -0.6339 0.2533
vn 0.9328 0.0371 0.3585
vn 0.9541 0.0458 0.2960
vn 0.8202 -0.5717 0.0232
vn -0.1572 0.9876 0.0014
vn 0.8741 -0.3591 0.3272
vn 0.9661 -0.0052 0.2580
vn 0.8620 -0.5068 -0.0034
vn 0.8485 -0.5290 -0.0130
vn 0.9067 -0.2202 0.3597
vn 0.9931 0.0988 -0.0633
vn 0.0279 0.9843 0.1741
vn 0.9347 -0.3021 0.1873
vn 0.9105 -0.3556 0.2112
vn 0.9831 0.0812 0.1643
vn 0.8320 0.5411 0.1226
vn 0.6858 -0.2264 0.6917
vn 0.5186 0.8447 0.1326
vn 0.6655 -0.6347 0.3928
vn 0.6901 -0.6175 0.3773
vn 0.7188 -0.5677 0.4013
vn 0.7124 -0.5479 0.4385
vn 0.7188 -0.6488 0.2496
vn 0.8089 -0.4860 0.3308
vn 0.7797 -0.3319 0.5310
vn 0.8083 -0.3334 0.4852
vn 0.9102 -0.2080 0.3582
vn 0.7851 -0.4689 0.4046
vn 0.7086 -0.0588 0.7032
vn -0.4392 0.7038 -0.5584
vn -0.4245 0.7385 -0.5239
vn -0.4195 0.7714 -0.4785
vn -0.4720 0.7224 -0.5053
vn -0.4583 0.7332 -0.5024
vn -0.5640 0.8116 -0.1526
vn -0.6744 0.7034 -0.2247
vn -0.5684 0.7924 -0.2215
vn -0.5957 0.7481 -0.2922
vn -0.6764 0.7124 -0.1873
vn -0.6264 0.7786 -0.0391
vn -0.6499 0.7520 -0.1101
vn -0.6517 0.7546 -0.0763
vn -0.6005 0.7683 -0.2216
vn -0.5833 0.7686 -0.2625
vn -0.6276 0.7152 -0.3077
vn -0.6662 0.7281 -0.1614
vn -0.5424 0.8063 -0.2359
vn 0.0311 0.9990 0.0331
vn -0.4969 0.8677 0.0118
vn 0.8812 0.4728 -0.0022
vn -0.2245 0.9745 -0.0008
vn -0.6148 0.7874 -0.0451
vn -0.6291 0.7773 -0.0033
vn -0.6574 0.7532 0.0222
vn -0.0518 0.9977 0.0440
vn -0.6235 0.7805 0.0446
vn -0.5822 0.8108 0.0595
vn 0.6813 0.6656 0.3046
vn 0.8709 0.2278 0.4355
vn 0.8553 0.2305 0.4640
vn 0.6818 -0.7087 0.1814
vn 0.7076 -0.6650 0.2389
vn 0.7903 -0.5641 0.2393
vn 0.6645 -0.7053 0.2470
vn -0.5378 0.8420 -0.0438
vn 0.6287 -0.7270 0.2759
vn 0.8808 -0.3372 0.3325
vn -0.5562 0.7331 -0.3914
vn -0.6170 0.6931 -0.3728
vn -0.2811 0.8943 -0.3481
vn -0.2882 0.8991 -0.3296
vn -0.4699 0.8739 -0.1244
vn -0.4528 0.8731 -0.1805
vn -0.5233 0.8484 -0.0798
vn -0.5208 0.8460 -0.1145
vn 0.7238 -0.6109 0.3208
vn 0.4544 -0.0090 0.8908
vn 0.4249 -0.0719 0.9024
vn 0.4575 -0.1031 0.8832
vn -0.2236 0.7810 -0.5832
vn -0.0106 0.9953 0.0960
vn -0.2229 0.8272 -0.5159
vn 0.5043 -0.2724 0.8194
vn 0.3961 -0.4728 0.7871
vn 0.3526 0.4256 0.8334
vn 0.3338 0.3536 0.8738
vn 0.5007 -0.0407 0.8647
vn 0.2533 0.4337 0.8647
vn 0.1619 0.3124 0.9361
vn 0.2444 0.0407 0.9688
vn 0.0225 0.9997 0.0007
vn 0.0336 0.9895 -0.1407
vn 0.2243 0.3066 0.9250
vn 0.8075 -0.3486 0.4759
vn 0.6227 -0.5697 0.5364
vn 0.5913 -0.4735 0.6528
vn 0.6688 -0.4377 0.6009
vn 0.5841 -0.5722 0.5757
vn 0.6544 -0.3894 0.6482
vn 0.6301 -0.1085 0.7689
vn 0.5073 0.3944 0.7662
vn 0.6057 -0.1062 0.7886
vn 0.8390 0.0520 0.5416
vn 0.3155 0.5949 0.7393
vn -0.0088 0.9965 -0.0836
vn 0.2400 0.7361 0.6328
vn 0.3457 -0.1639 0.9239
vn 0.1778 -0.3693 0.9121
vn 0.3646 -0.1366 0.9211
vn 0.3434 0.1511 0.9269
vn 0.3361 -0.1437 0.9308
vn 0.3395 0.4753 0.8117
vn 0.3743 0.2700 0.8872
vn 0.5173 -0.1437 0.8437
vn 0.4685 -0.3395 0.8156
vn 0.5258 0.0364 0.8498
vn 0.0710 0.9895 0.1261
vn -0.1570 0.9529 -0.2594
vn -0.0316 0.9995 -0.0055
vn 0.4839 -0.2457 0.8399
vn 0.3239 -0.4242 0.8456
vn 0.8524 0.0866 0.5156
vn 0.8071 0.1315 0.5756
vn 0.7723 -0.3584 0.5244
vn 0.6300 -0.5417 0.5565
vn 0.7344 -0.0561 0.6764
vn 0.2728 0.4327 0.8593
vn -0.2958 0.8853 -0.3589
vn -0.3877 0.8925 -0.2305
vn -0.2968 0.9089 -0.2931
vn -0.0377 0.9954 -0.0879
vn -0.1365 0.9877 -0.0757
vn 0.7208 0.6441 0.2559
vn -0.1516 0.9811 -0.1201
vn -0.2991 0.9420 -0.1519
vn -0.6001 0.7447 -0.2920
vn -0.4929 0.8360 -0.2412
vn -0.6556 0.6743 -0.3398
vn -0.4871 0.8171 -0.3084
vn -0.6531 0.6854 -0.3222
vn -0.6377 0.7126 -0.2923
vn -0.5431 0.7922 -0.2784
vn -0.4926 0.8578 -0.1467
vn -0.4866 0.8367 -0.2514
vn -0.4172 0.8790 -0.2309
vn -0.5130 0.8041 -0.3005
vn -0.4766 0.8373 -0.2679
vn -0.0124 0.9994 -0.0334
vn -0.5052 0.8583 -0.0896
vn -0.4311 0.8992 -0.0745
vn -0.5627 0.8255 -0.0436
vn -0.6214 0.7800 -0.0745
vn 0.5814 -0.5253 0.6213
vn -0.3639 0.9154 -0.1719
vn -0.2377 0.9575 -0.1636
vn -0.3943 0.8820 -0.2580
vn -0.3546 0.9176 -0.1798
vn -0.2329 0.9212 -0.3117
vn 0.2471 -0.5929 0.7664
vn 0.3227 -0.5047 0.8007
vn -0.0004 0.9999 -0.0151
vn 0.6194 -0.4670 0.6312
vn 0.6633 -0.2770 0.6952
vn 0.6101 -0.3843 0.6929
vn -0.0186 0.9751 0.2212
vn 0.1461 0.9094 0.3894
vn -0.3659 0.7000 -0.6133
vn 0.2152 0.9668 0.1378
vn -0.2510 0.9641 -0.0869
vn 0.9646 0.0744 0.2531
vn 0.5535 0.8272 0.0967
vn -0.3685 0.9242 -0.1002
vn 0.2210 -0.1990 0.9547
vn 0.8819 0.4067 0.2384
vn 0.8432 0.5195 0.1385
vn 0.9417 0.2665 0.2054
vn 0.2652 0.0327 0.9636
vn 0.1899 0.9756 0.1106
vn 0.0435 0.9637 0.2633
vn 0.1672 0.6439 0.7466
vn 0.2917 0.2373 0.9266
vn 0.1627 0.5966 0.7859
vn 0.1322 0.5025 0.8544
vn 0.3464 -0.2060 0.9152
vn 0.2246 0.9715 0.0753
vn 0.1602 0.7375 0.6561
vn -0.0357 0.9656 -0.2576
vn 0.2011 0.2216 0.9542
vn 0.2894 -0.2561 0.9223
vn 0.9995 0.0154 0.0268
vn 0.9825 -0.0439 0.1809
vn -0.6609 0.7489 0.0478
vn -0.6059 0.7934 -0.0573
vn 0.8470 0.5298 -0.0440
vn 0.8412 -0.4814 0.2460
vn 0.9525 -0.1871 0.2403
vn -0.3335 0.9187 -0.2114
vn 0.3963 -0.5230 0.7546
vn 0.6591 -0.4362 0.6126
vn 0.6280 -0.3297 0.7049
vn 0.2466 -0.6844 0.6862
vn 0.2535 -0.5608 0.7882
vn 0.2815 -0.6239 0.7291
vn 0.0754 0.9972 -0.0018
vn 0.7735 0.3285 0.5420
vn 0.7948 0.1746 0.5812
vn 0.6839 0.4595 0.5667
vn 0.7942 -0.1158 0.5965
vn 0.7925 -0.1676 0.5864
vn -0.0861 0.9951 -0.0488
vn -0.4765 0.7895 -0.3868
vn 0.7906 -0.3606 0.4949
vn 0.6079 0.2663 0.7481
vn -0.1468 0.9878 -0.0524
vn 0.6750 0.3687 0.6391
vn -0.0143 0.9876 0.1561
vn -0.4554 0.8424 -0.2882
vn -0.5051 0.8138 -0.2875
vn 0.1496 -0.5942 0.7903
vn -0.4497 0.8786 -0.1608
vn -0.3930 0.8851 -0.2492
vn -0.3871 0.8924 -0.2321
vn -0.4086 0.9028 -0.1338
vn 0.4943 0.8198 0.2892
vn -0.2698 0.9527 -0.1402
vn 0.5832 0.6542 0.4815
vn -0.2260 0.9587 -0.1727
vn 0.6456 -0.2513 0.7211
vn 0.7059 0.2174 0.6741
vn 0.6225 0.2890 0.7273
vn 0.6168 0.5260 0.5855
vn -0.0058 0.9919 -0.1266
vn 0.6323 0.0139 0.7746
vn 0.5074 0.5073 0.6966
vn 0.6246 -0.0178 0.7808
vn -0.0995 0.9835 -0.1511
vn -0.0716 0.9911 -0.1121
vn 0.6402 0.3064 0.7045
vn -0.2366 0.9552 -0.1778
vn 0.5714 0.3337 0.7498
vn 0.0501 0.9985 -0.0219
usemtl Texture.001
s 1
f 1/1/1 2/2/2 3/3/3
f 5/4/4 4/5/5 6/6/6
f 7/7/7 2/8/2 1/9/1
f 6/6/6 2/8/2 8/10/8
f 8/10/8 2/8/2 7/7/7
f 4/5/5 2/8/2 6/6/6
f 4/11/5 9/12/9 1/13/1
f 1/13/1 9/12/9 7/14/7
f 3/15/3 4/11/5 1/13/1
f 3/15/3 2/16/2 4/11/5
f 11/17/10 12/18/11 13/19/12
f 14/20/13 13/19/12 15/21/14
f 16/22/15 13/19/12 14/20/13
f 14/20/13 17/23/16 18/24/17
f 19/25/18 20/26/19 21/27/20
f 22/28/21 19/25/18 23/29/22
f 24/30/23 21/27/20 25/31/24
f 26/32/25 27/33/26 28/34/27
f 29/35/28 27/33/26 30/36/29
f 31/37/30 32/38/31 33/39/32
f 34/40/33 35/41/34 36/42/35
f 12/18/11 11/17/10 37/43/36
f 38/44/37 30/36/29 39/45/38
f 27/33/26 26/32/25 30/36/29
f 40/46/39 41/47/40 42/48/41
f 29/35/28 38/44/37 36/42/35
f 23/29/22 43/49/42 22/28/21
f 38/44/37 29/35/28 30/36/29
f 44/50/43 42/48/41 45/51/44
f 34/40/33 38/44/37 39/45/38
f 46/52/45 47/53/46 48/54/47
f 15/21/14 13/19/12 12/18/11
f 43/49/42 23/29/22 49/55/48
f 46/52/45 50/56/49 47/53/46
f 46/52/45 51/57/50 50/56/49
f 22/28/21 43/49/42 31/37/30
f 52/58/51 53/59/52 54/60/53
f 19/25/18 49/55/48 23/29/22
f 20/26/19 25/31/24 21/27/20
f 32/38/31 31/37/30 43/49/42
f 53/59/52 55/61/54 48/54/47
f 19/25/18 22/28/21 20/26/19
f 47/53/46 36/42/35 35/41/34
f 56/62/55 57/63/56 46/52/45
f 34/40/33 36/42/35 38/44/37
f 42/48/41 58/64/57 59/65/58
f 24/30/23 42/48/41 44/50/43
f 60/66/59 61/67/60 62/68/61
f 63/69/62 64/70/63 60/66/59
f 53/59/52 48/54/47 35/41/34
f 47/53/46 35/41/34 48/54/47
f 65/71/64 11/17/10 66/72/65
f 66/72/65 67/73/66 65/71/64
f 44/50/43 68/74/67 21/27/20
f 41/47/40 69/75/68 50/56/49
f 44/50/43 70/76/69 68/74/67
f 58/64/57 42/48/41 41/47/40
f 21/27/20 68/74/67 49/55/48
f 49/55/48 19/25/18 21/27/20
f 55/61/54 53/59/52 52/58/51
f 59/65/58 70/76/69 45/51/44
f 58/64/57 71/77/70 72/78/71
f 51/57/50 73/79/72 74/80/73
f 44/50/43 45/51/44 70/76/69
f 44/50/43 21/27/20 24/30/23
f 55/61/54 56/62/55 48/54/47
f 48/54/47 56/62/55 46/52/45
f 52/58/51 61/67/60 55/61/54
f 60/66/59 55/61/54 61/67/60
f 50/56/49 51/57/50 71/77/70
f 56/62/55 55/61/54 64/70/63
f 57/63/56 51/57/50 46/52/45
f 71/77/70 51/57/50 74/80/73
f 65/71/64 67/73/66 75/81/74
f 60/66/59 64/70/63 55/61/54
f 64/70/63 57/63/56 56/62/55
f 71/77/70 58/64/57 41/47/40
f 76/82/75 51/57/50 57/63/56
f 45/51/44 42/48/41 59/65/58
f 60/66/59 62/68/61 77/83/76
f 40/46/39 42/48/41 24/30/23
f 71/77/70 41/47/40 50/56/49
f 74/80/73 72/78/71 71/77/70
f 50/56/49 69/75/68 47/53/46
f 78/84/77 75/81/74 67/73/66
f 58/64/57 72/78/71 79/85/78
f 79/85/78 59/65/58 58/64/57
f 73/79/72 51/57/50 76/82/75
f 57/63/56 64/70/63 80/86/79
f 63/69/62 60/66/59 77/83/76
f 54/60/53 61/67/60 52/58/51
f 63/69/62 81/87/80 82/88/81
f 83/89/82 84/90/83 81/87/80
f 73/79/72 80/86/79 85/91/84
f 74/80/73 73/79/72 85/91/84
f 86/92/85 74/80/73 85/91/84
f 84/90/83 85/91/84 82/88/81
f 87/93/86 32/38/31 43/49/42
f 77/83/76 88/94/87 81/87/80
f 72/78/71 86/92/85 89/95/88
f 15/21/14 90/96/89 83/89/82
f 91/97/90 79/85/78 72/78/71
f 70/76/69 79/85/78 92/98/91
f 93/99/92 81/87/80 88/94/87
f 70/76/69 59/65/58 79/85/78
f 90/96/89 84/90/83 83/89/82
f 73/79/72 76/82/75 80/86/79
f 84/90/83 82/88/81 81/87/80
f 70/76/69 94/100/93 68/74/67
f 82/88/81 80/86/79 64/70/63
f 95/101/94 94/100/93 96/102/95
f 74/80/73 86/92/85 72/78/71
f 84/90/83 86/92/85 85/91/84
f 68/74/67 94/100/93 49/55/48
f 79/85/78 91/97/90 92/98/91
f 92/98/91 91/97/90 96/102/95
f 94/100/93 92/98/91 96/102/95
f 15/21/14 81/87/80 93/99/92
f 85/91/84 80/86/79 82/88/81
f 57/63/56 80/86/79 76/82/75
f 90/96/89 86/92/85 84/90/83
f 83/89/82 81/87/80 15/21/14
f 94/100/93 95/101/94 43/49/42
f 63/69/62 82/88/81 64/70/63
f 96/102/95 91/97/90 90/96/89
f 92/98/91 94/100/93 70/76/69
f 87/93/86 43/49/42 95/101/94
f 89/95/88 86/92/85 90/96/89
f 94/100/93 43/49/42 49/55/48
f 91/97/90 72/78/71 89/95/88
f 89/95/88 90/96/89 91/97/90
f 81/87/80 63/69/62 77/83/76
f 11/17/10 65/71/64 37/43/36
f 69/75/68 97/103/96 47/53/46
f 36/42/35 47/53/46 97/103/96
f 75/81/74 98/104/97 99/105/98
f 15/21/14 93/99/92 17/23/16
f 99/105/98 65/71/64 75/81/74
f 65/71/64 99/105/98 37/43/36
f 100/106/99 87/93/86 101/107/100
f 87/93/86 37/43/36 101/107/100
f 100/106/99 99/105/98 102/108/101
f 103/109/102 15/21/14 12/18/11
f 98/104/97 102/108/101 99/105/98
f 96/102/95 103/109/102 95/101/94
f 32/38/31 100/106/99 33/39/32
f 90/96/89 15/21/14 103/109/102
f 93/99/92 18/24/17 17/23/16
f 103/109/102 87/93/86 95/101/94
f 12/18/11 37/43/36 103/109/102
f 101/107/100 37/43/36 99/105/98
f 99/105/98 100/106/99 101/107/100
f 87/93/86 103/109/102 37/43/36
f 15/21/14 17/23/16 14/20/13
f 96/102/95 90/96/89 103/109/102
f 102/108/101 33/39/32 100/106/99
f 87/93/86 100/106/99 32/38/31
f 104/110/103 105/111/104 106/112/105
f 107/113/106 108/114/107 109/115/108
f 110/116/109 111/117/110 112/118/111
f 113/119/112 114/120/113 115/121/114
f 116/122/115 117/123/116 118/124/117
f 119/125/118 54/126/53 53/127/52
f 120/128/119 26/129/25 121/130/120
f 122/131/121 123/132/122 124/133/123
f 18/134/17 93/135/92 125/136/124
f 126/137/125 127/138/126 128/139/127
f 129/140/128 107/113/106 130/141/129
f 131/142/130 132/143/131 117/123/116
f 133/144/132 134/145/133 135/146/134
f 130/141/129 136/147/135 137/148/136
f 138/149/137 106/112/105 139/150/138
f 140/151/139 124/133/123 123/132/122
f 131/142/130 110/116/109 132/143/131
f 116/122/115 34/152/33 141/153/140
f 131/142/130 111/117/110 110/116/109
f 130/141/129 137/148/136 129/140/128
f 118/124/117 142/154/141 143/155/142
f 144/156/143 109/115/108 122/131/121
f 132/143/131 118/124/117 117/123/116
f 35/157/34 34/152/33 116/122/115
f 144/156/143 138/149/137 139/150/138
f 128/139/127 127/138/126 147/158/144
f 148/159/145 131/142/130 126/137/125
f 149/160/146 119/125/118 150/161/147
f 119/125/118 151/162/148 152/163/149
f 153/164/150 154/165/151 155/166/152
f 114/120/113 118/124/117 143/155/142
f 138/149/137 145/167/153 156/168/154
f 157/169/155 77/170/76 158/171/156
f 159/172/157 142/154/141 110/116/109
f 130/141/129 105/111/104 104/110/103
f 159/172/157 160/173/158 161/174/159
f 119/125/118 116/122/115 151/162/148
f 136/147/135 162/175/160 137/148/136
f 118/124/117 132/143/131 142/154/141
f 163/176/161 133/144/132 135/146/134
f 115/121/114 151/162/148 113/119/112
f 132/143/131 110/116/109 142/154/141
f 122/131/121 108/114/107 123/132/122
f 164/177/162 158/171/156 150/161/147
f 14/178/13 18/134/17 165/179/163
f 166/180/164 167/181/165 154/165/151
f 165/179/163 129/140/128 16/182/15
f 61/183/60 149/160/146 62/184/61
f 165/179/163 16/182/15 14/178/13
f 93/135/92 157/169/155 125/136/124
f 116/122/115 119/125/118 53/127/52
f 168/185/166 157/169/155 169/186/167
f 107/113/106 170/187/168 130/141/129
f 171/188/169 168/185/166 169/186/167
f 160/173/158 172/189/170 173/190/171
f 174/191/172 160/173/158 159/172/157
f 157/169/155 158/171/156 169/186/167
f 142/154/141 159/172/157 161/174/159
f 173/190/171 172/189/170 171/188/169
f 143/155/142 142/154/141 161/174/159
f 171/188/169 155/166/152 168/185/166
f 175/192/173 153/164/150 155/166/152
f 168/185/166 155/166/152 125/136/124
f 176/193/174 171/188/169 172/189/170
f 154/165/151 165/179/163 125/136/124
f 117/123/116 177/194/175 131/142/130
f 123/132/122 167/181/165 140/151/139
f 176/193/174 175/192/173 155/166/152
f 122/131/121 109/115/108 108/114/107
f 114/120/113 143/155/142 178/195/176
f 155/166/152 171/188/169 176/193/174
f 125/136/124 157/169/155 168/185/166
f 171/188/169 169/186/167 173/190/171
f 145/167/153 122/131/121 124/133/123
f 119/125/118 152/163/149 150/161/147
f 109/115/108 144/156/143 139/150/138
f 128/139/127 179/196/177 180/197/178
f 181/198/179 180/197/178 182/199/180
f 155/166/152 154/165/151 125/136/124
f 153/164/150 166/180/164 154/165/151
f 156/168/154 104/110/103 106/112/105
f 164/177/162 152/163/149 183/200/181
f 161/174/159 173/190/171 184/201/182
f 165/179/163 107/113/106 129/140/128
f 113/119/112 151/162/148 116/122/115
f 185/202/183 129/140/128 186/203/184
f 123/132/122 154/165/151 167/181/165
f 164/177/162 183/200/181 115/121/114
f 187/204/185 179/196/177 120/128/119
f 115/121/114 114/120/113 178/195/176
f 169/186/167 164/177/162 178/195/176
f 173/190/171 169/186/167 184/201/182
f 61/183/60 54/126/53 149/160/146
f 128/139/127 120/128/119 179/196/177
f 16/182/15 129/140/128 185/202/183
f 113/119/112 118/124/117 114/120/113
f 115/121/114 183/200/181 151/162/148
f 146/205/186 124/133/123 140/151/139
f 173/190/171 161/174/159 160/173/158
f 123/132/122 108/114/107 154/165/151
f 188/206/187 147/158/144 189/207/188
f 156/168/154 106/112/105 138/149/137
f 186/203/184 129/140/128 137/148/136
f 121/130/120 26/129/25 28/208/27
f 169/186/167 178/195/176 184/201/182
f 136/147/135 104/110/103 135/146/134
f 124/133/123 146/205/186 145/167/153
f 77/170/76 157/169/155 88/209/87
f 122/131/121 145/167/153 138/149/137
f 77/170/76 150/161/147 158/171/156
f 150/161/147 62/184/61 149/160/146
f 88/209/87 157/169/155 93/135/92
f 144/156/143 122/131/121 138/149/137
f 164/177/162 169/186/167 158/171/156
f 130/141/129 170/187/168 105/111/104
f 182/199/180 121/130/120 190/210/189
f 18/134/17 125/136/124 165/179/163
f 109/115/108 139/150/138 170/187/168
f 118/124/117 113/119/112 116/122/115
f 152/163/149 164/177/162 150/161/147
f 164/177/162 115/121/114 178/195/176
f 35/157/34 116/122/115 53/127/52
f 152/163/149 151/162/148 183/200/181
f 121/130/120 187/204/185 120/128/119
f 162/175/160 136/147/135 135/146/134
f 112/118/111 111/117/110 148/159/145
f 130/141/129 104/110/103 136/147/135
f 184/201/182 178/195/176 161/174/159
f 177/194/175 147/158/144 127/138/126
f 147/158/144 188/206/187 120/128/119
f 170/187/168 139/150/138 105/111/104
f 30/211/29 26/129/25 120/128/119
f 161/174/159 178/195/176 143/155/142
f 39/212/38 30/211/29 188/206/187
f 188/206/187 30/211/29 120/128/119
f 179/196/177 187/204/185 182/199/180
f 188/206/187 189/207/188 39/212/38
f 177/194/175 189/207/188 147/158/144
f 165/179/163 108/114/107 107/113/106
f 117/123/116 189/207/188 177/194/175
f 139/150/138 106/112/105 105/111/104
f 180/197/178 179/196/177 182/199/180
f 162/175/160 134/145/133 186/203/184
f 186/203/184 137/148/136 162/175/160
f 150/161/147 77/170/76 62/184/61
f 121/130/120 182/199/180 187/204/185
f 162/175/160 135/146/134 134/145/133
f 119/125/118 149/160/146 54/126/53
f 189/207/188 34/152/33 39/212/38
f 148/159/145 111/117/110 131/142/130
f 120/128/119 128/139/127 147/158/144
f 109/115/108 170/187/168 107/113/106
f 127/138/126 126/137/125 131/142/130
f 141/153/140 34/152/33 191/213/190
f 177/194/175 127/138/126 131/142/130
f 28/208/27 190/210/189 121/130/120
f 141/153/140 191/213/190 117/123/116
f 191/213/190 189/207/188 117/123/116
f 141/153/140 117/123/116 116/122/115
f 189/207/188 191/213/190 34/152/33
f 112/118/111 174/191/172 159/172/157
f 159/172/157 110/116/109 112/118/111
f 154/165/151 108/114/107 165/179/163
f 192/214/191 193/215/192 194/216/193
f 193/215/192 195/217/194 194/216/193
f 196/218/195 197/219/196 198/220/197
f 196/218/195 199/221/198 197/219/196
f 200/222/199 201/223/200 202/224/201
f 203/225/202 202/224/201 201/223/200
f 204/226/203 201/223/200 200/222/199
f 205/227/204 200/222/199 202/224/201
f 206/228/205 207/229/206 208/230/207
f 207/229/206 206/228/205 209/231/208
f 210/232/209 211/233/210 204/226/203
f 212/234/211 208/230/207 213/235/212
f 209/231/208 214/236/213 215/237/214
f 216/238/215 217/239/216 218/240/217
f 209/231/208 215/237/214 207/229/206
f 213/235/212 207/229/206 219/241/218
f 196/218/195 215/237/214 214/236/213
f 220/242/219 221/243/220 222/244/221
f 213/235/212 219/241/218 222/244/221
f 223/245/222 219/241/218 215/237/214
f 222/244/221 221/243/220 213/235/212
f 224/246/223 225/247/224 221/243/220
f 226/248/225 227/249/226 222/244/221
f 228/250/227 229/251/228 230/252/229
f 231/253/230 232/254/231 224/246/223
f 219/241/218 223/245/222 233/255/232
f 223/245/222 196/218/195 234/256/233
f 235/257/234 236/258/235 237/259/236
f 228/250/227 223/245/222 234/256/233
f 233/255/232 223/245/222 230/252/229
f 233/255/232 226/248/225 222/244/221
f 223/245/222 228/250/227 230/252/229
f 225/247/224 212/234/211 213/235/212
f 220/242/219 222/244/221 227/249/226
f 211/233/210 210/232/209 238/260/237
f 239/261/238 224/246/223 220/242/219
f 224/246/223 239/261/238 231/253/230
f 231/253/230 240/262/239 241/263/240
f 242/264/241 243/265/242 244/266/243
f 245/267/244 246/268/245 247/269/246
f 230/252/229 248/270/247 233/255/232
f 249/271/248 227/249/226 226/248/225
f 220/242/219 249/271/248 239/261/238
f 233/255/232 222/244/221 219/241/218
f 214/236/213 199/221/198 196/218/195
f 249/271/248 231/253/230 239/261/238
f 226/248/225 250/272/249 251/273/250
f 252/274/251 246/268/245 253/275/252
f 231/253/230 249/271/248 251/273/250
f 254/276/253 241/263/240 240/262/239
f 255/277/254 232/254/231 231/253/230
f 235/257/234 237/259/236 256/278/255
f 240/262/239 217/239/216 254/276/253
f 226/248/225 248/270/247 250/272/249
f 257/279/256 254/276/253 216/238/215
f 217/239/216 240/262/239 251/273/250
f 226/248/225 251/273/250 249/271/248
f 251/273/250 240/262/239 231/253/230
f 258/280/257 250/272/249 229/251/228
f 221/243/220 220/242/219 224/246/223
f 217/239/216 216/238/215 254/276/253
f 244/266/243 253/275/252 259/281/258
f 246/268/245 245/267/244 235/257/234
f 229/251/228 250/272/249 230/252/229
f 251/273/250 250/272/249 258/280/257
f 246/268/245 252/274/251 243/265/242
f 248/270/247 226/248/225 233/255/232
f 207/229/206 215/237/214 219/241/218
f 224/246/223 232/254/231 225/247/224
f 251/273/250 236/258/235 260/282/259
f 261/283/260 217/239/216 260/282/259
f 236/258/235 235/257/234 260/282/259
f 262/284/261 261/283/260 263/285/262
f 245/267/244 247/269/246 263/285/262
f 261/283/260 245/267/244 263/285/262
f 251/273/250 258/280/257 236/258/235
f 227/249/226 249/271/248 220/242/219
f 246/268/245 235/257/234 256/278/255
f 252/274/251 244/266/243 243/265/242
f 208/230/207 207/229/206 213/235/212
f 225/247/224 213/235/212 221/243/220
f 241/263/240 254/276/253 255/277/254
f 215/237/214 196/218/195 223/245/222
f 259/281/258 264/286/263 244/266/243
f 245/267/244 260/282/259 235/257/234
f 251/273/250 260/282/259 217/239/216
f 258/280/257 237/259/236 236/258/235
f 260/282/259 245/267/244 261/283/260
f 248/270/247 230/252/229 250/272/249
f 206/228/205 265/287/264 209/231/208
f 244/266/243 252/274/251 253/275/252
f 266/288/265 267/289/266 268/290/267
f 269/291/268 270/292/269 266/288/265
f 271/293/270 268/290/267 272/294/271
f 273/295/272 274/296/273 275/297/274
f 276/298/275 270/292/269 269/291/268
f 277/299/276 278/300/277 279/301/278
f 269/291/268 280/302/279 276/298/275
f 271/293/270 269/291/268 266/288/265
f 266/288/265 268/290/267 271/293/270
f 276/298/275 281/303/280 282/304/281
f 281/303/280 276/298/275 280/302/279
f 193/215/192 279/301/278 278/300/277
f 210/232/209 283/305/282 284/306/283
f 238/260/237 210/232/209 284/306/283
f 285/307/284 286/308/285 274/296/273
f 287/309/286 285/307/284 274/296/273
f 274/296/273 286/308/285 275/297/274
f 288/310/287 287/309/286 289/311/288
f 286/308/285 290/312/289 275/297/274
f 288/310/287 285/307/284 287/309/286
f 288/310/287 290/312/289 286/308/285
f 286/308/285 285/307/284 288/310/287
f 291/313/290 292/314/291 293/315/292
f 294/316/293 203/225/202 295/317/294
f 276/298/275 292/314/291 296/318/295
f 270/292/269 296/318/295 295/317/294
f 292/314/291 276/298/275 282/304/281
f 205/227/204 202/224/201 294/316/293
f 292/314/291 294/316/293 296/318/295
f 291/313/290 294/316/293 292/314/291
f 270/292/269 276/298/275 296/318/295
f 295/317/294 296/318/295 294/316/293
f 295/317/294 297/319/296 266/288/265
f 270/292/269 295/317/294 266/288/265
f 294/316/293 202/224/201 203/225/202
f 295/317/294 203/225/202 297/319/296
f 298/320/297 299/321/298 259/281/258
f 283/305/282 210/232/209 204/226/203
f 300/322/299 301/323/300 302/324/301
f 301/323/300 300/322/299 303/325/302
f 228/250/227 304/326/303 229/251/228
f 301/323/300 304/326/303 302/324/301
f 304/326/303 258/280/257 229/251/228
f 258/280/257 304/326/303 301/323/300
f 301/323/300 303/325/302 258/280/257
f 302/324/301 304/326/303 228/250/227
f 237/259/236 258/280/257 303/325/302
f 305/327/304 306/328/305 259/281/258
f 228/250/227 300/322/299 302/324/301
f 204/226/203 307/329/306 283/305/282
f 308/330/307 283/305/282 307/329/306
f 309/331/308 307/329/306 204/226/203
f 307/329/306 309/331/308 308/330/307
f 247/269/246 211/233/210 238/260/237
f 218/240/217 262/284/261 263/285/262
f 238/260/237 263/285/262 247/269/246
f 238/260/237 218/240/217 263/285/262
f 216/238/215 284/306/283 257/279/256
f 216/238/215 218/240/217 238/260/237
f 218/240/217 217/239/216 262/284/261
f 238/260/237 284/306/283 216/238/215
f 257/279/256 255/277/254 254/276/253
f 259/281/258 299/321/298 264/286/263
f 217/239/216 261/283/260 262/284/261
f 256/278/255 237/259/236 303/325/302
f 310/332/309 306/328/305 234/256/233
f 311/333/310 312/334/311 195/217/194
f 195/217/194 312/334/311 194/216/193
f 278/300/277 195/217/194 193/215/192
f 192/214/191 313/335/312 310/332/309
f 214/236/213 277/299/276 199/221/198
f 313/335/312 314/336/313 310/332/309
f 310/332/309 279/301/278 192/214/191
f 277/299/276 197/219/196 199/221/198
f 197/219/196 277/299/276 279/301/278
f 193/215/192 192/214/191 279/301/278
f 198/220/197 279/301/278 310/332/309
f 279/301/278 198/220/197 197/219/196
f 298/320/297 310/332/309 314/336/313
f 315/337/314 298/320/297 314/336/313
f 306/328/305 310/332/309 298/320/297
f 234/256/233 198/220/197 310/332/309
f 299/321/298 298/320/297 315/337/314
f 306/328/305 298/320/297 259/281/258
f 196/218/195 198/220/197 234/256/233
f 280/302/279 269/291/268 316/338/315
f 317/339/316 281/303/280 289/311/288
f 269/291/268 271/293/270 316/338/315
f 255/277/254 231/253/230 241/263/240
f 281/303/280 317/339/316 282/304/281
f 289/311/288 281/303/280 288/310/287
f 272/294/271 318/340/317 319/341/318
f 320/342/319 321/343/320 264/286/263
f 322/344/321 320/342/319 299/321/298
f 299/321/298 320/342/319 264/286/263
f 321/343/320 320/342/319 322/344/321
f 299/321/298 315/337/314 322/344/321
f 200/222/199 205/227/204 309/331/308
f 200/222/199 309/331/308 204/226/203
f 308/330/307 323/345/322 283/305/282
f 317/339/316 292/314/291 282/304/281
f 294/316/293 291/313/290 205/227/204
f 317/339/316 293/315/292 292/314/291
f 283/305/282 323/345/322 284/306/283
f 324/346/323 325/347/324 318/340/317
f 324/346/323 326/348/325 325/347/324
f 327/349/326 203/225/202 201/223/200
f 318/340/317 327/349/326 324/346/323
f 328/350/327 247/269/246 243/265/242
f 319/341/318 325/347/324 329/351/328
f 326/348/325 330/352/329 325/347/324
f 318/340/317 331/353/330 327/349/326
f 331/353/330 297/319/296 203/225/202
f 242/264/241 264/286/263 321/343/320
f 325/347/324 330/352/329 242/264/241
f 297/319/296 331/353/330 267/289/266
f 272/294/271 268/290/267 318/340/317
f 242/264/241 329/351/328 325/347/324
f 268/290/267 267/289/266 318/340/317
f 331/353/330 318/340/317 267/289/266
f 332/354/331 330/352/329 324/346/323
f 324/346/323 330/352/329 326/348/325
f 243/265/242 330/352/329 332/354/331
f 328/350/327 243/265/242 332/354/331
f 324/346/323 327/349/326 332/354/331
f 328/350/327 204/226/203 211/233/210
f 327/349/326 201/223/200 332/354/331
f 203/225/202 327/349/326 331/353/330
f 211/233/210 247/269/246 328/350/327
f 256/278/255 303/325/302 305/327/304
f 242/264/241 330/352/329 243/265/242
f 332/354/331 201/223/200 328/350/327
f 321/343/320 329/351/328 242/264/241
f 264/286/263 242/264/241 244/266/243
f 267/289/266 266/288/265 297/319/296
f 305/327/304 246/268/245 256/278/255
f 246/268/245 243/265/242 247/269/246
f 201/223/200 204/226/203 328/350/327
f 325/347/324 319/341/318 318/340/317
f 306/328/305 305/327/304 234/256/233
f 253/275/252 246/268/245 305/327/304
f 234/256/233 305/327/304 300/322/299
f 303/325/302 300/322/299 305/327/304
f 259/281/258 253/275/252 305/327/304
f 228/250/227 234/256/233 300/322/299
f 333/355/332 334/356/333 335/357/334
f 336/358/335 337/359/336 338/360/337
f 338/360/337 339/361/338 340/362/339
f 341/363/340 342/364/341 343/365/342
f 344/366/343 345/367/344 346/368/345
f 347/369/346 348/370/347 349/371/348
f 350/372/349 351/373/350 352/374/351
f 353/375/352 354/376/353 355/377/354
f 337/359/336 353/375/352 356/378/355
f 357/379/356 358/380/357 359/381/358
f 360/382/359 361/383/360 362/384/361
f 336/358/335 363/385/362 337/359/336
f 364/386/363 365/387/364 333/355/332
f 363/385/362 336/358/335 366/388/365
f 366/388/365 336/358/335 367/389/366
f 342/364/341 368/390/367 369/391/368
f 337/359/336 363/385/362 353/375/352
f 355/377/354 370/392/369 353/375/352
f 371/393/370 372/394/371 373/395/372
f 357/379/356 352/374/351 374/396/373
f 354/376/353 375/397/374 355/377/354
f 338/360/337 367/389/366 336/358/335
f 352/374/351 351/373/350 376/398/375
f 337/359/336 356/378/355 344/366/343
f 366/388/365 374/396/373 352/374/351
f 377/399/376 378/400/377 379/401/378
f 380/402/379 375/397/374 354/376/353
f 377/399/376 381/403/380 382/404/381
f 354/376/353 353/375/352 363/385/362
f 377/399/376 379/401/378 381/403/380
f 374/396/373 358/380/357 357/379/356
f 366/388/365 367/389/366 374/396/373
f 381/403/380 355/377/354 375/397/374
f 352/374/351 376/398/375 366/388/365
f 375/397/374 383/405/382 381/403/380
f 384/406/383 381/403/380 385/407/384
f 386/408/385 376/398/375 351/373/350
f 350/372/349 352/374/351 357/379/356
f 386/408/385 351/373/350 372/394/371
f 357/379/356 359/381/358 387/409/386
f 379/401/378 378/400/377 388/410/387
f 384/406/383 389/411/388 381/403/380
f 381/403/380 379/401/378 385/407/384
f 390/412/389 378/400/377 377/399/376
f 391/413/390 390/412/389 377/399/376
f 345/367/344 392/414/391 389/411/388
f 372/394/371 393/415/392 386/408/385
f 337/359/336 344/366/343 346/368/345
f 351/373/350 373/395/372 372/394/371
f 393/415/392 372/394/371 371/393/370
f 394/416/393 395/417/394 396/418/395
f 397/419/396 398/420/397 342/364/341
f 398/420/397 397/419/396 399/421/398
f 396/418/395 361/383/360 400/422/399
f 401/423/400 394/416/393 402/424/401
f 401/423/400 402/424/401 403/425/402
f 333/355/332 335/357/334 364/386/363
f 402/424/401 394/416/393 404/426/403
f 395/417/394 394/416/393 401/423/400
f 396/418/395 400/422/399 394/416/393
f 405/427/404 400/422/399 361/383/360
f 406/428/405 398/420/397 399/421/398
f 396/418/395 349/371/348 361/383/360
f 407/429/406 395/417/394 401/423/400
f 403/425/402 407/429/406 401/423/400
f 396/418/395 395/417/394 407/429/406
f 405/427/404 361/383/360 406/428/405
f 403/425/402 408/430/407 407/429/406
f 409/431/408 349/371/348 396/418/395
f 396/418/395 407/429/406 409/431/408
f 410/432/409 407/429/406 408/430/407
f 349/371/348 409/431/408 347/369/346
f 410/432/409 408/430/407 411/433/410
f 412/434/411 413/435/412 414/436/413
f 348/370/347 347/369/346 415/437/414
f 343/365/342 398/420/397 362/384/361
f 406/428/405 361/383/360 360/382/359
f 415/437/414 335/357/334 348/370/347
f 416/438/415 417/439/416 418/440/417
f 419/441/418 364/386/363 415/437/414
f 382/404/381 277/442/276 417/439/416
f 383/405/382 420/443/419 381/403/380
f 311/444/310 421/445/420 422/446/421
f 417/439/416 277/442/276 214/447/213
f 277/442/276 382/404/381 278/448/277
f 422/446/421 423/449/422 424/450/423
f 425/451/424 426/452/425 421/445/420
f 195/453/194 425/451/424 311/444/310
f 406/428/405 399/421/398 405/427/404
f 311/444/310 425/451/424 421/445/420
f 371/393/370 427/454/426 422/446/421
f 422/446/421 424/450/423 311/444/310
f 393/415/392 422/446/421 426/452/425
f 427/454/426 423/449/422 422/446/421
f 423/449/422 427/454/426 428/455/427
f 426/452/425 422/446/421 421/445/420
f 278/448/277 425/451/424 195/453/194
f 364/386/363 419/441/418 429/456/428
f 371/393/370 422/446/421 393/415/392
f 381/403/380 420/443/419 382/404/381
f 393/415/392 426/452/425 380/402/379
f 382/404/381 420/443/419 278/448/277
f 430/457/429 424/450/423 423/449/422
f 431/458/430 430/457/429 432/459/431
f 432/459/431 430/457/429 423/449/422
f 433/460/432 434/461/433 435/462/434
f 361/383/360 349/371/348 334/356/333
f 433/460/432 435/462/434 436/463/435
f 437/464/436 438/465/437 431/458/430
f 434/461/433 439/466/438 435/462/434
f 434/461/433 437/464/436 431/458/430
f 431/458/430 438/465/437 430/457/429
f 440/467/439 435/462/434 439/466/438
f 431/458/430 439/466/438 434/461/433
f 440/467/439 441/468/440 442/469/441
f 439/466/438 431/458/430 443/470/442
f 444/471/443 390/412/389 445/472/444
f 434/461/433 433/460/432 437/464/436
f 358/380/357 374/396/373 446/473/445
f 367/389/366 446/473/445 374/396/373
f 447/474/446 442/469/441 441/468/440
f 441/468/440 440/467/439 448/475/447
f 447/474/446 449/476/448 450/477/449
f 432/459/431 451/478/450 448/475/447
f 448/475/447 452/479/451 453/480/452
f 449/476/448 453/480/452 450/477/449
f 432/459/431 443/470/442 431/458/430
f 423/449/422 428/455/427 432/459/431
f 448/475/447 443/470/442 432/459/431
f 451/478/450 452/479/451 448/475/447
f 441/468/440 448/475/447 453/480/452
f 453/480/452 449/476/448 441/468/440
f 443/470/442 440/467/439 439/466/438
f 373/395/372 428/455/427 371/393/370
f 340/362/339 367/389/366 338/360/337
f 428/455/427 451/478/450 432/459/431
f 435/462/434 440/467/439 442/469/441
f 452/479/451 428/455/427 373/395/372
f 454/481/453 435/462/434 442/469/441
f 443/470/442 448/475/447 440/467/439
f 452/479/451 451/478/450 428/455/427
f 449/476/448 447/474/446 441/468/440
f 428/455/427 427/454/426 371/393/370
f 391/413/390 417/439/416 455/482/454
f 377/399/376 382/404/381 417/439/416
f 391/413/390 377/399/376 417/439/416
f 417/439/416 416/438/415 455/482/454
f 384/406/383 385/407/384 456/483/455
f 385/407/384 457/484/456 456/483/455
f 379/401/378 457/484/456 385/407/384
f 388/410/387 378/400/377 390/412/389
f 388/410/387 444/471/443 457/484/456
f 444/471/443 388/410/387 390/412/389
f 456/483/455 457/484/456 444/471/443
f 379/401/378 388/410/387 457/484/456
f 445/472/444 390/412/389 391/413/390
f 455/482/454 445/472/444 391/413/390
f 345/367/344 389/411/388 384/406/383
f 342/364/341 341/363/340 368/390/367
f 414/436/413 458/485/457 412/434/411
f 334/356/333 414/436/413 413/435/412
f 369/391/368 397/419/396 342/364/341
f 343/365/342 342/364/341 398/420/397
f 414/436/413 334/356/333 333/355/332
f 335/357/334 334/356/333 348/370/347
f 340/362/339 446/473/445 367/389/366
f 414/436/413 333/355/332 458/485/457
f 398/420/397 360/382/359 362/384/361
f 459/486/458 412/434/411 458/485/457
f 459/486/458 458/485/457 460/487/459
f 383/405/382 375/397/374 380/402/379
f 426/452/425 383/405/382 380/402/379
f 383/405/382 426/452/425 425/451/424
f 425/451/424 420/443/419 383/405/382
f 425/451/424 278/448/277 420/443/419
f 376/398/375 363/385/362 366/388/365
f 376/398/375 386/408/385 461/488/460
f 363/385/362 461/488/460 354/376/353
f 365/387/364 364/386/363 462/489/461
f 376/398/375 461/488/460 363/385/362
f 461/488/460 380/402/379 354/376/353
f 461/488/460 393/415/392 380/402/379
f 386/408/385 393/415/392 461/488/460
f 462/489/461 429/456/428 463/490/462
f 464/491/463 465/492/464 466/493/465
f 351/373/350 350/372/349 373/395/372
f 350/372/349 464/491/463 373/395/372
f 467/494/466 357/379/356 387/409/386
f 350/372/349 357/379/356 467/494/466
f 452/479/451 464/491/463 466/493/465
f 373/395/372 464/491/463 452/479/451
f 468/495/467 429/456/428 469/496/468
f 407/429/406 470/497/469 409/431/408
f 450/477/449 410/432/409 471/498/470
f 410/432/409 450/477/449 472/499/471
f 472/499/471 450/477/449 473/500/472
f 473/500/472 450/477/449 474/501/473
f 470/497/469 410/432/409 475/502/474
f 476/503/475 477/504/476 474/501/473
f 463/490/462 478/505/477 462/489/461
f 479/506/478 474/501/473 450/477/449
f 452/479/451 479/506/478 453/480/452
f 365/387/364 478/505/477 460/487/459
f 450/477/449 453/480/452 479/506/478
f 348/370/347 334/356/333 349/371/348
f 466/493/465 479/506/478 452/479/451
f 466/493/465 480/507/479 479/506/478
f 474/501/473 479/506/478 476/503/475
f 479/506/478 480/507/479 481/508/480
f 481/508/480 476/503/475 479/506/478
f 478/505/477 365/387/364 462/489/461
f 473/500/472 474/501/473 477/504/476
f 480/507/479 466/493/465 465/492/464
f 472/499/471 482/509/481 410/432/409
f 482/509/481 475/502/474 410/432/409
f 365/387/364 460/487/459 458/485/457
f 470/497/469 407/429/406 410/432/409
f 368/390/367 341/363/340 483/510/482
f 484/511/483 436/463/435 454/481/453
f 404/426/403 485/512/484 402/424/401
f 471/498/470 447/474/446 450/477/449
f 485/512/484 454/481/453 486/513/485
f 403/425/402 402/424/401 485/512/484
f 442/469/441 447/474/446 411/433/410
f 471/498/470 411/433/410 447/474/446
f 410/432/409 411/433/410 471/498/470
f 436/463/435 435/462/434 454/481/453
f 485/512/484 486/513/485 403/425/402
f 484/511/483 485/512/484 404/426/403
f 484/511/483 454/481/453 485/512/484
f 486/513/485 411/433/410 403/425/402
f 486/513/485 454/481/453 442/469/441
f 408/430/407 403/425/402 411/433/410
f 411/433/410 486/513/485 442/469/441
f 487/514/486 488/515/487 489/516/488
f 415/437/414 347/369/346 419/441/418
f 487/514/486 368/390/367 483/510/482
f 419/441/418 347/369/346 470/497/469
f 419/441/418 470/497/469 490/517/489
f 409/431/408 470/497/469 347/369/346
f 419/441/418 490/517/489 429/456/428
f 460/487/459 483/510/482 459/486/458
f 490/517/489 470/497/469 491/518/490
f 492/519/491 491/518/490 470/497/469
f 492/519/491 493/520/492 491/518/490
f 429/456/428 491/518/490 469/496/468
f 429/456/428 490/517/489 491/518/490
f 491/518/490 493/520/492 469/496/468
f 333/355/332 365/387/364 458/485/457
f 418/440/417 265/521/264 416/438/415
f 381/403/380 389/411/388 355/377/354
f 370/392/369 392/414/391 356/378/355
f 370/392/369 355/377/354 389/411/388
f 392/414/391 370/392/369 389/411/388
f 356/378/355 353/375/352 370/392/369
f 356/378/355 392/414/391 344/366/343
f 392/414/391 345/367/344 344/366/343
f 209/522/208 418/440/417 214/447/213
f 343/365/342 413/435/412 412/434/411
f 489/516/488 369/391/368 368/390/367
f 418/440/417 417/439/416 214/447/213
f 265/521/264 418/440/417 209/522/208
f 361/383/360 334/356/333 362/384/361
f 478/505/477 483/510/482 460/487/459
f 398/420/397 406/428/405 360/382/359
f 341/363/340 412/434/411 459/486/458
f 413/435/412 362/384/361 334/356/333
f 415/437/414 364/386/363 335/357/334
f 362/384/361 413/435/412 343/365/342
f 412/434/411 341/363/340 343/365/342
f 364/386/363 429/456/428 462/489/461
f 429/456/428 468/495/467 463/490/462
f 368/390/367 487/514/486 489/516/488
f 483/510/482 341/363/340 459/486/458
f 478/505/477 487/514/486 483/510/482
f 494/523/493 11/524/10 495/525/494
f 497/526/495 498/527/496 499/528/497
f 502/529/498 503/530/499 504/531/500
f 505/532/501 506/533/502 507/534/503
f 503/530/499 134/535/133 133/536/132
f 508/537/504 509/538/505 510/539/506
f 498/527/496 496/540/507 512/541/508
f 513/542/509 514/543/510 515/544/511
f 515/544/511 516/545/512 517/546/513
f 518/547/514 519/548/515 520/549/516
f 523/550/517 524/551/518 525/552/519
f 11/524/10 527/553/520 495/525/494
f 503/530/499 133/536/132 504/531/500
f 499/528/497 523/550/517 520/549/516
f 526/554/521 529/555/522 530/556/523
f 531/557/524 519/548/515 66/558/65
f 504/531/500 510/539/506 509/538/505
f 526/554/521 509/538/505 508/537/504
f 532/559/525 533/560/526 534/561/527
f 535/562/528 536/563/529 537/564/530
f 517/546/513 516/545/512 509/538/505
f 538/565/531 539/566/532 525/552/519
f 535/562/528 537/564/530 540/567/533
f 541/568/534 542/569/535 543/570/536
f 543/570/536 542/569/535 540/567/533
f 544/571/537 517/546/513 530/556/523
f 498/527/496 524/551/518 499/528/497
f 545/572/538 494/523/493 546/573/539
f 547/574/540 548/575/541 185/576/183
f 506/533/502 513/542/509 544/571/537
f 518/547/514 520/549/516 549/577/542
f 518/547/514 78/578/77 67/579/66
f 541/568/534 543/570/536 552/580/543
f 531/557/524 545/572/538 532/559/525
f 505/532/501 513/542/509 506/533/502
f 541/568/534 551/581/544 542/569/535
f 553/582/545 518/547/514 554/583/546
f 555/584/547 548/575/541 547/574/540
f 522/585/548 529/555/522 526/554/521
f 501/586/549 534/561/527 500/587/550
f 553/582/545 556/588/551 518/547/514
f 557/589/552 520/549/516 558/590/553
f 523/550/517 539/566/532 549/577/542
f 539/566/532 523/550/517 525/552/519
f 495/525/494 527/553/520 559/591/554
f 525/552/519 512/541/508 496/540/507
f 507/534/503 506/533/502 560/592/555
f 555/584/547 515/544/511 514/543/510
f 67/579/66 519/548/515 518/547/514
f 548/575/541 16/593/15 185/576/183
f 558/590/553 561/594/556 557/589/552
f 554/583/546 549/577/542 539/566/532
f 502/529/498 555/584/547 547/574/540
f 497/526/495 557/589/552 561/594/556
f 496/540/507 562/595/557 538/565/531
f 529/555/522 522/585/548 521/596/558
f 533/560/526 545/572/538 546/573/539
f 554/583/546 543/570/536 553/582/545
f 516/545/512 515/544/511 555/584/547
f 563/597/559 553/582/545 543/570/536
f 66/558/65 519/548/515 67/579/66
f 535/562/528 540/567/533 542/569/535
f 523/550/517 549/577/542 520/549/516
f 556/588/551 564/598/560 518/547/514
f 500/587/550 534/561/527 565/599/561
f 535/562/528 542/569/535 550/600/562
f 558/590/553 520/549/516 531/557/524
f 507/534/503 495/525/494 505/532/501
f 66/558/65 11/524/10 494/523/493
f 520/549/516 519/548/515 531/557/524
f 547/574/540 503/530/499 502/529/498
f 561/594/556 558/590/553 532/559/525
f 542/569/535 551/581/544 550/600/562
f 505/532/501 559/591/554 513/542/509
f 504/531/500 509/538/505 502/529/498
f 543/570/536 554/583/546 539/566/532
f 529/555/522 560/592/555 530/556/523
f 560/592/555 544/571/537 530/556/523
f 133/536/132 528/601/563 504/531/500
f 499/528/497 524/551/518 523/550/517
f 532/559/525 511/602/564 561/594/556
f 543/570/536 539/566/532 552/580/543
f 564/598/560 78/578/77 518/547/514
f 514/543/510 513/542/509 559/591/554
f 134/535/133 503/530/499 186/603/184
f 557/589/552 499/528/497 520/549/516
f 503/530/499 185/576/183 186/603/184
f 531/557/524 532/559/525 558/590/553
f 503/530/499 547/574/540 185/576/183
f 546/573/539 494/523/493 495/525/494
f 527/553/520 11/524/10 13/604/12
f 546/573/539 507/534/503 533/560/526
f 499/528/497 557/589/552 497/526/495
f 537/564/530 563/597/559 543/570/536
f 502/529/498 509/538/505 516/545/512
f 504/531/500 528/601/563 510/539/506
f 555/584/547 502/529/498 516/545/512
f 560/592/555 521/596/558 565/599/561
f 507/534/503 565/599/561 533/560/526
f 543/570/536 540/567/533 537/564/530
f 66/558/65 494/523/493 531/557/524
f 562/595/557 566/605/565 567/606/566
f 541/568/534 568/607/567 551/581/544
f 524/551/518 512/541/508 525/552/519
f 548/575/541 555/584/547 514/543/510
f 560/592/555 506/533/502 544/571/537
f 512/541/508 524/551/518 498/527/496
f 568/607/567 567/606/566 566/605/565
f 539/566/532 567/606/566 552/580/543
f 507/534/503 560/592/555 565/599/561
f 532/559/525 545/572/538 533/560/526
f 538/565/531 567/606/566 539/566/532
f 552/580/543 567/606/566 568/607/567
f 565/599/561 534/561/527 533/560/526
f 541/568/534 552/580/543 568/607/567
f 566/605/565 551/581/544 568/607/567
f 538/565/531 562/595/557 567/606/566
f 500/587/550 565/599/561 521/596/558
f 562/595/557 551/581/544 566/605/565
f 505/532/501 495/525/494 559/591/554
f 559/591/554 527/553/520 514/543/510
f 527/553/520 13/604/12 548/575/541
f 548/575/541 514/543/510 527/553/520
f 13/604/12 16/593/15 548/575/541
f 513/542/509 515/544/511 544/571/537
f 518/547/514 549/577/542 554/583/546
f 495/525/494 507/534/503 546/573/539
f 517/546/513 544/571/537 515/544/511
f 538/565/531 525/552/519 496/540/507
f 526/554/521 517/546/513 509/538/505
f 521/596/558 560/592/555 529/555/522
f 561/594/556 511/602/564 497/526/495
f 534/561/527 501/586/549 511/602/564
f 531/557/524 494/523/493 545/572/538
f 517/546/513 526/554/521 530/556/523
f 534/561/527 511/602/564 532/559/525
f 573/608/568 574/609/569 536/610/529
f 535/611/528 573/608/568 536/610/529
f 573/608/568 535/611/528 570/612/570
f 574/609/569 573/608/568 570/612/570
f 574/609/569 570/612/570 571/613/571
f 570/612/570 535/611/528 550/614/562
f 574/609/569 571/613/571 572/615/572
f 4/616/5 5/617/4 575/618/573
f 578/619/574 579/620/575 580/621/576
f 581/622/577 582/623/578 583/624/579
f 584/625/580 585/626/581 586/627/582
f 587/628/583 588/629/584 589/630/585
f 590/631/586 180/632/178 591/633/587
f 592/634/588 593/635/589 594/636/590
f 595/637/591 596/638/592 597/639/593
f 601/640/594 589/630/585 588/629/584
f 602/641/595 603/642/596 590/631/586
f 604/643/597 605/644/598 606/645/599
f 603/642/596 128/646/127 590/631/586
f 607/647/600 608/648/601 609/649/602
f 610/650/603 611/651/604 612/652/605
f 613/653/606 597/639/593 614/654/607
f 588/629/584 615/655/608 606/645/599
f 174/656/172 589/630/585 160/657/158
f 616/658/609 617/659/610 618/660/611
f 606/645/599 619/661/612 620/662/613
f 172/663/170 589/630/585 176/664/174
f 176/664/174 621/665/614 175/666/173
f 621/665/614 580/621/576 579/620/575
f 612/652/605 622/667/615 614/654/607
f 601/640/594 176/664/174 589/630/585
f 623/668/616 624/669/617 625/670/618
f 596/638/592 595/637/591 619/661/612
f 615/655/608 588/629/584 587/628/583
f 626/671/619 627/672/620 617/659/610
f 595/637/591 620/662/613 619/661/612
f 580/621/576 621/665/614 622/667/615
f 620/662/613 595/637/591 588/629/584
f 622/667/615 612/652/605 628/673/621
f 629/674/622 630/675/623 593/635/589
f 603/642/596 602/641/595 631/676/624
f 589/630/585 172/663/170 160/657/158
f 624/669/617 577/677/625 625/670/618
f 597/639/593 613/653/606 601/640/594
f 176/664/174 601/640/594 613/653/606
f 632/678/626 633/679/627 599/680/628
f 613/653/606 614/654/607 622/667/615
f 595/637/591 597/639/593 601/640/594
f 620/662/613 588/629/584 606/645/599
f 622/667/615 628/673/621 580/621/576
f 634/681/629 140/682/139 167/683/165
f 616/658/609 618/660/611 624/669/617
f 627/672/620 618/660/611 617/659/610
f 635/684/630 580/621/576 628/673/621
f 128/646/127 636/685/631 126/686/125
f 174/656/172 587/628/583 589/630/585
f 613/653/606 622/667/615 621/665/614
f 625/670/618 140/682/139 578/619/574
f 584/625/580 181/687/179 637/688/632
f 621/665/614 176/664/174 613/653/606
f 638/689/633 632/678/626 617/659/610
f 602/641/595 639/690/634 640/691/635
f 582/623/578 641/692/636 583/624/579
f 642/693/637 594/636/590 633/679/627
f 606/645/599 607/647/600 643/694/638
f 644/695/639 629/674/622 593/635/589
f 631/676/624 640/691/635 645/696/640
f 592/634/588 646/697/641 647/698/642
f 612/652/605 632/678/626 638/689/633
f 648/699/643 649/700/644 645/696/640
f 617/659/610 628/673/621 638/689/633
f 635/684/630 628/673/621 617/659/610
f 650/701/645 576/702/646 577/677/625
f 641/692/636 651/703/647 583/624/579
f 598/704/648 594/636/590 600/705/649
f 611/651/604 633/679/627 632/678/626
f 644/695/639 652/706/650 629/674/622
f 632/678/626 599/680/628 626/671/619
f 653/707/651 654/708/652 655/709/653
f 624/669/617 635/684/630 616/658/609
f 598/704/648 599/680/628 633/679/627
f 635/684/630 624/669/617 623/668/616
f 611/651/604 642/693/637 633/679/627
f 598/704/648 633/679/627 594/636/590
f 612/652/605 611/651/604 632/678/626
f 631/676/624 656/710/654 603/642/596
f 637/688/632 657/711/655 585/626/581
f 650/701/645 577/677/625 624/669/617
f 611/651/604 610/650/603 642/693/637
f 658/712/656 659/713/657 660/714/658
f 593/635/589 630/675/623 600/705/649
f 616/658/609 635/684/630 617/659/610
f 593/635/589 600/705/649 594/636/590
f 647/698/642 593/635/589 592/634/588
f 661/715/659 662/716/660 663/717/661
f 636/685/631 656/710/654 664/718/662
f 635/684/630 623/668/616 578/619/574
f 594/636/590 642/693/637 592/634/588
f 663/717/661 148/719/145 661/715/659
f 181/687/179 584/625/580 586/627/582
f 665/720/663 604/643/597 606/645/599
f 644/695/639 593/635/589 647/698/642
f 578/619/574 580/621/576 635/684/630
f 625/670/618 578/619/574 623/668/616
f 666/721/664 649/700/644 648/699/643
f 180/632/178 585/626/581 591/633/587
f 140/682/139 625/670/618 577/677/625
f 605/644/598 607/647/600 606/645/599
f 586/627/582 180/632/178 181/687/179
f 647/698/642 582/623/578 644/695/639
f 652/706/650 644/695/639 582/623/578
f 669/722/665 670/723/666 662/716/660
f 652/706/650 582/623/578 581/622/577
f 641/692/636 647/698/642 646/697/641
f 666/721/664 648/699/643 604/643/597
f 656/710/654 128/646/127 603/642/596
f 629/674/622 671/724/667 668/725/668
f 636/685/631 128/646/127 656/710/654
f 652/706/650 671/724/667 629/674/622
f 146/726/186 140/682/139 577/677/625
f 604/643/597 661/715/659 666/721/664
f 585/626/581 584/625/580 637/688/632
f 663/717/661 662/716/660 670/723/666
f 671/724/667 652/706/650 581/622/577
f 607/647/600 609/649/602 643/694/638
f 583/624/579 651/703/647 672/727/669
f 671/724/667 581/622/577 660/714/658
f 659/713/657 671/724/667 660/714/658
f 673/728/670 674/729/671 675/730/672
f 615/655/608 587/628/583 670/723/666
f 126/686/125 664/718/662 148/719/145
f 665/720/663 669/722/665 604/643/597
f 148/719/145 666/721/664 661/715/659
f 596/638/592 676/731/673 597/639/593
f 664/718/662 666/721/664 148/719/145
f 677/732/674 596/638/592 643/694/638
f 672/727/669 678/733/675 679/734/676
f 680/735/677 681/736/678 674/729/671
f 682/737/679 646/697/641 610/650/603
f 682/737/679 610/650/603 683/738/680
f 684/739/681 673/728/670 675/730/672
f 587/628/583 174/656/172 670/723/666
f 651/703/647 685/740/682 681/736/678
f 686/741/683 687/742/684 688/743/685
f 686/741/683 688/743/685 639/690/634
f 689/744/686 683/738/680 614/654/607
f 612/652/605 614/654/607 683/738/680
f 684/739/681 675/730/672 677/732/674
f 681/736/678 680/735/677 651/703/647
f 639/690/634 688/743/685 640/691/635
f 610/650/603 612/652/605 683/738/680
f 640/691/635 608/648/601 645/696/640
f 689/744/686 674/729/671 681/736/678
f 685/740/682 689/744/686 681/736/678
f 682/737/679 641/692/636 646/697/641
f 662/716/660 661/715/659 669/722/665
f 677/732/674 609/649/602 684/739/681
f 680/735/677 673/728/670 690/745/687
f 602/641/595 640/691/635 631/676/624
f 596/638/592 675/730/672 676/731/673
f 691/746/688 692/747/689 693/748/690
f 693/748/690 686/741/683 691/746/688
f 691/746/688 694/749/691 692/747/689
f 690/745/687 695/750/692 680/735/677
f 692/747/689 694/749/691 696/751/693
f 682/737/679 685/740/682 641/692/636
f 686/741/683 693/748/690 687/742/684
f 697/752/694 678/733/675 672/727/669
f 680/735/677 674/729/671 673/728/670
f 641/692/636 685/740/682 651/703/647
f 648/699/643 645/696/640 607/647/600
f 604/643/597 669/722/665 661/715/659
f 180/632/178 590/631/586 128/646/127
f 663/717/661 174/656/172 112/753/111
f 615/655/608 665/720/663 606/645/599
f 698/754/695 695/750/692 690/745/687
f 683/738/680 689/744/686 685/740/682
f 700/755/696 701/756/697 692/747/689
f 605/644/598 604/643/597 648/699/643
f 148/719/145 702/757/698 112/753/111
f 692/747/689 701/756/697 703/758/699
f 698/754/695 690/745/687 701/756/697
f 687/742/684 693/748/690 703/758/699
f 658/712/656 667/759/700 659/713/657
f 700/755/696 698/754/695 701/756/697
f 684/739/681 690/745/687 673/728/670
f 651/703/647 697/752/694 672/727/669
f 640/691/635 688/743/685 704/760/701
f 608/648/601 640/691/635 705/761/702
f 609/649/602 608/648/601 705/761/702
f 664/718/662 656/710/654 649/700/644
f 675/730/672 674/729/671 676/731/673
f 683/738/680 685/740/682 682/737/679
f 687/742/684 704/760/701 688/743/685
f 643/694/638 609/649/602 677/732/674
f 640/691/635 704/760/701 705/761/702
f 687/742/684 703/758/699 704/760/701
f 609/649/602 705/761/702 706/762/703
f 703/758/699 693/748/690 692/747/689
f 706/762/703 705/761/702 704/760/701
f 684/739/681 706/762/703 703/758/699
f 704/760/701 703/758/699 706/762/703
f 700/755/696 692/747/689 696/751/693
f 679/734/676 660/714/658 672/727/669
f 654/708/652 707/763/704 655/709/653
f 689/744/686 597/639/593 676/731/673
f 597/639/593 689/744/686 614/654/607
f 670/723/666 665/720/663 615/655/608
f 174/656/172 663/717/661 670/723/666
f 701/756/697 684/739/681 703/758/699
f 668/725/668 659/713/657 667/759/700
f 607/647/600 605/644/598 648/699/643
f 654/708/652 667/759/700 658/712/656
f 670/723/666 669/722/665 665/720/663
f 181/687/179 708/764/705 637/688/632
f 707/763/704 654/708/652 658/712/656
f 655/709/653 699/765/706 653/707/651
f 596/638/592 677/732/674 675/730/672
f 610/650/603 592/634/588 642/693/637
f 592/634/588 610/650/603 646/697/641
f 679/734/676 707/763/704 658/712/656
f 586/627/582 585/626/581 180/632/178
f 657/711/655 591/633/587 585/626/581
f 631/676/624 645/696/640 656/710/654
f 602/641/595 590/631/586 591/633/587
f 654/708/652 653/707/651 667/759/700
f 680/735/677 695/750/692 697/752/694
f 649/700/644 656/710/654 645/696/640
f 663/717/661 112/753/111 702/757/698
f 609/649/602 706/762/703 684/739/681
f 619/661/612 643/694/638 596/638/592
f 664/718/662 649/700/644 666/721/664
f 664/718/662 126/686/125 636/685/631
f 690/745/687 684/739/681 701/756/697
f 672/727/669 660/714/658 583/624/579
f 674/729/671 689/744/686 676/731/673
f 658/712/656 660/714/658 679/734/676
f 645/696/640 608/648/601 607/647/600
f 697/752/694 651/703/647 680/735/677
f 702/757/698 148/719/145 663/717/661
f 579/620/575 153/766/150 621/665/614
f 175/666/173 621/665/614 153/766/150
f 167/683/165 166/767/164 634/681/629
f 634/681/629 578/619/574 140/682/139
f 582/623/578 647/698/642 641/692/636
f 166/767/164 579/620/575 634/681/629
f 612/652/605 638/689/633 628/673/621
f 617/659/610 632/678/626 626/671/619
f 581/622/577 583/624/579 660/714/658
f 579/620/575 578/619/574 634/681/629
f 588/629/584 595/637/591 601/640/594
f 668/725/668 671/724/667 659/713/657
f 153/766/150 579/620/575 166/767/164
f 643/694/638 619/661/612 606/645/599
f 709/768/707 710/769/708 711/770/709
f 712/771/710 713/772/711 714/773/712
f 715/774/713 711/770/709 716/775/714
f 716/775/714 710/769/708 717/776/715
f 717/776/715 710/769/708 709/768/707
f 718/777/716 721/778/717 709/768/707
f 722/779/718 723/780/719 717/776/715
f 720/781/720 721/778/717 718/777/716
f 722/779/718 717/776/715 709/768/707
f 717/776/715 724/782/721 716/775/714
f 709/768/707 721/778/717 725/783/722
f 726/784/723 723/780/719 722/779/718
f 720/781/720 713/772/711 721/778/717
f 728/785/724 722/779/718 712/771/710
f 729/786/725 728/785/724 712/771/710
f 725/783/722 713/772/711 712/771/710
f 711/770/709 718/777/716 709/768/707
f 713/772/711 727/787/726 714/773/712
f 727/787/726 713/772/711 720/781/720
f 712/771/710 714/773/712 729/786/725
f 722/779/718 709/768/707 725/783/722
f 727/787/726 730/788/727 714/773/712
f 721/778/717 713/772/711 725/783/722
f 710/769/708 716/775/714 711/770/709
f 711/770/709 715/774/713 719/789/728
f 725/783/722 712/771/710 722/779/718
f 717/776/715 723/780/719 724/782/721
f 732/790/729 733/791/730 734/792/731
f 726/784/723 734/792/731 723/780/719
f 728/785/724 735/793/732 726/784/723
f 726/784/723 735/793/732 734/792/731
f 735/793/732 732/790/729 734/792/731
f 736/794/733 733/791/730 732/790/729
f 722/779/718 728/785/724 726/784/723
f 729/786/725 735/793/732 728/785/724
f 736/794/733 273/795/272 733/791/730
f 737/796/734 738/797/735 739/798/736
f 740/799/737 741/800/738 742/801/739
f 743/802/740 744/803/741 745/804/742
f 746/805/743 747/806/744 748/807/745
f 749/808/746 750/809/747 751/810/748
f 752/811/749 753/812/750 754/813/751
f 740/799/737 755/814/752 756/815/753
f 757/816/754 758/817/755 759/818/756
f 740/799/737 756/815/753 741/800/738
f 760/819/757 759/818/756 761/820/758
f 755/814/752 762/821/759 756/815/753
f 763/822/760 764/823/761 765/824/762
f 766/825/763 767/826/764 768/827/765
f 769/828/766 770/829/767 771/830/768
f 772/831/769 773/832/770 774/833/771
f 775/834/772 773/832/770 772/831/769
f 776/835/773 777/836/774 778/837/775
f 756/815/753 762/821/759 779/838/776
f 780/839/777 759/818/756 760/819/757
f 781/840/778 782/841/779 783/842/780
f 784/843/781 781/840/778 785/844/782
f 759/818/756 780/839/777 757/816/754
f 786/845/783 787/846/784 788/847/785
f 785/844/782 783/842/780 789/848/786
f 785/844/782 743/802/740 790/849/787
f 785/844/782 781/840/778 783/842/780
f 790/849/787 784/843/781 785/844/782
f 775/834/772 772/831/769 778/837/775
f 791/850/788 792/851/789 793/852/790
f 794/853/791 755/814/752 758/817/755
f 795/854/792 760/819/757 796/855/793
f 24/856/23 797/857/794 40/858/39
f 798/859/795 799/860/796 800/861/797
f 753/812/750 777/836/774 776/835/773
f 802/862/798 803/863/799 791/850/788
f 804/864/800 805/865/801 806/866/802
f 807/867/803 770/829/767 769/828/766
f 776/835/773 778/837/775 772/831/769
f 808/868/804 776/835/773 772/831/769
f 36/869/35 97/870/96 809/871/805
f 810/872/806 811/873/807 771/830/768
f 812/874/808 813/875/809 814/876/810
f 815/877/811 816/878/812 817/879/813
f 815/877/811 818/880/814 816/878/812
f 819/881/815 811/873/807 820/882/816
f 810/872/806 821/883/817 806/866/802
f 810/872/806 806/866/802 811/873/807
f 771/830/768 811/873/807 819/881/815
f 822/884/818 823/885/819 824/886/820
f 806/866/802 821/883/817 825/887/821
f 811/873/807 806/866/802 820/882/816
f 810/872/806 817/879/813 821/883/817
f 812/874/808 826/888/822 827/889/823
f 828/890/824 829/891/825 817/879/813
f 815/877/811 810/872/806 770/829/767
f 825/887/821 821/883/817 830/892/826
f 830/892/826 829/891/825 831/893/827
f 828/890/824 831/893/827 829/891/825
f 829/891/825 830/892/826 821/883/817
f 810/872/806 815/877/811 817/879/813
f 817/879/813 829/891/825 821/883/817
f 828/890/824 817/879/813 816/878/812
f 832/894/828 833/895/829 812/874/808
f 834/896/830 835/897/831 836/898/832
f 827/889/823 826/888/822 837/899/833
f 838/900/834 839/901/835 834/896/830
f 806/866/802 825/887/821 840/902/836
f 841/903/837 842/904/838 836/898/832
f 843/905/839 813/875/809 812/874/808
f 749/808/746 809/871/805 97/870/96
f 844/906/840 805/865/801 804/864/800
f 743/802/740 845/907/841 790/849/787
f 846/908/842 779/838/776 762/821/759
f 804/864/800 847/909/843 844/906/840
f 848/910/844 849/911/845 850/912/846
f 851/913/847 850/912/846 849/911/845
f 846/908/842 762/821/759 794/853/791
f 852/914/848 853/915/849 854/916/850
f 765/824/762 851/913/847 855/917/851
f 856/918/852 849/911/845 848/910/844
f 857/919/853 851/913/847 849/911/845
f 853/915/849 858/920/854 788/847/785
f 859/921/855 858/920/854 853/915/849
f 860/922/856 861/923/857 813/875/809
f 859/921/855 853/915/849 852/914/848
f 788/847/785 858/920/854 862/924/858
f 862/924/858 858/920/854 863/925/859
f 795/854/792 864/926/860 865/927/861
f 866/928/862 181/929/179 182/930/180
f 741/800/738 779/838/776 867/931/863
f 868/932/864 869/933/865 870/934/866
f 871/935/867 872/936/868 838/900/834
f 861/923/857 838/900/834 837/899/833
f 827/889/823 832/894/828 812/874/808
f 806/866/802 805/865/801 820/882/816
f 873/937/869 766/825/763 856/918/852
f 856/918/852 766/825/763 857/919/853
f 826/888/822 814/876/810 837/899/833
f 873/937/869 856/918/852 848/910/844
f 856/918/852 857/919/853 849/911/845
f 842/904/838 871/935/867 838/900/834
f 860/922/856 875/938/870 876/939/871
f 800/861/797 875/938/870 798/859/795
f 847/909/843 804/864/800 742/801/739
f 796/855/793 827/889/823 872/936/868
f 839/901/835 838/900/834 861/923/857
f 860/922/856 839/901/835 861/923/857
f 877/940/872 98/941/97 878/942/873
f 878/942/873 98/941/97 75/943/74
f 98/941/97 877/940/872 102/944/101
f 879/945/874 877/940/872 878/942/873
f 814/876/810 826/888/822 812/874/808
f 834/896/830 842/904/838 838/900/834
f 869/933/865 867/931/863 870/934/866
f 182/930/180 880/946/875 866/928/862
f 881/947/876 860/922/856 876/939/871
f 837/899/833 814/876/810 861/923/857
f 882/948/877 883/949/878 884/950/879
f 885/951/880 883/949/878 882/948/877
f 848/910/844 820/882/816 805/865/801
f 807/867/803 773/832/770 886/952/881
f 833/895/829 887/953/882 888/954/883
f 181/929/179 866/928/862 708/955/705
f 889/956/884 890/957/885 855/917/851
f 770/829/767 886/952/881 891/958/886
f 892/959/887 893/960/888 845/907/841
f 894/961/889 895/962/890 840/902/836
f 844/906/840 848/910/844 805/865/801
f 770/829/767 807/867/803 886/952/881
f 896/963/891 773/832/770 775/834/772
f 897/964/892 893/960/888 892/959/887
f 834/896/830 898/965/893 899/966/894
f 900/967/895 892/959/887 901/968/896
f 900/967/895 897/964/892 892/959/887
f 897/964/892 902/969/897 893/960/888
f 903/970/898 904/971/899 905/972/900
f 902/969/897 764/823/761 893/960/888
f 840/902/836 895/962/890 804/864/800
f 906/973/901 907/974/902 790/849/787
f 820/882/816 848/910/844 819/881/815
f 857/919/853 766/825/763 768/827/765
f 906/973/901 764/823/761 908/975/903
f 875/938/870 813/875/809 843/905/839
f 876/939/871 800/861/797 909/976/904
f 873/937/869 767/826/764 766/825/763
f 882/948/877 769/828/766 900/967/895
f 902/969/897 897/964/892 900/967/895
f 768/827/765 889/956/884 855/917/851
f 860/922/856 898/965/893 839/901/835
f 875/938/870 800/861/797 876/939/871
f 887/953/882 832/894/828 827/889/823
f 871/935/867 910/977/905 864/926/860
f 827/889/823 837/899/833 872/936/868
f 770/829/767 810/872/806 771/830/768
f 798/859/795 875/938/870 843/905/839
f 911/978/906 912/979/907 822/884/818
f 895/962/890 740/799/737 742/801/739
f 895/962/890 912/979/907 911/978/906
f 740/799/737 911/978/906 755/814/752
f 767/826/764 869/933/865 889/956/884
f 884/950/879 807/867/803 769/828/766
f 895/962/890 911/978/906 740/799/737
f 795/854/792 796/855/793 872/936/868
f 839/901/835 898/965/893 834/896/830
f 875/938/870 860/922/856 813/875/809
f 913/980/908 914/981/909 708/955/705
f 866/928/862 913/980/908 708/955/705
f 842/904/838 834/896/830 836/898/832
f 866/928/862 852/914/848 913/980/908
f 867/931/863 869/933/865 741/800/738
f 760/819/757 887/953/882 796/855/793
f 871/935/867 864/926/860 872/936/868
f 795/854/792 872/936/868 864/926/860
f 915/982/910 864/926/860 910/977/905
f 838/900/834 872/936/868 837/899/833
f 900/967/895 769/828/766 771/830/768
f 832/894/828 887/953/882 833/895/829
f 908/975/903 764/823/761 763/822/760
f 814/876/810 813/875/809 861/923/857
f 764/823/761 906/973/901 893/960/888
f 916/983/911 841/903/837 836/898/832
f 871/935/867 842/904/838 841/903/837
f 887/953/882 761/820/758 888/954/883
f 764/823/761 902/969/897 765/824/762
f 572/984/572 569/985/912 917/986/913
f 803/863/799 918/987/914 792/851/789
f 801/988/915 917/986/913 569/985/912
f 801/988/915 792/851/789 918/987/914
f 784/843/781 907/974/902 890/957/885
f 812/874/808 833/895/829 843/905/839
f 910/977/905 871/935/867 841/903/837
f 889/956/884 869/933/865 919/989/916
f 791/850/788 803/863/799 792/851/789
f 777/836/774 753/812/750 752/811/749
f 777/836/774 752/811/749 920/990/917
f 797/857/794 920/990/917 752/811/749
f 794/853/791 762/821/759 755/814/752
f 921/991/918 922/992/919 923/993/920
f 924/994/921 925/995/922 926/996/923
f 563/997/559 537/998/530 927/999/924
f 803/863/799 925/995/922 918/987/914
f 928/1000/925 929/1001/926 930/1002/927
f 925/995/922 924/994/921 923/993/920
f 784/843/781 790/849/787 907/974/902
f 931/1003/928 930/1002/927 929/1001/926
f 928/1000/925 932/1004/929 929/1001/926
f 933/1005/930 564/1006/560 556/1007/551
f 925/995/922 934/1008/931 918/987/914
f 537/998/530 536/1009/529 935/1010/932
f 931/1003/928 929/1001/926 922/992/919
f 926/996/923 925/995/922 803/863/799
f 925/995/922 923/993/920 936/1011/933
f 937/1012/934 928/1000/925 938/1013/935
f 923/993/920 922/992/919 929/1001/926
f 97/870/96 69/1014/68 749/808/746
f 927/999/924 939/1015/936 923/993/920
f 937/1012/934 932/1004/929 928/1000/925
f 801/988/915 934/1008/931 917/986/913
f 932/1004/929 927/999/924 929/1001/926
f 926/996/923 940/1016/937 924/994/921
f 921/991/918 924/994/921 940/1016/937
f 939/1015/936 935/1010/932 941/1017/938
f 917/986/913 934/1008/931 942/1018/939
f 934/1008/931 925/995/922 936/1011/933
f 942/1018/939 939/1015/936 941/1017/938
f 932/1004/929 553/1019/545 563/997/559
f 851/913/847 902/969/897 850/912/846
f 927/999/924 537/998/530 935/1010/932
f 774/833/771 773/832/770 807/867/803
f 939/1015/936 927/999/924 935/1010/932
f 939/1015/936 942/1018/939 936/1011/933
f 937/1012/934 556/1007/551 553/1019/545
f 902/969/897 851/913/847 765/824/762
f 939/1015/936 936/1011/933 923/993/920
f 855/917/851 763/822/760 765/824/762
f 773/832/770 896/963/891 886/952/881
f 898/965/893 860/922/856 943/1020/940
f 868/932/864 919/989/916 869/933/865
f 778/837/775 777/836/774 775/834/772
f 760/819/757 795/854/792 780/839/777
f 808/868/804 753/812/750 776/835/773
f 536/1009/529 574/1021/569 941/1017/938
f 944/1022/941 833/895/829 888/954/883
f 945/1023/942 946/1024/943 818/880/814
f 888/954/883 947/1025/944 944/1022/941
f 816/878/812 818/880/814 948/1026/945
f 949/1027/946 946/1024/943 945/1023/942
f 946/1024/943 948/1026/945 818/880/814
f 833/895/829 944/1022/941 950/1028/947
f 951/1029/948 947/1025/944 952/1030/949
f 950/1028/947 947/1025/944 951/1029/948
f 833/895/829 798/859/795 843/905/839
f 949/1027/946 953/1031/950 954/1032/951
f 955/1033/952 948/1026/945 946/1024/943
f 946/1024/943 954/1032/951 955/1033/952
f 824/886/820 952/1030/949 947/1025/944
f 950/1028/947 948/1026/945 798/859/795
f 799/860/796 948/1026/945 955/1033/952
f 950/1028/947 951/1029/948 948/1026/945
f 954/1032/951 946/1024/943 949/1027/946
f 950/1028/947 798/859/795 833/895/829
f 798/859/795 948/1026/945 799/860/796
f 906/973/901 908/975/903 907/974/902
f 955/1033/952 956/1034/953 909/976/904
f 947/1025/944 950/1028/947 944/1022/941
f 954/1032/951 953/1031/950 955/1033/952
f 909/976/904 800/861/797 799/860/796
f 948/1026/945 951/1029/948 816/878/812
f 828/890/824 816/878/812 951/1029/948
f 742/801/739 804/864/800 895/962/890
f 935/1010/932 536/1009/529 941/1017/938
f 953/1031/950 956/1034/953 955/1033/952
f 955/1033/952 909/976/904 799/860/796
f 911/978/906 822/884/818 758/817/755
f 937/1012/934 553/1019/545 932/1004/929
f 865/927/861 864/926/860 915/982/910
f 823/885/819 822/884/818 894/961/889
f 823/885/819 894/961/889 840/902/836
f 952/1030/949 824/886/820 823/885/819
f 952/1030/949 823/885/819 830/892/826
f 951/1029/948 831/893/827 828/890/824
f 830/892/826 823/885/819 840/902/836
f 825/887/821 830/892/826 840/902/836
f 952/1030/949 831/893/827 951/1029/948
f 845/907/841 893/960/888 906/973/901
f 894/961/889 822/884/818 912/979/907
f 895/962/890 894/961/889 912/979/907
f 831/893/827 952/1030/949 830/892/826
f 790/849/787 845/907/841 906/973/901
f 957/1035/954 920/990/917 905/972/900
f 775/834/772 777/836/774 896/963/891
f 958/1036/955 920/990/917 957/1035/954
f 957/1035/954 904/971/899 959/1037/956
f 896/963/891 960/1038/957 891/958/886
f 904/971/899 957/1035/954 905/972/900
f 960/1038/957 959/1037/956 961/1039/958
f 958/1036/955 959/1037/956 960/1038/957
f 961/1039/958 959/1037/956 904/971/899
f 873/937/869 962/1040/959 767/826/764
f 960/1038/957 961/1039/958 891/958/886
f 961/1039/958 815/877/811 891/958/886
f 904/971/899 963/1041/960 961/1039/958
f 904/971/899 903/970/898 963/1041/960
f 958/1036/955 960/1038/957 896/963/891
f 887/953/882 760/819/757 761/820/758
f 945/1023/942 818/880/814 964/1042/961
f 964/1042/961 818/880/814 815/877/811
f 815/877/811 961/1039/958 963/1041/960
f 957/1035/954 959/1037/956 958/1036/955
f 965/1043/962 966/1044/963 967/1045/964
f 968/1046/965 963/1041/960 903/970/898
f 815/877/811 963/1041/960 965/1043/962
f 901/968/896 882/948/877 900/967/895
f 934/1008/931 936/1011/933 942/1018/939
f 965/1043/962 963/1041/960 968/1046/965
f 964/1042/961 815/877/811 965/1043/962
f 958/1036/955 896/963/891 777/836/774
f 958/1036/955 777/836/774 920/990/917
f 891/958/886 815/877/811 770/829/767
f 969/1047/966 970/1048/967 971/1049/968
f 972/1050/969 970/1048/967 33/1051/32
f 33/1051/32 970/1048/967 969/1047/966
f 973/1052/970 968/1046/965 903/970/898
f 758/817/755 761/820/758 759/818/756
f 761/820/758 758/817/755 822/884/818
f 572/984/572 941/1017/938 574/1021/569
f 974/1053/971 975/1054/972 976/1055/973
f 572/984/572 942/1018/939 941/1017/938
f 966/1044/963 974/1053/971 976/1055/973
f 769/828/766 882/948/877 884/950/879
f 966/1044/963 968/1046/965 974/1053/971
f 801/988/915 918/987/914 934/1008/931
f 977/1056/974 416/1057/415 978/1058/975
f 979/1059/976 416/1057/415 977/1056/974
f 416/1057/415 979/1059/976 980/1060/977
f 977/1056/974 981/1061/978 979/1059/976
f 982/1062/979 983/1063/980 984/1064/981
f 455/1065/454 416/1057/415 980/1060/977
f 977/1056/974 985/1066/982 981/1061/978
f 983/1063/980 986/1067/983 984/1064/981
f 987/1068/984 988/1069/985 989/1070/986
f 924/994/921 921/991/918 923/993/920
f 990/1071/987 991/1072/988 992/1073/989
f 991/1072/988 914/981/909 993/1074/990
f 985/1066/982 982/1062/979 984/1064/981
f 977/1056/974 982/1062/979 985/1066/982
f 992/1073/989 991/1072/988 993/1074/990
f 989/1070/986 993/1074/990 987/1068/984
f 989/1070/986 992/1073/989 993/1074/990
f 989/1070/986 988/1069/985 984/1064/981
f 988/1069/985 985/1066/982 984/1064/981
f 854/916/850 993/1074/990 913/980/908
f 914/981/909 913/980/908 993/1074/990
f 854/916/850 913/980/908 852/914/848
f 977/1056/974 983/1063/980 982/1062/979
f 981/1061/978 985/1066/982 988/1069/985
f 987/1068/984 993/1074/990 854/916/850
f 978/1058/975 983/1063/980 977/1056/974
f 889/956/884 784/843/781 890/957/885
f 572/984/572 917/986/913 942/1018/939
f 781/840/778 784/843/781 889/956/884
f 994/1075/991 789/848/786 783/842/780
f 919/989/916 781/840/778 889/956/884
f 995/1076/992 919/989/916 868/932/864
f 996/1077/993 781/840/778 995/1076/992
f 988/1069/985 987/1068/984 787/846/784
f 994/1075/991 981/1061/978 789/848/786
f 988/1069/985 789/848/786 981/1061/978
f 932/1004/929 563/997/559 927/999/924
f 997/1078/994 980/1060/977 979/1059/976
f 997/1078/994 979/1059/976 994/1075/991
f 995/1076/992 781/840/778 919/989/916
f 979/1059/976 981/1061/978 994/1075/991
f 980/1060/977 997/1078/994 998/1079/995
f 988/1069/985 787/846/784 789/848/786
f 999/1080/996 998/1079/995 997/1078/994
f 787/846/784 987/1068/984 853/915/849
f 994/1075/991 999/1080/996 997/1078/994
f 987/1068/984 854/916/850 853/915/849
f 996/1077/993 1000/1081/997 781/840/778
f 788/847/785 787/846/784 853/915/849
f 789/848/786 787/846/784 785/844/782
f 966/1044/963 976/1055/973 1001/1082/998
f 938/1013/935 556/1007/551 937/1012/934
f 976/1055/973 1002/1083/999 1001/1082/998
f 877/940/872 975/1054/972 972/1050/969
f 1002/1083/999 976/1055/973 975/1054/972
f 971/1049/968 970/1048/967 973/1052/970
f 1003/1084/1000 975/1054/972 879/945/874
f 966/1044/963 1002/1083/999 967/1045/964
f 1002/1083/999 1004/1085/1001 1005/1086/1002
f 1005/1086/1002 967/1045/964 1002/1083/999
f 1006/1087/1003 1003/1084/1000 1007/1088/1004
f 908/975/903 763/822/760 907/974/902
f 1008/1089/1005 1005/1086/1002 1004/1085/1001
f 877/940/872 33/1051/32 102/944/101
f 905/972/900 971/1049/968 903/970/898
f 794/853/791 1009/1090/1006 846/908/842
f 1008/1089/1005 1006/1087/1003 1007/1088/1004
f 945/1023/942 964/1042/961 949/1027/946
f 1010/1091/1007 953/1031/950 949/1027/946
f 974/1053/971 968/1046/965 973/1052/970
f 1011/1092/1008 1012/1093/1009 1008/1089/1005
f 1010/1091/1007 1012/1093/1009 1011/1092/1008
f 964/1042/961 965/1043/962 967/1045/964
f 1006/1087/1003 1002/1083/999 975/1054/972
f 964/1042/961 1012/1093/1009 949/1027/946
f 782/841/779 994/1075/991 783/842/780
f 970/1048/967 972/1050/969 974/1053/971
f 1008/1089/1005 1012/1093/1009 964/1042/961
f 1008/1089/1005 1007/1088/1004 1011/1092/1008
f 967/1045/964 1005/1086/1002 964/1042/961
f 999/1080/996 782/841/779 1000/1081/997
f 975/1054/972 1003/1084/1000 1006/1087/1003
f 1011/1092/1008 953/1031/950 1010/1091/1007
f 781/840/778 1000/1081/997 782/841/779
f 1005/1086/1002 1008/1089/1005 964/1042/961
f 1002/1083/999 966/1044/963 1001/1082/998
f 879/945/874 975/1054/972 877/940/872
f 903/970/898 971/1049/968 973/1052/970
f 972/1050/969 33/1051/32 877/940/872
f 999/1080/996 994/1075/991 782/841/779
f 1004/1085/1001 1006/1087/1003 1008/1089/1005
f 949/1027/946 1012/1093/1009 1010/1091/1007
f 779/838/776 741/800/738 756/815/753
f 844/906/840 847/909/843 962/1040/959
f 972/1050/969 975/1054/972 974/1053/971
f 1004/1085/1001 1002/1083/999 1006/1087/1003
f 973/1052/970 970/1048/967 974/1053/971
f 968/1046/965 966/1044/963 965/1043/962
f 850/912/846 900/967/895 819/881/815
f 744/803/741 1013/1094/1010 786/845/783
f 761/820/758 822/884/818 824/886/820
f 892/959/887 845/907/841 1014/1095/1011
f 1013/1094/1010 744/803/741 743/802/740
f 1014/1095/1011 845/907/841 1015/1096/1012
f 847/909/843 742/801/739 962/1040/959
f 745/804/742 1015/1096/1012 743/802/740
f 1016/1097/1013 745/804/742 747/806/744
f 746/805/743 1016/1097/1013 747/806/744
f 886/952/881 896/963/891 891/958/886
f 755/814/752 911/978/906 758/817/755
f 746/805/743 748/807/745 1017/1098/1014
f 851/913/847 768/827/765 855/917/851
f 1018/1099/1015 1015/1096/1012 1016/1097/1013
f 884/950/879 883/949/878 774/833/771
f 796/855/793 887/953/882 827/889/823
f 888/954/883 761/820/758 824/886/820
f 892/959/887 1019/1100/1016 901/968/896
f 1015/1096/1012 1018/1099/1015 885/951/880
f 746/805/743 1017/1098/1014 1020/1101/1017
f 892/959/887 1014/1095/1011 1019/1100/1016
f 758/817/755 757/816/754 1009/1090/1006
f 1021/1102/1018 751/810/748 750/809/747
f 786/845/783 788/847/785 744/803/741
f 1022/1103/1019 1018/1099/1015 746/805/743
f 883/949/878 808/868/804 772/831/769
f 808/868/804 883/949/878 885/951/880
f 883/949/878 772/831/769 774/833/771
f 774/833/771 807/867/803 884/950/879
f 1015/1096/1012 1019/1100/1016 1014/1095/1011
f 1023/1104/1020 1024/1105/1021 803/863/799
f 1024/1105/1021 940/1016/937 926/996/923
f 803/863/799 1024/1105/1021 926/996/923
f 786/845/783 1013/1094/1010 787/846/784
f 742/801/739 741/800/738 962/1040/959
f 1025/1106/1022 750/809/747 1026/1107/1023
f 787/846/784 1013/1094/1010 785/844/782
f 1009/1090/1006 794/853/791 758/817/755
f 749/808/746 1026/1107/1023 750/809/747
f 850/912/846 902/969/897 900/967/895
f 885/951/880 1019/1100/1016 1015/1096/1012
f 1020/1101/1017 1022/1103/1019 746/805/743
f 882/948/877 901/968/896 1019/1100/1016
f 1022/1103/1019 1020/1101/1017 1027/1108/1024
f 767/826/764 962/1040/959 869/933/865
f 1018/1099/1015 1016/1097/1013 746/805/743
f 40/858/39 752/811/749 1028/1109/1025
f 1029/1110/1026 885/951/880 1022/1103/1019
f 808/868/804 885/951/880 1029/1110/1026
f 857/919/853 768/827/765 851/913/847
f 990/1071/987 1030/1111/1027 208/1112/207
f 819/881/815 900/967/895 771/830/768
f 873/937/869 844/906/840 962/1040/959
f 986/1067/983 978/1058/975 265/1113/264
f 1030/1111/1027 992/1073/989 989/1070/986
f 206/1114/205 1030/1111/1027 984/1064/981
f 986/1067/983 206/1114/205 984/1064/981
f 978/1058/975 986/1067/983 983/1063/980
f 265/1113/264 206/1114/205 986/1067/983
f 850/912/846 819/881/815 848/910/844
f 1031/1115/1028 971/1049/968 905/972/900
f 971/1049/968 1031/1115/1028 1032/1116/1029
f 768/827/765 767/826/764 889/956/884
f 1031/1115/1028 905/972/900 920/990/917
f 920/990/917 797/857/794 1031/1115/1028
f 969/1047/966 1032/1116/1029 31/1117/30
f 873/937/869 848/910/844 844/906/840
f 888/954/883 824/886/820 947/1025/944
f 840/902/836 804/864/800 806/866/802
f 24/856/23 25/1118/24 797/857/794
f 1032/1116/1029 1031/1115/1028 1033/1119/1030
f 1033/1119/1030 1031/1115/1028 797/857/794
f 22/1120/21 1032/1116/1029 1033/1119/1030
f 1033/1119/1030 25/1118/24 20/1121/19
f 1033/1119/1030 797/857/794 25/1118/24
f 206/1114/205 208/1112/207 1030/1111/1027
f 1032/1116/1029 22/1120/21 31/1117/30
f 265/1113/264 978/1058/975 416/1057/415
f 1030/1111/1027 990/1071/987 992/1073/989
f 890/957/885 907/974/902 763/822/760
f 1030/1111/1027 989/1070/986 984/1064/981
f 20/1121/19 22/1120/21 1033/1119/1030
f 1032/1116/1029 969/1047/966 971/1049/968
f 739/798/736 738/797/735 1025/1106/1022
f 1027/1108/1024 1025/1106/1022 738/797/735
f 33/1051/32 969/1047/966 31/1117/30
f 763/822/760 855/917/851 890/957/885
f 1025/1106/1022 1021/1102/1018 750/809/747
f 1029/1110/1026 1027/1108/1024 738/797/735
f 927/999/924 923/993/920 929/1001/926
f 808/868/804 1029/1110/1026 754/813/751
f 754/813/751 1029/1110/1026 738/797/735
f 1028/1109/1025 739/798/736 1026/1107/1023
f 1017/1098/1014 1027/1108/1024 1020/1101/1017
f 745/804/742 744/803/741 747/806/744
f 882/948/877 1019/1100/1016 885/951/880
f 1013/1094/1010 743/802/740 785/844/782
f 739/798/736 1025/1106/1022 1026/1107/1023
f 1017/1098/1014 751/810/748 1021/1102/1018
f 797/857/794 752/811/749 40/858/39
f 845/907/841 743/802/740 1015/1096/1012
f 1028/1109/1025 754/813/751 737/796/734
f 1021/1102/1018 1025/1106/1022 1027/1108/1024
f 1021/1102/1018 1027/1108/1024 1017/1098/1014
f 190/1122/189 880/946/875 182/930/180
f 1034/1123/1031 36/869/35 809/871/805
f 869/933/865 962/1040/959 741/800/738
f 753/812/750 808/868/804 754/813/751
f 1035/1124/1032 1036/1125/1033 858/920/854
f 809/871/805 751/810/748 1037/1126/1034
f 1038/1127/1035 1036/1125/1033 1035/1124/1032
f 1039/1128/1036 190/1122/189 28/1129/27
f 40/858/39 1028/1109/1025 1040/1130/1037
f 1041/1131/1038 190/1122/189 1039/1128/1036
f 1036/1125/1033 1042/1132/1039 1043/1133/1040
f 1022/1103/1019 885/951/880 1018/1099/1015
f 754/813/751 1028/1109/1025 752/811/749
f 852/914/848 1041/1131/1038 859/921/855
f 745/804/742 1016/1097/1013 1015/1096/1012
f 190/1122/189 852/914/848 880/946/875
f 1039/1128/1036 1035/1124/1032 1041/1131/1038
f 1037/1126/1034 1044/1134/1041 1042/1132/1039
f 1042/1132/1039 1044/1134/1041 1043/1133/1040
f 1042/1132/1039 1034/1123/1031 1037/1126/1034
f 1038/1127/1035 1035/1124/1032 28/1129/27
f 863/925/859 1043/1133/1040 1044/1134/1041
f 754/813/751 738/797/735 737/796/734
f 863/925/859 744/803/741 862/924/858
f 27/1135/26 1036/1125/1033 1038/1127/1035
f 1035/1124/1032 858/920/854 859/921/855
f 1028/1109/1025 737/796/734 739/798/736
f 744/803/741 788/847/785 862/924/858
f 747/806/744 1044/1134/1041 1037/1126/1034
f 1041/1131/1038 852/914/848 190/1122/189
f 1037/1126/1034 1017/1098/1014 748/807/745
f 1017/1098/1014 1037/1126/1034 751/810/748
f 749/808/746 751/810/748 809/871/805
f 1027/1108/1024 1029/1110/1026 1022/1103/1019
f 1026/1107/1023 1040/1130/1037 1028/1109/1025
f 747/806/744 744/803/741 863/925/859
f 749/808/746 69/1014/68 1040/1130/1037
f 880/946/875 852/914/848 866/928/862
f 1040/1130/1037 69/1014/68 41/1136/40
f 1044/1134/1041 747/806/744 863/925/859
f 881/947/876 876/939/871 1045/1137/1042
f 28/1129/27 27/1135/26 1038/1127/1035
f 29/1138/28 1036/1125/1033 27/1135/26
f 909/976/904 956/1034/953 1045/1137/1042
f 41/1136/40 40/858/39 1040/1130/1037
f 748/807/745 747/806/744 1037/1126/1034
f 898/965/893 1046/1139/1043 1047/1140/1044
f 749/808/746 1040/1130/1037 1026/1107/1023
f 1048/1141/1045 835/897/831 1049/1142/1046
f 809/871/805 1037/1126/1034 1034/1123/1031
f 1046/1139/1043 1050/1143/1047 933/1005/930
f 1036/1125/1033 29/1138/28 1042/1132/1039
f 938/1013/935 928/1000/925 1047/1140/1044
f 36/869/35 1034/1123/1031 29/1138/28
f 1041/1131/1038 1035/1124/1032 859/921/855
f 1039/1128/1036 28/1129/27 1035/1124/1032
f 1034/1123/1031 1042/1132/1039 29/1138/28
f 1036/1125/1033 863/925/859 858/920/854
f 1036/1125/1033 1043/1133/1040 863/925/859
f 1051/1144/1048 1003/1084/1000 878/942/873
f 1045/1137/1042 1052/1145/1049 881/947/876
f 876/939/871 909/976/904 1045/1137/1042
f 878/942/873 1053/1146/1050 1051/1144/1048
f 933/1005/930 1054/1147/1051 564/1006/560
f 1011/1092/1008 1052/1145/1049 1045/1137/1042
f 1051/1144/1048 1050/1143/1047 1052/1145/1049
f 956/1034/953 1011/1092/1008 1045/1137/1042
f 953/1031/950 1011/1092/1008 956/1034/953
f 899/966/894 835/897/831 834/896/830
f 933/1005/930 938/1013/935 1046/1139/1043
f 1052/1145/1049 1050/1143/1047 881/947/876
f 1023/1104/1020 803/863/799 802/862/798
f 791/850/788 874/1148/1052 802/862/798
f 874/1148/1052 791/850/788 793/852/790
f 1046/1139/1043 898/965/893 943/1020/940
f 898/965/893 1047/1140/1044 899/966/894
f 881/947/876 1050/1143/1047 1046/1139/1043
f 1054/1147/1051 933/1005/930 1050/1143/1047
f 1047/1140/1044 1046/1139/1043 938/1013/935
f 78/1149/77 1053/1146/1050 75/943/74
f 836/898/832 835/897/831 916/983/911
f 556/1007/551 938/1013/935 933/1005/930
f 928/1000/925 899/966/894 1047/1140/1044
f 943/1020/940 860/922/856 881/947/876
f 78/1149/77 564/1006/560 1054/1147/1051
f 930/1002/927 899/966/894 928/1000/925
f 75/943/74 1053/1146/1050 878/942/873
f 943/1020/940 881/947/876 1046/1139/1043
f 1007/1088/1004 1052/1145/1049 1011/1092/1008
f 835/897/831 899/966/894 930/1002/927
f 931/1003/928 1049/1142/1046 930/1002/927
f 1050/1143/1047 1051/1144/1048 1054/1147/1051
f 1049/1142/1046 835/897/831 930/1002/927
f 1053/1146/1050 78/1149/77 1054/1147/1051
f 1007/1088/1004 1003/1084/1000 1051/1144/1048
f 1053/1146/1050 1054/1147/1051 1051/1144/1048
f 1007/1088/1004 1051/1144/1048 1052/1145/1049
f 878/942/873 1003/1084/1000 879/945/874
f 916/983/911 835/897/831 1048/1141/1045
f 1055/1150/1053 914/1151/909 1056/1152/1054
f 602/1153/595 1057/1154/1055 1058/1155/1056
f 1059/1156/1057 225/1157/224 232/1158/231
f 637/1159/632 708/1160/705 1055/1150/1053
f 1060/1161/1058 1061/1162/1059 1062/1163/1060
f 1063/1164/1061 1061/1162/1059 1064/1165/1062
f 1064/1165/1062 1061/1162/1059 1065/1166/1063
f 1066/1167/1064 1067/1168/1065 1068/1169/1066
f 1064/1165/1062 1065/1166/1063 1069/1170/1067
f 1063/1164/1061 1070/1171/1068 1061/1162/1059
f 1071/1172/1069 1072/1173/1070 1073/1174/1071
f 1070/1171/1068 1062/1163/1060 1061/1162/1059
f 1066/1167/1064 1064/1165/1062 1069/1170/1067
f 1064/1165/1062 1068/1169/1066 1063/1164/1061
f 1074/1175/1072 1069/1170/1067 1075/1176/1073
f 1073/1174/1071 1074/1175/1072 1075/1176/1073
f 1074/1175/1072 1073/1174/1071 1072/1173/1070
f 1066/1167/1064 1068/1169/1066 1064/1165/1062
f 1069/1170/1067 1074/1175/1072 1076/1177/1074
f 1069/1170/1067 1061/1162/1059 1060/1161/1058
f 1069/1170/1067 1076/1177/1074 1066/1167/1064
f 1066/1167/1064 1076/1177/1074 1072/1173/1070
f 1075/1176/1073 1077/1178/1075 1073/1174/1071
f 1065/1166/1063 1061/1162/1059 1069/1170/1067
f 1076/1177/1074 1074/1175/1072 1072/1173/1070
f 1060/1161/1058 1075/1176/1073 1069/1170/1067
f 1075/1176/1073 1060/1161/1058 1077/1178/1075
f 1078/1179/1076 1079/1180/1077 1080/1181/1078
f 1081/1182/1079 1082/1183/1080 1083/1184/1081
f 1082/1183/1080 1081/1182/1079 1084/1185/1082
f 1059/1156/1057 1085/1186/1083 1086/1187/1084
f 232/1158/231 1085/1186/1083 1059/1156/1057
f 1087/1188/1085 1058/1155/1056 1057/1154/1055
f 1088/1189/1086 1089/1190/1087 1090/1191/1088
f 1091/1192/1089 1092/1193/1090 1093/1194/1091
f 1094/1195/1092 1095/1196/1093 1088/1189/1086
f 1096/1197/1094 1094/1195/1092 1088/1189/1086
f 1096/1197/1094 1097/1198/1095 1098/1199/1096
f 1097/1198/1095 1099/1200/1097 1098/1199/1096
f 1100/1201/1098 1101/1202/1099 1102/1203/1100
f 1089/1190/1087 1088/1189/1086 1095/1196/1093
f 1088/1189/1086 1090/1191/1088 1097/1198/1095
f 1099/1200/1097 1097/1198/1095 1090/1191/1088
f 1103/1204/1101 1104/1205/1102 1105/1206/1103
f 1106/1207/1104 1102/1203/1100 1107/1208/1105
f 1108/1209/1106 1109/1210/1107 1110/1211/1108
f 1111/1212/1109 1089/1190/1087 1095/1196/1093
f 1112/1213/1110 1113/1214/1111 1114/1215/1112
f 1115/1216/1113 1109/1210/1107 1108/1209/1106
f 1113/1214/1111 1112/1213/1110 1110/1211/1108
f 1099/1200/1097 1116/1217/1114 1117/1218/1115
f 1109/1210/1107 1118/1219/1116 1113/1214/1111
f 1109/1210/1107 1115/1216/1113 1118/1219/1116
f 1110/1211/1108 1109/1210/1107 1113/1214/1111
f 1119/1220/1117 1120/1221/1118 1121/1222/1119
f 1100/1201/1098 1122/1223/1120 1101/1202/1099
f 1120/1221/1118 1123/1224/1121 1121/1222/1119
f 1090/1191/1088 1116/1217/1114 1099/1200/1097
f 1090/1191/1088 1124/1225/1122 1116/1217/1114
f 1102/1203/1100 1101/1202/1099 1107/1208/1105
f 1125/1226/1123 1126/1227/1124 990/1228/987
f 1122/1223/1120 1107/1208/1105 1101/1202/1099
f 1089/1190/1087 1111/1212/1109 1106/1207/1104
f 1097/1198/1095 1096/1197/1094 1088/1189/1086
f 1099/1200/1097 1117/1218/1115 1091/1192/1089
f 1127/1229/1125 1128/1230/1126 1116/1217/1114
f 1127/1229/1125 1129/1231/1127 1130/1232/1128
f 1116/1217/1114 1128/1230/1126 1131/1233/1129
f 1091/1192/1089 1093/1194/1091 1098/1199/1096
f 1116/1217/1114 1124/1225/1122 1127/1229/1125
f 1130/1232/1128 1132/1234/1130 1131/1233/1129
f 1114/1215/1112 1133/1235/1131 1112/1213/1110
f 1131/1233/1129 1128/1230/1126 1130/1232/1128
f 1124/1225/1122 1089/1190/1087 1127/1229/1125
f 1132/1234/1130 1130/1232/1128 1129/1231/1127
f 208/1236/207 212/1237/211 1125/1226/1123
f 1127/1229/1125 1089/1190/1087 1107/1208/1105
f 1108/1209/1106 1134/1238/1132 1115/1216/1113
f 1135/1239/1133 1125/1226/1123 1136/1240/1134
f 1090/1191/1088 1089/1190/1087 1124/1225/1122
f 1106/1207/1104 1107/1208/1105 1089/1190/1087
f 1108/1209/1106 1137/1241/1135 1134/1238/1132
f 1130/1232/1128 1128/1230/1126 1127/1229/1125
f 1098/1199/1096 1099/1200/1097 1091/1192/1089
f 1127/1229/1125 1107/1208/1105 1129/1231/1127
f 657/1242/655 1138/1243/1136 591/1244/587
f 1139/1245/1137 1138/1243/1136 657/1242/655
f 1140/1246/1138 1063/1164/1061 1068/1169/1066
f 1135/1239/1133 1136/1240/1134 1141/1247/1139
f 1068/1169/1066 1142/1248/1140 1140/1246/1138
f 1143/1249/1141 1133/1235/1131 1144/1250/1142
f 1145/1251/1143 1146/1252/1144 678/1253/675
f 1147/1254/1145 1148/1255/1146 1149/1256/1147
f 1150/1257/1148 1147/1254/1145 1149/1256/1147
f 1133/1235/1131 1079/1180/1077 1112/1213/1110
f 1151/1258/1149 1152/1259/1150 1153/1260/1151
f 1154/1261/1152 1155/1262/1153 655/1263/653
f 914/1151/909 1055/1150/1053 708/1160/705
f 1156/1264/1154 1157/1265/1155 1158/1266/1156
f 1159/1267/1157 694/1268/691 1160/1269/1158
f 255/1270/254 1161/1271/1159 232/1158/231
f 1144/1250/1142 1133/1235/1131 1162/1272/1160
f 1163/1273/1161 1153/1260/1151 1152/1259/1150
f 679/1274/676 678/1253/675 1146/1252/1144
f 1078/1179/1076 1165/1275/1162 1058/1155/1056
f 1166/1276/1163 1123/1224/1121 1167/1277/1164
f 1168/1278/1165 1153/1260/1151 1163/1273/1161
f 1153/1260/1151 1168/1278/1165 1169/1279/1166
f 1110/1211/1108 1156/1264/1154 1108/1209/1106
f 1154/1261/1152 655/1263/653 707/1280/704
f 1170/1281/1167 1169/1279/1166 1171/1282/1168
f 1172/1283/1169 1150/1257/1148 1149/1256/1147
f 1167/1277/1164 1123/1224/1121 1120/1221/1118
f 1157/1265/1155 1110/1211/1108 1112/1213/1110
f 1173/1284/1170 1166/1276/1163 1167/1277/1164
f 1174/1285/1171 1082/1183/1080 1084/1185/1082
f 1137/1241/1135 1175/1286/1172 1134/1238/1132
f 1147/1254/1145 1150/1257/1148 1176/1287/1173
f 1172/1283/1169 1163/1273/1161 1152/1259/1150
f 1169/1279/1166 1177/1288/1174 1171/1282/1168
f 1169/1279/1166 1178/1289/1175 1179/1290/1176
f 1180/1291/1177 1181/1292/1178 1182/1293/1179
f 1183/1294/1180 1176/1287/1173 1184/1295/1181
f 1164/1296/1182 699/1297/706 655/1263/653
f 1185/1298/1183 1113/1214/1111 1118/1219/1116
f 1186/1299/1184 1145/1251/1143 695/1300/692
f 1179/1290/1176 1187/1301/1185 1144/1250/1142
f 1114/1215/1112 1113/1214/1111 1185/1298/1183
f 1188/1302/1186 1189/1303/1187 1070/1171/1068
f 1168/1278/1165 1178/1289/1175 1169/1279/1166
f 1144/1250/1142 1162/1272/1160 1179/1290/1176
f 1185/1298/1183 1118/1219/1116 1177/1288/1174
f 1164/1296/1182 1155/1262/1153 1148/1255/1146
f 1190/1304/1188 1186/1299/1184 1191/1305/1189
f 1178/1289/1175 1168/1278/1165 1145/1251/1143
f 1160/1269/1158 1192/1306/1190 1159/1267/1157
f 1184/1295/1181 1150/1257/1148 1172/1283/1169
f 695/1300/692 698/1307/695 1186/1299/1184
f 1145/1251/1143 1163/1273/1161 1146/1252/1144
f 1193/1308/1191 1190/1304/1188 1191/1305/1189
f 1179/1290/1176 1178/1289/1175 1190/1304/1188
f 1157/1265/1155 1112/1213/1110 1174/1285/1171
f 1186/1299/1184 698/1307/695 1191/1305/1189
f 707/1280/704 679/1274/676 1172/1283/1169
f 678/1253/675 697/1309/694 1145/1251/1143
f 1156/1264/1154 1110/1211/1108 1157/1265/1155
f 1179/1290/1176 1177/1288/1174 1169/1279/1166
f 1184/1295/1181 1152/1259/1150 1151/1258/1149
f 1180/1291/1177 1140/1246/1138 1142/1248/1140
f 1172/1283/1169 679/1274/676 1146/1252/1144
f 1137/1241/1135 1108/1209/1106 1156/1264/1154
f 1155/1262/1153 1149/1256/1147 1148/1255/1146
f 1191/1305/1189 700/1310/696 1194/1311/1192
f 695/1300/692 1145/1251/1143 697/1309/694
f 1176/1287/1173 1150/1257/1148 1184/1295/1181
f 700/1310/696 1191/1305/1189 698/1307/695
f 1078/1179/1076 1195/1312/1193 1196/1313/1194
f 1145/1251/1143 1190/1304/1188 1178/1289/1175
f 1169/1279/1166 1170/1281/1167 1153/1260/1151
f 1181/1292/1178 1180/1291/1177 1142/1248/1140
f 1197/1314/1195 1188/1302/1186 1180/1291/1177
f 1184/1295/1181 1172/1283/1169 1152/1259/1150
f 1191/1305/1189 1194/1311/1192 1193/1308/1191
f 707/1280/704 1172/1283/1169 1149/1256/1147
f 1159/1267/1157 1192/1306/1190 1193/1308/1191
f 1146/1252/1144 1163/1273/1161 1172/1283/1169
f 696/1315/693 1193/1308/1191 700/1310/696
f 1175/1286/1172 1137/1241/1135 1158/1266/1156
f 1163/1273/1161 1145/1251/1143 1168/1278/1165
f 700/1310/696 1193/1308/1191 1194/1311/1192
f 1182/1293/1179 1175/1286/1172 1197/1314/1195
f 1190/1304/1188 1187/1301/1185 1179/1290/1176
f 1190/1304/1188 1145/1251/1143 1186/1299/1184
f 1158/1266/1156 1137/1241/1135 1156/1264/1154
f 707/1280/704 1149/1256/1147 1154/1261/1152
f 1162/1272/1160 1185/1298/1183 1177/1288/1174
f 1155/1262/1153 1164/1296/1182 655/1263/653
f 1198/1316/1196 1183/1294/1180 1184/1295/1181
f 694/1268/691 1159/1267/1157 696/1315/693
f 1196/1313/1194 1112/1213/1110 1079/1180/1077
f 1199/1317/1197 914/1151/909 991/1318/988
f 1133/1235/1131 1185/1298/1183 1162/1272/1160
f 1149/1256/1147 1155/1262/1153 1154/1261/1152
f 1162/1272/1160 1177/1288/1174 1179/1290/1176
f 1159/1267/1157 1193/1308/1191 696/1315/693
f 1158/1266/1156 1197/1314/1195 1175/1286/1172
f 1070/1171/1068 1140/1246/1138 1188/1302/1186
f 1185/1298/1183 1133/1235/1131 1114/1215/1112
f 1060/1161/1058 1200/1319/1198 1100/1201/1098
f 1200/1319/1198 1201/1320/1199 1100/1201/1098
f 1140/1246/1138 1070/1171/1068 1063/1164/1061
f 1202/1321/1200 1201/1320/1199 1200/1319/1198
f 1203/1322/1201 1157/1265/1155 1174/1285/1171
f 1174/1285/1171 1112/1213/1110 1196/1313/1194
f 1142/1248/1140 1068/1169/1066 1067/1168/1065
f 1111/1212/1109 1204/1323/1202 1205/1324/1203
f 1180/1291/1177 1188/1302/1186 1140/1246/1138
f 1206/1325/1204 1111/1212/1109 1205/1324/1203
f 1111/1212/1109 1206/1325/1204 1106/1207/1104
f 1205/1324/1203 1207/1326/1205 1208/1327/1206
f 1209/1328/1207 1206/1325/1204 1208/1327/1206
f 639/1329/634 1165/1275/1162 1160/1269/1158
f 1207/1326/1205 1210/1330/1208 1208/1327/1206
f 1181/1292/1178 1142/1248/1140 1067/1168/1065
f 1209/1328/1207 1102/1203/1100 1106/1207/1104
f 1208/1327/1206 1210/1330/1208 1209/1328/1207
f 1102/1203/1100 1077/1178/1075 1100/1201/1098
f 1189/1303/1187 1158/1266/1156 1157/1265/1155
f 1210/1330/1208 1073/1174/1071 1209/1328/1207
f 1206/1325/1204 1209/1328/1207 1106/1207/1104
f 1100/1201/1098 1077/1178/1075 1060/1161/1058
f 1077/1178/1075 1102/1203/1100 1209/1328/1207
f 1071/1172/1069 1073/1174/1071 1210/1330/1208
f 1206/1325/1204 1205/1324/1203 1208/1327/1206
f 1077/1178/1075 1209/1328/1207 1073/1174/1071
f 1189/1303/1187 1188/1302/1186 1158/1266/1156
f 212/1237/211 1136/1240/1134 1125/1226/1123
f 1158/1266/1156 1188/1302/1186 1197/1314/1195
f 1197/1314/1195 1180/1291/1177 1182/1293/1179
f 602/1153/595 1058/1155/1056 639/1329/634
f 1059/1156/1057 1086/1187/1084 1141/1247/1139
f 1211/1331/1209 1212/1332/1210 1141/1247/1139
f 1207/1326/1205 1213/1333/1211 1214/1334/1212
f 1095/1196/1093 1094/1195/1092 1204/1323/1202
f 1198/1316/1196 1184/1295/1181 1215/1335/1213
f 1170/1281/1167 1216/1336/1214 1151/1258/1149
f 1216/1336/1214 1217/1337/1215 1218/1338/1216
f 1072/1173/1070 1067/1168/1065 1066/1167/1064
f 1219/1339/1217 1220/1340/1218 1221/1341/1219
f 1222/1342/1220 1198/1316/1196 1215/1335/1213
f 1171/1282/1168 1223/1343/1221 1224/1344/1222
f 1205/1324/1203 1213/1333/1211 1207/1326/1205
f 1225/1345/1223 1226/1346/1224 1227/1347/1225
f 1228/1348/1226 1229/1349/1227 1226/1346/1224
f 1181/1292/1178 1067/1168/1065 1230/1350/1228
f 1219/1339/1217 1221/1341/1219 1218/1338/1216
f 1207/1326/1205 1231/1351/1229 1210/1330/1208
f 1232/1352/1230 1171/1282/1168 1177/1288/1174
f 1212/1332/1210 1233/1353/1231 1141/1247/1139
f 1229/1349/1227 1234/1354/1232 1226/1346/1224
f 1230/1350/1228 1067/1168/1065 1236/1355/1233
f 1237/1356/1234 1238/1357/1235 1239/1358/1236
f 1236/1355/1233 1067/1168/1065 1072/1173/1070
f 1135/1239/1133 1141/1247/1139 1233/1353/1231
f 1241/1359/1237 1135/1239/1133 1233/1353/1231
f 1231/1351/1229 1072/1173/1070 1071/1172/1069
f 1125/1226/1123 1135/1239/1133 1241/1359/1237
f 1175/1286/1172 1232/1352/1230 1134/1238/1132
f 1170/1281/1167 1224/1344/1222 1216/1336/1214
f 1115/1216/1113 1177/1288/1174 1118/1219/1116
f 1213/1333/1211 1205/1324/1203 1204/1323/1202
f 1241/1359/1237 1233/1353/1231 1212/1332/1210
f 1072/1173/1070 1231/1351/1229 1242/1360/1238
f 1151/1258/1149 1216/1336/1214 1215/1335/1213
f 1239/1358/1236 1244/1361/1239 1245/1362/1240
f 1226/1346/1224 1234/1354/1232 1227/1347/1225
f 1246/1363/1241 1229/1349/1227 1242/1360/1238
f 1211/1331/1209 1141/1247/1139 1247/1364/1242
f 1248/1365/1243 1249/1366/1244 1241/1359/1237
f 1238/1357/1235 1243/1367/1245 1239/1358/1236
f 1228/1348/1226 1219/1339/1217 1250/1368/1246
f 1086/1187/1084 1247/1364/1242 1141/1247/1139
f 1204/1323/1202 1111/1212/1109 1095/1196/1093
f 1232/1352/1230 1115/1216/1113 1134/1238/1132
f 1236/1355/1233 1072/1173/1070 1242/1360/1238
f 1229/1349/1227 1251/1369/1247 1234/1354/1232
f 1249/1366/1244 1248/1365/1243 1056/1152/1054
f 1182/1293/1179 1232/1352/1230 1175/1286/1172
f 1232/1352/1230 1182/1293/1179 1252/1370/1248
f 1056/1152/1054 1199/1317/1197 1249/1366/1244
f 991/1318/988 1126/1227/1124 1249/1366/1244
f 1115/1216/1113 1232/1352/1230 1177/1288/1174
f 1241/1359/1237 1212/1332/1210 1248/1365/1243
f 1181/1292/1178 1230/1350/1228 1252/1370/1248
f 1237/1356/1234 1239/1358/1236 1254/1371/1249
f 1225/1345/1223 1254/1371/1249 1245/1362/1240
f 1244/1361/1239 1255/1372/1250 1225/1345/1223
f 1231/1351/1229 1071/1172/1069 1210/1330/1208
f 1226/1346/1224 1225/1345/1223 1228/1348/1226
f 1249/1366/1244 1199/1317/1197 991/1318/988
f 1223/1343/1221 1252/1370/1248 1217/1337/1215
f 1228/1348/1226 1250/1368/1246 1229/1349/1227
f 1094/1195/1092 1213/1333/1211 1204/1323/1202
f 1220/1340/1218 1219/1339/1217 1255/1372/1250
f 1217/1337/1215 1229/1349/1227 1250/1368/1246
f 1241/1359/1237 1249/1366/1244 1126/1227/1124
f 1219/1339/1217 1228/1348/1226 1225/1345/1223
f 1125/1226/1123 1241/1359/1237 1126/1227/1124
f 1141/1247/1139 225/1157/224 1059/1156/1057
f 1255/1372/1250 1244/1361/1239 1253/1373/1251
f 1245/1362/1240 1244/1361/1239 1225/1345/1223
f 1256/1374/1252 1119/1220/1117 1257/1375/1253
f 1170/1281/1167 1171/1282/1168 1224/1344/1222
f 1225/1345/1223 1255/1372/1250 1219/1339/1217
f 1217/1337/1215 1216/1336/1214 1224/1344/1222
f 1224/1344/1222 1223/1343/1221 1217/1337/1215
f 1254/1371/1249 1225/1345/1223 1227/1347/1225
f 1258/1376/1254 1235/1377/1255 1237/1356/1234
f 990/1228/987 1126/1227/1124 991/1318/988
f 1220/1340/1218 1222/1342/1220 1259/1378/1256
f 1207/1326/1205 1246/1363/1241 1231/1351/1229
f 1259/1378/1256 1222/1342/1220 1215/1335/1213
f 1221/1341/1219 1216/1336/1214 1218/1338/1216
f 1236/1355/1233 1242/1360/1238 1230/1350/1228
f 1246/1363/1241 1242/1360/1238 1231/1351/1229
f 208/1236/207 1125/1226/1123 990/1228/987
f 1244/1361/1239 1243/1367/1245 1253/1373/1251
f 1244/1361/1239 1239/1358/1236 1243/1367/1245
f 1229/1349/1227 1230/1350/1228 1242/1360/1238
f 1250/1368/1246 1219/1339/1217 1218/1338/1216
f 1151/1258/1149 1153/1260/1151 1170/1281/1167
f 1229/1349/1227 1246/1363/1241 1251/1369/1247
f 1259/1378/1256 1216/1336/1214 1221/1341/1219
f 1136/1240/1134 225/1157/224 1141/1247/1139
f 1217/1337/1215 1250/1368/1246 1218/1338/1216
f 1217/1337/1215 1252/1370/1248 1230/1350/1228
f 1239/1358/1236 1245/1362/1240 1254/1371/1249
f 1232/1352/1230 1223/1343/1221 1171/1282/1168
f 1252/1370/1248 1223/1343/1221 1232/1352/1230
f 212/1237/211 225/1157/224 1136/1240/1134
f 1184/1295/1181 1151/1258/1149 1215/1335/1213
f 1161/1271/1159 1260/1379/1257 1085/1186/1083
f 1216/1336/1214 1259/1378/1256 1215/1335/1213
f 1182/1293/1179 1181/1292/1178 1252/1370/1248
f 1221/1341/1219 1220/1340/1218 1259/1378/1256
f 1255/1372/1250 1253/1373/1251 1220/1340/1218
f 1234/1354/1232 1261/1380/1258 1227/1347/1225
f 602/1153/595 591/1244/587 1057/1154/1055
f 274/1381/273 1262/1382/1259 1105/1206/1103
f 1263/1383/1260 1093/1194/1091 1264/1384/1261
f 1265/1385/1262 1264/1384/1261 274/1381/273
f 1093/1194/1091 1096/1197/1094 1098/1199/1096
f 1266/1386/1263 1267/1387/1264 1138/1243/1136
f 1104/1205/1102 274/1381/273 1105/1206/1103
f 274/1381/273 1264/1384/1261 1262/1382/1259
f 1138/1243/1136 1173/1284/1170 1266/1386/1263
f 1139/1245/1137 657/1242/655 637/1159/632
f 1138/1243/1136 1139/1245/1137 1166/1276/1163
f 1105/1206/1103 1092/1193/1090 1103/1204/1101
f 1262/1382/1259 1264/1384/1261 1093/1194/1091
f 1268/1388/1265 1139/1245/1137 637/1159/632
f 1056/1152/1054 1268/1388/1265 1055/1150/1053
f 1105/1206/1103 1262/1382/1259 1092/1193/1090
f 1268/1388/1265 1166/1276/1163 1139/1245/1137
f 1165/1275/1162 1078/1179/1076 1080/1181/1078
f 1262/1382/1259 1093/1194/1091 1092/1193/1090
f 1269/1389/1266 1247/1364/1242 1086/1187/1084
f 1087/1188/1085 1057/1154/1055 1267/1387/1264
f 1270/1390/1267 1211/1331/1209 1247/1364/1242
f 1268/1388/1265 1248/1365/1243 1166/1276/1163
f 1263/1383/1260 1096/1197/1094 1093/1194/1091
f 1086/1187/1084 1271/1391/1268 1269/1389/1266
f 591/1244/587 1138/1243/1136 1267/1387/1264
f 1056/1152/1054 914/1151/909 1199/1317/1197
f 257/1392/256 284/1393/283 1272/1394/1269
f 1273/1395/1270 257/1392/256 1272/1394/1269
f 1248/1365/1243 1274/1396/1271 1166/1276/1163
f 255/1270/254 257/1392/256 1273/1395/1270
f 1275/1397/1272 1212/1332/1210 1276/1398/1273
f 1260/1379/1257 1161/1271/1159 255/1270/254
f 1248/1365/1243 1212/1332/1210 1275/1397/1272
f 1229/1349/1227 1217/1337/1215 1230/1350/1228
f 255/1270/254 1273/1395/1270 1277/1399/1274
f 1087/1188/1085 1267/1387/1264 1278/1400/1275
f 1196/1313/1194 1079/1180/1077 1078/1179/1076
f 1080/1181/1078 1160/1269/1158 1165/1275/1162
f 1273/1395/1270 1279/1401/1276 1277/1399/1274
f 1165/1275/1162 639/1329/634 1058/1155/1056
f 1268/1388/1265 637/1159/632 1055/1150/1053
f 1277/1399/1274 1260/1379/1257 255/1270/254
f 1123/1224/1121 1166/1276/1163 1274/1396/1271
f 1279/1401/1276 1280/1402/1277 1281/1403/1278
f 273/1404/272 736/1405/733 1282/1406/1279
f 317/1407/316 289/1408/288 1283/1409/1280
f 1284/1410/1281 1282/1406/1279 736/1405/733
f 1274/1396/1271 1248/1365/1243 1275/1397/1272
f 1285/1411/1282 736/1405/733 732/1412/729
f 1285/1411/1282 1284/1410/1281 736/1405/733
f 735/1413/732 729/1414/725 1286/1415/1283
f 1287/1416/1284 1288/1417/1285 1082/1183/1080
f 1082/1183/1080 1288/1417/1285 1083/1184/1081
f 1087/1188/1085 1195/1312/1193 1058/1155/1056
f 1287/1416/1284 1195/1312/1193 1087/1188/1085
f 1281/1403/1278 1280/1402/1277 1289/1418/1286
f 1087/1188/1085 1288/1417/1285 1287/1416/1284
f 1234/1354/1232 1251/1369/1247 1261/1380/1258
f 1290/1419/1287 1083/1184/1081 1291/1420/1288
f 694/1268/691 691/1421/688 1160/1269/1158
f 691/1421/688 686/1422/683 1160/1269/1158
f 732/1412/729 735/1413/732 1285/1411/1282
f 1264/1384/1261 1265/1385/1262 1284/1410/1281
f 1292/1423/1289 1293/1424/1290 1294/1425/1291
f 1295/1426/1292 1254/1371/1249 1227/1347/1225
f 1084/1185/1082 1203/1322/1201 1174/1285/1171
f 1160/1269/1158 686/1422/683 639/1329/634
f 1251/1369/1247 1246/1363/1241 1296/1427/1293
f 1166/1276/1163 1173/1284/1170 1138/1243/1136
f 1297/1428/1294 1284/1410/1281 1285/1411/1282
f 735/1413/732 1286/1415/1283 1285/1411/1282
f 1283/1409/1280 1103/1204/1101 1092/1193/1090
f 289/1408/288 1103/1204/1101 1283/1409/1280
f 1091/1192/1089 1283/1409/1280 1092/1193/1090
f 1258/1376/1254 1237/1356/1234 1254/1371/1249
f 1227/1347/1225 1261/1380/1258 1295/1426/1292
f 1298/1429/1295 1285/1411/1282 1286/1415/1283
f 1299/1430/1296 1213/1333/1211 1094/1195/1092
f 1240/1431/1297 1235/1377/1255 1258/1376/1254
f 1143/1249/1141 1079/1180/1077 1133/1235/1131
f 1300/1432/1298 1281/1403/1278 1301/1433/1299
f 1300/1432/1298 1271/1391/1268 1279/1401/1276
f 1144/1250/1142 1302/1434/1300 1143/1249/1141
f 1246/1363/1241 1303/1435/1301 1296/1427/1293
f 1190/1304/1188 1192/1306/1190 1304/1436/1302
f 1144/1250/1142 1187/1301/1185 1305/1437/1303
f 1299/1430/1296 1214/1334/1212 1213/1333/1211
f 1302/1434/1300 1079/1180/1077 1143/1249/1141
f 1192/1306/1190 1190/1304/1188 1193/1308/1191
f 1207/1326/1205 1303/1435/1301 1246/1363/1241
f 1304/1436/1302 1305/1437/1303 1187/1301/1185
f 1306/1438/1304 1263/1383/1260 1264/1384/1261
f 1295/1426/1292 1261/1380/1258 1293/1424/1290
f 1307/1439/1305 1258/1376/1254 1293/1424/1290
f 1261/1380/1258 1298/1429/1295 1308/1440/1306
f 1302/1434/1300 1144/1250/1142 1305/1437/1303
f 1079/1180/1077 1302/1434/1300 1080/1181/1078
f 1302/1434/1300 1305/1437/1303 1304/1436/1302
f 1304/1436/1302 1080/1181/1078 1302/1434/1300
f 1190/1304/1188 1304/1436/1302 1187/1301/1185
f 1304/1436/1302 1192/1306/1190 1080/1181/1078
f 1094/1195/1092 1096/1197/1094 1263/1383/1260
f 1309/1441/1307 1297/1428/1294 1310/1442/1308
f 1284/1410/1281 1297/1428/1294 1309/1441/1307
f 1309/1441/1307 1306/1438/1304 1264/1384/1261
f 1082/1183/1080 1195/1312/1193 1287/1416/1284
f 1195/1312/1193 1082/1183/1080 1196/1313/1194
f 1196/1313/1194 1082/1183/1080 1174/1285/1171
f 1274/1396/1271 1121/1222/1119 1123/1224/1121
f 1273/1395/1270 1311/1443/1309 1312/1444/1310
f 1273/1395/1270 1312/1444/1310 1280/1402/1277
f 1313/1445/1311 1298/1429/1295 1296/1427/1293
f 1286/1415/1283 1314/1446/1312 1294/1425/1291
f 1280/1402/1277 1312/1444/1310 1289/1418/1286
f 1306/1438/1304 1309/1441/1307 1310/1442/1308
f 1279/1401/1276 1273/1395/1270 1280/1402/1277
f 1275/1397/1272 1121/1222/1119 1274/1396/1271
f 1289/1418/1286 1312/1444/1310 1315/1447/1313
f 1316/1448/1314 1121/1222/1119 1275/1397/1272
f 1316/1448/1314 1275/1397/1272 1276/1398/1273
f 1317/1449/1315 1276/1398/1273 1211/1331/1209
f 1270/1390/1267 1269/1389/1266 1318/1450/1316
f 1293/1424/1290 1258/1376/1254 1295/1426/1292
f 1319/1451/1317 1315/1447/1313 1311/1443/1309
f 1317/1449/1315 1270/1390/1267 1318/1450/1316
f 1121/1222/1119 1316/1448/1314 1317/1449/1315
f 1318/1450/1316 1269/1389/1266 1300/1432/1298
f 1289/1418/1286 1315/1447/1313 1301/1433/1299
f 1317/1449/1315 1316/1448/1314 1276/1398/1273
f 1320/1452/1318 1119/1220/1117 1121/1222/1119
f 1321/1453/1319 1322/1454/1320 1323/1455/1321
f 1323/1455/1321 1322/1454/1320 1324/1456/1322
f 1325/1457/1323 1318/1450/1316 1300/1432/1298
f 1325/1457/1323 1300/1432/1298 1301/1433/1299
f 1298/1429/1295 1313/1445/1311 1285/1411/1282
f 1315/1447/1313 1319/1451/1317 1301/1433/1299
f 1284/1410/1281 1309/1441/1307 1264/1384/1261
f 1317/1449/1315 1318/1450/1316 1320/1452/1318
f 1293/1424/1290 1308/1440/1306 1298/1429/1295
f 1327/1458/1324 1301/1433/1299 1319/1451/1317
f 1293/1424/1290 1326/1459/1325 1307/1439/1305
f 1319/1451/1317 1328/1460/1326 1327/1458/1324
f 1329/1461/1327 1320/1452/1318 1318/1450/1316
f 309/1462/308 1330/1463/1328 1331/1464/1329
f 1311/1443/1309 1273/1395/1270 1272/1394/1269
f 1119/1220/1117 1332/1465/1330 1257/1375/1253
f 1286/1415/1283 1293/1424/1290 1298/1429/1295
f 1327/1458/1324 1328/1460/1326 1324/1456/1322
f 1332/1465/1330 1320/1452/1318 1329/1461/1327
f 1292/1423/1289 1326/1459/1325 1293/1424/1290
f 308/1466/307 1333/1467/1331 1334/1468/1332
f 1056/1152/1054 1248/1365/1243 1268/1388/1265
f 1335/1469/1333 1329/1461/1327 1325/1457/1323
f 291/1470/290 1330/1463/1328 205/1471/204
f 1293/1424/1290 1286/1415/1283 1294/1425/1291
f 1327/1458/1324 1335/1469/1333 1301/1433/1299
f 1331/1464/1329 1333/1467/1331 309/1462/308
f 291/1470/290 293/1472/292 1330/1463/1328
f 1334/1468/1332 323/1473/322 308/1466/307
f 1292/1423/1289 1294/1425/1291 1314/1446/1312
f 1332/1465/1330 1329/1461/1327 1336/1474/1334
f 323/1473/322 1272/1394/1269 284/1393/283
f 308/1466/307 309/1462/308 1333/1467/1331
f 1333/1467/1331 1331/1464/1329 1132/1234/1130
f 1337/1475/1335 1327/1458/1324 1322/1454/1320
f 1332/1465/1330 1119/1220/1117 1320/1452/1318
f 1334/1468/1332 1132/1234/1130 1338/1476/1336
f 1117/1218/1115 1116/1217/1114 1339/1477/1337
f 1100/1201/1098 1201/1320/1199 1122/1223/1120
f 1314/1446/1312 714/1478/712 1340/1479/1338
f 317/1407/316 1283/1409/1280 1117/1218/1115
f 1334/1468/1332 1333/1467/1331 1132/1234/1130
f 309/1462/308 205/1471/204 1330/1463/1328
f 1318/1450/1316 1325/1457/1323 1329/1461/1327
f 1311/1443/1309 1272/1394/1269 1338/1476/1336
f 1328/1460/1326 1319/1451/1317 1341/1480/1339
f 1342/1481/1340 1341/1480/1339 1122/1223/1120
f 1323/1455/1321 1342/1481/1340 1321/1453/1319
f 1290/1419/1287 1343/1482/1341 1083/1184/1081
f 1336/1474/1334 1337/1475/1335 1256/1374/1252
f 317/1407/316 1117/1218/1115 1339/1477/1337
f 1200/1319/1198 1062/1163/1060 1202/1321/1200
f 1338/1476/1336 323/1473/322 1334/1468/1332
f 1321/1453/1319 1342/1481/1340 1201/1320/1199
f 1296/1427/1293 1303/1435/1301 1313/1445/1311
f 1207/1326/1205 1214/1334/1212 1303/1435/1301
f 1326/1459/1325 1340/1479/1338 730/1483/727
f 1132/1234/1130 1129/1231/1127 1338/1476/1336
f 1117/1218/1115 1283/1409/1280 1091/1192/1089
f 1338/1476/1336 1272/1394/1269 323/1473/322
f 1261/1380/1258 1308/1440/1306 1293/1424/1290
f 1129/1231/1127 1341/1480/1339 1338/1476/1336
f 1322/1454/1320 1327/1458/1324 1324/1456/1322
f 1311/1443/1309 1338/1476/1336 1341/1480/1339
f 730/1483/727 731/1484/1342 1326/1459/1325
f 1129/1231/1127 1122/1223/1120 1341/1480/1339
f 1311/1443/1309 1341/1480/1339 1319/1451/1317
f 1129/1231/1127 1107/1208/1105 1122/1223/1120
f 1323/1455/1321 1341/1480/1339 1342/1481/1340
f 714/1478/712 730/1483/727 1340/1479/1338
f 1344/1485/1343 1081/1182/1079 1343/1482/1341
f 1342/1481/1340 1122/1223/1120 1201/1320/1199
f 1200/1319/1198 1060/1161/1058 1062/1163/1060
f 1335/1469/1333 1336/1474/1334 1329/1461/1327
f 1343/1482/1341 1345/1486/1344 1344/1485/1343
f 1290/1419/1287 1291/1420/1288 1256/1374/1252
f 1291/1420/1288 1119/1220/1117 1256/1374/1252
f 1341/1480/1339 1324/1456/1322 1328/1460/1326
f 1346/1487/1345 1344/1485/1343 1345/1486/1344
f 1336/1474/1334 1256/1374/1252 1257/1375/1253
f 1301/1433/1299 1335/1469/1333 1325/1457/1323
f 1189/1303/1187 1062/1163/1060 1070/1171/1068
f 1337/1475/1335 1345/1486/1344 1256/1374/1252
f 1344/1485/1343 1084/1185/1082 1081/1182/1079
f 1317/1449/1315 1320/1452/1318 1121/1222/1119
f 1336/1474/1334 1257/1375/1253 1332/1465/1330
f 1202/1321/1200 1062/1163/1060 1344/1485/1343
f 1344/1485/1343 1203/1322/1201 1084/1185/1082
f 1335/1469/1333 1327/1458/1324 1337/1475/1335
f 1211/1331/1209 1270/1390/1267 1317/1449/1315
f 1323/1455/1321 1324/1456/1322 1341/1480/1339
f 1202/1321/1200 1344/1485/1343 1346/1487/1345
f 1344/1485/1343 1189/1303/1187 1203/1322/1201
f 1312/1444/1310 1311/1443/1309 1315/1447/1313
f 1157/1265/1155 1203/1322/1201 1189/1303/1187
f 1343/1482/1341 1290/1419/1287 1256/1374/1252
f 1345/1486/1344 1343/1482/1341 1256/1374/1252
f 1281/1403/1278 1289/1418/1286 1301/1433/1299
f 1336/1474/1334 1335/1469/1333 1337/1475/1335
f 1081/1182/1079 1083/1184/1081 1343/1482/1341
f 1265/1385/1262 273/1404/272 1282/1406/1279
f 1189/1303/1187 1344/1485/1343 1062/1163/1060
f 1291/1420/1288 1083/1184/1081 1288/1417/1285
f 1288/1417/1285 1347/1488/1346 1291/1420/1288
f 1276/1398/1273 1212/1332/1210 1211/1331/1209
f 1291/1420/1288 1347/1488/1346 1120/1221/1118
f 1120/1221/1118 1119/1220/1117 1291/1420/1288
f 1266/1386/1263 1173/1284/1170 1167/1277/1164
f 1288/1417/1285 1278/1400/1275 1347/1488/1346
f 1120/1221/1118 1347/1488/1346 1167/1277/1164
f 1347/1488/1346 1278/1400/1275 1267/1387/1264
f 1087/1188/1085 1278/1400/1275 1288/1417/1285
f 1306/1438/1304 1310/1442/1308 1348/1489/1347
f 1267/1387/1264 1167/1277/1164 1347/1488/1346
f 1266/1386/1263 1167/1277/1164 1267/1387/1264
f 1285/1411/1282 1348/1489/1347 1297/1428/1294
f 1296/1427/1293 1298/1429/1295 1261/1380/1258
f 1314/1446/1312 1340/1479/1338 1292/1423/1289
f 1270/1390/1267 1247/1364/1242 1269/1389/1266
f 1313/1445/1311 1348/1489/1347 1285/1411/1282
f 1271/1391/1268 1085/1186/1083 1260/1379/1257
f 1349/1490/1348 1263/1383/1260 1306/1438/1304
f 1263/1383/1260 1299/1430/1296 1094/1195/1092
f 1326/1459/1325 1292/1423/1289 1340/1479/1338
f 273/1404/272 1265/1385/1262 274/1381/273
f 1254/1371/1249 1295/1426/1292 1258/1376/1254
f 1349/1490/1348 1348/1489/1347 1313/1445/1311
f 1299/1430/1296 1349/1490/1348 1214/1334/1212
f 1085/1186/1083 1271/1391/1268 1086/1187/1084
f 1286/1415/1283 729/1414/725 1314/1446/1312
f 1303/1435/1301 1214/1334/1212 1313/1445/1311
f 1282/1406/1279 1284/1410/1281 1265/1385/1262
f 1261/1380/1258 1251/1369/1247 1296/1427/1293
f 1349/1490/1348 1299/1430/1296 1263/1383/1260
f 729/1414/725 714/1478/712 1314/1446/1312
f 1348/1489/1347 1349/1490/1348 1306/1438/1304
f 1214/1334/1212 1349/1490/1348 1313/1445/1311
f 1277/1399/1274 1279/1401/1276 1260/1379/1257
f 1258/1376/1254 1307/1439/1305 1240/1431/1297
f 1348/1489/1347 1310/1442/1308 1297/1428/1294
f 293/1472/292 317/1407/316 1339/1477/1337
f 1330/1463/1328 293/1472/292 1339/1477/1337
f 1339/1477/1337 1116/1217/1114 1131/1233/1129
f 1330/1463/1328 1339/1477/1337 1331/1464/1329
f 1131/1233/1129 1331/1464/1329 1339/1477/1337
f 1132/1234/1130 1331/1464/1329 1131/1233/1129
f 1279/1401/1276 1271/1391/1268 1260/1379/1257
f 289/1408/288 287/1491/286 1103/1204/1101
f 1269/1389/1266 1271/1391/1268 1300/1432/1298
f 1104/1205/1102 1103/1204/1101 287/1491/286
f 274/1381/273 1104/1205/1102 287/1491/286
f 1202/1321/1200 1321/1453/1319 1201/1320/1199
f 1321/1453/1319 1202/1321/1200 1346/1487/1345
f 1322/1454/1320 1321/1453/1319 1346/1487/1345
f 1322/1454/1320 1346/1487/1345 1345/1486/1344
f 1279/1401/1276 1281/1403/1278 1300/1432/1298
f 1337/1475/1335 1322/1454/1320 1345/1486/1344
f 591/1244/587 1267/1387/1264 1057/1154/1055
f 1160/1269/1158 1080/1181/1078 1192/1306/1190
f 1085/1186/1083 232/1158/231 1161/1271/1159
f 1078/1179/1076 1058/1155/1056 1195/1312/1193
f 1350/1492/1349 1351/1493/1350 1352/1494/1351
f 1350/1492/1349 1353/1495/1352 724/1496/721
f 1354/1497/1353 1352/1494/1351 1355/1498/1354
f 1356/1499/1355 1351/1493/1350 1350/1492/1349
f 1357/1500/1356 1358/1501/1357 1359/1502/1358
f 1360/1503/1359 715/1504/713 716/1505/714
f 734/1506/731 1351/1493/1350 1356/1499/1355
f 1352/1494/1351 1353/1495/1352 1350/1492/1349
f 1363/1507/1360 1364/1508/1361 1357/1500/1356
f 1365/1509/1362 1360/1503/1359 1359/1502/1358
f 1358/1501/1357 1365/1509/1362 1359/1502/1358
f 1359/1502/1358 1353/1495/1352 1354/1497/1353
f 716/1505/714 724/1496/721 1360/1503/1359
f 1365/1509/1362 1362/1510/1363 1360/1503/1359
f 1350/1492/1349 724/1496/721 1356/1499/1355
f 1366/1511/1364 1357/1500/1356 1359/1502/1358
f 1363/1507/1360 1357/1500/1356 1366/1511/1364
f 1355/1498/1354 1366/1511/1364 1354/1497/1353
f 1353/1495/1352 1352/1494/1351 1354/1497/1353
f 1364/1508/1361 1358/1501/1357 1357/1500/1356
f 1356/1499/1355 724/1496/721 723/1512/719
f 1354/1497/1353 1366/1511/1364 1359/1502/1358
f 1353/1495/1352 1359/1502/1358 1360/1503/1359
f 1358/1501/1357 1364/1508/1361 1367/1513/1365
f 1360/1503/1359 1362/1510/1363 715/1504/713
f 1365/1509/1362 1361/1514/1366 1362/1510/1363
f 1360/1503/1359 724/1496/721 1353/1495/1352
f 719/1515/728 715/1504/713 1362/1510/1363
f 1363/1507/1360 1366/1511/1364 1368/1516/1367
f 733/1517/730 1369/1518/1368 734/1506/731
f 734/1506/731 1369/1518/1368 1351/1493/1350
f 1355/1498/1354 1352/1494/1351 1351/1493/1350
f 723/1512/719 734/1506/731 1356/1499/1355
f 1368/1516/1367 1366/1511/1364 1355/1498/1354
f 1370/1519/1369 1371/1520/1370 1372/1521/1371
f 1370/1519/1369 1373/1522/1372 1374/1523/1373
f 1375/1524/1374 1376/1525/1375 1377/1526/1376
f 1371/1520/1370 1378/1527/1377 1379/1528/1378
f 1375/1524/1374 1380/1529/1379 1381/1530/1380
f 1373/1522/1372 1370/1519/1369 1382/1531/1381
f 1372/1521/1371 1380/1529/1379 1382/1531/1381
f 1371/1520/1370 1383/1532/1382 1384/1533/1383
f 1374/1523/1373 1373/1522/1372 1377/1526/1376
f 1385/1534/1384 1378/1527/1377 1386/1535/1385
f 1377/1526/1376 1373/1522/1372 1375/1524/1374
f 1385/1534/1384 1379/1528/1378 1378/1527/1377
f 1373/1522/1372 1382/1531/1381 1375/1524/1374
f 1382/1531/1381 1380/1529/1379 1375/1524/1374
f 1381/1530/1380 1376/1525/1375 1375/1524/1374
f 1387/1536/1386 1388/1537/1387 1389/1538/1388
f 1372/1521/1371 1371/1520/1370 1384/1533/1383
f 1390/1539/1389 1379/1528/1378 1391/1540/1390
f 1392/1541/1391 1388/1537/1387 1387/1536/1386
f 1393/1542/1392 1394/1543/1393 1395/1544/1394
f 1396/1545/1395 1397/1546/1396 1398/1547/1397
f 1401/1548/1398 1402/1549/1399 1403/1550/1400
f 1404/1551/1401 1405/1552/1402 1406/1553/1403
f 1407/1554/1404 1408/1555/1405 1409/1556/1406
f 1406/1553/1403 1410/1557/1407 1408/1555/1405
f 1404/1551/1401 1411/1558/1408 1405/1552/1402
f 1398/1547/1397 1390/1539/1389 1412/1559/1409
f 1408/1555/1405 1404/1551/1401 1406/1553/1403
f 1413/1560/1410 1414/1561/1411 1406/1553/1403
f 1415/1562/1412 1416/1563/1413 1417/1564/1414
f 1418/1565/1415 1419/1566/1416 467/1567/466
f 1406/1553/1403 1414/1561/1411 1420/1568/1417
f 1414/1561/1411 1413/1560/1410 1421/1569/1418
f 1410/1557/1407 1409/1556/1406 1408/1555/1405
f 1410/1557/1407 1406/1553/1403 1420/1568/1417
f 1407/1554/1404 1404/1551/1401 1408/1555/1405
f 1422/1570/1419 1423/1571/1420 1424/1572/1421
f 1414/1561/1411 1425/1573/1422 1420/1568/1417
f 1425/1573/1422 1414/1561/1411 1421/1569/1418
f 1421/1569/1418 1413/1560/1410 1426/1574/1423
f 1427/1575/1424 1426/1574/1423 1413/1560/1410
f 1418/1565/1415 1428/1576/1425 1419/1566/1416
f 1411/1558/1408 1427/1575/1424 1405/1552/1402
f 1429/1577/1426 1430/1578/1427 1431/1579/1428
f 1427/1575/1424 1413/1560/1410 1405/1552/1402
f 1426/1574/1423 1427/1575/1424 1432/1580/1429
f 1432/1580/1429 1427/1575/1424 1411/1558/1408
f 1426/1574/1423 1432/1580/1429 1428/1576/1425
f 1432/1580/1429 1419/1566/1416 1428/1576/1425
f 1413/1560/1410 1406/1553/1403 1405/1552/1402
f 1419/1566/1416 1432/1580/1429 1433/1581/1430
f 1391/1540/1390 1412/1559/1409 1390/1539/1389
f 467/1567/466 1419/1566/1416 1434/1582/1431
f 1435/1583/1432 1436/1584/1433 1437/1585/1434
f 1420/1568/1417 1425/1573/1422 1438/1586/1435
f 468/1587/467 1439/1588/1436 1440/1589/1437
f 1441/1590/1438 1442/1591/1439 1443/1592/1440
f 1428/1576/1425 1444/1593/1441 1426/1574/1423
f 1409/1556/1406 1410/1557/1407 1445/1594/1442
f 1440/1589/1437 1446/1595/1443 1447/1596/1444
f 1393/1542/1392 1448/1597/1445 1449/1598/1446
f 1416/1563/1413 1391/1540/1390 1450/1599/1447
f 1451/1600/1448 1452/1601/1449 1453/1602/1450
f 1454/1603/1451 1455/1604/1452 1456/1605/1453
f 1429/1577/1426 1417/1564/1414 1430/1578/1427
f 1457/1606/1454 1453/1602/1450 1458/1607/1455
f 1458/1607/1455 1459/1608/1456 1460/1609/1457
f 1451/1600/1448 1453/1602/1450 1457/1606/1454
f 1461/1610/1458 1462/1611/1459 1463/1612/1460
f 1464/1613/1461 1465/1614/1462 1466/1615/1463
f 1459/1608/1456 1453/1602/1450 1465/1614/1462
f 1467/1616/1464 1468/1617/1465 1469/1618/1466
f 1452/1601/1449 1470/1619/1467 1471/1620/1468
f 1472/1621/1469 1473/1622/1470 1459/1608/1456
f 1474/1623/1471 1475/1624/1472 1466/1615/1463
f 1457/1606/1454 1476/1625/1473 1451/1600/1448
f 1459/1608/1456 1465/1614/1462 1472/1621/1469
f 1477/1626/1474 1473/1622/1470 1472/1621/1469
f 1459/1608/1456 1473/1622/1470 1460/1609/1457
f 1478/1627/1475 1479/1628/1476 1436/1584/1433
f 1480/1629/1477 1481/1630/1478 1452/1601/1449
f 1482/1631/1479 1483/1632/1480 1484/1633/1481
f 1485/1634/1482 1486/1635/1483 1487/1636/1484
f 1486/1635/1483 1485/1634/1482 1488/1637/1485
f 1480/1629/1477 1489/1638/1486 1490/1639/1487
f 1472/1621/1469 1491/1640/1488 1477/1626/1474
f 1473/1622/1470 1455/1604/1452 1460/1609/1457
f 1492/1641/1489 1493/1642/1490 1494/1643/1491
f 1485/1634/1482 1495/1644/1492 1496/1645/1493
f 1466/1615/1463 1453/1602/1450 1471/1620/1468
f 1459/1608/1456 1458/1607/1455 1453/1602/1450
f 1498/1646/1494 1455/1604/1452 1454/1603/1451
f 1395/1544/1394 1499/1647/1495 1500/1648/1496
f 1465/1614/1462 1453/1602/1450 1466/1615/1463
f 1503/1649/1497 1412/1559/1409 1436/1584/1433
f 1451/1600/1448 1504/1650/1498 1462/1611/1459
f 1501/1651/1499 1505/1652/1500 1506/1653/1501
f 1507/1654/1502 1508/1655/1503 1509/1656/1504
f 1458/1607/1455 1460/1609/1457 1510/1657/1505
f 1471/1620/1468 1470/1619/1467 1486/1635/1483
f 1386/1535/1385 1511/1658/1506 1512/1659/1507
f 1513/1660/1508 1386/1535/1385 1514/1661/1509
f 1477/1626/1474 1515/1662/1510 1473/1622/1470
f 1452/1601/1449 1451/1600/1448 1462/1611/1459
f 1491/1640/1488 1465/1614/1462 1464/1613/1461
f 1474/1623/1471 1466/1615/1463 1471/1620/1468
f 1504/1650/1498 1451/1600/1448 1476/1625/1473
f 1469/1618/1466 1475/1624/1472 1474/1623/1471
f 1491/1640/1488 1516/1663/1511 1477/1626/1474
f 1517/1664/1512 1492/1641/1489 1494/1643/1491
f 1452/1601/1449 1471/1620/1468 1453/1602/1450
f 1473/1622/1470 1456/1605/1453 1455/1604/1452
f 1518/1665/1513 1480/1629/1477 1452/1601/1449
f 1462/1611/1459 1461/1610/1458 1452/1601/1449
f 1519/1666/1514 1514/1661/1509 1509/1656/1504
f 1508/1655/1503 1520/1667/1515 1509/1656/1504
f 1466/1615/1463 1521/1668/1516 1464/1613/1461
f 1461/1610/1458 1463/1612/1460 1518/1665/1513
f 1475/1624/1472 1522/1669/1517 1466/1615/1463
f 1477/1626/1474 1516/1663/1511 1515/1662/1510
f 1473/1622/1470 1515/1662/1510 1456/1605/1453
f 1498/1646/1494 1523/1670/1518 1524/1671/1519
f 1486/1635/1483 1488/1637/1485 1471/1620/1468
f 1461/1610/1458 1518/1665/1513 1452/1601/1449
f 1525/1672/1520 1526/1673/1521 1523/1670/1518
f 1527/1674/1522 1372/1521/1371 1384/1533/1383
f 1470/1619/1467 1452/1601/1449 1481/1630/1478
f 1468/1617/1465 1475/1624/1472 1469/1618/1466
f 1474/1623/1471 1471/1620/1468 1469/1618/1466
f 1456/1605/1453 1519/1666/1514 1454/1603/1451
f 1472/1621/1469 1465/1614/1462 1491/1640/1488
f 1520/1667/1515 1528/1675/1523 1525/1672/1520
f 1470/1619/1467 1481/1630/1478 1486/1635/1483
f 1509/1656/1504 1520/1667/1515 1498/1646/1494
f 1519/1666/1514 1456/1605/1453 1529/1676/1524
f 1515/1662/1510 1529/1676/1524 1456/1605/1453
f 1523/1670/1518 1498/1646/1494 1525/1672/1520
f 1498/1646/1494 1454/1603/1451 1509/1656/1504
f 1489/1638/1486 1480/1629/1477 1518/1665/1513
f 1481/1630/1478 1487/1636/1484 1486/1635/1483
f 1454/1603/1451 1519/1666/1514 1509/1656/1504
f 1498/1646/1494 1520/1667/1515 1525/1672/1520
f 1530/1677/1525 1529/1676/1524 1515/1662/1510
f 1510/1657/1505 1457/1606/1454 1458/1607/1455
f 1471/1620/1468 1488/1637/1485 1469/1618/1466
f 1463/1612/1460 1489/1638/1486 1518/1665/1513
f 1482/1631/1479 1484/1633/1481 1531/1678/1526
f 1514/1661/1509 1519/1666/1514 1529/1676/1524
f 1455/1604/1452 1498/1646/1494 1524/1671/1519
f 1494/1643/1491 1532/1679/1527 1533/1680/1528
f 1495/1644/1492 1481/1630/1478 1480/1629/1477
f 1517/1664/1512 1494/1643/1491 1534/1681/1529
f 1455/1604/1452 1510/1657/1505 1460/1609/1457
f 1481/1630/1478 1495/1644/1492 1487/1636/1484
f 1510/1657/1505 1455/1604/1452 1524/1671/1519
f 1535/1682/1530 1469/1618/1466 1488/1637/1485
f 1536/1683/1531 1537/1684/1532 1394/1543/1393
f 1514/1661/1509 1529/1676/1524 1513/1660/1508
f 1538/1685/1533 1529/1676/1524 1530/1677/1525
f 1467/1616/1464 1469/1618/1466 1535/1682/1530
f 1529/1676/1524 1538/1685/1533 1513/1660/1508
f 1507/1654/1502 1509/1656/1504 1514/1661/1509
f 1485/1634/1482 1487/1636/1484 1495/1644/1492
f 1493/1642/1490 1532/1679/1527 1494/1643/1491
f 1513/1660/1508 1538/1685/1533 1385/1534/1384
f 1525/1672/1520 1528/1675/1523 1539/1686/1534
f 1534/1681/1529 1494/1643/1491 1533/1680/1528
f 1495/1644/1492 1540/1687/1535 1496/1645/1493
f 1541/1688/1536 1539/1686/1534 1528/1675/1523
f 1542/1689/1537 1543/1690/1538 1497/1691/1539
f 1544/1692/1540 1520/1667/1515 1508/1655/1503
f 1544/1692/1540 1528/1675/1523 1520/1667/1515
f 1512/1659/1507 1508/1655/1503 1507/1654/1502
f 1514/1661/1509 1386/1535/1385 1507/1654/1502
f 1385/1534/1384 1386/1535/1385 1513/1660/1508
f 477/1693/476 1541/1688/1536 1528/1675/1523
f 1386/1535/1385 1512/1659/1507 1507/1654/1502
f 1546/1694/1541 1431/1579/1428 1547/1695/1542
f 1537/1684/1532 1548/1696/1543 1395/1544/1394
f 1534/1681/1529 1545/1697/1544 1517/1664/1512
f 1501/1651/1499 1502/1698/1545 1505/1652/1500
f 1384/1533/1383 1397/1546/1396 1389/1538/1388
f 1505/1652/1500 1502/1698/1545 1545/1697/1544
f 1478/1627/1475 1549/1699/1546 1479/1628/1476
f 1431/1579/1428 1430/1578/1427 1550/1700/1547
f 1399/1701/1548 1551/1702/1549 1552/1703/1550
f 1415/1562/1412 1549/1699/1546 1412/1559/1409
f 1546/1694/1541 1553/1704/1551 1554/1705/1552
f 1555/1706/1553 1556/1707/1554 1557/1708/1555
f 1390/1539/1389 1397/1546/1396 1384/1533/1383
f 1478/1627/1475 1412/1559/1409 1549/1699/1546
f 1558/1709/1556 1559/1710/1557 1396/1545/1395
f 1560/1711/1558 1388/1537/1387 1392/1541/1391
f 1561/1712/1559 1549/1699/1546 1417/1564/1414
f 1562/1713/1560 1563/1714/1561 1564/1715/1562
f 1424/1572/1421 1565/1716/1563 1566/1717/1564
f 1563/1714/1561 1567/1718/1565 1564/1715/1562
f 1568/1719/1566 1567/1718/1565 1569/1720/1567
f 1542/1689/1537 1497/1691/1539 1506/1653/1501
f 1570/1721/1568 1564/1715/1562 1571/1722/1569
f 1572/1723/1570 1505/1652/1500 1483/1632/1480
f 1564/1715/1562 1567/1718/1565 1571/1722/1569
f 1533/1680/1528 1484/1633/1481 1483/1632/1480
f 1505/1652/1500 1545/1697/1544 1534/1681/1529
f 1572/1723/1570 1483/1632/1480 1482/1631/1479
f 1417/1564/1414 1516/1663/1511 1430/1578/1427
f 1533/1680/1528 1483/1632/1480 1534/1681/1529
f 1531/1678/1526 488/1724/487 1482/1631/1479
f 1567/1718/1565 1568/1719/1566 1571/1722/1569
f 1492/1641/1489 1517/1664/1512 1545/1697/1544
f 1563/1714/1561 1569/1720/1567 1567/1718/1565
f 1568/1719/1566 1573/1725/1571 1574/1726/1572
f 1575/1727/1573 1505/1652/1500 1572/1723/1570
f 1483/1632/1480 1505/1652/1500 1534/1681/1529
f 1407/1554/1404 1409/1556/1406 1576/1728/1574
f 1463/1612/1460 1577/1729/1575 1489/1638/1486
f 1407/1554/1404 1578/1730/1576 1577/1729/1575
f 1577/1729/1575 1578/1730/1576 1489/1638/1486
f 1407/1554/1404 1576/1728/1574 1578/1730/1576
f 1440/1589/1437 1439/1588/1436 1579/1731/1577
f 1372/1521/1371 1527/1674/1522 1380/1529/1379
f 1580/1732/1578 1581/1733/1579 1582/1734/1580
f 1583/1735/1581 1582/1734/1580 1547/1695/1542
f 1584/1736/1582 1579/1731/1577 1585/1737/1583
f 1537/1684/1532 1395/1544/1394 1394/1543/1393
f 1579/1731/1577 1584/1736/1582 1440/1589/1437
f 1400/1738/1584 1556/1707/1554 1586/1739/1585
f 1587/1740/1586 1550/1700/1547 1588/1741/1587
f 1589/1742/1588 1527/1674/1522 1579/1731/1577
f 1416/1563/1413 1415/1562/1412 1391/1540/1390
f 1381/1530/1380 1527/1674/1522 1589/1742/1588
f 1442/1591/1439 1565/1716/1563 1423/1571/1420
f 1425/1573/1422 340/1743/339 1590/1744/1589
f 1527/1674/1522 1384/1533/1383 1585/1737/1583
f 1404/1551/1401 1407/1554/1404 1411/1558/1408
f 1591/1745/1590 1592/1746/1591 1593/1747/1592
f 1594/1748/1593 1595/1749/1594 1490/1639/1487
f 1591/1745/1590 1596/1750/1595 1592/1746/1591
f 1489/1638/1486 1594/1748/1593 1490/1639/1487
f 1409/1556/1406 1597/1751/1596 1576/1728/1574
f 1445/1594/1442 1597/1751/1596 1409/1556/1406
f 1576/1728/1574 1594/1748/1593 1578/1730/1576
f 1594/1748/1593 1576/1728/1574 1597/1751/1596
f 1594/1748/1593 1489/1638/1486 1578/1730/1576
f 446/1752/445 340/1743/339 1425/1573/1422
f 1595/1749/1594 1594/1748/1593 1597/1751/1596
f 1548/1696/1543 1564/1715/1562 1598/1753/1597
f 1599/1754/1598 1500/1648/1496 1499/1647/1495
f 1592/1746/1591 1599/1754/1598 1499/1647/1495
f 1564/1715/1562 1570/1721/1568 1598/1753/1597
f 1600/1755/1599 1604/1756/1600 1596/1750/1595
f 1598/1753/1597 1593/1747/1592 1499/1647/1495
f 1499/1647/1495 1548/1696/1543 1598/1753/1597
f 1562/1713/1560 1564/1715/1562 1548/1696/1543
f 1603/1757/1601 1500/1648/1496 1599/1754/1598
f 1596/1750/1595 1599/1754/1598 1592/1746/1591
f 1600/1755/1599 1596/1750/1595 1601/1758/1602
f 1593/1747/1592 1592/1746/1591 1499/1647/1495
f 1605/1759/1603 1442/1591/1439 1606/1760/1604
f 1607/1761/1605 1605/1759/1603 1606/1760/1604
f 1608/1762/1606 1606/1760/1604 1442/1591/1439
f 1604/1756/1600 1600/1755/1599 1603/1757/1601
f 1603/1757/1601 1599/1754/1598 1604/1756/1600
f 1596/1750/1595 1604/1756/1600 1599/1754/1598
f 1609/1763/1607 1610/1764/1608 1605/1759/1603
f 1607/1761/1605 1555/1706/1553 1611/1765/1609
f 1555/1706/1553 1609/1763/1607 1611/1765/1609
f 1609/1763/1607 1555/1706/1553 1612/1766/1610
f 1613/1767/1611 1609/1763/1607 1437/1585/1434
f 1437/1585/1434 1609/1763/1607 1612/1766/1610
f 1555/1706/1553 1614/1768/1612 1615/1769/1613
f 1616/1770/1614 1542/1689/1537 1505/1652/1500
f 1617/1771/1615 1615/1769/1613 1614/1768/1612
f 1555/1706/1553 1615/1769/1613 1612/1766/1610
f 1607/1761/1605 1609/1763/1607 1605/1759/1603
f 1617/1771/1615 1618/1772/1616 1615/1769/1613
f 1612/1766/1610 1619/1773/1617 1437/1585/1434
f 1612/1766/1610 1615/1769/1613 1619/1773/1617
f 1619/1773/1617 1615/1769/1613 1620/1774/1618
f 1621/1775/1619 1620/1774/1618 1618/1772/1616
f 1619/1773/1617 1620/1774/1618 1622/1776/1620
f 1623/1777/1621 1542/1689/1537 1616/1770/1614
f 1624/1778/1622 1618/1772/1616 1617/1771/1615
f 1622/1776/1620 1620/1774/1618 1625/1779/1623
f 1558/1709/1556 1435/1583/1432 1622/1776/1620
f 1618/1772/1616 1624/1778/1622 1626/1780/1624
f 1610/1764/1608 1609/1763/1607 1581/1733/1579
f 1435/1583/1432 1619/1773/1617 1622/1776/1620
f 1628/1781/1625 1629/1782/1626 1392/1541/1391
f 1621/1775/1619 1625/1779/1623 1620/1774/1618
f 1559/1710/1557 1558/1709/1556 1625/1779/1623
f 1621/1775/1619 1618/1772/1616 1626/1780/1624
f 1559/1710/1557 1625/1779/1623 1392/1541/1391
f 1627/1783/1627 1630/1784/1628 1626/1780/1624
f 1560/1711/1558 1392/1541/1391 1631/1785/1629
f 1630/1784/1628 1628/1781/1625 1626/1780/1624
f 1609/1763/1607 1607/1761/1605 1611/1765/1609
f 1628/1781/1625 1392/1541/1391 1625/1779/1623
f 478/1786/477 1632/1787/1630 1633/1788/1631
f 1628/1781/1625 1630/1784/1628 1629/1782/1626
f 1630/1784/1628 1627/1783/1627 1629/1782/1626
f 1575/1727/1573 1634/1789/1632 1505/1652/1500
f 1625/1779/1623 1558/1709/1556 1622/1776/1620
f 1440/1589/1437 1632/1787/1630 1635/1790/1633
f 1629/1782/1626 1627/1783/1627 1623/1777/1621
f 1634/1789/1632 1631/1785/1629 1616/1770/1614
f 1631/1785/1629 1392/1541/1391 1629/1782/1626
f 1543/1690/1538 1542/1689/1537 1623/1777/1621
f 1447/1596/1444 1446/1595/1443 1634/1789/1632
f 1629/1782/1626 1623/1777/1621 1616/1770/1614
f 463/1791/462 468/1587/467 1635/1790/1633
f 1621/1775/1619 1628/1781/1625 1625/1779/1623
f 1621/1775/1619 1626/1780/1624 1628/1781/1625
f 1627/1783/1627 1543/1690/1538 1623/1777/1621
f 1560/1711/1558 1631/1785/1629 1446/1595/1443
f 1634/1789/1632 1446/1595/1443 1631/1785/1629
f 1632/1787/1630 478/1786/477 1635/1790/1633
f 1616/1770/1614 1631/1785/1629 1629/1782/1626
f 1505/1652/1500 1542/1689/1537 1506/1653/1501
f 1620/1774/1618 1615/1769/1613 1618/1772/1616
f 1440/1589/1437 1635/1790/1633 468/1587/467
f 463/1791/462 1635/1790/1633 478/1786/477
f 1634/1789/1632 1616/1770/1614 1505/1652/1500
f 1613/1767/1611 1581/1733/1579 1609/1763/1607
f 1619/1773/1617 1435/1583/1432 1437/1585/1434
f 1450/1599/1447 1385/1534/1384 1538/1685/1533
f 1636/1792/1634 1530/1677/1525 1515/1662/1510
f 1637/1793/1635 1491/1640/1488 1464/1613/1461
f 1450/1599/1447 1538/1685/1533 1530/1677/1525
f 1636/1792/1634 1515/1662/1510 1516/1663/1511
f 1637/1793/1635 1521/1668/1516 1638/1794/1636
f 1637/1793/1635 1638/1794/1636 1491/1640/1488
f 1464/1613/1461 1521/1668/1516 1637/1793/1635
f 1639/1795/1637 492/1796/491 1640/1797/1638
f 1641/1798/1639 1376/1525/1375 1642/1799/1640
f 492/1796/491 1643/1800/1641 1640/1797/1638
f 1642/1799/1640 469/1801/468 493/1802/492
f 1644/1803/1642 1643/1800/1641 475/1804/474
f 1641/1798/1639 1642/1799/1640 493/1802/492
f 493/1802/492 1639/1795/1637 1641/1798/1639
f 1376/1525/1375 1381/1530/1380 1642/1799/1640
f 1641/1798/1639 1639/1795/1637 1640/1797/1638
f 1377/1526/1376 1640/1797/1638 1643/1800/1641
f 493/1802/492 492/1796/491 1639/1795/1637
f 492/1796/491 470/1805/469 1643/1800/1641
f 475/1804/474 1643/1800/1641 470/1805/469
f 469/1801/468 1642/1799/1640 1439/1588/1436
f 1641/1798/1639 1640/1797/1638 1376/1525/1375
f 1377/1526/1376 1376/1525/1375 1640/1797/1638
f 1512/1659/1507 1544/1692/1540 1508/1655/1503
f 1644/1803/1642 1512/1659/1507 1374/1523/1373
f 1643/1800/1641 1374/1523/1373 1377/1526/1376
f 1644/1803/1642 1374/1523/1373 1643/1800/1641
f 1512/1659/1507 1644/1803/1642 1645/1806/1643
f 1645/1806/1643 1644/1803/1642 472/1807/471
f 1645/1806/1643 1544/1692/1540 1512/1659/1507
f 481/1808/480 1541/1688/1536 476/1809/475
f 1646/1810/1644 480/1811/479 465/1812/464
f 1541/1688/1536 477/1693/476 476/1809/475
f 1646/1810/1644 481/1808/480 480/1811/479
f 1539/1686/1534 1541/1688/1536 481/1808/480
f 1525/1672/1520 1539/1686/1534 1526/1673/1521
f 1647/1813/1645 473/1814/472 477/1693/476
f 1528/1675/1523 1647/1813/1645 477/1693/476
f 1648/1815/1646 1526/1673/1521 1646/1810/1644
f 1539/1686/1534 481/1808/480 1526/1673/1521
f 481/1808/480 1646/1810/1644 1526/1673/1521
f 1647/1813/1645 472/1807/471 473/1814/472
f 1647/1813/1645 1528/1675/1523 1544/1692/1540
f 1645/1806/1643 472/1807/471 1647/1813/1645
f 1647/1813/1645 1544/1692/1540 1645/1806/1643
f 472/1807/471 1644/1803/1642 482/1816/481
f 475/1804/474 482/1816/481 1644/1803/1642
f 1418/1565/1415 467/1567/466 1649/1817/1647
f 1444/1593/1441 1428/1576/1425 1418/1565/1415
f 1434/1582/1431 1650/1818/1648 464/1819/463
f 1418/1565/1415 1649/1817/1647 1444/1593/1441
f 1649/1817/1647 359/1820/358 1444/1593/1441
f 1649/1817/1647 467/1567/466 387/1821/386
f 464/1819/463 1650/1818/1648 465/1812/464
f 1434/1582/1431 464/1819/463 350/1822/349
f 467/1567/466 1434/1582/1431 350/1822/349
f 1649/1817/1647 387/1821/386 359/1820/358
f 1651/1823/1649 1522/1669/1517 1467/1616/1464
f 1421/1569/1418 358/1824/357 446/1752/445
f 1651/1823/1649 1652/1825/1650 1522/1669/1517
f 1466/1615/1463 1522/1669/1517 1521/1668/1516
f 1652/1825/1650 1653/1826/1651 1522/1669/1517
f 1468/1617/1465 1467/1616/1464 1522/1669/1517
f 1468/1617/1465 1522/1669/1517 1475/1624/1472
f 1521/1668/1516 1522/1669/1517 1653/1826/1651
f 1535/1682/1530 1651/1823/1649 1467/1616/1464
f 358/1824/357 1444/1593/1441 359/1820/358
f 1421/1569/1418 1444/1593/1441 358/1824/357
f 1421/1569/1418 1426/1574/1423 1444/1593/1441
f 1610/1764/1608 1565/1716/1563 1605/1759/1603
f 1550/1700/1547 1491/1640/1488 1654/1827/1652
f 1479/1628/1476 1549/1699/1546 1655/1828/1653
f 1656/1829/1654 1566/1717/1564 1587/1740/1586
f 1450/1599/1447 1530/1677/1525 1416/1563/1413
f 1655/1828/1653 1553/1704/1551 1479/1628/1476
f 1440/1589/1437 1657/1830/1655 1446/1595/1443
f 1503/1649/1497 1658/1831/1656 1398/1547/1397
f 1549/1699/1546 1561/1712/1559 1655/1828/1653
f 1581/1733/1579 1565/1716/1563 1610/1764/1608
f 1613/1767/1611 1659/1832/1657 1581/1733/1579
f 1585/1737/1583 1384/1533/1383 1389/1538/1388
f 1636/1792/1634 1417/1564/1414 1416/1563/1413
f 1587/1740/1586 1660/1833/1658 1656/1829/1654
f 1552/1703/1550 1551/1702/1549 1607/1761/1605
f 1424/1572/1421 1566/1717/1564 1656/1829/1654
f 1655/1828/1653 1561/1712/1559 1554/1705/1552
f 1582/1734/1580 1581/1733/1579 1659/1832/1657
f 1553/1704/1551 1546/1694/1541 1582/1734/1580
f 1603/1757/1601 1602/1834/1659 1393/1542/1392
f 1527/1674/1522 1585/1737/1583 1579/1731/1577
f 1389/1538/1388 1397/1546/1396 1387/1536/1386
f 1655/1828/1653 1554/1705/1552 1553/1704/1551
f 1379/1528/1378 1383/1532/1382 1371/1520/1370
f 1554/1705/1552 1561/1712/1559 1429/1577/1426
f 1556/1707/1554 1555/1706/1553 1586/1739/1585
f 1491/1640/1488 1638/1794/1636 1654/1827/1652
f 1589/1742/1588 1439/1588/1436 1642/1799/1640
f 1565/1716/1563 1442/1591/1439 1605/1759/1603
f 1429/1577/1426 1546/1694/1541 1554/1705/1552
f 1560/1711/1558 1389/1538/1388 1388/1537/1387
f 1581/1733/1579 1580/1732/1578 1565/1716/1563
f 1663/1835/1660 1441/1590/1438 1662/1836/1661
f 1658/1831/1656 1435/1583/1432 1558/1709/1556
f 1560/1711/1558 1446/1595/1443 1657/1830/1655
f 1429/1577/1426 1431/1579/1428 1546/1694/1541
f 1566/1717/1564 1565/1716/1563 1580/1732/1578
f 1381/1530/1380 1380/1529/1379 1527/1674/1522
f 1664/1837/1662 1537/1684/1532 1536/1683/1531
f 1550/1700/1547 1547/1695/1542 1431/1579/1428
f 1398/1547/1397 1412/1559/1409 1503/1649/1497
f 1657/1830/1655 1440/1589/1437 1584/1736/1582
f 1660/1833/1658 1666/1838/1663 1656/1829/1654
f 1583/1735/1581 1587/1740/1586 1580/1732/1578
f 1566/1717/1564 1580/1732/1578 1587/1740/1586
f 1659/1832/1657 1437/1585/1434 1436/1584/1433
f 1667/1839/1664 1485/1634/1482 1668/1840/1665
f 1488/1637/1485 1485/1634/1482 1667/1839/1664
f 1669/1841/1666 1488/1637/1485 1667/1839/1664
f 1433/1581/1430 1670/1842/1667 1671/1843/1668
f 1434/1582/1431 1671/1843/1668 1672/1844/1669
f 1672/1844/1669 1650/1818/1648 1434/1582/1431
f 1671/1843/1668 1670/1842/1667 1673/1845/1670
f 1434/1582/1431 1419/1566/1416 1671/1843/1668
f 1419/1566/1416 1433/1581/1430 1671/1843/1668
f 1447/1596/1444 1632/1787/1630 1440/1589/1437
f 1392/1541/1391 1387/1536/1386 1559/1710/1557
f 1583/1735/1581 1547/1695/1542 1550/1700/1547
f 1587/1740/1586 1583/1735/1581 1550/1700/1547
f 1416/1563/1413 1530/1677/1525 1636/1792/1634
f 1516/1663/1511 1491/1640/1488 1430/1578/1427
f 1396/1545/1395 1387/1536/1386 1397/1546/1396
f 1423/1571/1420 1565/1716/1563 1424/1572/1421
f 1536/1683/1531 1424/1572/1421 1656/1829/1654
f 1423/1571/1420 1422/1570/1419 1442/1591/1439
f 1674/1846/1671 1675/1847/1672 1666/1838/1663
f 1652/1825/1650 1676/1848/1673 1674/1846/1671
f 1676/1848/1673 1675/1847/1672 1674/1846/1671
f 1656/1829/1654 1666/1838/1663 1536/1683/1531
f 1677/1849/1674 1676/1848/1673 1667/1839/1664
f 1667/1839/1664 1668/1840/1665 1677/1849/1674
f 1536/1683/1531 1675/1847/1672 1678/1850/1675
f 1422/1570/1419 1679/1851/1676 1442/1591/1439
f 1680/1852/1677 1677/1849/1674 1563/1714/1561
f 1680/1852/1677 1563/1714/1561 1681/1853/1678
f 1677/1849/1674 1680/1852/1677 1682/1854/1679
f 1675/1847/1672 1682/1854/1679 1678/1850/1675
f 1676/1848/1673 1677/1849/1674 1682/1854/1679
f 1536/1683/1531 1666/1838/1663 1675/1847/1672
f 1676/1848/1673 1682/1854/1679 1675/1847/1672
f 1676/1848/1673 1669/1841/1666 1667/1839/1664
f 1678/1850/1675 1682/1854/1679 1680/1852/1677
f 1677/1849/1674 1668/1840/1665 1563/1714/1561
f 1652/1825/1650 1674/1846/1671 1666/1838/1663
f 1681/1853/1678 1678/1850/1675 1680/1852/1677
f 1563/1714/1561 1562/1713/1560 1681/1853/1678
f 1678/1850/1675 1664/1837/1662 1536/1683/1531
f 1678/1850/1675 1681/1853/1678 1664/1837/1662
f 1681/1853/1678 1562/1713/1560 1664/1837/1662
f 1536/1683/1531 1394/1543/1393 1424/1572/1421
f 1424/1572/1421 1394/1543/1393 1422/1570/1419
f 1588/1741/1587 1550/1700/1547 1654/1827/1652
f 1638/1794/1636 1683/1855/1680 1654/1827/1652
f 1588/1741/1587 1683/1855/1680 1653/1826/1651
f 1669/1841/1666 1535/1682/1530 1488/1637/1485
f 1653/1826/1651 1683/1855/1680 1521/1668/1516
f 1588/1741/1587 1653/1826/1651 1660/1833/1658
f 1535/1682/1530 1669/1841/1666 1651/1823/1649
f 1653/1826/1651 1652/1825/1650 1660/1833/1658
f 1651/1823/1649 1676/1848/1673 1652/1825/1650
f 1651/1823/1649 1669/1841/1666 1676/1848/1673
f 1654/1827/1652 1683/1855/1680 1588/1741/1587
f 1666/1838/1663 1660/1833/1658 1652/1825/1650
f 1638/1794/1636 1521/1668/1516 1683/1855/1680
f 1679/1851/1676 1422/1570/1419 1665/1856/1681
f 1684/1857/1682 1422/1570/1419 1394/1543/1393
f 1443/1592/1440 1442/1591/1439 1679/1851/1676
f 1684/1857/1682 1665/1856/1681 1422/1570/1419
f 1393/1542/1392 1685/1858/1683 1394/1543/1393
f 1685/1858/1683 1684/1857/1682 1394/1543/1393
f 1442/1591/1439 1663/1835/1660 1608/1762/1606
f 1442/1591/1439 1441/1590/1438 1663/1835/1660
f 1684/1857/1682 1661/1859/1684 1665/1856/1681
f 1665/1856/1681 1443/1592/1440 1679/1851/1676
f 1548/1696/1543 1537/1684/1532 1664/1837/1662
f 488/1724/487 487/1860/486 1633/1788/1631
f 1685/1858/1683 1393/1542/1392 1449/1598/1446
f 1421/1569/1418 446/1752/445 1425/1573/1422
f 1439/1588/1436 468/1587/467 469/1801/468
f 478/1786/477 1633/1788/1631 487/1860/486
f 1557/1708/1555 1614/1768/1612 1555/1706/1553
f 1389/1538/1388 1560/1711/1558 1657/1830/1655
f 1685/1858/1683 1449/1598/1446 1684/1857/1682
f 1548/1696/1543 1664/1837/1662 1562/1713/1560
f 1395/1544/1394 1548/1696/1543 1499/1647/1495
f 1663/1835/1660 1606/1760/1604 1608/1762/1606
f 1436/1584/1433 1435/1583/1432 1658/1831/1656
f 1384/1533/1383 1383/1532/1382 1390/1539/1389
f 1395/1544/1394 1500/1648/1496 1393/1542/1392
f 1393/1542/1392 1500/1648/1496 1603/1757/1601
f 1552/1703/1550 1607/1761/1605 1606/1760/1604
f 1557/1708/1555 1403/1550/1400 1614/1768/1612
f 1448/1597/1445 1393/1542/1392 1602/1834/1659
f 1579/1731/1577 1439/1588/1436 1589/1742/1588
f 1450/1599/1447 1391/1540/1390 1379/1528/1378
f 1552/1703/1550 1663/1835/1660 1399/1701/1548
f 1400/1738/1584 1551/1702/1549 1399/1701/1548
f 1555/1706/1553 1607/1761/1605 1551/1702/1549
f 1586/1739/1585 1551/1702/1549 1400/1738/1584
f 1401/1548/1398 1557/1708/1555 1556/1707/1554
f 1415/1562/1412 1417/1564/1414 1549/1699/1546
f 1401/1548/1398 1403/1550/1400 1557/1708/1555
f 1478/1627/1475 1436/1584/1433 1412/1559/1409
f 1686/1861/1685 1687/1862/1686 1411/1558/1408
f 1636/1792/1634 1516/1663/1511 1417/1564/1414
f 1462/1611/1459 1688/1863/1687 1463/1612/1460
f 1553/1704/1551 1659/1832/1657 1436/1584/1433
f 1476/1625/1473 1689/1864/1688 1690/1865/1689
f 1463/1612/1460 1688/1863/1687 1577/1729/1575
f 1687/1862/1686 1432/1580/1429 1411/1558/1408
f 1524/1671/1519 1691/1866/1690 1457/1606/1454
f 1551/1702/1549 1586/1739/1585 1555/1706/1553
f 1432/1580/1429 1687/1862/1686 1433/1581/1430
f 1687/1862/1686 1690/1865/1689 1433/1581/1430
f 1504/1650/1498 1476/1625/1473 1690/1865/1689
f 1577/1729/1575 1686/1861/1685 1407/1554/1404
f 1411/1558/1408 1407/1554/1404 1686/1861/1685
f 1691/1866/1690 1673/1845/1670 1670/1842/1667
f 1689/1864/1688 1670/1842/1667 1690/1865/1689
f 1457/1606/1454 1689/1864/1688 1476/1625/1473
f 1417/1564/1414 1429/1577/1426 1561/1712/1559
f 1689/1864/1688 1457/1606/1454 1691/1866/1690
f 1670/1842/1667 1689/1864/1688 1691/1866/1690
f 1658/1831/1656 1503/1649/1497 1436/1584/1433
f 1673/1845/1670 1691/1866/1690 1692/1867/1691
f 1523/1670/1518 1691/1866/1690 1524/1671/1519
f 1661/1859/1684 1449/1598/1446 1448/1597/1445
f 1671/1843/1668 1673/1845/1670 1692/1867/1691
f 1504/1650/1498 1688/1863/1687 1462/1611/1459
f 1648/1815/1646 1646/1810/1644 1693/1868/1692
f 1650/1818/1648 1672/1844/1669 1693/1868/1692
f 1491/1640/1488 1550/1700/1547 1430/1578/1427
f 1688/1863/1687 1686/1861/1685 1577/1729/1575
f 1672/1844/1669 1648/1815/1646 1693/1868/1692
f 1580/1732/1578 1582/1734/1580 1583/1735/1581
f 1692/1867/1691 1648/1815/1646 1672/1844/1669
f 1510/1657/1505 1524/1671/1519 1457/1606/1454
f 1690/1865/1689 1670/1842/1667 1433/1581/1430
f 1692/1867/1691 1672/1844/1669 1671/1843/1668
f 1650/1818/1648 1693/1868/1692 465/1812/464
f 1687/1862/1686 1686/1861/1685 1688/1863/1687
f 1648/1815/1646 1692/1867/1691 1523/1670/1518
f 1690/1865/1689 1687/1862/1686 1688/1863/1687
f 1646/1810/1644 465/1812/464 1693/1868/1692
f 1691/1866/1690 1523/1670/1518 1692/1867/1691
f 1633/1788/1631 1575/1727/1573 1572/1723/1570
f 1632/1787/1630 1447/1596/1444 1575/1727/1573
f 1575/1727/1573 1633/1788/1631 1632/1787/1630
f 1634/1789/1632 1575/1727/1573 1447/1596/1444
f 1482/1631/1479 1633/1788/1631 1572/1723/1570
f 1482/1631/1479 488/1724/487 1633/1788/1631
f 1523/1670/1518 1526/1673/1521 1648/1815/1646
f 1504/1650/1498 1690/1865/1689 1688/1863/1687
f 1389/1538/1388 1584/1736/1582 1585/1737/1583
f 1584/1736/1582 1389/1538/1388 1657/1830/1655
f 1582/1734/1580 1546/1694/1541 1547/1695/1542
f 1582/1734/1580 1659/1832/1657 1553/1704/1551
f 1613/1767/1611 1437/1585/1434 1659/1832/1657
f 1398/1547/1397 1658/1831/1656 1396/1545/1395
f 1694/1869/1693 1569/1720/1567 1563/1714/1561
f 1695/1870/1694 1696/1871/1695 1569/1720/1567
f 1396/1545/1395 1658/1831/1656 1558/1709/1556
f 1573/1725/1571 1695/1870/1694 1574/1726/1572
f 1696/1871/1695 1573/1725/1571 1569/1720/1567
f 1668/1840/1665 1569/1720/1567 1694/1869/1693
f 1697/1872/1696 1695/1870/1694 1569/1720/1567
f 1697/1872/1696 1569/1720/1567 1668/1840/1665
f 1694/1869/1693 1563/1714/1561 1668/1840/1665
f 1697/1872/1696 1668/1840/1665 1496/1645/1493
f 1568/1719/1566 1569/1720/1567 1573/1725/1571
f 339/1873/338 1590/1744/1589 340/1743/339
f 1573/1725/1571 1696/1871/1695 1695/1870/1694
f 1668/1840/1665 1485/1634/1482 1496/1645/1493
f 1697/1872/1696 1496/1645/1493 1540/1687/1535
f 1438/1586/1435 1425/1573/1422 1590/1744/1589
f 1587/1740/1586 1588/1741/1587 1660/1833/1658
f 1449/1598/1446 1661/1859/1684 1684/1857/1682
f 1383/1532/1382 1379/1528/1378 1390/1539/1389
f 1397/1546/1396 1390/1539/1389 1398/1547/1397
f 1589/1742/1588 1642/1799/1640 1381/1530/1380
f 1391/1540/1390 1415/1562/1412 1412/1559/1409
f 1606/1760/1604 1663/1835/1660 1552/1703/1550
f 1540/1687/1535 1495/1644/1492 1490/1639/1487
f 1490/1639/1487 1698/1874/1697 1699/1875/1698
f 1540/1687/1535 1490/1639/1487 1699/1875/1698
f 1495/1644/1492 1480/1629/1477 1490/1639/1487
f 1595/1749/1594 1698/1874/1697 1490/1639/1487
f 1697/1872/1696 1540/1687/1535 1695/1870/1694
f 1540/1687/1535 1699/1875/1698 1695/1870/1694
f 1436/1584/1433 1479/1628/1476 1553/1704/1551
f 1512/1659/1507 1511/1658/1506 1374/1523/1373
f 1370/1519/1369 1372/1521/1371 1382/1531/1381
f 1511/1658/1506 1386/1535/1385 1370/1519/1369
f 1379/1528/1378 1385/1534/1384 1450/1599/1447
f 1386/1535/1385 1378/1527/1377 1370/1519/1369
f 1378/1527/1377 1371/1520/1370 1370/1519/1369
f 1396/1545/1395 1559/1710/1557 1387/1536/1386
f 1374/1523/1373 1511/1658/1506 1370/1519/1369
f 1700/1876/1699 1701/1877/1700 1702/1878/1701
f 1703/1879/1702 1704/1880/1703 1705/1881/1704
f 1590/1882/1589 339/1883/338 1706/1884/1705
f 1706/1884/1705 1707/1885/1706 1708/1886/1707
f 1709/1887/1708 1710/1888/1709 346/1889/345
f 1710/1888/1709 1711/1890/1710 1712/1891/1711
f 1713/1892/1712 1707/1885/1706 339/1883/338
f 1710/1888/1709 1712/1891/1711 1714/1893/1713
f 1710/1888/1709 1714/1893/1713 1715/1894/1714
f 1715/1894/1714 346/1889/345 1710/1888/1709
f 1716/1895/1715 1717/1896/1716 1712/1891/1711
f 1713/1892/1712 338/1897/337 337/1898/336
f 346/1889/345 1713/1892/1712 337/1898/336
f 1707/1885/1706 1718/1899/1717 1708/1886/1707
f 1719/1900/1718 1714/1893/1713 1712/1891/1711
f 1719/1900/1718 1715/1894/1714 1714/1893/1713
f 1720/1901/1719 1721/1902/1720 1722/1903/1721
f 1568/1904/1566 1721/1902/1720 1571/1905/1569
f 1723/1906/1722 1722/1903/1721 1724/1907/1723
f 1722/1903/1721 1723/1906/1722 1720/1901/1719
f 1571/1905/1569 1721/1902/1720 1570/1908/1568
f 1574/1909/1572 1724/1907/1723 1722/1903/1721
f 1725/1910/1724 1726/1911/1725 1727/1912/1726
f 1568/1904/1566 1574/1909/1572 1722/1903/1721
f 1726/1911/1725 1724/1907/1723 1727/1912/1726
f 1728/1913/1727 1570/1908/1568 1721/1902/1720
f 1722/1903/1721 1721/1902/1720 1568/1904/1566
f 1723/1906/1722 1724/1907/1723 1726/1911/1725
f 1729/1914/1728 1445/1915/1442 1730/1916/1729
f 1731/1917/1730 1597/1918/1596 1445/1915/1442
f 1733/1919/1731 1732/1920/1732 1734/1921/1733
f 1734/1921/1733 1735/1922/1734 1736/1923/1735
f 1737/1924/1736 1733/1919/1731 1734/1921/1733
f 1738/1925/1737 1729/1914/1728 1730/1916/1729
f 1737/1924/1736 1734/1921/1733 1739/1926/1738
f 1706/1884/1705 1438/1927/1435 1590/1882/1589
f 1740/1928/1739 1741/1929/1740 1742/1930/1741
f 1445/1915/1442 1743/1931/1742 1731/1917/1730
f 1744/1932/1743 1745/1933/1744 1717/1896/1716
f 1746/1934/1745 1747/1935/1746 1748/1936/1747
f 1743/1931/1742 1729/1914/1728 1731/1917/1730
f 1729/1914/1728 1743/1931/1742 1445/1915/1442
f 1597/1918/1596 1731/1917/1730 1595/1937/1594
f 1595/1937/1594 1731/1917/1730 1749/1938/1748
f 1742/1930/1741 1749/1938/1748 1740/1928/1739
f 996/1939/993 995/1940/992 1750/1941/1749
f 1751/1942/1750 1749/1938/1748 1752/1943/1751
f 1739/1926/1738 1734/1921/1733 1736/1923/1735
f 1740/1928/1739 1731/1917/1730 1729/1914/1728
f 1593/1944/1592 1598/1945/1597 1746/1934/1745
f 1595/1937/1594 1749/1938/1748 1751/1942/1750
f 1747/1935/1746 1736/1923/1735 1748/1936/1747
f 1731/1917/1730 1740/1928/1739 1749/1938/1748
f 1753/1946/1752 1754/1947/1753 1755/1948/1754
f 1756/1949/1755 1757/1950/1756 1758/1951/1757
f 1759/1952/1758 1760/1953/1759 1761/1954/1760
f 1762/1955/1761 1763/1956/1762 1764/1957/1763
f 1715/1894/1714 1765/1958/1764 1713/1892/1712
f 1766/1959/1765 1767/1960/1766 1768/1961/1767
f 1769/1962/1768 1770/1963/1769 1771/1964/1770
f 1762/1955/1761 1764/1957/1763 1758/1951/1757
f 1758/1951/1757 1764/1957/1763 1770/1963/1769
f 1773/1965/1771 1762/1955/1761 1758/1951/1757
f 1773/1965/1771 1767/1960/1766 1762/1955/1761
f 1774/1966/1772 1715/1894/1714 1775/1967/1773
f 1776/1968/1774 1745/1933/1744 1744/1932/1743
f 1742/1930/1741 1741/1929/1740 1777/1969/1775
f 1776/1968/1774 1744/1932/1743 1750/1941/1749
f 1778/1970/1776 1776/1968/1774 1750/1941/1749
f 1779/1971/1777 1700/1876/1699 1780/1972/1778
f 1781/1973/1779 1782/1974/1780 1745/1933/1744
f 1781/1973/1779 1774/1966/1772 1782/1974/1780
f 1783/1975/1781 1784/1976/1782 1785/1977/1783
f 1786/1978/1784 1787/1979/1785 1788/1980/1786
f 1789/1981/1787 1790/1982/1788 1791/1983/1789
f 1789/1981/1787 1792/1984/1790 1790/1982/1788
f 1777/1969/1775 1741/1929/1740 1793/1985/1791
f 1783/1975/1781 1794/1986/1792 1784/1976/1782
f 1774/1966/1772 1781/1973/1779 1795/1987/1793
f 1700/1876/1699 1779/1971/1777 1796/1988/1794
f 1797/1989/1795 1798/1990/1796 1799/1991/1797
f 1800/1992/1798 1801/1993/1799 1802/1994/1800
f 1803/1995/1801 1804/1996/1802 1805/1997/1803
f 1806/1998/1804 1778/1970/1776 868/1999/864
f 1781/1973/1779 1776/1968/1774 1807/2000/1805
f 1808/2001/1806 1795/1987/1793 1781/1973/1779
f 1809/2002/1807 1798/1990/1796 1797/1989/1795
f 1810/2003/1808 1811/2004/1809 1812/2005/1810
f 1781/1973/1779 1807/2000/1805 1808/2001/1806
f 1778/1970/1776 1806/1998/1804 1813/2006/1811
f 1776/1968/1774 1813/2006/1811 1814/2007/1812
f 1795/1987/1793 1808/2001/1806 1815/2008/1813
f 1816/2009/1814 1817/2010/1815 1818/2011/1816
f 1799/1991/1797 1819/2012/1817 1797/1989/1795
f 1820/2013/1818 1821/2014/1819 1822/2015/1820
f 1823/2016/1821 1824/2017/1822 1819/2012/1817
f 1825/2018/1823 1826/2019/1824 1765/1958/1764
f 1780/1972/1778 1827/2020/1825 1828/2021/1826
f 1829/2022/1827 1830/2023/1828 1831/2024/1829
f 1793/1985/1791 1832/2025/1830 1792/1984/1790
f 1806/1998/1804 868/1999/864 1833/2026/1831
f 1834/2027/1832 1835/2028/1833 1836/2029/1834
f 1837/2030/1835 1838/2031/1836 1839/2032/1837
f 1840/2033/1838 1837/2030/1835 1841/2034/1839
f 1833/2026/1831 870/2035/866 867/2036/863
f 1814/2007/1812 1786/1978/1784 1807/2000/1805
f 1757/1950/1756 1843/2037/1840 1844/2038/1841
f 1844/2038/1841 1845/2039/1842 1757/1950/1756
f 1846/2040/1843 1844/2038/1841 1760/1953/1759
f 1758/1951/1757 1770/1963/1769 1756/1949/1755
f 1847/2041/1844 1848/2042/1845 1835/2028/1833
f 1758/1951/1757 1757/1950/1756 1773/1965/1771
f 1849/2043/1846 1798/1990/1796 1850/2044/1847
f 1851/2045/1848 1799/1991/1797 1852/2046/1849
f 1853/2047/1850 1854/2048/1851 1855/2049/1852
f 1833/2026/1831 867/2036/863 1856/2050/1853
f 1808/2001/1806 1807/2000/1805 1786/1978/1784
f 1808/2001/1806 1857/2051/1854 1858/2052/1855
f 1859/2053/1856 1860/2054/1857 1861/2055/1858
f 1862/2056/1859 1802/1994/1800 1863/2057/1860
f 1790/1982/1788 1838/2031/1836 1864/2058/1861
f 1839/2032/1837 1838/2031/1836 1790/1982/1788
f 1865/2059/1862 1841/2034/1839 1837/2030/1835
f 1809/2002/1807 1866/2060/1863 1867/2061/1864
f 1819/2012/1817 1868/2062/1865 1797/1989/1795
f 1793/1985/1791 1848/2042/1845 1832/2025/1830
f 1869/2063/1866 1849/2043/1846 1850/2044/1847
f 1806/1998/1804 1833/2026/1831 1870/2064/1867
f 1860/2054/1857 1828/2021/1826 1827/2020/1825
f 1827/2020/1825 1702/1878/1701 1701/1877/1700
f 1862/2056/1859 1859/2053/1856 1861/2055/1858
f 1792/1984/1790 1871/2065/1868 1839/2032/1837
f 1802/1994/1800 1801/1993/1799 1863/2057/1860
f 1803/1995/1801 1800/1992/1798 1802/1994/1800
f 1808/2001/1806 1786/1978/1784 1857/2051/1854
f 1745/1933/1744 1776/1968/1774 1781/1973/1779
f 1872/2066/1869 1819/2012/1817 1799/1991/1797
f 1860/2054/1857 1827/2020/1825 1701/1877/1700
f 1701/1877/1700 1861/2055/1858 1860/2054/1857
f 1873/2067/1870 1812/2005/1810 1811/2004/1809
f 1847/2041/1844 1832/2025/1830 1848/2042/1845
f 1874/2068/1871 1875/2069/1872 1834/2027/1832
f 1756/1949/1755 1876/2070/1873 1757/1950/1756
f 1772/2071/1874 1877/2072/1875 1753/1946/1752
f 1815/2008/1813 1825/2018/1823 1795/1987/1793
f 1701/1877/1700 1804/1996/1802 1861/2055/1858
f 1771/1964/1770 1770/1963/1769 1878/2073/1876
f 1843/2037/1840 1760/1953/1759 1844/2038/1841
f 1876/2070/1873 1879/2074/1877 1843/2037/1840
f 1880/2075/1878 1832/2025/1830 1847/2041/1844
f 1768/1961/1767 1763/1956/1762 1766/1959/1765
f 1881/2076/1879 1845/2039/1842 1846/2040/1843
f 1877/2072/1875 1754/1947/1753 1753/1946/1752
f 1757/1950/1756 1845/2039/1842 1773/1965/1771
f 1759/1952/1758 1737/1924/1736 1882/2077/1880
f 1771/1964/1770 1878/2073/1876 1883/2078/1881
f 1770/1963/1769 1769/1962/1768 1756/1949/1755
f 1780/1972/1778 1828/2021/1826 1884/2079/1882
f 1825/2018/1823 1765/1958/1764 1774/1966/1772
f 1885/2080/1883 1833/2026/1831 1856/2050/1853
f 1884/2079/1882 1828/2021/1826 1886/2081/1884
f 1814/2007/1812 1807/2000/1805 1776/1968/1774
f 1787/1979/1785 1806/1998/1804 1788/1980/1786
f 1861/2055/1858 1804/1996/1802 1862/2056/1859
f 1862/2056/1859 1804/1996/1802 1803/1995/1801
f 1792/1984/1790 1880/2075/1878 1887/2082/1885
f 1888/2083/1886 1889/2084/1887 1871/2065/1868
f 1890/2085/1888 1891/2086/1889 1892/2087/1890
f 1865/2059/1862 1893/2088/1891 1868/2062/1865
f 1894/2089/1892 1895/2090/1893 1869/2063/1866
f 1896/2091/1894 1718/1899/1717 1826/2019/1824
f 1891/2086/1889 1890/2085/1888 1897/2092/1895
f 1869/2063/1866 1895/2090/1893 1849/2043/1846
f 1898/2093/1896 1851/2045/1848 1852/2046/1849
f 1798/1990/1796 1852/2046/1849 1799/1991/1797
f 1857/2051/1854 1786/1978/1784 1788/1980/1786
f 1711/1890/1710 1703/1879/1702 1716/1895/1715
f 1887/2082/1885 1855/2049/1852 1792/1984/1790
f 1715/1894/1714 1774/1966/1772 1765/1958/1764
f 1804/1996/1802 1700/1876/1699 1796/1988/1794
f 915/2094/910 1803/1995/1801 1805/1997/1803
f 1899/2095/1897 1875/2069/1872 1874/2068/1871
f 1857/2051/1854 1788/1980/1786 1900/2096/1898
f 1901/2097/1899 1902/2098/1900 1903/2099/1901
f 1904/2100/1902 1905/2101/1903 1906/2102/1904
f 1907/2103/1905 1908/2104/1906 1909/2105/1907
f 1910/2106/1908 1911/2107/1909 1902/2098/1900
f 1912/2108/1910 1910/2106/1908 1913/2109/1911
f 1913/2109/1911 1902/2098/1900 1901/2097/1899
f 1806/1998/1804 1787/1979/1785 1814/2007/1812
f 1910/2106/1908 1902/2098/1900 1913/2109/1911
f 1904/2100/1902 1911/2107/1909 1905/2101/1903
f 1911/2107/1909 1904/2100/1902 1902/2098/1900
f 1911/2107/1909 1912/2108/1910 1908/2104/1906
f 1841/2034/1839 1868/2062/1865 1824/2017/1822
f 1903/2099/1901 1914/2110/1912 1901/2097/1899
f 1908/2104/1906 1789/1981/1787 1915/2111/1913
f 1911/2107/1909 1916/2112/1914 1917/2113/1915
f 1910/2106/1908 1912/2108/1910 1911/2107/1909
f 1909/2105/1907 1908/2104/1906 1912/2108/1910
f 1903/2099/1901 1904/2100/1902 1906/2102/1904
f 1904/2100/1902 1903/2099/1901 1902/2098/1900
f 1911/2107/1909 1917/2113/1915 1905/2101/1903
f 1871/2065/1868 1855/2049/1852 1888/2083/1886
f 1918/2114/1916 1903/2099/1901 1906/2102/1904
f 1908/2104/1906 1915/2111/1913 1911/2107/1909
f 1906/2102/1904 1881/2076/1879 1918/2114/1916
f 1918/2114/1916 1881/2076/1879 1846/2040/1843
f 1789/1981/1787 1908/2104/1906 1919/2115/1917
f 1914/2110/1912 1903/2099/1901 1918/2114/1916
f 1882/2077/1880 1914/2110/1912 1920/2116/1918
f 1716/1895/1715 1712/1891/1711 1711/1890/1710
f 1921/2117/1919 1922/2118/1920 1923/2119/1921
f 1921/2117/1919 1913/2109/1911 1922/2118/1920
f 1924/2120/1922 1923/2119/1921 1922/2118/1920
f 1825/2018/1823 1774/1966/1772 1795/1987/1793
f 1925/2121/1923 1926/2122/1924 1893/2088/1891
f 1912/2108/1910 1927/2123/1925 1909/2105/1907
f 1924/2120/1922 1928/2124/1926 1739/1926/1738
f 1882/2077/1880 1928/2124/1926 1924/2120/1922
f 1929/2125/1927 1930/2126/1928 1923/2119/1921
f 1882/2077/1880 1924/2120/1922 1914/2110/1912
f 1929/2125/1927 1721/1902/1720 1720/1901/1719
f 1922/2118/1920 1901/2097/1899 1914/2110/1912
f 1931/2127/1929 1932/2128/1930 1892/2087/1890
f 1723/1906/1722 1933/2129/1931 1720/1901/1719
f 1927/2123/1925 1921/2117/1919 1934/2130/1932
f 1898/2093/1896 1852/2046/1849 1849/2043/1846
f 1912/2108/1910 1921/2117/1919 1927/2123/1925
f 1728/1913/1727 1721/1902/1720 1929/2125/1927
f 1831/2024/1829 1885/2080/1883 779/2131/776
f 1921/2117/1919 1912/2108/1910 1913/2109/1911
f 1924/2120/1922 1935/2132/1933 1923/2119/1921
f 1739/1926/1738 1728/1913/1727 1935/2132/1933
f 1923/2119/1921 1930/2126/1928 1934/2130/1932
f 1901/2097/1899 1922/2118/1920 1913/2109/1911
f 1923/2119/1921 1934/2130/1932 1921/2117/1919
f 1935/2132/1933 1929/2125/1927 1923/2119/1921
f 1728/1913/1727 1929/2125/1927 1935/2132/1933
f 1929/2125/1927 1933/2129/1931 1930/2126/1928
f 1736/1923/1735 1570/1908/1568 1728/1913/1727
f 1935/2132/1933 1924/2120/1922 1739/1926/1738
f 1936/2133/1934 1934/2130/1932 1930/2126/1928
f 1900/2096/1898 1788/1980/1786 1937/2134/1935
f 1933/2129/1931 1929/2125/1927 1720/1901/1719
f 1933/2129/1931 1936/2133/1934 1930/2126/1928
f 1728/1913/1727 1739/1926/1738 1736/1923/1735
f 1924/2120/1922 1922/2118/1920 1914/2110/1912
f 1767/1960/1766 1773/1965/1771 1938/2135/1936
f 1760/1953/1759 1759/1952/1758 1918/2114/1916
f 1737/1924/1736 1759/1952/1758 1761/1954/1760
f 1842/2136/1937 1760/1953/1759 1843/2037/1840
f 1763/1956/1762 1878/2073/1876 1764/1957/1763
f 1846/2040/1843 1845/2039/1842 1844/2038/1841
f 1938/2135/1936 1773/1965/1771 1939/2137/1938
f 1927/2123/1925 1934/2130/1932 1940/2138/1939
f 1846/2040/1843 1760/1953/1759 1918/2114/1916
f 1701/1877/1700 1700/1876/1699 1804/1996/1802
f 1918/2114/1916 1759/1952/1758 1920/2116/1918
f 1782/1974/1780 1719/1900/1718 1745/1933/1744
f 1918/2114/1916 1920/2116/1918 1914/2110/1912
f 1874/2068/1871 1941/2139/1940 1899/2095/1897
f 1942/2140/1941 1880/2075/1878 1875/2069/1872
f 1803/1995/1801 1802/1994/1800 1862/2056/1859
f 1875/2069/1872 1899/2095/1897 1943/2141/1942
f 1793/1985/1791 1792/1984/1790 1777/1969/1775
f 1854/2048/1851 1893/2088/1891 1865/2059/1862
f 1893/2088/1891 1809/2002/1807 1797/1989/1795
f 1712/1891/1711 1717/1896/1716 1745/1933/1744
f 1926/2122/1924 1866/2060/1863 1944/2142/1943
f 1890/2085/1888 1945/2143/1944 1897/2092/1895
f 1946/2144/1945 1885/2080/1883 1947/2145/1946
f 1788/1980/1786 1946/2144/1945 1948/2146/1947
f 1949/2147/1948 1950/2148/1949 1943/2141/1942
f 1900/2096/1898 1937/2134/1935 1951/2149/1950
f 1813/2006/1811 1776/1968/1774 1778/1970/1776
f 1822/2015/1820 1952/2150/1951 1820/2013/1818
f 1837/2030/1835 1839/2032/1837 1889/2084/1887
f 1942/2140/1941 1875/2069/1872 1943/2141/1942
f 1850/2044/1847 1954/2151/1952 1891/2086/1889
f 1779/1971/1777 1873/2067/1870 1796/1988/1794
f 865/2152/861 1955/2153/1953 795/2154/792
f 1931/2127/1929 1891/2086/1889 1954/2151/1952
f 1831/2024/1829 846/2155/842 1829/2022/1827
f 1945/2143/1944 1956/2156/1954 1957/2157/1955
f 1958/2158/1956 1950/2148/1949 1949/2147/1948
f 1805/1997/1803 1804/1996/1802 1796/1988/1794
f 1833/2026/1831 868/1999/864 870/2035/866
f 1941/2139/1940 1943/2141/1942 1899/2095/1897
f 1865/2059/1862 1837/2030/1835 1889/2084/1887
f 1874/2068/1871 1818/2011/1816 1941/2139/1940
f 1774/1966/1772 1775/1967/1773 1782/1974/1780
f 1855/2049/1852 1854/2048/1851 1888/2083/1886
f 1896/2091/1894 1815/2008/1813 1960/2159/1957
f 1944/2142/1943 1893/2088/1891 1926/2122/1924
f 1962/2160/1958 1866/2060/1863 1926/2122/1924
f 1848/2042/1845 1963/2161/1959 1835/2028/1833
f 1707/1885/1706 1706/1884/1705 339/1883/338
f 1827/2020/1825 1780/1972/1778 1702/1878/1701
f 1707/1885/1706 1713/1892/1712 1826/2019/1824
f 1870/2064/1867 1946/2144/1945 1788/1980/1786
f 1867/2061/1864 1866/2060/1863 1962/2160/1958
f 1842/2136/1937 1761/1954/1760 1760/1953/1759
f 1769/1962/1768 1877/2072/1875 1772/2071/1874
f 1879/2074/1877 1842/2136/1937 1843/2037/1840
f 1771/1964/1770 1877/2072/1875 1769/1962/1768
f 1920/2116/1918 1759/1952/1758 1882/2077/1880
f 1757/1950/1756 1876/2070/1873 1843/2037/1840
f 1767/1960/1766 1938/2135/1936 1965/2162/1960
f 1881/2076/1879 1939/2137/1938 1845/2039/1842
f 1767/1960/1766 1766/1959/1765 1762/1955/1761
f 1878/2073/1876 1770/1963/1769 1764/1957/1763
f 1948/2146/1947 1937/2134/1935 1788/1980/1786
f 1883/2078/1881 1877/2072/1875 1771/1964/1770
f 1754/1947/1753 1877/2072/1875 1883/2078/1881
f 1773/1965/1771 1845/2039/1842 1939/2137/1938
f 1766/1959/1765 1763/1956/1762 1762/1955/1761
f 1883/2078/1881 1878/2073/1876 1966/2163/1961
f 1967/2164/1962 1968/2165/1963 1966/2163/1961
f 1894/2089/1892 1850/2044/1847 1891/2086/1889
f 1969/2166/1964 1970/2167/1965 1971/2168/1966
f 1784/1976/1782 1951/2149/1950 1937/2134/1935
f 1972/2169/1967 1973/2170/1968 1974/2171/1969
f 1975/2172/1970 1972/2169/1967 1969/2166/1964
f 1976/2173/1971 1973/2170/1968 1977/2174/1972
f 1970/2167/1965 1974/2171/1969 921/2175/918
f 1976/2173/1971 1978/2176/1973 1973/2170/1968
f 1973/2170/1968 1979/2177/1974 1967/2164/1962
f 1970/2167/1965 1024/2178/1021 1971/2168/1966
f 1980/2179/1975 1883/2078/1881 1966/2163/1961
f 921/2175/918 940/2180/937 1970/2167/1965
f 1974/2171/1969 1973/2170/1968 921/2175/918
f 1967/2164/1962 1981/2181/1976 1973/2170/1968
f 1982/2182/1977 1967/2164/1962 1983/2183/1978
f 1787/1979/1785 1786/1978/1784 1814/2007/1812
f 1970/2167/1965 940/2180/937 1024/2178/1021
f 1978/2176/1973 1976/2173/1971 1984/2184/1979
f 1972/2169/1967 1985/2185/1980 1979/2177/1974
f 1972/2169/1967 1979/2177/1974 1973/2170/1968
f 1941/2139/1940 1949/2147/1948 1943/2141/1942
f 1973/2170/1968 1981/2181/1976 1977/2174/1972
f 1968/2165/1963 1967/2164/1962 1979/2177/1974
f 1893/2088/1891 1797/1989/1795 1868/2062/1865
f 1985/2185/1980 1968/2165/1963 1979/2177/1974
f 1966/2163/1961 1983/2183/1978 1967/2164/1962
f 1969/2166/1964 1974/2171/1969 1970/2167/1965
f 1968/2165/1963 1980/2179/1975 1966/2163/1961
f 1974/2171/1969 1969/2166/1964 1972/2169/1967
f 1966/2163/1961 1878/2073/1876 1983/2183/1978
f 1734/1921/1733 1732/1920/1732 1735/1922/1734
f 1946/2144/1945 1947/2145/1946 1948/2146/1947
f 1830/2023/1828 1947/2145/1946 1831/2024/1829
f 846/2155/842 1831/2024/1829 779/2131/776
f 1598/1945/1597 1570/1908/1568 1747/1935/1746
f 1986/2186/1981 757/2187/754 780/2188/777
f 1885/2080/1883 1831/2024/1829 1947/2145/1946
f 1987/2189/1982 1978/2176/1973 1988/2190/1983
f 1836/2029/1834 1989/2191/1984 1834/2027/1832
f 921/2175/918 1973/2170/1968 922/2192/919
f 1987/2189/1982 1973/2170/1968 1978/2176/1973
f 1747/1935/1746 1570/1908/1568 1736/1923/1735
f 1748/1936/1747 1990/2193/1985 1746/1934/1745
f 1739/1926/1738 1928/2124/1926 1737/1924/1736
f 1988/2190/1983 1049/2194/1046 1987/2189/1982
f 1990/2193/1985 1991/2195/1986 1746/1934/1745
f 1746/1934/1745 1591/2196/1590 1593/1944/1592
f 1735/1922/1734 1748/1936/1747 1736/1923/1735
f 1987/2189/1982 931/2197/928 922/2192/919
f 1591/2196/1590 1746/1934/1745 1991/2195/1986
f 1048/2198/1045 1049/2194/1046 1992/2199/1987
f 1601/2200/1602 1596/2201/1595 1991/2195/1986
f 1991/2195/1986 1596/2201/1595 1591/2196/1590
f 910/2202/905 841/2203/837 1800/1992/1798
f 1800/1992/1798 841/2203/837 1801/1993/1799
f 1801/1993/1799 841/2203/837 916/2204/911
f 910/2202/905 1800/1992/1798 1803/1995/1801
f 1992/2199/1987 1988/2190/1983 1993/2205/1988
f 1994/2206/1989 1820/2013/1818 1995/2207/1990
f 910/2202/905 1803/1995/1801 915/2094/910
f 1996/2208/1991 1983/2183/1978 1997/2209/1992
f 1998/2210/1993 1763/1956/1762 1768/1961/1767
f 1981/2181/1976 1982/2182/1977 1999/2211/1994
f 2000/2212/1995 1982/2182/1977 1996/2208/1991
f 2001/2213/1996 1983/2183/1978 1878/2073/1876
f 1959/2214/1997 1985/2185/1980 1964/2215/1998
f 2002/2216/1999 2000/2212/1995 1996/2208/1991
f 1761/1954/1760 1733/1919/1731 1737/1924/1736
f 1928/2124/1926 1882/2077/1880 1737/1924/1736
f 1997/2209/1992 1763/1956/1762 1998/2210/1993
f 1983/2183/1978 1996/2208/1991 1982/2182/1977
f 1985/2185/1980 2004/2217/2000 2005/2218/2001
f 1977/2174/1972 1999/2211/1994 2006/2219/2002
f 1998/2210/1993 2002/2216/1999 1996/2208/1991
f 1953/2220/2003 2007/2221/2004 2008/2222/2005
f 1746/1934/1745 1598/1945/1597 1747/1935/1746
f 1983/2183/1978 2001/2213/1996 1997/2209/1992
f 1971/2168/1966 2008/2222/2005 2007/2221/2004
f 1878/2073/1876 1763/1956/1762 2001/2213/1996
f 2009/2223/2006 1982/2182/1977 2000/2212/1995
f 2010/2224/2007 1810/2003/1808 1955/2153/1953
f 1998/2210/1993 2011/2225/2008 2002/2216/1999
f 2012/2226/2009 2013/2227/2010 2014/2228/2011
f 1998/2210/1993 1996/2208/1991 1997/2209/1992
f 1999/2211/1994 1982/2182/1977 2009/2223/2006
f 1754/1947/1753 1883/2078/1881 1980/2179/1975
f 1754/1947/1753 2015/2229/2012 1755/1948/1754
f 2007/2221/2004 1961/2230/2013 2016/2231/2014
f 1997/2209/1992 2001/2213/1996 1763/1956/1762
f 2017/2232/2015 780/2188/777 795/2154/792
f 1024/2178/1021 1023/2233/1020 1971/2168/1966
f 2015/2229/2012 1754/1947/1753 1980/2179/1975
f 874/2234/1052 1953/2220/2003 2008/2222/2005
f 2012/2226/2009 2015/2229/2012 1980/2179/1975
f 2012/2226/2009 1980/2179/1975 2005/2218/2001
f 1968/2165/1963 2005/2218/2001 1980/2179/1975
f 2015/2229/2012 2012/2226/2009 2014/2228/2011
f 2013/2227/2010 2005/2218/2001 2004/2217/2000
f 2013/2227/2010 2012/2226/2009 2005/2218/2001
f 1973/2170/1968 1987/2189/1982 922/2192/919
f 1968/2165/1963 1985/2185/1980 2005/2218/2001
f 1023/2233/1020 2008/2222/2005 1971/2168/1966
f 1972/2169/1967 1964/2215/1998 1985/2185/1980
f 1964/2215/1998 1972/2169/1967 1975/2172/1970
f 1977/2174/1972 2006/2219/2002 1976/2173/1971
f 1969/2166/1964 2016/2231/2014 2018/2235/2016
f 1975/2172/1970 2018/2235/2016 1964/2215/1998
f 1975/2172/1970 1969/2166/1964 2018/2235/2016
f 1884/2079/1882 1956/2156/1954 2019/2236/2017
f 1981/2181/1976 1999/2211/1994 1977/2174/1972
f 2019/2236/2017 1956/2156/1954 1945/2143/1944
f 2018/2235/2016 2016/2231/2014 2003/2237/2018
f 2007/2221/2004 2016/2231/2014 1971/2168/1966
f 802/2238/798 874/2234/1052 2008/2222/2005
f 2018/2235/2016 2003/2237/2018 1964/2215/1998
f 1976/2173/1971 2006/2219/2002 1984/2184/1979
f 1953/2220/2003 1961/2230/2013 2007/2221/2004
f 2016/2231/2014 1969/2166/1964 1971/2168/1966
f 1967/2164/1962 1982/2182/1977 1981/2181/1976
f 802/2238/798 2008/2222/2005 1023/2233/1020
f 1885/2080/1883 1946/2144/1945 1870/2064/1867
f 1855/2049/1852 2020/2239/2019 1853/2047/1850
f 2021/2240/2020 2006/2219/2002 1999/2211/1994
f 2006/2219/2002 2022/2241/2021 1984/2184/1979
f 1049/2194/1046 1988/2190/1983 1992/2199/1987
f 780/2188/777 2017/2232/2015 1986/2186/1981
f 846/2155/842 1009/2242/1006 2023/2243/2022
f 1752/1943/1751 2024/2244/2023 2025/2245/2024
f 1993/2205/1988 1988/2190/1983 2026/2246/2025
f 1779/1971/1777 1884/2079/1882 2027/2247/2026
f 1009/2242/1006 757/2187/754 2028/2248/2027
f 1752/1943/1751 2029/2249/2028 2024/2244/2023
f 1742/1930/1741 2029/2249/2028 1749/1938/1748
f 2029/2249/2028 1752/1943/1751 1749/1938/1748
f 1963/2161/1959 1848/2042/1845 1793/1985/1791
f 1782/1974/1780 1775/1967/1773 1719/1900/1718
f 1700/1876/1699 1702/1878/1701 1780/1972/1778
f 1884/2079/1882 1779/1971/1777 1780/1972/1778
f 1955/2153/1953 1810/2003/1808 2017/2232/2015
f 2023/2243/2022 1830/2023/1828 1829/2022/1827
f 1784/1976/1782 1937/2134/1935 1948/2146/1947
f 1889/2084/1887 1839/2032/1837 1871/2065/1868
f 2030/2250/2029 2031/2251/2030 2032/2252/2031
f 2034/2253/2032 1729/1914/1728 1738/1925/1737
f 2035/2254/2033 1738/1925/1737 1730/1916/1729
f 2002/2216/1999 2036/2255/2034 2000/2212/1995
f 2037/2256/2035 2038/2257/2036 2039/2258/2037
f 2011/2225/2008 2038/2257/2036 2040/2259/2038
f 2011/2225/2008 2040/2259/2038 1872/2066/1869
f 2037/2256/2035 2040/2259/2038 2038/2257/2036
f 1799/1991/1797 1851/2045/1848 2011/2225/2008
f 2000/2212/1995 1898/2093/1896 2009/2223/2006
f 2040/2259/2038 1823/2016/1821 1872/2066/1869
f 2039/2258/2037 1768/1961/1767 1767/1960/1766
f 1768/1961/1767 2011/2225/2008 1998/2210/1993
f 2040/2259/2038 2037/2256/2035 1823/2016/1821
f 2011/2225/2008 1768/1961/1767 2038/2257/2036
f 1851/2045/1848 2002/2216/1999 2011/2225/2008
f 2000/2212/1995 2036/2255/2034 1898/2093/1896
f 2037/2256/2035 1824/2017/1822 1823/2016/1821
f 1851/2045/1848 2036/2255/2034 2002/2216/1999
f 2038/2257/2036 1768/1961/1767 2039/2258/2037
f 2037/2256/2035 1841/2034/1839 1824/2017/1822
f 1851/2045/1848 1898/2093/1896 2036/2255/2034
f 2011/2225/2008 1872/2066/1869 1799/1991/1797
f 865/2152/861 1805/1997/1803 1955/2153/1953
f 915/2094/910 1805/1997/1803 865/2152/861
f 1954/2151/1952 1962/2160/1958 1931/2127/1929
f 2041/2260/2039 2042/2261/2040 1854/2048/1851
f 1854/2048/1851 2042/2261/2040 1925/2121/1923
f 2042/2261/2040 2043/2262/2041 2044/2263/2042
f 2045/2264/2043 1926/2122/1924 1925/2121/1923
f 1931/2127/1929 2044/2263/2042 1932/2128/1930
f 2044/2263/2042 2045/2264/2043 1925/2121/1923
f 2042/2261/2040 2044/2263/2042 1925/2121/1923
f 2044/2263/2042 1931/2127/1929 2045/2264/2043
f 2045/2264/2043 1931/2127/1929 1962/2160/1958
f 2045/2264/2043 1962/2160/1958 1926/2122/1924
f 1927/2123/1925 1940/2138/1939 1909/2105/1907
f 1907/2103/1905 1909/2105/1907 1940/2138/1939
f 1936/2133/1934 2025/2245/2024 1940/2138/1939
f 2046/2265/2044 1711/1890/1710 1710/1888/1709
f 2046/2265/2044 1710/1888/1709 1709/1887/1708
f 1703/1879/1702 1711/1890/1710 2046/2265/2044
f 1709/1887/1708 384/2266/383 2046/2265/2044
f 2047/2267/2045 1703/1879/1702 2046/2265/2044
f 2048/2268/2046 1726/1911/1725 1725/1910/1724
f 1703/1879/1702 2047/2267/2045 1704/1880/1703
f 345/2269/344 384/2266/383 1709/1887/1708
f 444/2270/443 1704/1880/1703 2047/2267/2045
f 456/2271/455 444/2270/443 2047/2267/2045
f 456/2271/455 2047/2267/2045 2046/2265/2044
f 1705/1881/1704 1000/2272/997 2049/2273/2047
f 2049/2273/2047 1717/1896/1716 1705/1881/1704
f 2024/2244/2023 1907/2103/1905 1940/2138/1939
f 1726/1911/1725 2048/2268/2046 1933/2129/1931
f 445/2274/444 455/2275/454 980/2276/977
f 1933/2129/1931 2048/2268/2046 1936/2133/1934
f 1723/1906/1722 1726/1911/1725 1933/2129/1931
f 2050/2277/2048 1705/1881/1704 1704/1880/1703
f 2048/2268/2046 2025/2245/2024 1936/2133/1934
f 2049/2273/2047 1000/2272/997 996/1939/993
f 2025/2245/2024 2048/2268/2046 1725/1910/1724
f 1704/1880/1703 445/2274/444 2050/2277/2048
f 1936/2133/1934 1940/2138/1939 1934/2130/1932
f 1705/1881/1704 999/2278/996 1000/2272/997
f 445/2274/444 998/2279/995 2050/2277/2048
f 999/2278/996 1705/1881/1704 2050/2277/2048
f 998/2279/995 999/2278/996 2050/2277/2048
f 2046/2265/2044 384/2266/383 456/2271/455
f 868/1999/864 1778/1970/1776 995/1940/992
f 998/2279/995 445/2274/444 980/2276/977
f 2025/2245/2024 1727/1912/1726 1752/1943/1751
f 1727/1912/1726 2025/2245/2024 1725/1910/1724
f 1709/1887/1708 346/1889/345 345/2269/344
f 2051/2280/2049 1751/1942/1750 1727/1912/1726
f 2049/2273/2047 996/1939/993 1744/1932/1743
f 1717/1896/1716 2049/2273/2047 1744/1932/1743
f 1752/1943/1751 1727/1912/1726 1751/1942/1750
f 1732/1920/1732 2033/2281/2050 1735/1922/1734
f 2025/2245/2024 2024/2244/2023 1940/2138/1939
f 2026/2246/2025 1988/2190/1983 1978/2176/1973
f 1860/2054/1857 2052/2282/2051 1828/2021/1826
f 779/2131/776 1885/2080/1883 1856/2050/1853
f 1986/2186/1981 2028/2248/2027 757/2187/754
f 2052/2282/2051 1860/2054/1857 2053/2283/2052
f 2022/2241/2021 2026/2246/2025 1984/2184/1979
f 2052/2282/2051 2053/2283/2052 2054/2284/2053
f 2055/2285/2054 2056/2286/2055 2057/2287/2056
f 2058/2288/2057 2022/2241/2021 2054/2284/2053
f 1860/2054/1857 1859/2053/1856 2059/2289/2058
f 2058/2288/2057 2054/2284/2053 2053/2283/2052
f 2058/2288/2057 2026/2246/2025 2022/2241/2021
f 2059/2289/2058 2060/2290/2059 2053/2283/2052
f 2061/2291/2060 2059/2289/2058 1859/2053/1856
f 2061/2291/2060 1859/2053/1856 1862/2056/1859
f 1984/2184/1979 2026/2246/2025 1978/2176/1973
f 2062/2292/2061 2060/2290/2059 2061/2291/2060
f 2061/2291/2060 1863/2057/1860 2062/2292/2061
f 1863/2057/1860 1801/1993/1799 2063/2293/2062
f 1993/2205/1988 2063/2293/2062 1992/2199/1987
f 2058/2288/2057 2062/2292/2061 1993/2205/1988
f 2033/2281/2050 1990/2193/1985 1748/1936/1747
f 1992/2199/1987 2063/2293/2062 1048/2198/1045
f 1801/1993/1799 916/2204/911 1048/2198/1045
f 2058/2288/2057 2060/2290/2059 2062/2292/2061
f 2062/2292/2061 2063/2293/2062 1993/2205/1988
f 1863/2057/1860 2063/2293/2062 2062/2292/2061
f 1801/1993/1799 1048/2198/1045 2063/2293/2062
f 2061/2291/2060 1862/2056/1859 1863/2057/1860
f 2059/2289/2058 2061/2291/2060 2060/2290/2059
f 2058/2288/2057 1993/2205/1988 2026/2246/2025
f 2059/2289/2058 2053/2283/2052 1860/2054/1857
f 2060/2290/2059 2058/2288/2057 2053/2283/2052
f 338/1897/337 1713/1892/1712 339/1883/338
f 1785/1977/1783 1948/2146/1947 1947/2145/1946
f 1716/1895/1715 1703/1879/1702 1705/1881/1704
f 1049/2194/1046 931/2197/928 1987/2189/1982
f 2064/2294/2063 1945/2143/1944 1890/2085/1888
f 1875/2069/1872 1880/2075/1878 1847/2041/1844
f 2064/2294/2063 2019/2236/2017 1945/2143/1944
f 1826/2019/1824 1718/1899/1717 1707/1885/1706
f 2065/2295/2064 2066/2296/2065 2067/2297/2066
f 1892/2087/1890 2064/2294/2063 1890/2085/1888
f 1785/1977/1783 1947/2145/1946 1830/2023/1828
f 1944/2142/1943 1809/2002/1807 1893/2088/1891
f 779/2131/776 1856/2050/1853 867/2036/863
f 2028/2248/2027 1986/2186/1981 2067/2297/2066
f 2068/2298/2067 1853/2047/1850 2020/2239/2019
f 1892/2087/1890 1891/2086/1889 1931/2127/1929
f 1854/2048/1851 1865/2059/1862 1888/2083/1886
f 1810/2003/1808 2065/2295/2064 2017/2232/2015
f 1853/2047/1850 2041/2260/2039 1854/2048/1851
f 1894/2089/1892 1869/2063/1866 1850/2044/1847
f 1798/1990/1796 1867/2061/1864 1850/2044/1847
f 2064/2294/2063 1892/2087/1890 1932/2128/1930
f 1897/2092/1895 1945/2143/1944 1957/2157/1955
f 1955/2153/1953 2017/2232/2015 795/2154/792
f 1897/2092/1895 1894/2089/1892 1891/2086/1889
f 1854/2048/1851 1925/2121/1923 1893/2088/1891
f 2067/2297/2066 2017/2232/2015 2065/2295/2064
f 1765/1958/1764 1826/2019/1824 1713/1892/1712
f 2044/2263/2042 2069/2299/2068 1932/2128/1930
f 2070/2300/2069 1830/2023/1828 2066/2296/2065
f 1830/2023/1828 2023/2243/2022 2066/2296/2065
f 1783/1975/1781 1830/2023/1828 2070/2300/2069
f 1719/1900/1718 1712/1891/1711 1745/1933/1744
f 1785/1977/1783 1830/2023/1828 1783/1975/1781
f 1813/2006/1811 1806/1998/1804 1814/2007/1812
f 2068/2298/2067 2043/2262/2041 2041/2260/2039
f 1944/2142/1943 1866/2060/1863 1809/2002/1807
f 1932/2128/1930 2069/2299/2068 2056/2286/2055
f 1932/2128/1930 2056/2286/2055 2064/2294/2063
f 1871/2065/1868 1792/1984/1790 1855/2049/1852
f 2066/2296/2065 2028/2248/2027 2067/2297/2066
f 1858/2052/1855 1815/2008/1813 1808/2001/1806
f 2020/2239/2019 1943/2141/1942 1950/2148/1949
f 2071/2301/2070 1958/2158/1956 2072/2302/2071
f 2028/2248/2027 2066/2296/2065 2023/2243/2022
f 1952/2150/1951 2073/2303/2072 2055/2285/2054
f 2074/2304/2073 2075/2305/2074 1822/2015/1820
f 346/1889/345 1715/1894/1714 1713/1892/1712
f 1812/2005/1810 2076/2306/2075 2065/2295/2064
f 1943/2141/1942 2020/2239/2019 1942/2140/1941
f 2074/2304/2073 2077/2307/2076 2078/2308/2077
f 2069/2299/2068 2043/2262/2041 2057/2287/2056
f 2069/2299/2068 2057/2287/2056 2056/2286/2055
f 1819/2012/1817 1872/2066/1869 1823/2016/1821
f 2023/2243/2022 1829/2022/1827 846/2155/842
f 1798/1990/1796 1849/2043/1846 1852/2046/1849
f 1950/2148/1949 1958/2158/1956 2068/2298/2067
f 2017/2232/2015 2067/2297/2066 1986/2186/1981
f 1837/2030/1835 1840/2033/1838 1838/2031/1836
f 2073/2303/2072 2076/2306/2075 2079/2309/2078
f 1816/2009/1814 1818/2011/1816 1874/2068/1871
f 1875/2069/1872 1847/2041/1844 1834/2027/1832
f 2071/2301/2070 1995/2207/1990 2068/2298/2067
f 2075/2305/2074 2076/2306/2075 2073/2303/2072
f 2065/2295/2064 2078/2308/2077 2066/2296/2065
f 2068/2298/2067 2057/2287/2056 2043/2262/2041
f 1825/2018/1823 1896/2091/1894 1826/2019/1824
f 1865/2059/1862 1868/2062/1865 1841/2034/1839
f 1888/2083/1886 1865/2059/1862 1889/2084/1887
f 1775/1967/1773 1715/1894/1714 1719/1900/1718
f 2075/2305/2074 2073/2303/2072 2080/2310/2079
f 1995/2207/1990 2057/2287/2056 2068/2298/2067
f 1778/1970/1776 1750/1941/1749 995/1940/992
f 1952/2150/1951 2055/2285/2054 2057/2287/2056
f 1950/2148/1949 2068/2298/2067 2020/2239/2019
f 1942/2140/1941 2020/2239/2019 1855/2049/1852
f 1942/2140/1941 1855/2049/1852 1887/2082/1885
f 2068/2298/2067 1958/2158/1956 2071/2301/2070
f 2077/2307/2076 2066/2296/2065 2078/2308/2077
f 1948/2146/1947 1785/1977/1783 1784/1976/1782
f 1792/1984/1790 1832/2025/1830 1880/2075/1878
f 2081/2311/2080 2082/2312/2081 1821/2014/1819
f 2077/2307/2076 1821/2014/1819 2083/2313/2082
f 2070/2300/2069 2083/2313/2082 1783/1975/1781
f 2082/2312/2081 2083/2313/2082 1821/2014/1819
f 2083/2313/2082 1794/1986/1792 1783/1975/1781
f 1951/2149/1950 2083/2313/2082 2082/2312/2081
f 2083/2313/2082 2070/2300/2069 2077/2307/2076
f 2083/2313/2082 1951/2149/1950 1794/1986/1792
f 2010/2224/2007 1796/1988/1794 1873/2067/1870
f 2075/2305/2074 2078/2308/2077 2076/2306/2075
f 2076/2306/2075 2078/2308/2077 2065/2295/2064
f 1952/2150/1951 1995/2207/1990 1820/2013/1818
f 2023/2243/2022 1009/2242/1006 2028/2248/2027
f 2074/2304/2073 2078/2308/2077 2075/2305/2074
f 2033/2281/2050 1748/1936/1747 1735/1922/1734
f 2084/2314/2083 1742/1930/1741 1777/1969/1775
f 1908/2104/1906 1907/2103/1905 1919/2115/1917
f 1906/2102/1904 1939/2137/1938 1881/2076/1879
f 2085/2315/2084 2084/2314/2083 1777/1969/1775
f 2084/2314/2083 1919/2115/1917 1907/2103/1905
f 2085/2315/2084 1792/1984/1790 1789/1981/1787
f 1792/1984/1790 2085/2315/2084 1777/1969/1775
f 2029/2249/2028 1742/1930/1741 2084/2314/2083
f 2029/2249/2028 2084/2314/2083 1907/2103/1905
f 2085/2315/2084 1789/1981/1787 1919/2115/1917
f 2029/2249/2028 1907/2103/1905 2024/2244/2023
f 2084/2314/2083 2085/2315/2084 1919/2115/1917
f 1958/2158/1956 1949/2147/1948 2086/2316/2085
f 2072/2302/2071 1958/2158/1956 2086/2316/2085
f 1949/2147/1948 2087/2317/2086 2088/2318/2087
f 2089/2319/2088 2086/2316/2085 2088/2318/2087
f 2090/2320/2089 2032/2252/2031 2089/2319/2088
f 2086/2316/2085 1949/2147/1948 2088/2318/2087
f 2086/2316/2085 2089/2319/2088 2072/2302/2071
f 2089/2319/2088 2088/2318/2087 2090/2320/2089
f 1867/2061/1864 1954/2151/1952 1850/2044/1847
f 1954/2151/1952 1867/2061/1864 1962/2160/1958
f 2044/2263/2042 2043/2262/2041 2069/2299/2068
f 445/2274/444 1704/1880/1703 444/2270/443
f 2043/2262/2041 2042/2261/2040 2041/2260/2039
f 2035/2254/2033 2034/2253/2032 1738/1925/1737
f 1952/2150/1951 2080/2310/2079 2073/2303/2072
f 2091/2321/2090 2092/2322/2091 2093/2323/2092
f 2035/2254/2033 2091/2321/2090 2094/2324/2093
f 1724/1907/1723 1574/1909/1572 1727/1912/1726
f 1727/1912/1726 1574/1909/1572 1695/2325/1694
f 2027/2247/2026 1884/2079/1882 2019/2236/2017
f 2076/2306/2075 1873/2067/1870 2079/2309/2078
f 2073/2303/2072 2095/2326/2094 2055/2285/2054
f 2064/2294/2063 2079/2309/2078 2027/2247/2026
f 2095/2326/2094 2056/2286/2055 2055/2285/2054
f 2027/2247/2026 2019/2236/2017 2064/2294/2063
f 2079/2309/2078 2064/2294/2063 2095/2326/2094
f 2073/2303/2072 2079/2309/2078 2095/2326/2094
f 2095/2326/2094 2064/2294/2063 2056/2286/2055
f 1873/2067/1870 2027/2247/2026 2079/2309/2078
f 2027/2247/2026 1873/2067/1870 1779/1971/1777
f 1873/2067/1870 2076/2306/2075 1812/2005/1810
f 1897/2092/1895 1957/2157/1955 2096/2327/2095
f 2021/2240/2020 1999/2211/1994 1898/2093/1896
f 2097/2328/2096 2096/2327/2095 1957/2157/1955
f 2021/2240/2020 2096/2327/2095 2098/2329/2097
f 1957/2157/1955 1956/2156/1954 2097/2328/2096
f 2098/2329/2097 2006/2219/2002 2021/2240/2020
f 1886/2081/1884 1956/2156/1954 1884/2079/1882
f 2021/2240/2020 1895/2090/1893 2096/2327/2095
f 2097/2328/2096 2098/2329/2097 2096/2327/2095
f 1894/2089/1892 1897/2092/1895 2096/2327/2095
f 1886/2081/1884 2097/2328/2096 1956/2156/1954
f 1895/2090/1893 1894/2089/1892 2096/2327/2095
f 1886/2081/1884 2099/2330/2098 2097/2328/2096
f 2021/2240/2020 1849/2043/1846 1895/2090/1893
f 2098/2329/2097 2097/2328/2096 2099/2330/2098
f 2098/2329/2097 2099/2330/2098 2100/2331/2099
f 2006/2219/2002 2098/2329/2097 2022/2241/2021
f 2054/2284/2053 2100/2331/2099 2052/2282/2051
f 2021/2240/2020 1898/2093/1896 1849/2043/1846
f 1886/2081/1884 2100/2331/2099 2099/2330/2098
f 2022/2241/2021 2098/2329/2097 2100/2331/2099
f 1828/2021/1826 2052/2282/2051 1886/2081/1884
f 1999/2211/1994 2009/2223/2006 1898/2093/1896
f 1886/2081/1884 2052/2282/2051 2100/2331/2099
f 2100/2331/2099 2054/2284/2053 2022/2241/2021
f 1791/1983/1789 1790/1982/1788 1864/2058/1861
f 1916/2112/1914 1911/2107/1909 1915/2111/1913
f 1811/2004/1809 1810/2003/1808 2010/2224/2007
f 2101/2332/2100 1791/1983/1789 1864/2058/1861
f 1916/2112/1914 1915/2111/1913 2102/2333/2101
f 2103/2334/2102 2101/2332/2100 1864/2058/1861
f 2037/2256/2035 2039/2258/2037 2104/2335/2103
f 1789/1981/1787 2102/2333/2101 1915/2111/1913
f 1838/2031/1836 2105/2336/2104 2103/2334/2102
f 2102/2333/2101 1917/2113/1915 1916/2112/1914
f 1939/2137/1938 2106/2337/2105 1965/2162/1960
f 2101/2332/2100 2102/2333/2101 1791/1983/1789
f 2103/2334/2102 1864/2058/1861 1838/2031/1836
f 1917/2113/1915 2102/2333/2101 2107/2338/2106
f 2108/2339/2107 2107/2338/2106 2106/2337/2105
f 2108/2339/2107 1917/2113/1915 2107/2338/2106
f 2101/2332/2100 2107/2338/2106 2102/2333/2101
f 2103/2334/2102 2105/2336/2104 2101/2332/2100
f 2108/2339/2107 1939/2137/1938 1906/2102/1904
f 2101/2332/2100 2105/2336/2104 2107/2338/2106
f 2106/2337/2105 2107/2338/2106 2105/2336/2104
f 1767/1960/1766 1965/2162/1960 2039/2258/2037
f 1841/2034/1839 2037/2256/2035 2104/2335/2103
f 2106/2337/2105 1939/2137/1938 2108/2339/2107
f 2102/2333/2101 1789/1981/1787 1791/1983/1789
f 2104/2335/2103 2039/2258/2037 2109/2340/2108
f 1905/2101/1903 2108/2339/2107 1906/2102/1904
f 1840/2033/1838 2105/2336/2104 1838/2031/1836
f 2108/2339/2107 1905/2101/1903 1917/2113/1915
f 2109/2340/2108 2106/2337/2105 2105/2336/2104
f 1965/2162/1960 1938/2135/1936 1939/2137/1938
f 2104/2335/2103 2105/2336/2104 1840/2033/1838
f 2109/2340/2108 1965/2162/1960 2106/2337/2105
f 2105/2336/2104 2104/2335/2103 2109/2340/2108
f 1965/2162/1960 2109/2340/2108 2039/2258/2037
f 1840/2033/1838 1841/2034/1839 2104/2335/2103
f 2032/2252/2031 2110/2341/2109 2111/2342/2110
f 2112/2343/2111 1900/2096/1898 1951/2149/1950
f 1994/2206/1989 2111/2342/2110 2081/2311/2080
f 2111/2342/2110 1994/2206/1989 2072/2302/2071
f 2110/2341/2109 2112/2343/2111 2082/2312/2081
f 2071/2301/2070 2072/2302/2071 1994/2206/1989
f 2081/2311/2080 2110/2341/2109 2082/2312/2081
f 2032/2252/2031 2031/2251/2030 2110/2341/2109
f 2111/2342/2110 2110/2341/2109 2081/2311/2080
f 1784/1976/1782 1794/1986/1792 1951/2149/1950
f 2072/2302/2071 2089/2319/2088 2111/2342/2110
f 2089/2319/2088 2032/2252/2031 2111/2342/2110
f 2081/2311/2080 1820/2013/1818 1994/2206/1989
f 1857/2051/1854 2031/2251/2030 2030/2250/2029
f 2082/2312/2081 2112/2343/2111 1951/2149/1950
f 2031/2251/2030 2112/2343/2111 2110/2341/2109
f 2112/2343/2111 2031/2251/2030 1857/2051/1854
f 1857/2051/1854 1900/2096/1898 2112/2343/2111
f 1857/2051/1854 2030/2250/2029 1858/2052/1855
f 2051/2280/2049 1699/2344/1698 1751/1942/1750
f 1750/1941/1749 1744/1932/1743 996/1939/993
f 2051/2280/2049 1695/2325/1694 1699/2344/1698
f 1751/1942/1750 1698/2345/1697 1595/1937/1594
f 1751/1942/1750 1699/2344/1698 1698/2345/1697
f 1695/2325/1694 2051/2280/2049 1727/1912/1726
f 2066/2296/2065 2077/2307/2076 2070/2300/2069
f 2113/2346/2112 2114/2347/2113 2115/2348/2114
f 1835/2028/1833 2116/2349/2115 1836/2029/1834
f 1718/1899/1717 1896/2091/1894 2113/2346/2112
f 2116/2349/2115 1963/2161/1959 2117/2350/2116
f 2092/2322/2091 2035/2254/2033 2118/2351/2117
f 1941/2139/1940 1818/2011/1816 2087/2317/2086
f 2119/2352/2118 2120/2353/2119 2113/2346/2112
f 2113/2346/2112 1817/2010/1815 2119/2352/2118
f 2119/2352/2118 1817/2010/1815 1816/2009/1814
f 2087/2317/2086 1818/2011/1816 2115/2348/2114
f 1870/2064/1867 1788/1980/1786 1806/1998/1804
f 1835/2028/1833 1963/2161/1959 2116/2349/2115
f 1410/2354/1407 1420/2355/1417 2121/2356/2120
f 1994/2206/1989 1995/2207/1990 2071/2301/2070
f 1410/2354/1407 2121/2356/2120 1445/1915/1442
f 1835/2028/1833 1834/2027/1832 1847/2041/1844
f 2122/2357/2121 2121/2356/2120 1438/1927/1435
f 2122/2357/2121 1730/1916/1729 2121/2356/2120
f 1706/1884/1705 2122/2357/2121 1438/1927/1435
f 2092/2322/2091 2118/2351/2117 2120/2353/2119
f 1706/1884/1705 2118/2351/2117 2122/2357/2121
f 1445/1915/1442 2121/2356/2120 1730/1916/1729
f 1718/1899/1717 2113/2346/2112 2123/2358/2122
f 2118/2351/2117 1730/1916/1729 2122/2357/2121
f 2124/2359/2123 2030/2250/2029 2114/2347/2113
f 2123/2358/2122 2118/2351/2117 2125/2360/2124
f 1708/1886/1707 2123/2358/2122 2125/2360/2124
f 1816/2009/1814 1874/2068/1871 1989/2191/1984
f 2118/2351/2117 2035/2254/2033 1730/1916/1729
f 2118/2351/2117 1706/1884/1705 2125/2360/2124
f 2125/2360/2124 1706/1884/1705 1708/1886/1707
f 2117/2350/2116 1963/2161/1959 1741/1929/1740
f 1438/1927/1435 2121/2356/2120 1420/2355/1417
f 2092/2322/2091 2091/2321/2090 2035/2254/2033
f 2093/2323/2092 2092/2322/2091 2120/2353/2119
f 2118/2351/2117 2123/2358/2122 2120/2353/2119
f 1955/2153/1953 1805/1997/1803 2010/2224/2007
f 2120/2353/2119 2119/2352/2118 2093/2323/2092
f 1815/2008/1813 1858/2052/1855 2030/2250/2029
f 2091/2321/2090 2093/2323/2092 2119/2352/2118
f 2113/2346/2112 2120/2353/2119 2123/2358/2122
f 2091/2321/2090 2119/2352/2118 2094/2324/2093
f 2117/2350/2116 1741/1929/1740 1740/1928/1739
f 2119/2352/2118 1989/2191/1984 1836/2029/1834
f 1816/2009/1814 1989/2191/1984 2119/2352/2118
f 2119/2352/2118 1836/2029/1834 2094/2324/2093
f 2123/2358/2122 1708/1886/1707 1718/1899/1717
f 1825/2018/1823 1815/2008/1813 1896/2091/1894
f 2113/2346/2112 1896/2091/1894 1960/2159/1957
f 2113/2346/2112 2115/2348/2114 1817/2010/1815
f 1960/2159/1957 2114/2347/2113 2113/2346/2112
f 1810/2003/1808 1812/2005/1810 2065/2295/2064
f 2094/2324/2093 1836/2029/1834 2116/2349/2115
f 2126/2361/2125 2115/2348/2114 2114/2347/2113
f 2126/2361/2125 2114/2347/2113 2030/2250/2029
f 2126/2361/2125 2087/2317/2086 2115/2348/2114
f 2117/2350/2116 2034/2253/2032 2116/2349/2115
f 2124/2359/2123 1960/2159/1957 1815/2008/1813
f 2126/2361/2125 2030/2250/2029 2090/2320/2089
f 2034/2253/2032 2035/2254/2033 2116/2349/2115
f 2124/2359/2123 2114/2347/2113 1960/2159/1957
f 2124/2359/2123 1815/2008/1813 2030/2250/2029
f 2030/2250/2029 2032/2252/2031 2090/2320/2089
f 2087/2317/2086 2126/2361/2125 2090/2320/2089
f 1809/2002/1807 1867/2061/1864 1798/1990/1796
f 2088/2318/2087 2087/2317/2086 2090/2320/2089
f 1949/2147/1948 1941/2139/1940 2087/2317/2086
f 1741/1929/1740 1963/2161/1959 1793/1985/1791
f 2034/2253/2032 2117/2350/2116 1729/1914/1728
f 1729/1914/1728 2117/2350/2116 1740/1928/1739
f 2010/2224/2007 1805/1997/1803 1796/1988/1794
f 2115/2348/2114 1818/2011/1816 1817/2010/1815
f 2035/2254/2033 2094/2324/2093 2116/2349/2115
f 1811/2004/1809 2010/2224/2007 1873/2067/1870
f 1952/2150/1951 2057/2287/2056 1995/2207/1990
f 1887/2082/1885 1880/2075/1878 1942/2140/1941
f 1824/2017/1822 1868/2062/1865 1819/2012/1817
f 1839/2032/1837 1790/1982/1788 1792/1984/1790
f 1989/2191/1984 1874/2068/1871 1834/2027/1832
f 1717/1896/1716 1716/1895/1715 1705/1881/1704
f 2074/2304/2073 1822/2015/1820 1821/2014/1819
f 2081/2311/2080 1821/2014/1819 1820/2013/1818
f 2077/2307/2076 2074/2304/2073 1821/2014/1819
f 1822/2015/1820 2080/2310/2079 1952/2150/1951
f 2041/2260/2039 1853/2047/1850 2068/2298/2067
f 2080/2310/2079 1822/2015/1820 2075/2305/2074
f 1885/2080/1883 1870/2064/1867 1833/2026/1831
f 1532/2362/1527 2127/2363/2126 2128/2364/2127
f 2129/2365/2128 2130/2366/2129 2131/2367/2130
f 1533/2368/1528 2132/2369/2131 1484/2370/1481
f 2133/2371/2132 489/2372/488 488/2373/487
f 2138/2374/2133 2139/2375/2134 2140/2376/2135
f 2141/2377/2136 2142/2378/2137 2135/2379/2138
f 2131/2367/2130 2143/2380/2139 2129/2365/2128
f 2144/2381/2140 2129/2365/2128 2143/2380/2139
f 2137/2382/2141 2131/2367/2130 2134/2383/2142
f 2146/2384/2143 2147/2385/2144 2148/2386/2145
f 2149/2387/2146 2148/2386/2145 2150/2388/2147
f 2136/2389/2148 2143/2380/2139 2137/2382/2141
f 2130/2366/2129 2141/2377/2136 2131/2367/2130
f 2151/2390/2149 2144/2381/2140 2143/2380/2139
f 2151/2390/2149 2152/2391/2150 2153/2392/2151
f 2131/2367/2130 2141/2377/2136 2135/2379/2138
f 2155/2393/2152 2156/2394/2153 2157/2395/2154
f 2158/2396/2155 2159/2397/2156 2160/2398/2157
f 2161/2399/2158 2162/2400/2159 2163/2401/2160
f 2158/2396/2155 2162/2400/2159 2161/2399/2158
f 2164/2402/2161 2165/2403/2162 2133/2371/2132
f 2160/2398/2157 2162/2400/2159 2158/2396/2155
f 2166/2404/2163 2163/2401/2160 2162/2400/2159
f 2167/2405/2164 2168/2406/2165 2169/2407/2166
f 2155/2393/2152 2169/2407/2166 2168/2406/2165
f 2170/2408/2167 2171/2409/2168 2172/2410/2169
f 2161/2399/2158 2171/2409/2168 2167/2405/2164
f 2173/2411/2170 2174/2412/2171 2175/2413/2172
f 2176/2414/2173 2177/2415/2174 2178/2416/2175
f 2176/2414/2173 2178/2416/2175 2174/2412/2171
f 2179/2417/2176 2180/2418/2177 2181/2419/2178
f 2176/2414/2173 2174/2412/2171 2173/2411/2170
f 2173/2411/2170 2179/2417/2176 2176/2414/2173
f 2182/2420/2179 2179/2417/2176 2183/2421/2180
f 2184/2422/2181 2183/2421/2180 2179/2417/2176
f 2181/2419/2178 2176/2414/2173 2179/2417/2176
f 2179/2417/2176 2182/2420/2179 2180/2418/2177
f 2185/2423/2182 2186/2424/2183 2187/2425/2184
f 2187/2425/2184 2188/2426/2185 2189/2427/2186
f 2190/2428/2187 2189/2427/2186 2191/2429/2188
f 2192/2430/2189 2190/2428/2187 2191/2429/2188
f 2191/2429/2188 2193/2431/2190 2192/2430/2189
f 2191/2429/2188 2188/2426/2185 2193/2431/2190
f 2194/2432/2191 2195/2433/2192 2192/2430/2189
f 2168/2406/2165 2156/2394/2153 2155/2393/2152
f 2192/2430/2189 2195/2433/2192 2196/2434/2193
f 2197/2435/2194 2172/2410/2169 2194/2432/2191
f 2197/2435/2194 2194/2432/2191 2192/2430/2189
f 2193/2431/2190 2197/2435/2194 2192/2430/2189
f 2196/2434/2193 2198/2436/2195 2192/2430/2189
f 2192/2430/2189 2198/2436/2195 2190/2428/2187
f 2189/2427/2186 2188/2426/2185 2191/2429/2188
f 2197/2435/2194 2193/2431/2190 2170/2408/2167
f 2172/2410/2169 2197/2435/2194 2170/2408/2167
f 2164/2402/2161 488/2373/487 1531/2437/1526
f 2199/2438/2196 2132/2369/2131 2127/2363/2126
f 2168/2406/2165 2167/2405/2164 2171/2409/2168
f 2145/2439/2197 2135/2379/2138 2199/2438/2196
f 2199/2438/2196 2135/2379/2138 2142/2378/2137
f 1533/2368/1528 2128/2364/2127 2132/2369/2131
f 2168/2406/2165 2170/2408/2167 2156/2394/2153
f 2158/2396/2155 2161/2399/2158 2167/2405/2164
f 2200/2440/2198 2188/2426/2185 2186/2424/2183
f 2143/2380/2139 2131/2367/2130 2137/2382/2141
f 2128/2364/2127 2127/2363/2126 2132/2369/2131
f 2132/2369/2131 2199/2438/2196 2164/2402/2161
f 2165/2403/2162 2199/2438/2196 2142/2378/2137
f 2140/2376/2135 2139/2375/2134 2136/2389/2148
f 1484/2370/1481 2132/2369/2131 2164/2402/2161
f 2143/2380/2139 2136/2389/2148 2139/2375/2134
f 2139/2375/2134 2151/2390/2149 2143/2380/2139
f 2151/2390/2149 2139/2375/2134 2138/2374/2133
f 2199/2438/2196 2165/2403/2162 2164/2402/2161
f 2150/2388/2147 2201/2441/2199 2149/2387/2146
f 2170/2408/2167 2168/2406/2165 2171/2409/2168
f 2203/2442/2200 2204/2443/2201 2205/2444/2202
f 2188/2426/2185 2200/2440/2198 2193/2431/2190
f 2206/2445/2203 2207/2446/2204 2208/2447/2205
f 2209/2448/2206 2210/2449/2207 2211/2450/2208
f 2212/2451/2209 2213/2452/2210 2214/2453/2211
f 2215/2454/2212 2216/2455/2213 2217/2456/2214
f 2218/2457/2215 2219/2458/2216 2220/2459/2217
f 2221/2460/2218 2222/2461/2219 2223/2462/2220
f 2135/2379/2138 2134/2383/2142 2131/2367/2130
f 2224/2463/2221 2225/2464/2222 2210/2449/2207
f 2226/2465/2223 275/2466/274 2227/2467/2224
f 2228/2468/2225 2229/2469/2226 2230/2470/2227
f 1355/2471/1354 2231/2472/2228 1368/2473/1367
f 2232/2474/2229 2233/2475/2230 2234/2476/2231
f 2235/2477/2232 1369/2478/1368 2236/2479/2233
f 2237/2480/2234 2211/2450/2208 2210/2449/2207
f 2147/2385/2144 2153/2392/2151 2152/2391/2150
f 2218/2457/2215 2217/2456/2214 2238/2481/2235
f 2239/2482/2236 2240/2483/2237 2241/2484/2238
f 2243/2485/2239 2244/2486/2240 2218/2457/2215
f 2226/2465/2223 273/2487/272 275/2466/274
f 2235/2477/2232 2224/2463/2221 2210/2449/2207
f 2142/2378/2137 2141/2377/2136 2245/2488/2241
f 2236/2479/2233 273/2487/272 2226/2465/2223
f 2247/2489/2242 2212/2451/2209 2248/2490/2243
f 2152/2391/2150 2249/2491/2244 2147/2385/2144
f 2250/2492/2245 2152/2391/2150 2154/2493/2246
f 2251/2494/2247 2239/2482/2236 2241/2484/2238
f 2252/2495/2248 2234/2476/2231 2253/2496/2249
f 2241/2484/2238 2254/2497/2250 2255/2498/2251
f 2256/2499/2252 2232/2474/2229 2234/2476/2231
f 2146/2384/2143 2153/2392/2151 2147/2385/2144
f 2226/2465/2223 2224/2463/2221 2236/2479/2233
f 2224/2463/2221 2235/2477/2232 2236/2479/2233
f 2150/2388/2147 2147/2385/2144 2249/2491/2244
f 2257/2500/2253 2258/2501/2254 2232/2474/2229
f 2251/2494/2247 2241/2484/2238 2232/2474/2229
f 2259/2502/2255 2215/2454/2212 2220/2459/2217
f 2250/2492/2245 2249/2491/2244 2152/2391/2150
f 2207/2446/2204 2260/2503/2256 2261/2504/2257
f 2223/2462/2220 2205/2444/2202 2228/2468/2225
f 2228/2468/2225 2204/2443/2201 2229/2469/2226
f 272/2505/271 319/2506/318 2262/2507/2258
f 329/2508/328 2263/2509/2259 319/2506/318
f 2263/2509/2259 2264/2510/2260 2265/2511/2261
f 2184/2422/2181 2265/2511/2261 2183/2421/2180
f 2263/2509/2259 329/2508/328 2264/2510/2260
f 2266/2512/2262 2267/2513/2263 2268/2514/2264
f 2265/2511/2261 2264/2510/2260 2183/2421/2180
f 2182/2420/2179 2183/2421/2180 2269/2515/2265
f 2183/2421/2180 2264/2510/2260 2269/2515/2265
f 2215/2454/2212 2217/2456/2214 2220/2459/2217
f 2180/2418/2177 2270/2516/2266 2271/2517/2267
f 321/2518/320 2264/2510/2260 329/2508/328
f 2272/2519/2268 2271/2517/2267 2270/2516/2266
f 2269/2515/2265 2264/2510/2260 321/2518/320
f 2182/2420/2179 2273/2520/2269 2274/2521/2270
f 2265/2511/2261 2262/2507/2258 2263/2509/2259
f 2269/2515/2265 2273/2520/2269 2182/2420/2179
f 2275/2522/2271 2272/2519/2268 2270/2516/2266
f 2276/2523/2272 2277/2524/2273 2278/2525/2274
f 2279/2526/2275 2280/2527/2276 2281/2528/2277
f 2181/2419/2178 2271/2517/2267 2272/2519/2268
f 2182/2420/2179 2274/2521/2270 2270/2516/2266
f 2282/2529/2278 2283/2530/2279 322/2531/321
f 2284/2532/2280 2275/2522/2271 2270/2516/2266
f 2284/2532/2280 2285/2533/2281 2275/2522/2271
f 2279/2526/2275 2281/2528/2277 2286/2534/2282
f 2284/2532/2280 2287/2535/2283 2285/2533/2281
f 2288/2536/2284 2286/2534/2282 2287/2535/2283
f 2283/2530/2279 2288/2536/2284 2274/2521/2270
f 2276/2523/2272 2289/2537/2285 2277/2524/2273
f 2181/2419/2178 2180/2418/2177 2271/2517/2267
f 2273/2520/2269 321/2518/320 2274/2521/2270
f 2274/2521/2270 321/2518/320 2283/2530/2279
f 2277/2524/2273 2290/2538/2286 2278/2525/2274
f 315/2539/314 2282/2529/2278 322/2531/321
f 2288/2536/2284 2289/2537/2285 2286/2534/2282
f 2288/2536/2284 2287/2535/2283 2284/2532/2280
f 2290/2538/2286 2289/2537/2285 2282/2529/2278
f 2270/2516/2266 2274/2521/2270 2284/2532/2280
f 2290/2538/2286 2277/2524/2273 2289/2537/2285
f 2289/2537/2285 2276/2523/2272 2279/2526/2275
f 2282/2529/2278 2289/2537/2285 2283/2530/2279
f 2180/2418/2177 2182/2420/2179 2270/2516/2266
f 2284/2532/2280 2274/2521/2270 2288/2536/2284
f 322/2531/321 2283/2530/2279 321/2518/320
f 2288/2536/2284 2283/2530/2279 2289/2537/2285
f 2269/2515/2265 321/2518/320 2273/2520/2269
f 2263/2509/2259 2262/2507/2258 319/2506/318
f 2279/2526/2275 2286/2534/2282 2289/2537/2285
f 2287/2535/2283 2291/2540/2287 2285/2533/2281
f 2292/2541/2288 2293/2542/2289 2294/2543/2290
f 2295/2544/2291 2296/2545/2292 2297/2546/2293
f 2292/2541/2288 2297/2546/2293 2296/2545/2292
f 2293/2542/2289 2292/2541/2288 2298/2547/2294
f 2299/2548/2295 2296/2545/2292 2300/2549/2296
f 2298/2547/2294 2296/2545/2292 2299/2548/2295
f 2301/2550/2297 2299/2548/2295 2300/2549/2296
f 2292/2541/2288 2296/2545/2292 2298/2547/2294
f 2299/2548/2295 2301/2550/2297 2302/2551/2298
f 2292/2541/2288 2294/2543/2290 2297/2546/2293
f 2303/2552/2299 2304/2553/2300 2305/2554/2301
f 400/2555/399 2306/2556/2302 394/2557/393
f 2307/2558/2303 394/2557/393 2306/2556/2302
f 2308/2559/2304 2309/2560/2305 2310/2561/2306
f 2311/2562/2307 2312/2563/2308 2310/2561/2306
f 2248/2490/2243 2313/2564/2309 2247/2489/2242
f 2314/2565/2310 394/2557/393 2307/2558/2303
f 2260/2503/2256 2207/2446/2204 2313/2564/2309
f 2314/2565/2310 404/2566/403 394/2557/393
f 2315/2567/2311 2309/2560/2305 2316/2568/2312
f 2317/2569/2313 2314/2565/2310 2318/2570/2314
f 2314/2565/2310 2317/2569/2313 404/2566/403
f 2312/2563/2308 2319/2571/2315 2320/2572/2316
f 2318/2570/2314 2321/2573/2317 2317/2569/2313
f 2318/2570/2314 2320/2572/2316 2321/2573/2317
f 2312/2563/2308 2322/2574/2318 2319/2571/2315
f 2321/2573/2317 2320/2572/2316 2323/2575/2319
f 2324/2576/2320 2322/2574/2318 2316/2568/2312
f 2325/2577/2321 2321/2573/2317 2323/2575/2319
f 2326/2578/2322 2316/2568/2312 2327/2579/2323
f 2321/2573/2317 2325/2577/2321 2328/2580/2324
f 2325/2577/2321 2329/2581/2325 2328/2580/2324
f 2155/2393/2152 2157/2395/2154 2330/2582/2326
f 2323/2575/2319 2331/2583/2327 2325/2577/2321
f 2329/2581/2325 2325/2577/2321 2331/2583/2327
f 436/2584/435 2328/2580/2324 2332/2585/2328
f 2333/2586/2329 2334/2587/2330 2326/2578/2322
f 2335/2588/2331 2324/2576/2320 2326/2578/2322
f 2309/2560/2305 2315/2567/2311 2310/2561/2306
f 2336/2589/2332 2331/2583/2327 2337/2590/2333
f 2338/2591/2334 2328/2580/2324 2329/2581/2325
f 2339/2592/2335 2330/2582/2326 2340/2593/2336
f 2335/2588/2331 2337/2590/2333 2324/2576/2320
f 2322/2574/2318 2311/2562/2307 2315/2567/2311
f 2331/2583/2327 2336/2589/2332 2341/2594/2337
f 2329/2581/2325 2342/2595/2338 2338/2591/2334
f 2307/2558/2303 2312/2563/2308 2314/2565/2310
f 2343/2596/2339 2344/2597/2340 2345/2598/2341
f 2346/2599/2342 2336/2589/2332 2347/2600/2343
f 2323/2575/2319 2320/2572/2316 2319/2571/2315
f 2341/2594/2337 2336/2589/2332 2346/2599/2342
f 2315/2567/2311 2311/2562/2307 2310/2561/2306
f 2329/2581/2325 2341/2594/2337 2342/2595/2338
f 2318/2570/2314 2314/2565/2310 2312/2563/2308
f 2347/2600/2343 2336/2589/2332 2337/2590/2333
f 2348/2601/2344 2349/2602/2345 2350/2603/2346
f 2351/2604/2347 2305/2554/2301 2304/2553/2300
f 2352/2605/2348 2353/2606/2349 2340/2593/2336
f 2354/2607/2350 2355/2608/2351 2356/2609/2352
f 2357/2610/2353 2347/2600/2343 2358/2611/2354
f 2357/2610/2353 2358/2611/2354 2340/2593/2336
f 2345/2598/2341 2342/2595/2338 2359/2612/2355
f 2341/2594/2337 2359/2612/2355 2342/2595/2338
f 2307/2558/2303 2310/2561/2306 2312/2563/2308
f 2331/2583/2327 2323/2575/2319 2337/2590/2333
f 2346/2599/2342 2359/2612/2355 2341/2594/2337
f 2350/2603/2346 2279/2526/2275 2276/2523/2272
f 2338/2591/2334 2332/2585/2328 2328/2580/2324
f 2337/2590/2333 2335/2588/2331 2347/2600/2343
f 2326/2578/2322 2334/2587/2330 2358/2611/2354
f 2360/2613/2356 2332/2585/2328 2338/2591/2334
f 2361/2614/2357 2362/2615/2358 2363/2616/2359
f 2364/2617/2360 2353/2606/2349 2352/2605/2348
f 2348/2601/2344 2350/2603/2346 2365/2618/2361
f 2353/2606/2349 2357/2610/2353 2340/2593/2336
f 2344/2597/2340 2342/2595/2338 2345/2598/2341
f 2279/2526/2275 2350/2603/2346 2280/2527/2276
f 2337/2590/2333 2319/2571/2315 2324/2576/2320
f 2366/2619/2362 2367/2620/2363 2368/2621/2364
f 2369/2622/2365 2304/2553/2300 2303/2552/2299
f 2334/2587/2330 2340/2593/2336 2358/2611/2354
f 2304/2553/2300 2370/2623/2366 2351/2604/2347
f 2371/2624/2367 2372/2625/2368 2373/2626/2369
f 2371/2624/2367 2373/2626/2369 2368/2621/2364
f 2374/2627/2370 2375/2628/2371 2376/2629/2372
f 2368/2621/2364 2346/2599/2342 2371/2624/2367
f 2377/2630/2373 2378/2631/2374 2357/2610/2353
f 2355/2608/2351 2303/2552/2299 2379/2632/2375
f 2380/2633/2376 2354/2607/2350 2381/2634/2377
f 2347/2600/2343 2372/2625/2368 2371/2624/2367
f 2372/2625/2368 2347/2600/2343 2382/2635/2378
f 2383/2636/2379 2237/2480/2234 2384/2637/2380
f 2359/2612/2355 2368/2621/2364 2367/2620/2363
f 2359/2612/2355 2367/2620/2363 2345/2598/2341
f 2280/2527/2276 2350/2603/2346 2349/2602/2345
f 2378/2631/2374 2382/2635/2378 2357/2610/2353
f 2369/2622/2365 2303/2552/2299 2355/2608/2351
f 405/2638/404 2306/2556/2302 400/2555/399
f 2359/2612/2355 2346/2599/2342 2368/2621/2364
f 2372/2625/2368 2378/2631/2374 2373/2626/2369
f 2198/2436/2195 2362/2615/2358 2190/2428/2187
f 2361/2614/2357 2280/2527/2276 2349/2602/2345
f 2361/2614/2357 2363/2616/2359 2280/2527/2276
f 2366/2619/2362 2368/2621/2364 2373/2626/2369
f 2364/2617/2360 2385/2639/2381 2357/2610/2353
f 2303/2552/2299 2305/2554/2301 2386/2640/2382
f 2354/2607/2350 2366/2619/2362 2373/2626/2369
f 2348/2601/2344 2387/2641/2383 2370/2623/2366
f 2338/2591/2334 2344/2597/2340 2360/2613/2356
f 2362/2615/2358 2198/2436/2195 2363/2616/2359
f 2375/2628/2371 2366/2619/2362 2376/2629/2372
f 2378/2631/2374 2377/2630/2373 2354/2607/2350
f 2362/2615/2358 2189/2427/2186 2190/2428/2187
f 2312/2563/2308 2311/2562/2307 2322/2574/2318
f 2357/2610/2353 2385/2639/2381 2377/2630/2373
f 2352/2605/2348 2340/2593/2336 2330/2582/2326
f 2343/2596/2339 2345/2598/2341 2375/2628/2371
f 2388/2642/2384 2306/2556/2302 2389/2643/2385
f 2381/2634/2377 2377/2630/2373 2385/2639/2381
f 2378/2631/2374 2354/2607/2350 2373/2626/2369
f 2337/2590/2333 2323/2575/2319 2319/2571/2315
f 2315/2567/2311 2316/2568/2312 2322/2574/2318
f 2344/2597/2340 2338/2591/2334 2342/2595/2338
f 2371/2624/2367 2346/2599/2342 2347/2600/2343
f 2349/2602/2345 2370/2623/2366 2304/2553/2300
f 2375/2628/2371 2374/2627/2370 2343/2596/2339
f 2382/2635/2378 2347/2600/2343 2357/2610/2353
f 2358/2611/2354 2335/2588/2331 2326/2578/2322
f 437/2644/436 2332/2585/2328 2360/2613/2356
f 2349/2602/2345 2348/2601/2344 2370/2623/2366
f 2377/2630/2373 2381/2634/2377 2354/2607/2350
f 2319/2571/2315 2322/2574/2318 2324/2576/2320
f 2307/2558/2303 2388/2642/2384 2310/2561/2306
f 2344/2597/2340 2343/2596/2339 2360/2613/2356
f 2390/2645/2386 2231/2472/2228 2391/2646/2387
f 2306/2556/2302 2388/2642/2384 2307/2558/2303
f 2379/2632/2375 2356/2609/2352 2355/2608/2351
f 2369/2622/2365 2392/2647/2388 2362/2615/2358
f 2350/2603/2346 2276/2523/2272 2365/2618/2361
f 2378/2631/2374 2372/2625/2368 2382/2635/2378
f 2375/2628/2371 2345/2598/2341 2366/2619/2362
f 2328/2580/2324 436/2584/435 2317/2569/2313
f 2349/2602/2345 2369/2622/2365 2361/2614/2357
f 2362/2615/2358 2361/2614/2357 2369/2622/2365
f 2357/2610/2353 2353/2606/2349 2364/2617/2360
f 2341/2594/2337 2329/2581/2325 2331/2583/2327
f 2356/2609/2352 2374/2627/2370 2376/2629/2372
f 2312/2563/2308 2320/2572/2316 2318/2570/2314
f 2392/2647/2388 2369/2622/2365 2380/2633/2376
f 2324/2576/2320 2316/2568/2312 2326/2578/2322
f 2349/2602/2345 2304/2553/2300 2369/2622/2365
f 2335/2588/2331 2358/2611/2354 2347/2600/2343
f 2334/2587/2330 2339/2592/2335 2340/2593/2336
f 2355/2608/2351 2380/2633/2376 2369/2622/2365
f 2355/2608/2351 2354/2607/2350 2380/2633/2376
f 2321/2573/2317 2328/2580/2324 2317/2569/2313
f 2345/2598/2341 2367/2620/2363 2366/2619/2362
f 2354/2607/2350 2356/2609/2352 2376/2629/2372
f 2374/2627/2370 2379/2632/2375 2386/2640/2382
f 2374/2627/2370 2356/2609/2352 2379/2632/2375
f 2376/2629/2372 2366/2619/2362 2354/2607/2350
f 2303/2552/2299 2386/2640/2382 2379/2632/2375
f 2362/2615/2358 2392/2647/2388 2189/2427/2186
f 2209/2448/2206 2390/2645/2386 2391/2646/2387
f 275/2466/274 290/2648/289 2227/2467/2224
f 2213/2452/2210 2212/2451/2209 2247/2489/2242
f 2393/2649/2389 2210/2449/2207 2225/2464/2222
f 2268/2514/2264 2209/2448/2206 2211/2450/2208
f 2268/2514/2264 2390/2645/2386 2209/2448/2206
f 2394/2650/2390 1368/2473/1367 2231/2472/2228
f 488/2373/487 2164/2402/2161 2133/2371/2132
f 2203/2442/2200 2212/2451/2209 2214/2453/2211
f 733/2651/730 2236/2479/2233 1369/2478/1368
f 2243/2485/2239 2218/2457/2215 2395/2652/2391
f 2154/2493/2246 2396/2653/2392 2250/2492/2245
f 2211/2450/2208 2266/2512/2262 2268/2514/2264
f 2268/2514/2264 2397/2654/2393 2390/2645/2386
f 1351/2655/1350 2398/2656/2394 2391/2646/2387
f 2390/2645/2386 2397/2654/2393 2394/2650/2390
f 2259/2502/2255 2399/2657/2395 2215/2454/2212
f 2227/2467/2224 2224/2463/2221 2226/2465/2223
f 2268/2514/2264 2267/2513/2263 2397/2654/2393
f 2250/2492/2245 2150/2388/2147 2249/2491/2244
f 2394/2650/2390 2397/2654/2393 2252/2495/2248
f 2400/2658/2396 2204/2443/2201 2203/2442/2200
f 2231/2472/2228 2390/2645/2386 2394/2650/2390
f 2401/2659/2397 2216/2455/2213 2266/2512/2262
f 2397/2654/2393 2402/2660/2398 2252/2495/2248
f 2394/2650/2390 2252/2495/2248 2253/2496/2249
f 2401/2659/2397 2395/2652/2391 2238/2481/2235
f 2398/2656/2394 1369/2478/1368 2235/2477/2232
f 2267/2513/2263 2402/2660/2398 2397/2654/2393
f 2216/2455/2213 2215/2454/2212 2403/2661/2399
f 2217/2456/2214 2216/2455/2213 2401/2659/2397
f 1351/2655/1350 2391/2646/2387 1355/2471/1354
f 2238/2481/2235 2217/2456/2214 2401/2659/2397
f 2402/2660/2398 2404/2662/2400 2252/2495/2248
f 2243/2485/2239 2237/2480/2234 2383/2636/2379
f 2313/2564/2309 2207/2446/2204 2206/2445/2203
f 2398/2656/2394 2406/2663/2401 2209/2448/2206
f 2267/2513/2263 2266/2512/2262 2216/2455/2213
f 2243/2485/2239 2395/2652/2391 2401/2659/2397
f 2147/2385/2144 2150/2388/2147 2148/2386/2145
f 2401/2659/2397 2237/2480/2234 2243/2485/2239
f 2209/2448/2206 2406/2663/2401 2210/2449/2207
f 733/2651/730 273/2487/272 2236/2479/2233
f 2253/2496/2249 2234/2476/2231 2233/2475/2230
f 2213/2452/2210 2408/2664/2402 2214/2453/2211
f 2244/2486/2240 2243/2485/2239 2383/2636/2379
f 2216/2455/2213 2403/2661/2399 2267/2513/2263
f 2409/2665/2403 2410/2666/2404 2223/2462/2220
f 2252/2495/2248 2404/2662/2400 2234/2476/2231
f 2266/2512/2262 2211/2450/2208 2401/2659/2397
f 2238/2481/2235 2395/2652/2391 2218/2457/2215
f 1355/2471/1354 2391/2646/2387 2231/2472/2228
f 2402/2660/2398 2403/2661/2399 2404/2662/2400
f 2404/2662/2400 2256/2499/2252 2234/2476/2231
f 2412/2667/2405 2214/2453/2211 2413/2668/2406
f 2217/2456/2214 2218/2457/2215 2220/2459/2217
f 2251/2494/2247 2232/2474/2229 2258/2501/2254
f 2414/2669/2407 2215/2454/2212 2399/2657/2395
f 1533/2368/1528 1532/2362/1527 2128/2364/2127
f 2219/2458/2216 2415/2670/2408 2220/2459/2217
f 2416/2671/2409 2417/2672/2410 2408/2664/2402
f 2418/2673/2411 2419/2674/2412 2414/2669/2407
f 2246/2675/2413 2208/2447/2205 2207/2446/2204
f 2398/2656/2394 2235/2477/2232 2406/2663/2401
f 2418/2673/2411 2414/2669/2407 2399/2657/2395
f 2419/2674/2412 2257/2500/2253 2404/2662/2400
f 2224/2463/2221 2420/2676/2414 2225/2464/2222
f 2421/2677/2415 2383/2636/2379 2384/2637/2380
f 2210/2449/2207 2393/2649/2389 2237/2480/2234
f 2406/2663/2401 2235/2477/2232 2210/2449/2207
f 2422/2678/2416 2419/2674/2412 2418/2673/2411
f 1369/2478/1368 2398/2656/2394 1351/2655/1350
f 2422/2678/2416 2423/2679/2417 2419/2674/2412
f 2419/2674/2412 2423/2679/2417 2257/2500/2253
f 2384/2637/2380 2237/2480/2234 2393/2649/2389
f 2215/2454/2212 2414/2669/2407 2403/2661/2399
f 2410/2666/2404 2205/2444/2202 2223/2462/2220
f 2232/2474/2229 2241/2484/2238 2233/2475/2230
f 2211/2450/2208 2237/2480/2234 2401/2659/2397
f 2233/2475/2230 2255/2498/2251 2407/2680/2418
f 2399/2657/2395 2259/2502/2255 2424/2681/2419
f 2391/2646/2387 2398/2656/2394 2209/2448/2206
f 2255/2498/2251 2233/2475/2230 2241/2484/2238
f 2403/2661/2399 2402/2660/2398 2267/2513/2263
f 2251/2494/2247 2258/2501/2254 2247/2489/2242
f 2239/2482/2236 2251/2494/2247 2247/2489/2242
f 2247/2489/2242 2258/2501/2254 2213/2452/2210
f 2254/2497/2250 2241/2484/2238 2240/2483/2237
f 2257/2500/2253 2232/2474/2229 2256/2499/2252
f 2419/2674/2412 2404/2662/2400 2414/2669/2407
f 2254/2497/2250 2240/2483/2237 2242/2682/2420
f 2206/2445/2203 2240/2483/2237 2239/2482/2236
f 2239/2482/2236 2247/2489/2242 2313/2564/2309
f 2408/2664/2402 2413/2668/2406 2214/2453/2211
f 2425/2683/2421 2412/2667/2405 2413/2668/2406
f 2416/2671/2409 2408/2664/2402 2213/2452/2210
f 2414/2669/2407 2404/2662/2400 2403/2661/2399
f 2212/2451/2209 2426/2684/2422 2427/2685/2423
f 2240/2483/2237 2206/2445/2203 2242/2682/2420
f 2239/2482/2236 2313/2564/2309 2206/2445/2203
f 2428/2686/2424 2429/2687/2425 2430/2688/2426
f 2212/2451/2209 2427/2685/2423 2248/2490/2243
f 2257/2500/2253 2431/2689/2427 2258/2501/2254
f 2150/2388/2147 2250/2492/2245 2396/2653/2392
f 2400/2658/2396 2203/2442/2200 2214/2453/2211
f 2432/2690/2428 2433/2691/2429 2428/2686/2424
f 2203/2442/2200 2426/2684/2422 2212/2451/2209
f 2248/2490/2243 2260/2503/2256 2313/2564/2309
f 2202/2692/2430 2261/2504/2257 2434/2693/2431
f 2150/2388/2147 2435/2694/2432 2201/2441/2199
f 2436/2695/2433 2339/2592/2335 2302/2551/2298
f 2437/2696/2434 2436/2695/2433 2302/2551/2298
f 2438/2697/2435 2339/2592/2335 2436/2695/2433
f 2436/2695/2433 2437/2696/2434 2439/2698/2436
f 2439/2698/2436 2167/2405/2164 2438/2697/2435
f 2439/2698/2436 2437/2696/2434 2440/2699/2437
f 2436/2695/2433 2439/2698/2436 2438/2697/2435
f 2158/2396/2155 2439/2698/2436 2440/2699/2437
f 2167/2405/2164 2439/2698/2436 2158/2396/2155
f 2441/2700/2438 2442/2701/2439 2443/2702/2440
f 2442/2701/2439 2444/2703/2441 2443/2702/2440
f 2445/2704/2442 2442/2701/2439 2441/2700/2438
f 2174/2412/2171 2178/2416/2175 2446/2705/2443
f 2446/2705/2443 2447/2706/2444 2448/2707/2445
f 2442/2701/2439 2445/2704/2442 2449/2708/2446
f 2449/2708/2446 2450/2709/2447 2451/2710/2448
f 2447/2706/2444 2178/2416/2175 2452/2711/2449
f 2445/2704/2442 2178/2416/2175 2177/2415/2174
f 2453/2712/2450 2450/2709/2447 2177/2415/2174
f 2178/2416/2175 2447/2706/2444 2446/2705/2443
f 2177/2415/2174 2449/2708/2446 2445/2704/2442
f 2452/2711/2449 2445/2704/2442 2441/2700/2438
f 2450/2709/2447 2449/2708/2446 2177/2415/2174
f 2451/2710/2448 2442/2701/2439 2449/2708/2446
f 2452/2711/2449 2178/2416/2175 2445/2704/2442
f 2444/2703/2441 2442/2701/2439 2451/2710/2448
f 2214/2453/2211 2412/2667/2405 2400/2658/2396
f 2421/2677/2415 2384/2637/2380 2454/2713/2451
f 2455/2714/2452 2421/2677/2415 2454/2713/2451
f 2225/2464/2222 2456/2715/2453 2393/2649/2389
f 2393/2649/2389 2456/2715/2453 2454/2713/2451
f 2456/2715/2453 2457/2716/2454 2454/2713/2451
f 2458/2717/2455 2459/2718/2456 2460/2719/2457
f 2420/2676/2414 2227/2467/2224 2461/2720/2458
f 2426/2684/2422 2203/2442/2200 2205/2444/2202
f 2420/2676/2414 2461/2720/2458 2457/2716/2454
f 2457/2716/2454 2462/2721/2459 2459/2718/2456
f 2462/2721/2459 2457/2716/2454 2461/2720/2458
f 2225/2464/2222 2420/2676/2414 2456/2715/2453
f 2462/2721/2459 2461/2720/2458 2463/2722/2460
f 2427/2685/2423 2260/2503/2256 2248/2490/2243
f 2459/2718/2456 2458/2717/2455 2455/2714/2452
f 2227/2467/2224 290/2648/289 2461/2720/2458
f 2224/2463/2221 2227/2467/2224 2420/2676/2414
f 2455/2714/2452 2454/2713/2451 2459/2718/2456
f 290/2648/289 2463/2722/2460 2461/2720/2458
f 2462/2721/2459 2460/2719/2457 2459/2718/2456
f 2459/2718/2456 2454/2713/2451 2457/2716/2454
f 2456/2715/2453 2420/2676/2414 2457/2716/2454
f 2454/2713/2451 2384/2637/2380 2393/2649/2389
f 2392/2647/2388 2187/2425/2184 2189/2427/2186
f 2187/2425/2184 2392/2647/2388 2380/2633/2376
f 2464/2723/2461 2204/2443/2201 2465/2724/2462
f 2185/2423/2182 2187/2425/2184 2380/2633/2376
f 2380/2633/2376 2381/2634/2377 2185/2423/2182
f 2381/2634/2377 2385/2639/2381 2185/2423/2182
f 2364/2617/2360 2185/2423/2182 2385/2639/2381
f 2201/2441/2199 2435/2694/2432 2466/2725/2463
f 2207/2446/2204 2261/2504/2257 2246/2675/2413
f 2260/2503/2256 2427/2685/2423 2434/2693/2431
f 2427/2685/2423 2205/2444/2202 2467/2726/2464
f 2205/2444/2202 2410/2666/2404 2467/2726/2464
f 2468/2727/2465 2469/2728/2466 2470/2729/2467
f 2434/2693/2431 2261/2504/2257 2260/2503/2256
f 2262/2507/2258 2265/2511/2261 2184/2422/2181
f 2184/2422/2181 2179/2417/2176 2173/2411/2170
f 2184/2422/2181 2173/2411/2170 2262/2507/2258
f 2471/2730/2468 2262/2507/2258 2173/2411/2170
f 2262/2507/2258 2471/2730/2468 272/2505/271
f 2470/2729/2467 2434/2693/2431 2427/2685/2423
f 2467/2726/2464 2470/2729/2467 2427/2685/2423
f 2470/2729/2467 2467/2726/2464 2472/2731/2469
f 2228/2468/2225 2205/2444/2202 2204/2443/2201
f 2434/2693/2431 2470/2729/2467 2469/2728/2466
f 2464/2723/2461 2229/2469/2226 2204/2443/2201
f 2434/2693/2431 2405/2732/2470 2202/2692/2430
f 2469/2728/2466 2405/2732/2470 2434/2693/2431
f 2160/2398/2157 2473/2733/2471 2166/2404/2163
f 2162/2400/2159 2160/2398/2157 2166/2404/2163
f 2166/2404/2163 2473/2733/2471 2474/2734/2472
f 2475/2735/2473 2161/2399/2158 2163/2401/2160
f 2161/2399/2158 2475/2735/2473 2171/2409/2168
f 2171/2409/2168 2475/2735/2473 2476/2736/2474
f 2228/2468/2225 2221/2460/2218 2223/2462/2220
f 271/2737/270 272/2505/271 2477/2738/2475
f 2478/2739/2476 2453/2712/2450 2177/2415/2174
f 2479/2740/2477 2471/2730/2468 2173/2411/2170
f 2479/2740/2477 2477/2738/2475 2471/2730/2468
f 2480/2741/2478 2479/2740/2477 2175/2413/2172
f 2479/2740/2477 2480/2741/2478 2477/2738/2475
f 2173/2411/2170 2175/2413/2172 2479/2740/2477
f 2174/2412/2171 2446/2705/2443 2175/2413/2172
f 2458/2717/2455 2175/2413/2172 2446/2705/2443
f 2458/2717/2455 2480/2741/2478 2175/2413/2172
f 2446/2705/2443 2448/2707/2445 2458/2717/2455
f 2468/2727/2465 2470/2729/2467 2472/2731/2469
f 2481/2742/2479 2468/2727/2465 2430/2688/2426
f 2472/2731/2469 2428/2686/2424 2468/2727/2465
f 2223/2462/2220 2222/2461/2219 2432/2690/2428
f 2428/2686/2424 2430/2688/2426 2468/2727/2465
f 2409/2665/2403 2223/2462/2220 2432/2690/2428
f 2481/2742/2479 2430/2688/2426 2429/2687/2425
f 2257/2500/2253 2423/2679/2417 2431/2689/2427
f 2426/2684/2422 2205/2444/2202 2427/2685/2423
f 2400/2658/2396 2465/2724/2462 2204/2443/2201
f 2256/2499/2252 2404/2662/2400 2257/2500/2253
f 2151/2390/2149 2138/2374/2133 2152/2391/2150
f 2164/2402/2161 1531/2437/1526 1484/2370/1481
f 2127/2363/2126 2145/2439/2197 2199/2438/2196
f 2152/2391/2150 2138/2374/2133 2154/2493/2246
f 2396/2653/2392 2435/2694/2432 2150/2388/2147
f 2477/2738/2475 272/2505/271 2471/2730/2468
f 2282/2529/2278 315/2539/314 2290/2538/2286
f 2484/2743/2480 2485/2744/2481 2486/2745/2482
f 2487/2746/2483 2488/2747/2484 2489/2748/2485
f 2490/2749/2486 2486/2745/2482 2491/2750/2487
f 2492/2751/2488 2493/2752/2489 2485/2744/2481
f 2494/2753/2490 2484/2743/2480 2486/2745/2482
f 2486/2745/2482 2485/2744/2481 2491/2750/2487
f 2495/2754/2491 2496/2755/2492 2497/2756/2493
f 2486/2745/2482 2490/2749/2486 2494/2753/2490
f 2498/2757/2494 2499/2758/2495 2500/2759/2496
f 2501/2760/2497 2502/2761/2498 2503/2762/2499
f 2429/2687/2425 2504/2763/2500 2502/2761/2498
f 2481/2742/2479 2502/2761/2498 2501/2760/2497
f 2502/2761/2498 2481/2742/2479 2429/2687/2425
f 2503/2762/2499 2502/2761/2498 2505/2764/2501
f 2503/2762/2499 2505/2764/2501 2506/2765/2502
f 2501/2760/2497 2503/2762/2499 2507/2766/2503
f 2508/2767/2504 2507/2766/2503 2509/2768/2505
f 2506/2765/2502 2509/2768/2505 2503/2762/2499
f 2507/2766/2503 2503/2762/2499 2509/2768/2505
f 2411/2769/2506 2501/2760/2497 2507/2766/2503
f 2510/2770/2507 2297/2546/2293 2294/2543/2290
f 2511/2771/2508 2343/2596/2339 2374/2627/2370
f 2512/2772/2509 2513/2773/2510 2493/2752/2489
f 2514/2774/2511 2497/2756/2493 2496/2755/2492
f 438/2775/437 2343/2596/2339 2511/2771/2508
f 430/2776/429 438/2775/437 2511/2771/2508
f 438/2775/437 437/2644/436 2343/2596/2339
f 2515/2777/2512 2516/2778/2513 2517/2779/2514
f 2518/2780/2515 2516/2778/2513 2519/2781/2516
f 2360/2613/2356 2343/2596/2339 437/2644/436
f 433/2782/432 2332/2585/2328 437/2644/436
f 2297/2546/2293 2494/2753/2490 2520/2783/2517
f 433/2782/432 436/2584/435 2332/2585/2328
f 2494/2753/2490 2490/2749/2486 2520/2783/2517
f 2520/2783/2517 2521/2784/2518 2522/2785/2519
f 2520/2783/2517 2490/2749/2486 2521/2784/2518
f 2512/2772/2509 2309/2560/2305 2523/2786/2520
f 2510/2770/2507 2484/2743/2480 2297/2546/2293
f 2524/2787/2521 2510/2770/2507 2294/2543/2290
f 2510/2770/2507 2524/2787/2521 2492/2751/2488
f 2295/2544/2291 2297/2546/2293 2520/2783/2517
f 2495/2754/2491 2497/2756/2493 2517/2779/2514
f 2493/2752/2489 2488/2747/2484 2525/2788/2522
f 2484/2743/2480 2492/2751/2488 2485/2744/2481
f 2293/2542/2289 2327/2579/2323 2524/2787/2521
f 2500/2759/2496 2496/2755/2492 2498/2757/2494
f 2512/2772/2509 2525/2788/2522 2309/2560/2305
f 2521/2784/2518 2526/2789/2523 2522/2785/2519
f 2492/2751/2488 2488/2747/2484 2493/2752/2489
f 424/2790/423 2511/2771/2508 2386/2640/2382
f 2522/2785/2519 2295/2544/2291 2520/2783/2517
f 2386/2640/2382 2511/2771/2508 2374/2627/2370
f 424/2790/423 430/2776/429 2511/2771/2508
f 2485/2744/2481 2513/2773/2510 2527/2791/2524
f 2526/2789/2523 2521/2784/2518 2146/2384/2143
f 2491/2750/2487 2485/2744/2481 2527/2791/2524
f 2528/2792/2525 2483/2793/2526 2529/2794/2527
f 2505/2764/2501 2502/2761/2498 2530/2795/2528
f 2506/2765/2502 2531/2796/2529 2509/2768/2505
f 2529/2794/2527 2531/2796/2529 2506/2765/2502
f 2529/2794/2527 2505/2764/2501 2530/2795/2528
f 2528/2792/2525 2529/2794/2527 2201/2441/2199
f 2509/2768/2505 2531/2796/2529 2508/2767/2504
f 2228/2468/2225 2230/2470/2227 2221/2460/2218
f 2493/2752/2489 2513/2773/2510 2485/2744/2481
f 2510/2770/2507 2492/2751/2488 2484/2743/2480
f 2505/2764/2501 2529/2794/2527 2506/2765/2502
f 2389/2643/2385 2532/2797/2530 2499/2758/2495
f 290/2648/289 288/2798/287 2463/2722/2460
f 2163/2401/2160 2533/2799/2531 2475/2735/2473
f 2534/2800/2532 2535/2801/2533 2533/2799/2531
f 2194/2432/2191 2533/2799/2531 2535/2801/2533
f 2533/2799/2531 2476/2736/2474 2475/2735/2473
f 2194/2432/2191 2476/2736/2474 2533/2799/2531
f 2533/2799/2531 2163/2401/2160 2534/2800/2532
f 2425/2683/2421 2536/2802/2534 2537/2803/2535
f 2537/2803/2535 2412/2667/2405 2425/2683/2421
f 2536/2802/2534 2443/2702/2440 2537/2803/2535
f 2538/2804/2536 2412/2667/2405 2537/2803/2535
f 2443/2702/2440 2444/2703/2441 2537/2803/2535
f 2537/2803/2535 2539/2805/2537 2538/2804/2536
f 2539/2805/2537 2537/2803/2535 2444/2703/2441
f 2538/2804/2536 2465/2724/2462 2400/2658/2396
f 2464/2723/2461 2539/2805/2537 2540/2806/2538
f 2541/2807/2539 2230/2470/2227 2542/2808/2540
f 2543/2809/2541 2542/2808/2540 2444/2703/2441
f 2230/2470/2227 2464/2723/2461 2540/2806/2538
f 2444/2703/2441 2542/2808/2540 2539/2805/2537
f 2540/2806/2538 2539/2805/2537 2542/2808/2540
f 2539/2805/2537 2465/2724/2462 2538/2804/2536
f 2540/2806/2538 2542/2808/2540 2230/2470/2227
f 2221/2460/2218 2230/2470/2227 2541/2807/2539
f 2464/2723/2461 2465/2724/2462 2539/2805/2537
f 2538/2804/2536 2400/2658/2396 2412/2667/2405
f 2229/2469/2226 2464/2723/2461 2230/2470/2227
f 2474/2734/2472 2473/2733/2471 2544/2810/2542
f 2444/2703/2441 2451/2710/2448 2543/2809/2541
f 2474/2734/2472 2544/2810/2542 2541/2807/2539
f 2545/2811/2543 2451/2710/2448 2450/2709/2447
f 2546/2812/2544 2474/2734/2472 2541/2807/2539
f 2546/2812/2544 2547/2813/2545 2474/2734/2472
f 2545/2811/2543 2546/2812/2544 2541/2807/2539
f 2478/2739/2476 2548/2814/2546 2453/2712/2450
f 2547/2813/2545 2453/2712/2450 2549/2815/2547
f 2450/2709/2447 2546/2812/2544 2545/2811/2543
f 2550/2816/2548 2551/2817/2549 2549/2815/2547
f 2543/2809/2541 2545/2811/2543 2541/2807/2539
f 2549/2815/2547 2548/2814/2546 2552/2818/2550
f 2543/2809/2541 2451/2710/2448 2545/2811/2543
f 2542/2808/2540 2543/2809/2541 2541/2807/2539
f 2546/2812/2544 2453/2712/2450 2547/2813/2545
f 2547/2813/2545 2549/2815/2547 2551/2817/2549
f 2453/2712/2450 2548/2814/2546 2549/2815/2547
f 2546/2812/2544 2450/2709/2447 2453/2712/2450
f 2553/2819/2551 2447/2706/2444 2554/2820/2552
f 2555/2821/2553 2556/2822/2554 2447/2706/2444
f 2556/2822/2554 2555/2821/2553 2259/2502/2255
f 2448/2707/2445 2557/2823/2555 2458/2717/2455
f 2555/2821/2553 2447/2706/2444 2553/2819/2551
f 2259/2502/2255 2415/2670/2408 2556/2822/2554
f 2448/2707/2445 2447/2706/2444 2556/2822/2554
f 2244/2486/2240 2455/2714/2452 2557/2823/2555
f 2415/2670/2408 2259/2502/2255 2220/2459/2217
f 2244/2486/2240 2557/2823/2555 2219/2458/2216
f 2383/2636/2379 2455/2714/2452 2244/2486/2240
f 2556/2822/2554 2415/2670/2408 2219/2458/2216
f 2556/2822/2554 2557/2823/2555 2448/2707/2445
f 2219/2458/2216 2557/2823/2555 2556/2822/2554
f 2447/2706/2444 2452/2711/2449 2554/2820/2552
f 2218/2457/2215 2244/2486/2240 2219/2458/2216
f 2383/2636/2379 2421/2677/2415 2455/2714/2452
f 2557/2823/2555 2455/2714/2452 2458/2717/2455
f 2149/2387/2146 2529/2794/2527 2530/2795/2528
f 2513/2773/2510 2512/2772/2509 2519/2781/2516
f 2294/2543/2290 2293/2542/2289 2524/2787/2521
f 2529/2794/2527 2483/2793/2526 2531/2796/2529
f 2502/2761/2498 2558/2824/2556 2530/2795/2528
f 2297/2546/2293 2484/2743/2480 2494/2753/2490
f 2559/2825/2557 2285/2533/2281 2560/2826/2558
f 2478/2739/2476 2181/2419/2178 2272/2519/2268
f 2548/2814/2546 2272/2519/2268 2275/2522/2271
f 2275/2522/2271 2285/2533/2281 2548/2814/2546
f 2552/2818/2550 2560/2826/2558 2561/2827/2559
f 2285/2533/2281 2559/2825/2557 2548/2814/2546
f 2285/2533/2281 2291/2540/2287 2560/2826/2558
f 2561/2827/2559 2549/2815/2547 2552/2818/2550
f 2550/2816/2548 2549/2815/2547 2561/2827/2559
f 2562/2828/2560 2560/2826/2558 2291/2540/2287
f 2548/2814/2546 2478/2739/2476 2272/2519/2268
f 2561/2827/2559 2560/2826/2558 2562/2828/2560
f 2548/2814/2546 2559/2825/2557 2552/2818/2550
f 2559/2825/2557 2560/2826/2558 2552/2818/2550
f 2177/2415/2174 2181/2419/2178 2478/2739/2476
f 2177/2415/2174 2176/2414/2173 2181/2419/2178
f 2563/2829/2561 2195/2433/2192 2194/2432/2191
f 2535/2801/2533 2563/2829/2561 2194/2432/2191
f 2564/2830/2562 2513/2773/2510 2565/2831/2563
f 2524/2787/2521 2489/2748/2485 2488/2747/2484
f 2149/2387/2146 2201/2441/2199 2529/2794/2527
f 2524/2787/2521 2488/2747/2484 2492/2751/2488
f 2523/2786/2520 2519/2781/2516 2512/2772/2509
f 2316/2568/2312 2487/2746/2483 2327/2579/2323
f 2513/2773/2510 2515/2777/2512 2565/2831/2563
f 2516/2778/2513 2518/2780/2515 2495/2754/2491
f 2483/2793/2526 2528/2792/2525 2466/2725/2463
f 2327/2579/2323 2293/2542/2289 2333/2586/2329
f 2565/2831/2563 2515/2777/2512 2517/2779/2514
f 2201/2441/2199 2466/2725/2463 2528/2792/2525
f 424/2790/423 2386/2640/2382 312/2832/311
f 312/2832/311 311/2833/310 424/2790/423
f 2365/2618/2361 313/2834/312 2566/2835/2564
f 312/2832/311 2386/2640/2382 2305/2554/2301
f 313/2834/312 192/2836/191 2566/2835/2564
f 2148/2386/2145 2567/2837/2565 2568/2838/2566
f 2567/2837/2565 2569/2839/2567 2568/2838/2566
f 2530/2795/2528 2558/2824/2556 2567/2837/2565
f 2567/2837/2565 2148/2386/2145 2530/2795/2528
f 2148/2386/2145 2149/2387/2146 2530/2795/2528
f 2569/2839/2567 2567/2837/2565 2558/2824/2556
f 436/2584/435 484/2840/483 2317/2569/2313
f 2317/2569/2313 484/2840/483 404/2566/403
f 2308/2559/2304 2570/2841/2568 2523/2786/2520
f 2388/2642/2384 2389/2643/2385 2499/2758/2495
f 2310/2561/2306 2499/2758/2495 2498/2757/2494
f 2308/2559/2304 2310/2561/2306 2498/2757/2494
f 2571/2842/2569 2308/2559/2304 2498/2757/2494
f 2571/2842/2569 2570/2841/2568 2308/2559/2304
f 2310/2561/2306 2388/2642/2384 2499/2758/2495
f 2334/2587/2330 2333/2586/2329 2572/2843/2570
f 2572/2843/2570 2299/2548/2295 2302/2551/2298
f 2572/2843/2570 2302/2551/2298 2339/2592/2335
f 2572/2843/2570 2298/2547/2294 2299/2548/2295
f 2309/2560/2305 2487/2746/2483 2316/2568/2312
f 2476/2736/2474 2172/2410/2169 2171/2409/2168
f 2476/2736/2474 2194/2432/2191 2172/2410/2169
f 2513/2773/2510 2519/2781/2516 2515/2777/2512
f 2326/2578/2322 2327/2579/2323 2333/2586/2329
f 2566/2835/2564 312/2832/311 2370/2623/2366
f 2566/2835/2564 2370/2623/2366 2387/2641/2383
f 2348/2601/2344 2566/2835/2564 2387/2641/2383
f 2298/2547/2294 2572/2843/2570 2333/2586/2329
f 2525/2788/2522 2488/2747/2484 2487/2746/2483
f 2348/2601/2344 2365/2618/2361 2566/2835/2564
f 2365/2618/2361 2278/2525/2274 313/2834/312
f 2515/2777/2512 2519/2781/2516 2516/2778/2513
f 2276/2523/2272 2278/2525/2274 2365/2618/2361
f 314/2844/313 313/2834/312 2278/2525/2274
f 2298/2547/2294 2333/2586/2329 2293/2542/2289
f 314/2844/313 2278/2525/2274 2290/2538/2286
f 2290/2538/2286 315/2539/314 314/2844/313
f 2566/2835/2564 192/2836/191 194/2845/193
f 2309/2560/2305 2525/2788/2522 2487/2746/2483
f 2527/2791/2524 2513/2773/2510 2564/2830/2562
f 2495/2754/2491 2517/2779/2514 2516/2778/2513
f 2524/2787/2521 2327/2579/2323 2489/2748/2485
f 2487/2746/2483 2489/2748/2485 2327/2579/2323
f 2504/2763/2500 2558/2824/2556 2502/2761/2498
f 2569/2839/2567 2558/2824/2556 2504/2763/2500
f 2258/2501/2254 2431/2689/2427 2213/2452/2210
f 2425/2683/2421 2413/2668/2406 2536/2802/2534
f 2413/2668/2406 2573/2846/2571 2536/2802/2534
f 2574/2847/2572 2441/2700/2438 2573/2846/2571
f 2417/2672/2410 2416/2671/2409 2575/2848/2573
f 2441/2700/2438 2443/2702/2440 2536/2802/2534
f 2576/2849/2574 2573/2846/2571 2417/2672/2410
f 2518/2780/2515 2519/2781/2516 2523/2786/2520
f 2514/2774/2511 2496/2755/2492 2500/2759/2496
f 2517/2779/2514 2497/2756/2493 2514/2774/2511
f 2495/2754/2491 2518/2780/2515 2523/2786/2520
f 2496/2755/2492 2495/2754/2491 2571/2842/2569
f 2441/2700/2438 2574/2847/2572 2577/2850/2575
f 2500/2759/2496 2499/2758/2495 2532/2797/2530
f 2575/2848/2573 2576/2849/2574 2417/2672/2410
f 2308/2559/2304 2523/2786/2520 2309/2560/2305
f 2438/2697/2435 2330/2582/2326 2339/2592/2335
f 2339/2592/2335 2334/2587/2330 2572/2843/2570
f 2169/2407/2166 2438/2697/2435 2167/2405/2164
f 2438/2697/2435 2169/2407/2166 2330/2582/2326
f 2169/2407/2166 2155/2393/2152 2330/2582/2326
f 2305/2554/2301 2351/2604/2347 312/2832/311
f 312/2832/311 2351/2604/2347 2370/2623/2366
f 194/2845/193 312/2832/311 2566/2835/2564
f 2514/2774/2511 2500/2759/2496 2578/2851/2576
f 2576/2849/2574 2577/2850/2575 2574/2847/2572
f 2579/2852/2577 2399/2657/2395 2424/2681/2419
f 2553/2819/2551 2580/2853/2578 2581/2854/2579
f 2571/2842/2569 2495/2754/2491 2570/2841/2568
f 2570/2841/2568 2495/2754/2491 2523/2786/2520
f 2571/2842/2569 2498/2757/2494 2496/2755/2492
f 2578/2851/2576 2532/2797/2530 2582/2855/2580
f 2583/2856/2581 2553/2819/2551 2554/2820/2552
f 2525/2788/2522 2512/2772/2509 2493/2752/2489
f 2532/2797/2530 2578/2851/2576 2500/2759/2496
f 2584/2857/2582 405/2638/404 399/2858/398
f 2581/2854/2579 2422/2678/2416 2579/2852/2577
f 2585/2859/2583 2586/2860/2584 2587/2861/2585
f 2588/2862/2586 2585/2859/2583 2587/2861/2585
f 2413/2668/2406 2417/2672/2410 2573/2846/2571
f 2582/2855/2580 2586/2860/2584 2589/2863/2587
f 2575/2848/2573 2423/2679/2417 2581/2854/2579
f 2583/2856/2581 2580/2853/2578 2553/2819/2551
f 2583/2856/2581 2576/2849/2574 2575/2848/2573
f 2555/2821/2553 2590/2864/2588 2259/2502/2255
f 2587/2861/2585 2591/2865/2589 2592/2866/2590
f 2586/2860/2584 2585/2859/2583 2593/2867/2591
f 2583/2856/2581 2577/2850/2575 2576/2849/2574
f 2592/2866/2590 405/2638/404 2584/2857/2582
f 2417/2672/2410 2413/2668/2406 2408/2664/2402
f 2581/2854/2579 2580/2853/2578 2575/2848/2573
f 2593/2867/2591 397/2868/396 369/2869/368
f 2589/2863/2587 2586/2860/2584 2594/2870/2592
f 2582/2855/2580 2532/2797/2530 2586/2860/2584
f 2586/2860/2584 2591/2865/2589 2587/2861/2585
f 2594/2870/2592 2586/2860/2584 2593/2867/2591
f 399/2858/398 397/2868/396 2588/2862/2586
f 397/2868/396 2585/2859/2583 2588/2862/2586
f 2591/2865/2589 2389/2643/2385 2592/2866/2590
f 2593/2867/2591 2585/2859/2583 397/2868/396
f 2584/2857/2582 399/2858/398 2588/2862/2586
f 2588/2862/2586 2587/2861/2585 2584/2857/2582
f 2592/2866/2590 2584/2857/2582 2587/2861/2585
f 2592/2866/2590 2389/2643/2385 2306/2556/2302
f 405/2638/404 2592/2866/2590 2306/2556/2302
f 2591/2865/2589 2586/2860/2584 2532/2797/2530
f 2591/2865/2589 2532/2797/2530 2389/2643/2385
f 2423/2679/2417 2416/2671/2409 2431/2689/2427
f 2416/2671/2409 2423/2679/2417 2575/2848/2573
f 2573/2846/2571 2441/2700/2438 2536/2802/2534
f 2590/2864/2588 2553/2819/2551 2579/2852/2577
f 2581/2854/2579 2579/2852/2577 2553/2819/2551
f 2424/2681/2419 2259/2502/2255 2590/2864/2588
f 2170/2408/2167 2193/2431/2190 2156/2394/2153
f 2193/2431/2190 2200/2440/2198 2156/2394/2153
f 2188/2426/2185 2187/2425/2184 2186/2424/2183
f 2200/2440/2198 2186/2424/2183 2157/2395/2154
f 2364/2617/2360 2352/2605/2348 2186/2424/2183
f 2583/2856/2581 2554/2820/2552 2577/2850/2575
f 2416/2671/2409 2213/2452/2210 2431/2689/2427
f 2157/2395/2154 2156/2394/2153 2200/2440/2198
f 2330/2582/2326 2157/2395/2154 2352/2605/2348
f 2157/2395/2154 2186/2424/2183 2352/2605/2348
f 2364/2617/2360 2186/2424/2183 2185/2423/2182
f 2575/2848/2573 2580/2853/2578 2583/2856/2581
f 2452/2711/2449 2577/2850/2575 2554/2820/2552
f 2574/2847/2572 2573/2846/2571 2576/2849/2574
f 2424/2681/2419 2590/2864/2588 2579/2852/2577
f 2579/2852/2577 2418/2673/2411 2399/2657/2395
f 2418/2673/2411 2579/2852/2577 2422/2678/2416
f 2441/2700/2438 2577/2850/2575 2452/2711/2449
f 2253/2496/2249 2595/2871/2593 2394/2650/2390
f 2423/2679/2417 2422/2678/2416 2581/2854/2579
f 1368/2473/1367 2595/2871/2593 1363/2872/1360
f 2407/2680/2418 2596/2873/2594 2233/2475/2230
f 2555/2821/2553 2553/2819/2551 2590/2864/2588
f 288/2798/287 281/2874/280 2463/2722/2460
f 316/2875/315 2460/2719/2457 2597/2876/2595
f 2394/2650/2390 2595/2871/2593 1368/2473/1367
f 2597/2876/2595 281/2874/280 280/2877/279
f 281/2874/280 2462/2721/2459 2463/2722/2460
f 2599/2878/2596 2480/2741/2478 2458/2717/2455
f 280/2877/279 316/2875/315 2597/2876/2595
f 281/2874/280 2460/2719/2457 2462/2721/2459
f 2598/2879/2597 1363/2872/1360 2595/2871/2593
f 281/2874/280 2597/2876/2595 2460/2719/2457
f 2596/2873/2594 2595/2871/2593 2253/2496/2249
f 2477/2738/2475 2599/2878/2596 271/2737/270
f 2599/2878/2596 2460/2719/2457 316/2875/315
f 2599/2878/2596 316/2875/315 271/2737/270
f 2596/2873/2594 2253/2496/2249 2233/2475/2230
f 2599/2878/2596 2458/2717/2455 2460/2719/2457
f 2480/2741/2478 2599/2878/2596 2477/2738/2475
f 2600/2880/2598 2481/2742/2479 2501/2760/2497
f 2600/2880/2598 2482/2881/2599 2405/2732/2470
f 2481/2742/2479 2600/2880/2598 2468/2727/2465
f 2482/2881/2599 2501/2760/2497 2411/2769/2506
f 2468/2727/2465 2600/2880/2598 2469/2728/2466
f 2501/2760/2497 2482/2881/2599 2600/2880/2598
f 2405/2732/2470 2469/2728/2466 2600/2880/2598
f 2280/2527/2276 2363/2616/2359 2198/2436/2195
f 2563/2829/2561 2198/2436/2195 2195/2433/2192
f 2198/2436/2195 2563/2829/2561 2280/2527/2276
f 2563/2829/2561 2281/2528/2277 2280/2527/2276
f 2281/2528/2277 2563/2829/2561 2601/2882/2600
f 2198/2436/2195 2196/2434/2193 2195/2433/2192
f 2491/2750/2487 2602/2883/2601 2490/2749/2486
f 2146/2384/2143 2521/2784/2518 2153/2392/2151
f 2146/2384/2143 2603/2884/2602 2604/2885/2603
f 2146/2384/2143 2148/2386/2145 2603/2884/2602
f 2603/2884/2602 2148/2386/2145 2568/2838/2566
f 2521/2784/2518 2602/2883/2601 2153/2392/2151
f 2602/2883/2601 2521/2784/2518 2490/2749/2486
f 2605/2886/2604 2491/2750/2487 2527/2791/2524
f 2245/2488/2241 2606/2887/2605 2165/2403/2162
f 2607/2888/2606 2151/2390/2149 2153/2392/2151
f 2608/2889/2607 2609/2890/2608 2610/2891/2609
f 2611/2892/2610 2612/2893/2611 2613/2894/2612
f 2608/2889/2607 2611/2892/2610 2609/2890/2608
f 2608/2889/2607 2159/2397/2156 2614/2895/2613
f 2159/2397/2156 2608/2889/2607 2615/2896/2614
f 2504/2763/2500 2429/2687/2425 2616/2897/2615
f 2611/2892/2610 2617/2898/2616 2612/2893/2611
f 2616/2897/2615 2433/2691/2429 2610/2891/2609
f 2159/2397/2156 2615/2896/2614 2160/2398/2157
f 2608/2889/2607 2610/2891/2609 2618/2899/2617
f 2616/2897/2615 2610/2891/2609 2613/2894/2612
f 2615/2896/2614 2608/2889/2607 2618/2899/2617
f 2614/2895/2613 2611/2892/2610 2608/2889/2607
f 2610/2891/2609 2619/2900/2618 2618/2899/2617
f 2160/2398/2157 2615/2896/2614 2473/2733/2471
f 2609/2890/2608 2611/2892/2610 2613/2894/2612
f 2433/2691/2429 2619/2900/2618 2610/2891/2609
f 2620/2901/2619 2614/2895/2613 2159/2397/2156
f 2613/2894/2612 2612/2893/2611 2504/2763/2500
f 2611/2892/2610 2614/2895/2613 2620/2901/2619
f 2618/2899/2617 2473/2733/2471 2615/2896/2614
f 2618/2899/2617 2621/2902/2620 2473/2733/2471
f 2613/2894/2612 2610/2891/2609 2609/2890/2608
f 2616/2897/2615 2613/2894/2612 2504/2763/2500
f 2153/2392/2151 2602/2883/2601 2607/2888/2606
f 2607/2888/2606 2602/2883/2601 2491/2750/2487
f 2607/2888/2606 2144/2381/2140 2151/2390/2149
f 2622/2903/2621 2163/2401/2160 2166/2404/2163
f 2551/2817/2549 2474/2734/2472 2547/2813/2545
f 2474/2734/2472 2551/2817/2549 2166/2404/2163
f 2622/2903/2621 2166/2404/2163 2551/2817/2549
f 2607/2888/2606 2491/2750/2487 2605/2886/2604
f 2129/2365/2128 2144/2381/2140 2605/2886/2604
f 2564/2830/2562 2129/2365/2128 2605/2886/2604
f 2514/2774/2511 2245/2488/2241 2141/2377/2136
f 2565/2831/2563 2129/2365/2128 2564/2830/2562
f 2589/2863/2587 2245/2488/2241 2578/2851/2576
f 369/2869/368 489/2372/488 2623/2904/2622
f 2593/2867/2591 369/2869/368 2594/2870/2592
f 2606/2887/2605 2623/2904/2622 2165/2403/2162
f 2130/2366/2129 2129/2365/2128 2565/2831/2563
f 2606/2887/2605 2589/2863/2587 2594/2870/2592
f 2594/2870/2592 369/2869/368 2623/2904/2622
f 2565/2831/2563 2517/2779/2514 2514/2774/2511
f 2527/2791/2524 2564/2830/2562 2605/2886/2604
f 489/2372/488 2165/2403/2162 2623/2904/2622
f 2622/2903/2621 2534/2800/2532 2163/2401/2160
f 2286/2534/2282 2624/2905/2623 2287/2535/2283
f 2286/2534/2282 2625/2906/2624 2624/2905/2623
f 2287/2535/2283 2624/2905/2623 2291/2540/2287
f 2578/2851/2576 2582/2855/2580 2589/2863/2587
f 2626/2907/2625 2550/2816/2548 2561/2827/2559
f 2514/2774/2511 2578/2851/2576 2245/2488/2241
f 2607/2888/2606 2605/2886/2604 2144/2381/2140
f 2562/2828/2560 2291/2540/2287 2624/2905/2623
f 2606/2887/2605 2245/2488/2241 2589/2863/2587
f 2130/2366/2129 2565/2831/2563 2141/2377/2136
f 2606/2887/2605 2594/2870/2592 2623/2904/2622
f 2601/2882/2600 2625/2906/2624 2281/2528/2277
f 2626/2907/2625 2627/2908/2626 2550/2816/2548
f 2514/2774/2511 2141/2377/2136 2565/2831/2563
f 2165/2403/2162 489/2372/488 2133/2371/2132
f 2534/2800/2532 2601/2882/2600 2535/2801/2533
f 2165/2403/2162 2142/2378/2137 2245/2488/2241
f 2601/2882/2600 2534/2800/2532 2626/2907/2625
f 2409/2665/2403 2432/2690/2428 2428/2686/2424
f 2472/2731/2469 2467/2726/2464 2410/2666/2404
f 2410/2666/2404 2428/2686/2424 2472/2731/2469
f 2625/2906/2624 2286/2534/2282 2281/2528/2277
f 2625/2906/2624 2626/2907/2625 2562/2828/2560
f 2616/2897/2615 2428/2686/2424 2433/2691/2429
f 2625/2906/2624 2562/2828/2560 2624/2905/2623
f 2409/2665/2403 2428/2686/2424 2410/2666/2404
f 2628/2909/2627 2433/2691/2429 2432/2690/2428
f 2544/2810/2542 2628/2909/2627 2629/2910/2628
f 2473/2733/2471 2621/2902/2620 2544/2810/2542
f 2628/2909/2627 2222/2461/2219 2629/2910/2628
f 2618/2899/2617 2619/2900/2618 2630/2911/2629
f 2629/2910/2628 2221/2460/2218 2541/2807/2539
f 2631/2912/2630 2544/2810/2542 2621/2902/2620
f 2631/2912/2630 2630/2911/2629 2628/2909/2627
f 2222/2461/2219 2628/2909/2627 2432/2690/2428
f 2621/2902/2620 2618/2899/2617 2631/2912/2630
f 2629/2910/2628 2541/2807/2539 2544/2810/2542
f 2630/2911/2629 2619/2900/2618 2433/2691/2429
f 2628/2909/2627 2630/2911/2629 2433/2691/2429
f 2628/2909/2627 2544/2810/2542 2631/2912/2630
f 2631/2912/2630 2618/2899/2617 2630/2911/2629
f 2222/2461/2219 2221/2460/2218 2629/2910/2628
f 2534/2800/2532 2550/2816/2548 2627/2908/2626
f 2627/2908/2626 2626/2907/2625 2534/2800/2532
f 2601/2882/2600 2563/2829/2561 2535/2801/2533
f 2562/2828/2560 2626/2907/2625 2561/2827/2559
f 2626/2907/2625 2625/2906/2624 2601/2882/2600
f 2551/2817/2549 2550/2816/2548 2622/2903/2621
f 2622/2903/2621 2550/2816/2548 2534/2800/2532
f 2632/2913/2631 2569/2839/2567 2633/2914/2632
f 2296/2545/2292 2295/2544/2291 2522/2785/2519
f 2634/2915/2633 2635/2916/2634 2636/2917/2635
f 2569/2839/2567 2632/2913/2631 2568/2838/2566
f 2604/2885/2603 2637/2918/2636 2526/2789/2523
f 2638/2919/2637 2522/2785/2519 2639/2920/2638
f 2617/2898/2616 2633/2914/2632 2504/2763/2500
f 2522/2785/2519 2526/2789/2523 2637/2918/2636
f 2604/2885/2603 2603/2884/2602 2568/2838/2566
f 2640/2921/2639 2641/2922/2640 2642/2923/2641
f 2639/2920/2638 2637/2918/2636 2568/2838/2566
f 2522/2785/2519 2300/2549/2296 2296/2545/2292
f 2632/2913/2631 2633/2914/2632 2635/2916/2634
f 2620/2901/2619 2159/2397/2156 2643/2924/2642
f 2638/2919/2637 2300/2549/2296 2522/2785/2519
f 2644/2925/2643 2634/2915/2633 2645/2926/2644
f 2620/2901/2619 2617/2898/2616 2611/2892/2610
f 2604/2885/2603 2568/2838/2566 2637/2918/2636
f 2568/2838/2566 2632/2913/2631 2634/2915/2633
f 2643/2924/2642 2159/2397/2156 2158/2396/2155
f 2638/2919/2637 2301/2550/2297 2300/2549/2296
f 2617/2898/2616 2643/2924/2642 2633/2914/2632
f 2301/2550/2297 2638/2919/2637 2641/2922/2640
f 2639/2920/2638 2568/2838/2566 2642/2923/2641
f 2644/2925/2643 2568/2838/2566 2634/2915/2633
f 2504/2763/2500 2612/2893/2611 2617/2898/2616
f 2636/2917/2635 2633/2914/2632 2643/2924/2642
f 2640/2921/2639 2642/2923/2641 2644/2925/2643
f 2639/2920/2638 2642/2923/2641 2638/2919/2637
f 2635/2916/2634 2633/2914/2632 2636/2917/2635
f 2437/2696/2434 2640/2921/2639 2645/2926/2644
f 2632/2913/2631 2635/2916/2634 2634/2915/2633
f 2440/2699/2437 2437/2696/2434 2636/2917/2635
f 2504/2763/2500 2633/2914/2632 2569/2839/2567
f 2301/2550/2297 2641/2922/2640 2302/2551/2298
f 2644/2925/2643 2645/2926/2644 2640/2921/2639
f 2638/2919/2637 2642/2923/2641 2641/2922/2640
f 2634/2915/2633 2636/2917/2635 2645/2926/2644
f 2302/2551/2298 2641/2922/2640 2640/2921/2639
f 2639/2920/2638 2522/2785/2519 2637/2918/2636
f 2643/2924/2642 2440/2699/2437 2636/2917/2635
f 2146/2384/2143 2604/2885/2603 2526/2789/2523
f 2644/2925/2643 2642/2923/2641 2568/2838/2566
f 2645/2926/2644 2636/2917/2635 2437/2696/2434
f 2440/2699/2437 2643/2924/2642 2158/2396/2155
f 2617/2898/2616 2620/2901/2619 2643/2924/2642
f 2437/2696/2434 2302/2551/2298 2640/2921/2639
f 2429/2687/2425 2428/2686/2424 2616/2897/2615
l 7 10
